GasDate,FacilityName,FacilityId,FacilityType,Demand,Supply,TransferIn,TransferOut,HeldInStorage,CushionGasStorage,State,LocationName,LocationId,LastUpdated
2026/08/16,Adelaide Brighton,555091,BBLARGE,8.225,0.000,0.000,0.000,,,SA,Adelaide,550016,2026/09/08 13:00:01
2026/08/16,AGP,580010,PIPE,14.369,0.000,14.686,0.000,,,NT,Darwin,580001,2026/08/17 12:46:30
2026/08/16,AGP,580010,PIPE,6.704,31.770,0.000,17.636,,,NT,Regional - NT,590017,2026/08/17 12:46:30
2026/08/16,APLNG Pipeline,540093,PIPE,1677.656,0.000,0.000,0.000,,,QLD,Curtis Island,540030,2026/08/21 11:30:07
2026/08/16,APLNG Pipeline,540093,PIPE,0.000,1344.432,539.394,165.628,,,QLD,Regional - QLD,590001,2026/08/21 11:30:07
2026/08/16,Arcadia,540101,PROD,0.000,91.932,0.000,0.000,,,QLD,Regional - QLD,590001,2026/08/17 10:28:13
2026/08/16,ATGP,640013,PIPE,0.000,43.417,0.000,43.417,,,QLD,Regional - QLD,590001,2026/08/17 12:01:10
2026/08/16,ATHENA,535014,PROD,0.000,16.475,0.000,0.000,,,VIC,Iona Hub,530016,2026/08/21 09:58:18
2026/08/16,Atlas,544261,PROD,0.000,43.417,0.000,0.000,,,QLD,Regional - QLD,590001,2026/08/17 12:01:17
2026/08/16,Atlas East Central Processing Facility,640008,PROD,0.000,31.260,0.000,0.000,,,QLD,Regional - QLD,590001,2026/08/17 09:31:37
2026/08/16,Atlas to Reedy Creek Pipeline,640007,PIPE,0.000,31.257,0.000,29.103,,,QLD,Regional - QLD,590001,2026/08/17 12:46:30
2026/08/16,Australia Pacific LNG,544273,LNGEXPORT,1677.656,0.000,0.000,0.000,,,QLD,Curtis Island,540030,2026/08/17 12:00:26
2026/08/16,Australian Paper (Opal),535021,BBLARGE,8.057,0.000,0.000,0.000,,,VIC,Gippsland,590009,2026/08/17 11:00:01
2026/08/16,B1PL,540077,PIPE,0.035,41.419,0.000,40.583,,,QLD,Regional - QLD,590001,2026/08/17 11:00:52
2026/08/16,B2PL,540071,PIPE,0.000,56.872,5.026,59.664,,,QLD,Regional - QLD,590001,2026/08/17 12:30:04
2026/08/16,Bairnsdale Power Station,535020,BBGPG,0.000,0.000,0.000,0.000,,,VIC,Regional - VIC,590012,2026/08/17 11:00:42
2026/08/16,BCF,540047,COMPRESSOR,0.000,0.000,62.400,62.400,,,QLD,Regional - QLD,590001,2026/08/21 13:18:42
2026/08/16,Bell Bay CCGT,577016,BBGPG,32.452,0.000,0.000,0.000,,,TAS,Regional - TAS,590014,2026/08/18 12:01:00
2026/08/16,Bell Bay GGT,577014,BBGPG,0.001,0.000,0.000,0.000,,,TAS,Regional - TAS,590014,2026/08/18 12:01:00
2026/08/16,Bell Bay OCGT,577015,BBGPG,0.000,0.000,0.000,0.000,,,TAS,Regional - TAS,590014,2026/08/18 12:01:00
2026/08/16,Bellevue,540083,PROD,0.000,156.732,0.000,0.000,,,QLD,Regional - QLD,590001,2026/09/10 11:36:06
2026/08/16,BGP,580020,PIPE,0.305,0.000,0.000,0.000,,,NT,Regional - NT,590017,2026/08/17 12:46:30
2026/08/16,BlueScope,523204,BBLARGE,9.804,0.000,0.000,0.000,,,NSW,Sydney,520008,2026/08/17 12:01:05
2026/08/16,Bolivar,555008,BBGPG,0.000,0.000,0.000,0.000,,,SA,Regional - SA,590013,2026/08/17 12:02:48
2026/08/16,Bomaderry Gas Pipeline,523202,PIPE,0.000,0.000,22.171,0.000,,,NSW,Regional - NSW,590011,2026/08/17 12:01:05
2026/08/16,BPP,530030,PIPE,2.510,20.050,0.000,17.542,,,VIC,Gippsland,590009,2026/08/17 11:00:01
2026/08/16,Braemar 2 Power Station,544085,BBGPG,0.000,0.000,0.000,0.000,,,QLD,Regional - QLD,590001,2026/08/17 12:30:04
2026/08/16,Braemar Power Station,544252,BBGPG,0.035,0.000,0.000,0.000,,,QLD,Regional - QLD,590001,2026/08/17 11:00:52
2026/08/16,BWP,540096,PIPE,0.000,0.000,0.000,9.986,,,QLD,Wallumbilla Hub,540032,2026/08/17 12:46:30
2026/08/16,BWP,540096,PIPE,0.000,10.850,0.000,0.000,,,QLD,Regional - QLD,590001,2026/08/17 12:46:30
2026/08/16,CGP,540059,PIPE,0.000,0.000,62.446,0.000,,,QLD,Ballera,540078,2026/08/17 12:46:30
2026/08/16,CGP,540059,PIPE,67.300,0.000,0.000,0.000,,,QLD,Regional - QLD,590001,2026/08/17 12:46:30
2026/08/16,Channel Island Power Station,580231,BBGPG,14.369,0.000,0.000,0.000,,,NT,Darwin,580001,2026/08/17 12:46:30
2026/08/16,Colongra,523120,BBGPG,0.000,0.000,0.000,0.000,,,NSW,Regional - NSW,590011,2026/08/17 12:00:05
2026/08/16,ColongraGP,520090,PIPE,0.000,0.000,0.000,0.000,,,NSW,Sydney,520008,2026/08/17 12:00:05
2026/08/16,ColongraGP,520090,PIPE,0.000,0.000,0.000,0.000,,,NSW,Regional - NSW,590011,2026/08/17 12:00:05
2026/08/16,Combabula,540094,PROD,0.000,292.344,0.000,0.000,,,QLD,Regional - QLD,590001,2026/08/21 11:30:07
2026/08/16,Condabri Central,540080,PROD,0.000,142.467,0.000,0.000,,,QLD,Regional - QLD,590001,2026/08/21 11:30:07
2026/08/16,Condabri North,540090,PROD,0.000,166.370,0.000,0.000,,,QLD,Regional - QLD,590001,2026/08/21 11:30:07
2026/08/16,Condabri South,540086,PROD,0.000,155.520,0.000,0.000,,,QLD,Regional - QLD,590001,2026/08/21 11:30:07
2026/08/16,Condamine Power Station,544274,BBGPG,0.000,0.000,0.000,0.000,,,QLD,Regional - QLD,590001,2026/09/10 11:36:04
2026/08/16,CRWP,540098,PIPE,0.000,0.000,156.819,0.000,,,QLD,Wallumbilla Hub,540032,2026/08/17 10:28:04
2026/08/16,CRWP,540098,PIPE,0.000,232.589,38.976,431.485,,,QLD,Regional - QLD,590001,2026/08/17 10:28:04
2026/08/16,CWP,520054,PIPE,3.698,0.000,4.027,0.000,,,NSW,Regional - NSW,590011,2026/08/17 12:46:30
2026/08/16,Daandine,540050,PROD,0.000,56.868,0.000,0.000,,,QLD,Regional - QLD,590001,2026/08/17 12:30:04
2026/08/16,Dandenong LNG,530038,STOR,0.000,0.202,0.000,0.000,609.280,27.889,VIC,Melbourne,590008,2026/08/17 12:46:30
2026/08/16,DDP,540097,PIPE,0.000,0.000,0.000,208.982,,,QLD,Wallumbilla Hub,540032,2026/08/17 12:01:08
2026/08/16,DDP,540097,PIPE,0.004,521.386,131.972,445.179,,,QLD,Regional - QLD,590001,2026/08/17 12:01:08
2026/08/16,DDPS,544027,BBGPG,0.004,0.000,0.000,0.000,,,QLD,Regional - QLD,590001,2026/08/17 12:01:08
2026/08/16,Diamantina Power Station,544077,BBGPG,30.777,0.000,0.000,0.000,,,QLD,Regional - QLD,590001,2026/08/17 12:46:30
2026/08/16,Dry Creek Power Station,555026,BBGPG,0.000,0.000,0.000,0.000,,,SA,Regional - SA,590013,2026/08/17 11:31:05
2026/08/16,EGP,520047,PIPE,126.051,0.000,0.000,0.000,,,NSW,Sydney,520008,2026/08/17 12:01:05
2026/08/16,EGP,520047,PIPE,16.672,0.000,0.000,0.000,,,NSW,Canberra,520009,2026/08/17 12:01:05
2026/08/16,EGP,520047,PIPE,0.000,196.012,0.000,82.319,,,VIC,Longford Hub,530015,2026/08/17 12:01:05
2026/08/16,EGP,520047,PIPE,5.142,0.000,0.000,22.171,,,NSW,Regional - NSW,590011,2026/08/17 12:01:05
2026/08/16,EGP,520047,PIPE,0.845,73.514,0.000,0.000,,,VIC,Regional - VIC,590012,2026/08/17 12:01:05
2026/08/16,EO4PL,540055,PIPE,0.000,0.000,0.000,0.000,,,QLD,Regional - QLD,590001,2026/09/10 11:36:06
2026/08/16,Eurombah Creek,540089,PROD,0.000,144.594,0.000,0.000,,,QLD,Regional - QLD,590001,2026/08/21 11:30:07
2026/08/16,Fairview,540070,PROD,0.000,278.463,0.000,0.000,,,QLD,Regional - QLD,590001,2026/08/17 10:28:13
2026/08/16,GLNG (Curtis Island),544276,LNGEXPORT,824.004,0.000,0.000,0.000,,,QLD,Curtis Island,540030,2026/08/17 10:28:04
2026/08/16,GLNG Pipeline,540092,PIPE,824.004,0.000,0.000,0.000,,,QLD,Curtis Island,540030,2026/08/17 10:28:04
2026/08/16,GLNG Pipeline,540092,PIPE,0.000,413.912,431.485,30.051,,,QLD,Regional - QLD,590001,2026/09/10 11:36:06
2026/08/16,Hallett,555029,BBGPG,0.000,0.000,0.000,0.000,,,SA,Regional - SA,590013,2026/08/17 11:31:05
2026/08/16,Hunter Power Station,523210,BBGPG,0.000,0.000,0.000,0.000,,,NSW,Sydney,520008,2026/08/17 12:46:30
2026/08/16,ICF,530071,COMPRESSOR,0.000,0.000,7.000,7.000,,,VIC,Iona Hub,530016,2026/08/17 08:35:03
2026/08/16,Iona UGS,530042,STOR,22.820,54.579,0.000,0.000,13922.877,0.000,VIC,Iona Hub,530016,2026/08/17 08:30:02
2026/08/16,Jeerelang,533161,BBGPG,0.000,0.000,0.000,0.000,,,VIC,Gippsland,590009,2026/08/17 11:00:01
2026/08/16,Jordan,540088,PROD,0.000,333.640,0.000,0.000,,,QLD,Regional - QLD,590001,2026/09/10 11:36:06
2026/08/16,Katherine Power Station,580233,BBGPG,0.000,0.000,0.000,0.000,,,NT,Regional - NT,590017,2026/08/17 12:46:30
2026/08/16,Kenya,540075,PROD,0.000,120.597,0.000,0.000,,,QLD,Regional - QLD,590001,2026/09/10 11:36:06
2026/08/16,Kincora,544253,PROD,0.000,4.000,0.000,0.000,,,QLD,Regional - QLD,590001,2026/08/17 12:46:30
2026/08/16,KKLP,523209,PIPE,0.000,0.000,0.000,0.000,,,NSW,Sydney,520008,2026/08/17 12:46:30
2026/08/16,Kogan North,540061,PROD,0.000,4.174,0.000,0.000,,,QLD,Regional - QLD,590001,2026/08/17 12:46:30
2026/08/16,Ladbroke Grove PS,555086,BBGPG,2.322,0.000,0.000,0.000,,,SA,Regional - SA,590013,2026/08/17 12:46:30
2026/08/16,Lang Lang,530039,PROD,0.000,20.050,0.000,0.000,,,VIC,Gippsland,590009,2026/08/17 10:46:59
2026/08/16,Laverton,533201,BBGPG,0.000,0.000,0.000,0.000,,,VIC,Geelong,590005,2026/08/17 11:00:01
2026/08/16,Longford,530040,PROD,0.000,606.496,0.000,0.000,,,VIC,Longford Hub,530015,2026/08/17 08:00:12
2026/08/16,Loy Yang B,533163,BBGPG,0.000,0.000,0.000,0.000,,,VIC,Gippsland,590009,2026/08/17 11:00:51
2026/08/16,LYB Transmission Pipeline,535023,PIPE,0.001,0.000,0.000,0.000,,,VIC,Gippsland,590009,2026/08/17 11:00:51
2026/08/16,MAPS,550054,PIPE,35.558,0.000,0.000,0.000,,,SA,Adelaide,550016,2026/08/17 11:31:05
2026/08/16,MAPS,550054,PIPE,0.000,35.295,45.122,0.000,,,SA,Moomba Hub,550017,2026/08/17 11:31:05
2026/08/16,MAPS,550054,PIPE,48.701,0.000,12.000,0.000,,,SA,Regional - SA,590013,2026/08/17 11:31:05
2026/08/16,McArthur River Mine,580220,BBGPG,9.467,0.000,0.000,0.000,,,NT,Regional - NT,590017,2026/08/17 09:06:17
2026/08/16,MCF,550050,COMPRESSOR,0.000,0.000,0.000,0.000,,,SA,Moomba Hub,550017,2026/08/17 12:46:30
2026/08/16,Mereenie,580040,PROD,0.000,26.073,0.000,0.000,,,NT,Regional - NT,590017,2026/08/17 11:48:37
2026/08/16,Meridian,540064,PROD,0.000,47.767,0.000,0.000,,,QLD,Regional - QLD,590001,2026/08/17 09:39:15
2026/08/16,Mintaro Power Station,555031,BBGPG,0.000,0.000,0.000,0.000,,,SA,Regional - SA,590013,2026/08/17 11:31:05
2026/08/16,Moomba,550045,PROD,0.000,182.000,0.000,0.000,,,SA,Moomba Hub,550017,2026/08/21 13:18:42
2026/08/16,Moomba Storage,550046,STOR,0.000,0.000,0.000,0.000,6305.600,0.000,SA,Moomba Hub,550017,2026/08/21 13:18:42
2026/08/16,Mortlake PS,530063,BBGPG,0.000,0.000,0.000,0.000,,,VIC,Regional - VIC,590012,2026/08/17 07:20:00
2026/08/16,MPL,530061,PIPE,0.000,0.000,0.000,0.000,,,VIC,Iona Hub,530016,2026/08/17 07:20:00
2026/08/16,MPL,530061,PIPE,0.000,0.000,0.000,0.000,,,VIC,Regional - VIC,590012,2026/08/17 07:20:00
2026/08/16,MRP,580100,PIPE,9.467,0.000,9.468,0.000,,,NT,Regional - NT,590017,2026/08/17 09:06:17
2026/08/16,MSP,520053,PIPE,112.640,0.000,0.000,0.000,,,NSW,Sydney,520008,2026/08/17 12:46:30
2026/08/16,MSP,520053,PIPE,0.000,0.000,120.628,0.000,,,SA,Moomba Hub,550017,2026/08/17 12:46:30
2026/08/16,MSP,520053,PIPE,33.444,0.000,0.000,4.027,,,NSW,Regional - NSW,590011,2026/08/17 12:46:30
2026/08/16,MSP,520053,PIPE,8.983,0.000,0.000,0.000,,,NSW,Regional - ACT,590015,2026/08/17 12:46:30
2026/08/16,MSP,520053,PIPE,0.000,0.000,64.707,0.000,,,NSW,Culcairn,590016,2026/08/17 12:46:30
2026/08/16,Newport,533171,BBGPG,0.005,0.000,0.000,0.000,,,VIC,Melbourne,590008,2026/08/17 11:00:01
2026/08/16,NGP,580050,PIPE,0.000,0.000,0.000,0.000,,,QLD,Regional - QLD,590001,2026/08/17 12:01:14
2026/08/16,NGP,580050,PIPE,0.000,0.000,0.000,0.000,,,NT,Regional - NT,590017,2026/08/17 12:01:14
2026/08/16,NGS,520060,STOR,0.220,0.592,0.000,0.000,675.482,76.793,NSW,Sydney,520008,2026/08/17 10:18:02
2026/08/16,Oakey PS,544095,BBGPG,0.000,0.000,0.000,0.000,,,QLD,Regional - QLD,590001,2026/08/17 12:46:30
2026/08/16,Orana,540084,PROD,0.000,168.530,0.000,0.000,,,QLD,Regional - QLD,590001,2026/08/21 11:30:07
2026/08/16,Orbost,530041,PROD,0.000,73.514,0.000,0.000,,,VIC,Regional - VIC,590012,2026/08/17 12:01:05
2026/08/16,Orica,544011,BBLARGE,9.738,0.000,0.000,0.000,,,QLD,Regional - QLD,590001,2026/08/17 12:01:06
2026/08/16,Orica (Kooragang Island),523206,BBLARGE,39.203,0.000,0.000,0.000,,,NSW,Sydney,520008,2026/08/17 13:00:00
2026/08/16,Osborne,555033,BBGPG,0.000,0.000,0.000,0.000,,,SA,Regional - SA,590013,2026/08/17 11:31:05
2026/08/16,Otway,530044,PROD,0.000,150.169,0.000,0.000,,,VIC,Iona Hub,530016,2026/08/17 10:44:47
2026/08/16,Owen Springs Power Station,580235,BBGPG,0.567,0.000,0.000,0.000,,,NT,Regional - NT,590017,2026/08/17 06:41:09
2026/08/16,Palm Valley,580060,PROD,0.000,5.697,0.000,0.000,,,NT,Regional - NT,590017,2026/08/17 11:48:37
2026/08/16,PCA,550052,PIPE,0.000,9.694,30.934,1.355,,,VIC,Iona Hub,530016,2026/08/17 07:20:01
2026/08/16,PCA,550052,PIPE,19.370,0.000,0.000,0.000,,,SA,Adelaide,550016,2026/08/17 07:20:01
2026/08/16,PCA,550052,PIPE,0.000,0.000,0.000,9.430,,,VIC,Regional - VIC,590012,2026/08/17 07:20:01
2026/08/16,PCA,550052,PIPE,0.330,0.000,0.000,11.999,,,SA,Regional - SA,590013,2026/08/17 07:20:01
2026/08/16,PCI,530060,PIPE,0.000,160.936,1.355,162.291,,,VIC,Iona Hub,530016,2026/08/17 07:20:01
2026/08/16,Peat,540065,PROD,0.000,11.893,0.000,0.000,,,QLD,Regional - QLD,590001,2026/08/21 11:30:07
2026/08/16,Pelican Point Power Station,555089,BBGPG,18.055,0.000,0.000,0.000,,,SA,Regional - SA,590013,2026/08/17 07:20:01
2026/08/16,Phosphate Hill,544081,BBLARGE,26.322,0.000,0.000,0.000,,,QLD,Regional - QLD,590001,2026/08/17 12:46:30
2026/08/16,Pipeline Compression Station,544279,COMPRESSOR,0.000,0.000,0.000,0.000,,,QLD,Regional - QLD,590001,2026/08/17 10:28:04
2026/08/16,PVP,580070,PIPE,1.037,0.000,1.168,0.000,,,NT,Regional - NT,590017,2026/08/17 06:41:09
2026/08/16,QCLNG LNG Plant,544272,LNGEXPORT,1507.277,0.000,0.000,0.000,,,QLD,Curtis Island,540030,2026/09/10 11:36:06
2026/08/16,QGP,540058,PIPE,0.000,0.000,4.218,0.000,,,QLD,Wallumbilla Hub,540032,2026/08/17 12:01:06
2026/08/16,QGP,540058,PIPE,105.071,24.160,76.886,0.000,,,QLD,Regional - QLD,590001,2026/08/17 12:01:06
2026/08/16,Quarantine Power Station,555087,BBGPG,0.000,0.000,0.000,0.000,,,SA,Regional - SA,590013,2026/08/17 11:31:05
2026/08/16,Queensland Aluminia,544012,BBLARGE,27.826,0.000,0.000,0.000,,,QLD,Regional - QLD,590001,2026/08/17 12:01:06
2026/08/16,RBP,540057,PIPE,0.000,0.000,0.871,23.750,,,QLD,Wallumbilla Hub,540032,2026/08/17 12:46:30
2026/08/16,RBP,540057,PIPE,2.337,20.067,48.083,5.026,,,QLD,Regional - QLD,590001,2026/08/17 12:46:30
2026/08/16,RBP,540057,PIPE,39.982,0.000,0.000,0.000,,,QLD,Brisbane,590002,2026/08/17 12:46:30
2026/08/16,RCWP,540102,PIPE,0.000,0.000,35.835,0.000,,,QLD,Wallumbilla Hub,540032,2026/08/17 12:46:30
2026/08/16,RCWP,540102,PIPE,0.000,0.000,29.103,64.164,,,QLD,Regional - QLD,590001,2026/08/17 12:46:30
2026/08/16,Reedy Creek,540085,PROD,0.000,198.528,0.000,0.000,,,QLD,Regional - QLD,590001,2026/08/21 11:30:07
2026/08/16,RMNGPF,640011,PROD,0.000,15.990,0.000,0.000,,,QLD,Regional - QLD,590001,2026/08/17 09:33:28
2026/08/16,RNMGP,640012,PIPE,0.000,15.990,0.000,15.990,,,QLD,Regional - QLD,590001,2026/08/17 09:33:28
2026/08/16,RNP,640009,PIPE,0.000,22.986,0.000,22.986,,,QLD,Regional - QLD,590001,2026/08/17 12:01:07
2026/08/16,Rolleston,540073,PROD,0.000,8.786,0.000,0.000,,,QLD,Regional - QLD,590001,2026/08/17 12:01:06
2026/08/16,Roma,540095,PROD,0.000,232.589,0.000,0.000,,,QLD,Regional - QLD,590001,2026/08/17 10:28:26
2026/08/16,Roma North,544260,PROD,0.000,22.986,0.000,0.000,,,QLD,Regional - QLD,590001,2026/08/17 12:01:15
2026/08/16,Roma Power Station,540120,BBGPG,0.000,0.000,0.000,0.000,,,QLD,Regional - QLD,590001,2026/08/17 13:06:58
2026/08/16,Ron Goodin Power Station,580234,BBGPG,0.000,0.000,0.000,0.000,,,NT,Regional - NT,590017,2026/08/17 06:41:09
2026/08/16,RPL,540110,PIPE,0.051,0.000,0.000,0.000,,,QLD,Regional - QLD,590001,2026/08/17 13:06:58
2026/08/16,Ruby Jo,540082,PROD,0.000,424.972,0.000,0.000,,,QLD,Regional - QLD,590001,2026/09/10 11:36:06
2026/08/16,RUGS,540040,STOR,0.000,0.000,0.000,0.000,15145.336,0.000,QLD,Regional - QLD,590001,2026/08/17 10:28:26
2026/08/16,Scotia,540072,PROD,0.000,99.527,0.000,0.000,,,QLD,Regional - QLD,590001,2026/08/17 10:28:26
2026/08/16,SEPS,550061,PIPE,7.136,0.000,7.142,0.000,,,SA,Regional - SA,590013,2026/08/17 11:32:05
2026/08/16,SESA,550060,PIPE,0.000,0.000,9.428,0.000,,,VIC,Regional - VIC,590012,2026/08/17 12:46:30
2026/08/16,SESA,550060,PIPE,2.322,0.000,0.000,7.147,,,SA,Regional - SA,590013,2026/08/17 12:46:30
2026/08/16,Smithfield Energy Facility,522004,BBGPG,0.000,0.000,0.000,0.000,,,NSW,Regional - NSW,590011,2026/08/17 12:02:48
2026/08/16,Snapper Point,555090,BBGPG,0.000,0.000,0.000,0.000,,,SA,Regional - SA,590013,2026/08/17 11:31:05
2026/08/16,Somerton,533174,BBGPG,0.001,0.000,0.000,0.000,,,VIC,Melbourne,590008,2026/08/17 11:00:01
2026/08/16,Spring Gully,540066,PROD,0.000,54.070,0.000,0.000,,,QLD,Regional - QLD,590001,2026/08/21 11:30:07
2026/08/16,SSP,540103,PIPE,0.000,5.430,0.000,5.430,,,QLD,Regional - QLD,590001,2026/08/17 08:28:40
2026/08/16,SSSF,540062,STOR,0.000,6.300,0.000,0.000,8576.192,0.000,QLD,Regional - QLD,590001,2026/08/17 08:28:40
2026/08/16,Strathblane,540067,PROD,0.000,45.771,0.000,0.000,,,QLD,Regional - QLD,590001,2026/08/21 11:30:07
2026/08/16,Swanbank Power Station,544104,BBGPG,0.000,0.000,0.000,0.000,,,QLD,Brisbane,590002,2026/08/17 12:46:30
2026/08/16,SWQP,540060,PIPE,0.000,0.000,241.847,196.872,,,QLD,Wallumbilla Hub,540032,2026/08/17 12:46:30
2026/08/16,SWQP,540060,PIPE,0.000,0.000,0.000,67.239,,,QLD,Ballera,540078,2026/08/17 12:46:30
2026/08/16,SWQP,540060,PIPE,0.000,146.749,0.000,165.750,,,SA,Moomba Hub,550017,2026/08/17 12:46:30
2026/08/16,SWQP,540060,PIPE,0.119,0.000,0.000,0.000,,,QLD,Regional - QLD,590001,2026/08/17 12:46:30
2026/08/16,Talinga,540076,PROD,0.000,82.377,0.000,0.000,,,QLD,Regional - QLD,590001,2026/08/21 11:30:07
2026/08/16,Tallawarra,522002,BBGPG,0.000,0.000,0.000,0.000,,,NSW,Regional - NSW,590011,2026/08/17 11:00:04
2026/08/16,Tallawarra Pipeline,523201,PIPE,0.000,0.000,0.000,0.000,,,NSW,Regional - NSW,590011,2026/08/17 11:00:04
2026/08/16,Taloona,540068,PROD,0.000,40.930,0.000,0.000,,,QLD,Regional - QLD,590001,2026/08/21 11:30:07
2026/08/16,Tanami GP,580210,PIPE,7.402,0.000,7.000,0.000,,,NT,Regional - NT,590017,2026/08/17 12:02:00
2026/08/16,TGP,570050,PIPE,0.000,0.000,61.430,18.986,,,VIC,Longford Hub,530015,2026/08/18 12:01:00
2026/08/16,TGP,570050,PIPE,49.109,0.000,0.000,0.000,,,TAS,Regional - TAS,590014,2026/08/18 12:01:00
2026/08/16,Tipton,540051,PROD,0.000,41.420,0.000,0.000,,,QLD,Regional - QLD,590001,2026/08/17 12:30:04
2026/08/16,Torrens Island PS,555041,BBGPG,12.463,0.000,0.000,0.000,,,SA,Regional - SA,590013,2026/08/17 11:31:05
2026/08/16,Uranquinty Power Station,522047,BBGPG,0.000,0.000,0.000,0.000,,,NSW,Regional - NSW,590011,2026/08/17 12:46:30
2026/08/16,Valley Power GPG,535024,BBGPG,0.001,0.000,0.000,0.000,,,VIC,Gippsland,590009,2026/08/17 11:00:51
2026/08/16,VicHub,532005,PIPE,0.000,0.000,20.882,20.882,,,VIC,Longford Hub,530015,2026/08/17 12:01:18
2026/08/16,Viva Energy Refinery,535018,BBLARGE,7.228,0.000,0.000,0.000,,,VIC,Geelong,590005,2026/08/17 07:30:13
2026/08/16,VTS,530110,PIPE,0.000,408.872,39.879,0.001,,,VIC,Longford Hub,530015,2026/08/17 11:00:01
2026/08/16,VTS,530110,PIPE,0.000,28.232,131.360,0.000,,,VIC,Iona Hub,530016,2026/08/17 11:00:01
2026/08/16,VTS,530110,PIPE,10.766,0.000,0.000,0.000,,,VIC,Western,590004,2026/08/17 11:00:01
2026/08/16,VTS,530110,PIPE,53.644,0.000,0.000,0.000,,,VIC,Geelong,590005,2026/08/17 11:00:01
2026/08/16,VTS,530110,PIPE,36.145,0.000,0.000,0.000,,,VIC,Ballarat,590006,2026/08/17 11:00:01
2026/08/16,VTS,530110,PIPE,51.444,0.000,0.000,0.000,,,VIC,Northern,590007,2026/08/17 11:00:01
2026/08/16,VTS,530110,PIPE,348.607,0.109,0.000,0.000,,,VIC,Melbourne,590008,2026/08/17 11:00:01
2026/08/16,VTS,530110,PIPE,36.651,0.000,17.542,0.000,,,VIC,Gippsland,590009,2026/08/17 11:00:01
2026/08/16,VTS,530110,PIPE,0.000,0.000,0.000,64.706,,,NSW,Culcairn,590016,2026/08/17 11:00:01
2026/08/16,Wallumbilla Compression Station,544280,COMPRESSOR,0.000,0.000,0.000,0.000,,,QLD,Wallumbilla Hub,540032,2026/08/17 10:28:04
2026/08/16,WCFA,540045,COMPRESSOR,0.000,0.000,96.974,96.974,,,QLD,Wallumbilla Hub,540032,2026/08/17 12:46:30
2026/08/16,WCFB,540046,COMPRESSOR,0.000,0.000,128.219,128.219,,,QLD,Wallumbilla Hub,540032,2026/08/17 12:46:30
2026/08/16,Weddell Power Station,580232,BBGPG,17.817,0.000,0.000,0.000,,,NT,Darwin,580001,2026/08/17 12:46:30
2026/08/16,WGP,540091,PIPE,1507.277,0.000,0.000,0.000,,,QLD,Curtis Island,540030,2026/09/10 11:36:06
2026/08/16,WGP,540091,PIPE,0.000,1462.416,59.664,0.000,,,QLD,Regional - QLD,590001,2026/09/10 11:36:06
2026/08/16,Whyalla Steelworks,555085,BBLARGE,2.979,0.000,0.000,0.000,,,SA,Regional - SA,590013,2026/08/17 11:31:05
2026/08/16,Windibri,540069,PROD,0.000,80.716,0.000,0.000,,,QLD,Regional - QLD,590001,2026/09/10 11:36:06
2026/08/16,Woleebee Creek,540087,PROD,0.000,634.080,0.000,0.000,,,QLD,Regional - QLD,590001,2026/09/10 11:36:06
2026/08/16,WPP,580030,PIPE,17.817,32.511,0.000,14.686,,,NT,Darwin,580001,2026/08/17 12:46:30
2026/08/16,Yarwun,544282,BBGPG,51.811,0.000,0.000,0.000,,,QLD,Regional - QLD,590001,2026/08/17 12:01:06
2026/08/16,Yelcherr,580180,PROD,0.000,0.000,0.000,0.000,,,NT,Regional - NT,590017,2026/08/17 12:46:30
2026/08/16,Yellowbank,540074,PROD,0.000,11.124,0.000,0.000,,,QLD,Regional - QLD,590001,2026/08/17 12:01:06
2026/08/17,Adelaide Brighton,555091,BBLARGE,5.334,0.000,0.000,0.000,,,SA,Adelaide,550016,2026/09/08 13:00:01
2026/08/17,AGP,580010,PIPE,15.029,0.000,15.097,0.000,,,NT,Darwin,580001,2026/08/18 12:47:30
2026/08/17,AGP,580010,PIPE,7.081,31.750,0.000,17.789,,,NT,Regional - NT,590017,2026/08/18 12:47:30
2026/08/17,APLNG Pipeline,540093,PIPE,1677.628,0.000,0.000,0.000,,,QLD,Curtis Island,540030,2026/08/22 11:30:27
2026/08/17,APLNG Pipeline,540093,PIPE,0.000,1344.326,471.970,139.073,,,QLD,Regional - QLD,590001,2026/08/22 11:30:27
2026/08/17,Arcadia,540101,PROD,0.000,92.528,0.000,0.000,,,QLD,Regional - QLD,590001,2026/08/18 10:58:25
2026/08/17,ATGP,640013,PIPE,0.000,43.433,0.000,43.433,,,QLD,Regional - QLD,590001,2026/08/18 12:01:12
2026/08/17,ATHENA,535014,PROD,0.000,17.288,0.000,0.000,,,VIC,Iona Hub,530016,2026/08/22 10:15:06
2026/08/17,Atlas,544261,PROD,0.000,43.433,0.000,0.000,,,QLD,Regional - QLD,590001,2026/08/18 12:01:20
2026/08/17,Atlas East Central Processing Facility,640008,PROD,0.000,31.330,0.000,0.000,,,QLD,Regional - QLD,590001,2026/08/18 10:37:04
2026/08/17,Atlas to Reedy Creek Pipeline,640007,PIPE,0.000,31.333,0.000,30.699,,,QLD,Regional - QLD,590001,2026/08/18 12:47:30
2026/08/17,Australia Pacific LNG,544273,LNGEXPORT,1677.629,0.000,0.000,0.000,,,QLD,Curtis Island,540030,2026/08/18 12:00:25
2026/08/17,Australian Paper (Opal),535021,BBLARGE,9.027,0.000,0.000,0.000,,,VIC,Gippsland,590009,2026/08/18 11:00:07
2026/08/17,B1PL,540077,PIPE,0.032,41.406,0.000,38.133,,,QLD,Regional - QLD,590001,2026/08/18 11:00:49
2026/08/17,B2PL,540071,PIPE,0.000,54.831,7.501,56.687,,,QLD,Regional - QLD,590001,2026/08/18 10:18:51
2026/08/17,Bairnsdale Power Station,535020,BBGPG,0.000,0.000,0.000,0.000,,,VIC,Regional - VIC,590012,2026/08/18 11:00:46
2026/08/17,BCF,540047,COMPRESSOR,0.000,0.000,75.200,75.200,,,QLD,Regional - QLD,590001,2026/08/23 13:17:49
2026/08/17,Bell Bay CCGT,577016,BBGPG,30.546,0.000,0.000,0.000,,,TAS,Regional - TAS,590014,2026/08/19 12:01:00
2026/08/17,Bell Bay GGT,577014,BBGPG,0.000,0.000,0.000,0.000,,,TAS,Regional - TAS,590014,2026/08/19 12:01:00
2026/08/17,Bell Bay OCGT,577015,BBGPG,0.001,0.000,0.000,0.000,,,TAS,Regional - TAS,590014,2026/08/19 12:01:00
2026/08/17,Bellevue,540083,PROD,0.000,155.707,0.000,0.000,,,QLD,Regional - QLD,590001,2026/09/10 11:36:06
2026/08/17,BGP,580020,PIPE,0.306,0.000,0.000,0.000,,,NT,Regional - NT,590017,2026/08/18 12:47:30
2026/08/17,BlueScope,523204,BBLARGE,10.730,0.000,0.000,0.000,,,NSW,Sydney,520008,2026/08/18 12:01:05
2026/08/17,Bolivar,555008,BBGPG,0.000,0.000,0.000,0.000,,,SA,Regional - SA,590013,2026/08/18 12:02:58
2026/08/17,Bomaderry Gas Pipeline,523202,PIPE,22.069,0.000,22.069,0.000,,,NSW,Regional - NSW,590011,2026/08/18 13:25:53
2026/08/17,BPP,530030,PIPE,2.080,20.010,0.000,17.927,,,VIC,Gippsland,590009,2026/08/18 11:00:07
2026/08/17,Braemar 2 Power Station,544085,BBGPG,0.000,0.000,0.000,0.000,,,QLD,Regional - QLD,590001,2026/08/18 10:18:51
2026/08/17,Braemar Power Station,544252,BBGPG,0.032,0.000,0.000,0.000,,,QLD,Regional - QLD,590001,2026/08/18 11:00:49
2026/08/17,BWP,540096,PIPE,0.000,0.000,0.000,36.711,,,QLD,Wallumbilla Hub,540032,2026/08/18 12:47:30
2026/08/17,BWP,540096,PIPE,0.000,36.850,0.000,0.000,,,QLD,Regional - QLD,590001,2026/08/18 12:47:30
2026/08/17,CGP,540059,PIPE,0.000,0.000,75.212,0.000,,,QLD,Ballera,540078,2026/08/18 12:47:30
2026/08/17,CGP,540059,PIPE,66.573,0.000,0.000,0.000,,,QLD,Regional - QLD,590001,2026/08/18 12:47:30
2026/08/17,Channel Island Power Station,580231,BBGPG,15.029,0.000,0.000,0.000,,,NT,Darwin,580001,2026/08/18 12:47:30
2026/08/17,Colongra,523120,BBGPG,0.007,0.000,0.000,0.000,,,NSW,Regional - NSW,590011,2026/08/18 12:00:05
2026/08/17,ColongraGP,520090,PIPE,0.000,0.000,0.000,0.000,,,NSW,Sydney,520008,2026/08/18 12:00:05
2026/08/17,ColongraGP,520090,PIPE,0.007,0.000,0.000,0.000,,,NSW,Regional - NSW,590011,2026/08/18 12:00:05
2026/08/17,Combabula,540094,PROD,0.000,292.836,0.000,0.000,,,QLD,Regional - QLD,590001,2026/08/22 11:30:27
2026/08/17,Condabri Central,540080,PROD,0.000,141.823,0.000,0.000,,,QLD,Regional - QLD,590001,2026/08/22 11:30:27
2026/08/17,Condabri North,540090,PROD,0.000,166.456,0.000,0.000,,,QLD,Regional - QLD,590001,2026/08/22 11:30:27
2026/08/17,Condabri South,540086,PROD,0.000,155.645,0.000,0.000,,,QLD,Regional - QLD,590001,2026/08/22 11:30:27
2026/08/17,Condamine Power Station,544274,BBGPG,0.000,0.000,0.000,0.000,,,QLD,Regional - QLD,590001,2026/09/10 11:36:04
2026/08/17,CRWP,540098,PIPE,0.000,0.000,158.855,0.000,,,QLD,Wallumbilla Hub,540032,2026/08/18 10:58:08
2026/08/17,CRWP,540098,PIPE,0.000,234.313,38.902,437.260,,,QLD,Regional - QLD,590001,2026/08/18 10:58:08
2026/08/17,CWP,520054,PIPE,4.933,0.000,5.161,0.000,,,NSW,Regional - NSW,590011,2026/08/18 12:47:30
2026/08/17,Daandine,540050,PROD,0.000,54.831,0.000,0.000,,,QLD,Regional - QLD,590001,2026/08/18 10:18:51
2026/08/17,Dandenong LNG,530038,STOR,0.000,0.271,0.000,0.000,609.022,27.889,VIC,Melbourne,590008,2026/08/18 12:47:30
2026/08/17,DDP,540097,PIPE,0.000,0.000,0.000,183.693,,,QLD,Wallumbilla Hub,540032,2026/08/18 12:01:10
2026/08/17,DDP,540097,PIPE,0.003,488.992,105.371,413.538,,,QLD,Regional - QLD,590001,2026/08/18 12:01:10
2026/08/17,DDPS,544027,BBGPG,0.003,0.000,0.000,0.000,,,QLD,Regional - QLD,590001,2026/08/18 12:01:10
2026/08/17,Diamantina Power Station,544077,BBGPG,31.355,0.000,0.000,0.000,,,QLD,Regional - QLD,590001,2026/08/18 12:47:30
2026/08/17,Dry Creek Power Station,555026,BBGPG,0.000,0.000,0.000,0.000,,,SA,Regional - SA,590013,2026/08/18 11:31:05
2026/08/17,EGP,520047,PIPE,126.266,0.000,0.000,0.000,,,NSW,Sydney,520008,2026/08/18 12:01:05
2026/08/17,EGP,520047,PIPE,16.673,0.000,0.000,0.000,,,NSW,Canberra,520009,2026/08/18 12:01:05
2026/08/17,EGP,520047,PIPE,0.000,191.754,0.000,83.517,,,VIC,Longford Hub,530015,2026/08/18 12:01:05
2026/08/17,EGP,520047,PIPE,5.425,0.000,0.000,22.069,,,NSW,Regional - NSW,590011,2026/08/18 12:01:05
2026/08/17,EGP,520047,PIPE,1.002,72.490,0.000,0.000,,,VIC,Regional - VIC,590012,2026/08/18 12:01:05
2026/08/17,EO4PL,540055,PIPE,0.000,0.000,0.000,0.000,,,QLD,Regional - QLD,590001,2026/09/10 11:36:06
2026/08/17,Eurombah Creek,540089,PROD,0.000,143.528,0.000,0.000,,,QLD,Regional - QLD,590001,2026/08/22 11:30:27
2026/08/17,Fairview,540070,PROD,0.000,277.740,0.000,0.000,,,QLD,Regional - QLD,590001,2026/08/18 10:58:25
2026/08/17,GLNG (Curtis Island),544276,LNGEXPORT,822.868,0.000,0.000,0.000,,,QLD,Curtis Island,540030,2026/08/18 10:58:08
2026/08/17,GLNG Pipeline,540092,PIPE,822.868,0.000,0.000,0.000,,,QLD,Curtis Island,540030,2026/08/18 10:58:08
2026/08/17,GLNG Pipeline,540092,PIPE,0.000,414.312,437.260,29.451,,,QLD,Regional - QLD,590001,2026/09/10 11:36:06
2026/08/17,Hallett,555029,BBGPG,0.000,0.000,0.000,0.000,,,SA,Regional - SA,590013,2026/08/18 11:31:05
2026/08/17,Hunter Power Station,523210,BBGPG,0.000,0.000,0.000,0.000,,,NSW,Sydney,520008,2026/08/18 12:47:30
2026/08/17,ICF,530071,COMPRESSOR,0.000,0.000,2.700,2.700,,,VIC,Iona Hub,530016,2026/08/18 08:35:03
2026/08/17,Iona UGS,530042,STOR,2.700,107.933,0.000,0.000,13817.644,0.000,VIC,Iona Hub,530016,2026/08/18 08:30:02
2026/08/17,Jeerelang,533161,BBGPG,0.000,0.000,0.000,0.000,,,VIC,Gippsland,590009,2026/08/18 11:00:07
2026/08/17,Jordan,540088,PROD,0.000,332.013,0.000,0.000,,,QLD,Regional - QLD,590001,2026/09/10 11:36:06
2026/08/17,Katherine Power Station,580233,BBGPG,0.000,0.000,0.000,0.000,,,NT,Regional - NT,590017,2026/08/18 12:47:30
2026/08/17,Kenya,540075,PROD,0.000,121.021,0.000,0.000,,,QLD,Regional - QLD,590001,2026/09/10 11:36:06
2026/08/17,Kincora,544253,PROD,0.000,4.000,0.000,0.000,,,QLD,Regional - QLD,590001,2026/08/18 12:47:30
2026/08/17,KKLP,523209,PIPE,0.000,0.000,0.000,0.000,,,NSW,Sydney,520008,2026/08/18 12:47:30
2026/08/17,Kogan North,540061,PROD,0.000,4.171,0.000,0.000,,,QLD,Regional - QLD,590001,2026/08/18 12:47:30
2026/08/17,Ladbroke Grove PS,555086,BBGPG,0.000,0.000,0.000,0.000,,,SA,Regional - SA,590013,2026/08/18 12:47:30
2026/08/17,Lang Lang,530039,PROD,0.000,20.010,0.000,0.000,,,VIC,Gippsland,590009,2026/08/18 10:28:47
2026/08/17,Laverton,533201,BBGPG,0.000,0.000,0.000,0.000,,,VIC,Geelong,590005,2026/08/18 11:00:07
2026/08/17,Longford,530040,PROD,0.000,606.426,0.000,0.000,,,VIC,Longford Hub,530015,2026/08/18 07:41:29
2026/08/17,Loy Yang B,533163,BBGPG,0.000,0.000,0.000,0.000,,,VIC,Gippsland,590009,2026/08/18 11:00:45
2026/08/17,LYB Transmission Pipeline,535023,PIPE,0.000,0.000,0.000,0.000,,,VIC,Gippsland,590009,2026/08/18 11:00:45
2026/08/17,MAPS,550054,PIPE,40.868,0.000,0.000,0.000,,,SA,Adelaide,550016,2026/08/18 11:31:05
2026/08/17,MAPS,550054,PIPE,0.000,34.560,26.257,0.000,,,SA,Moomba Hub,550017,2026/08/18 11:31:05
2026/08/17,MAPS,550054,PIPE,43.512,0.000,15.000,0.000,,,SA,Regional - SA,590013,2026/08/18 11:31:05
2026/08/17,McArthur River Mine,580220,BBGPG,9.229,0.000,0.000,0.000,,,NT,Regional - NT,590017,2026/08/18 08:58:52
2026/08/17,MCF,550050,COMPRESSOR,0.000,0.000,43.397,43.397,,,SA,Moomba Hub,550017,2026/08/18 12:47:30
2026/08/17,Mereenie,580040,PROD,0.000,26.072,0.000,0.000,,,NT,Regional - NT,590017,2026/08/18 11:48:49
2026/08/17,Meridian,540064,PROD,0.000,48.294,0.000,0.000,,,QLD,Regional - QLD,590001,2026/08/18 09:39:15
2026/08/17,Mintaro Power Station,555031,BBGPG,0.000,0.000,0.000,0.000,,,SA,Regional - SA,590013,2026/08/18 11:31:05
2026/08/17,Moomba,550045,PROD,0.000,202.200,0.000,0.000,,,SA,Moomba Hub,550017,2026/08/23 13:17:49
2026/08/17,Moomba Storage,550046,STOR,0.000,0.000,0.000,0.000,6305.600,0.000,SA,Moomba Hub,550017,2026/08/23 13:17:49
2026/08/17,Mortlake PS,530063,BBGPG,0.000,0.000,0.000,0.000,,,VIC,Regional - VIC,590012,2026/08/18 07:20:00
2026/08/17,MPL,530061,PIPE,0.000,0.000,0.000,0.000,,,VIC,Iona Hub,530016,2026/08/18 07:20:00
2026/08/17,MPL,530061,PIPE,0.000,0.000,0.000,0.000,,,VIC,Regional - VIC,590012,2026/08/18 07:20:00
2026/08/17,MRP,580100,PIPE,9.229,0.000,9.230,0.000,,,NT,Regional - NT,590017,2026/08/18 08:58:52
2026/08/17,MSP,520053,PIPE,138.445,0.000,0.000,0.000,,,NSW,Sydney,520008,2026/08/18 12:47:30
2026/08/17,MSP,520053,PIPE,0.000,0.000,106.300,1.300,,,SA,Moomba Hub,550017,2026/08/18 12:47:30
2026/08/17,MSP,520053,PIPE,38.618,0.000,0.000,5.161,,,NSW,Regional - NSW,590011,2026/08/18 12:47:30
2026/08/17,MSP,520053,PIPE,13.459,0.000,0.000,0.000,,,NSW,Regional - ACT,590015,2026/08/18 12:47:30
2026/08/17,MSP,520053,PIPE,0.000,0.000,116.729,0.000,,,NSW,Culcairn,590016,2026/08/18 12:47:30
2026/08/17,Newport,533171,BBGPG,0.006,0.000,0.000,0.000,,,VIC,Melbourne,590008,2026/08/18 11:00:07
2026/08/17,NGP,580050,PIPE,0.000,0.000,0.000,0.000,,,QLD,Regional - QLD,590001,2026/08/18 12:01:17
2026/08/17,NGP,580050,PIPE,0.000,0.000,0.000,0.000,,,NT,Regional - NT,590017,2026/08/18 12:01:17
2026/08/17,NGS,520060,STOR,0.270,0.673,0.000,0.000,675.127,76.793,NSW,Sydney,520008,2026/08/18 07:48:00
2026/08/17,Oakey PS,544095,BBGPG,0.000,0.000,0.000,0.000,,,QLD,Regional - QLD,590001,2026/08/18 12:47:30
2026/08/17,Orana,540084,PROD,0.000,168.413,0.000,0.000,,,QLD,Regional - QLD,590001,2026/08/22 11:30:27
2026/08/17,Orbost,530041,PROD,0.000,72.490,0.000,0.000,,,VIC,Regional - VIC,590012,2026/08/18 12:01:05
2026/08/17,Orica,544011,BBLARGE,9.314,0.000,0.000,0.000,,,QLD,Regional - QLD,590001,2026/08/18 12:01:07
2026/08/17,Orica (Kooragang Island),523206,BBLARGE,39.109,0.000,0.000,0.000,,,NSW,Sydney,520008,2026/08/18 13:00:00
2026/08/17,Osborne,555033,BBGPG,0.000,0.000,0.000,0.000,,,SA,Regional - SA,590013,2026/08/18 11:31:05
2026/08/17,Otway,530044,PROD,0.000,150.120,0.000,0.000,,,VIC,Iona Hub,530016,2026/08/18 12:00:59
2026/08/17,Owen Springs Power Station,580235,BBGPG,0.501,0.000,0.000,0.000,,,NT,Regional - NT,590017,2026/08/18 06:41:39
2026/08/17,Palm Valley,580060,PROD,0.000,5.678,0.000,0.000,,,NT,Regional - NT,590017,2026/08/18 11:48:49
2026/08/17,PCA,550052,PIPE,0.000,11.874,21.045,0.999,,,VIC,Iona Hub,530016,2026/08/18 07:20:01
2026/08/17,PCA,550052,PIPE,19.650,0.000,0.000,0.000,,,SA,Adelaide,550016,2026/08/18 07:20:01
2026/08/17,PCA,550052,PIPE,0.000,0.000,0.000,6.986,,,VIC,Regional - VIC,590012,2026/08/18 07:20:01
2026/08/17,PCA,550052,PIPE,0.726,0.000,0.000,14.999,,,SA,Regional - SA,590013,2026/08/18 07:20:01
2026/08/17,PCI,530060,PIPE,0.000,161.470,0.999,162.469,,,VIC,Iona Hub,530016,2026/08/18 07:20:01
2026/08/17,Peat,540065,PROD,0.000,11.876,0.000,0.000,,,QLD,Regional - QLD,590001,2026/08/22 11:30:27
2026/08/17,Pelican Point Power Station,555089,BBGPG,17.387,0.000,0.000,0.000,,,SA,Regional - SA,590013,2026/08/18 07:20:01
2026/08/17,Phosphate Hill,544081,BBLARGE,24.646,0.000,0.000,0.000,,,QLD,Regional - QLD,590001,2026/08/18 12:47:30
2026/08/17,Pipeline Compression Station,544279,COMPRESSOR,0.000,0.000,0.000,0.000,,,QLD,Regional - QLD,590001,2026/08/18 10:58:08
2026/08/17,PVP,580070,PIPE,0.960,0.000,1.059,0.000,,,NT,Regional - NT,590017,2026/08/18 06:41:39
2026/08/17,QCLNG LNG Plant,544272,LNGEXPORT,1503.123,0.000,0.000,0.000,,,QLD,Curtis Island,540030,2026/09/10 11:36:06
2026/08/17,QGP,540058,PIPE,0.000,0.000,5.666,0.000,,,QLD,Wallumbilla Hub,540032,2026/08/18 12:01:07
2026/08/17,QGP,540058,PIPE,101.377,24.620,76.886,2.620,,,QLD,Regional - QLD,590001,2026/08/18 12:01:07
2026/08/17,Quarantine Power Station,555087,BBGPG,0.000,0.000,0.000,0.000,,,SA,Regional - SA,590013,2026/08/18 11:31:05
2026/08/17,Queensland Aluminia,544012,BBLARGE,27.233,0.000,0.000,0.000,,,QLD,Regional - QLD,590001,2026/08/18 12:01:07
2026/08/17,RBP,540057,PIPE,0.000,0.000,9.788,13.746,,,QLD,Wallumbilla Hub,540032,2026/08/18 12:47:30
2026/08/17,RBP,540057,PIPE,4.490,20.047,45.633,7.501,,,QLD,Regional - QLD,590001,2026/08/18 12:47:30
2026/08/17,RBP,540057,PIPE,52.621,0.000,0.000,0.000,,,QLD,Brisbane,590002,2026/08/18 12:47:30
2026/08/17,RCWP,540102,PIPE,0.000,0.000,0.213,0.000,,,QLD,Wallumbilla Hub,540032,2026/08/18 12:47:30
2026/08/17,RCWP,540102,PIPE,0.000,0.000,30.699,28.980,,,QLD,Regional - QLD,590001,2026/08/18 12:47:30
2026/08/17,Reedy Creek,540085,PROD,0.000,198.740,0.000,0.000,,,QLD,Regional - QLD,590001,2026/08/22 11:30:27
2026/08/17,RMNGPF,640011,PROD,0.000,15.960,0.000,0.000,,,QLD,Regional - QLD,590001,2026/08/18 10:37:25
2026/08/17,RNMGP,640012,PIPE,0.000,15.960,0.000,15.960,,,QLD,Regional - QLD,590001,2026/08/18 10:37:25
2026/08/17,RNP,640009,PIPE,0.000,22.942,0.000,22.942,,,QLD,Regional - QLD,590001,2026/08/18 12:01:08
2026/08/17,Rolleston,540073,PROD,0.000,8.989,0.000,0.000,,,QLD,Regional - QLD,590001,2026/08/18 12:01:07
2026/08/17,Roma,540095,PROD,0.000,234.313,0.000,0.000,,,QLD,Regional - QLD,590001,2026/08/18 10:58:34
2026/08/17,Roma North,544260,PROD,0.000,22.942,0.000,0.000,,,QLD,Regional - QLD,590001,2026/08/18 12:01:19
2026/08/17,Roma Power Station,540120,BBGPG,0.000,0.000,0.000,0.000,,,QLD,Regional - QLD,590001,2026/08/18 11:15:58
2026/08/17,Ron Goodin Power Station,580234,BBGPG,0.000,0.000,0.000,0.000,,,NT,Regional - NT,590017,2026/08/18 06:41:39
2026/08/17,RPL,540110,PIPE,0.058,0.000,0.000,0.000,,,QLD,Regional - QLD,590001,2026/08/18 11:15:58
2026/08/17,Ruby Jo,540082,PROD,0.000,424.898,0.000,0.000,,,QLD,Regional - QLD,590001,2026/09/10 11:36:06
2026/08/17,RUGS,540040,STOR,0.000,1.288,0.000,0.000,15145.336,0.000,QLD,Regional - QLD,590001,2026/08/18 10:58:34
2026/08/17,Scotia,540072,PROD,0.000,100.800,0.000,0.000,,,QLD,Regional - QLD,590001,2026/08/18 10:58:34
2026/08/17,SEPS,550061,PIPE,6.860,0.000,6.871,0.000,,,SA,Regional - SA,590013,2026/08/18 11:32:05
2026/08/17,SESA,550060,PIPE,0.000,0.000,6.986,0.000,,,VIC,Regional - VIC,590012,2026/08/18 12:47:30
2026/08/17,SESA,550060,PIPE,0.000,0.000,0.000,6.871,,,SA,Regional - SA,590013,2026/08/18 12:47:30
2026/08/17,Shoalhaven Starches Cogeneration Plant,523203,BBLARGE,22.069,0.000,0.000,0.000,,,NSW,Regional - NSW,590011,2026/08/18 13:25:53
2026/08/17,Smithfield Energy Facility,522004,BBGPG,0.000,0.000,0.000,0.000,,,NSW,Regional - NSW,590011,2026/08/18 12:02:58
2026/08/17,Snapper Point,555090,BBGPG,0.000,0.000,0.000,0.000,,,SA,Regional - SA,590013,2026/08/18 11:31:05
2026/08/17,Somerton,533174,BBGPG,0.001,0.000,0.000,0.000,,,VIC,Melbourne,590008,2026/08/18 11:00:07
2026/08/17,Spring Gully,540066,PROD,0.000,53.087,0.000,0.000,,,QLD,Regional - QLD,590001,2026/08/22 11:30:27
2026/08/17,SSP,540103,PIPE,0.000,5.660,0.000,5.660,,,QLD,Regional - QLD,590001,2026/08/18 09:10:26
2026/08/17,SSSF,540062,STOR,0.000,7.500,0.000,0.000,8570.532,0.000,QLD,Regional - QLD,590001,2026/08/18 09:10:26
2026/08/17,Strathblane,540067,PROD,0.000,46.830,0.000,0.000,,,QLD,Regional - QLD,590001,2026/08/22 11:30:27
2026/08/17,Swanbank Power Station,544104,BBGPG,0.000,0.000,0.000,0.000,,,QLD,Brisbane,590002,2026/08/18 12:47:30
2026/08/17,SWQP,540060,PIPE,0.000,0.000,236.770,174.522,,,QLD,Wallumbilla Hub,540032,2026/08/18 12:47:30
2026/08/17,SWQP,540060,PIPE,0.000,0.000,0.000,80.045,,,QLD,Ballera,540078,2026/08/18 12:47:30
2026/08/17,SWQP,540060,PIPE,0.000,174.655,0.000,131.257,,,SA,Moomba Hub,550017,2026/08/18 12:47:30
2026/08/17,SWQP,540060,PIPE,0.128,0.000,0.000,0.000,,,QLD,Regional - QLD,590001,2026/08/18 12:47:30
2026/08/17,Talinga,540076,PROD,0.000,81.584,0.000,0.000,,,QLD,Regional - QLD,590001,2026/08/22 11:30:27
2026/08/17,Tallawarra,522002,BBGPG,0.000,0.000,0.000,0.000,,,NSW,Regional - NSW,590011,2026/08/18 11:00:10
2026/08/17,Tallawarra Pipeline,523201,PIPE,0.000,0.000,0.000,0.000,,,NSW,Regional - NSW,590011,2026/08/18 11:00:10
2026/08/17,Taloona,540068,PROD,0.000,41.064,0.000,0.000,,,QLD,Regional - QLD,590001,2026/08/22 11:30:27
2026/08/17,Tanami GP,580210,PIPE,8.510,0.000,7.500,0.000,,,NT,Regional - NT,590017,2026/08/18 12:02:00
2026/08/17,TGP,570050,PIPE,0.000,0.000,71.643,16.686,,,VIC,Longford Hub,530015,2026/08/19 12:01:00
2026/08/17,TGP,570050,PIPE,49.405,0.000,0.000,0.000,,,TAS,Regional - TAS,590014,2026/08/19 12:01:00
2026/08/17,Tipton,540051,PROD,0.000,41.406,0.000,0.000,,,QLD,Regional - QLD,590001,2026/08/18 10:18:51
2026/08/17,Torrens Island PS,555041,BBGPG,3.659,0.000,0.000,0.000,,,SA,Regional - SA,590013,2026/08/18 11:31:05
2026/08/17,Uranquinty Power Station,522047,BBGPG,0.000,0.000,0.000,0.000,,,NSW,Regional - NSW,590011,2026/08/18 12:47:30
2026/08/17,Valley Power GPG,535024,BBGPG,0.000,0.000,0.000,0.000,,,VIC,Gippsland,590009,2026/08/18 11:00:45
2026/08/17,VicHub,532005,PIPE,0.000,0.000,11.808,11.808,,,VIC,Longford Hub,530015,2026/08/18 12:01:22
2026/08/17,Viva Energy Refinery,535018,BBLARGE,7.166,0.000,0.000,0.000,,,VIC,Geelong,590005,2026/08/18 07:30:14
2026/08/17,VTS,530110,PIPE,0.000,413.184,28.502,0.002,,,VIC,Longford Hub,530015,2026/08/18 11:00:07
2026/08/17,VTS,530110,PIPE,0.000,100.179,141.423,0.000,,,VIC,Iona Hub,530016,2026/08/18 11:00:07
2026/08/17,VTS,530110,PIPE,11.344,0.000,0.000,0.000,,,VIC,Western,590004,2026/08/18 11:00:07
2026/08/17,VTS,530110,PIPE,65.585,0.000,0.000,0.000,,,VIC,Geelong,590005,2026/08/18 11:00:07
2026/08/17,VTS,530110,PIPE,38.816,0.000,0.000,0.000,,,VIC,Ballarat,590006,2026/08/18 11:00:07
2026/08/17,VTS,530110,PIPE,56.480,0.000,0.000,0.000,,,VIC,Northern,590007,2026/08/18 11:00:07
2026/08/17,VTS,530110,PIPE,362.537,0.191,0.000,0.000,,,VIC,Melbourne,590008,2026/08/18 11:00:07
2026/08/17,VTS,530110,PIPE,37.564,0.000,17.927,0.000,,,VIC,Gippsland,590009,2026/08/18 11:00:07
2026/08/17,VTS,530110,PIPE,0.000,0.000,0.000,116.729,,,NSW,Culcairn,590016,2026/08/18 11:00:07
2026/08/17,Wallumbilla Compression Station,544280,COMPRESSOR,0.000,0.000,0.000,0.000,,,QLD,Wallumbilla Hub,540032,2026/08/18 10:58:08
2026/08/17,WCFA,540045,COMPRESSOR,0.000,0.000,101.970,101.970,,,QLD,Wallumbilla Hub,540032,2026/08/18 12:47:30
2026/08/17,WCFB,540046,COMPRESSOR,0.000,0.000,123.287,123.287,,,QLD,Wallumbilla Hub,540032,2026/08/18 12:47:30
2026/08/17,Weddell Power Station,580232,BBGPG,19.362,0.000,0.000,0.000,,,NT,Darwin,580001,2026/08/18 12:47:30
2026/08/17,WGP,540091,PIPE,1503.123,0.000,0.000,0.000,,,QLD,Curtis Island,540030,2026/09/10 11:36:06
2026/08/17,WGP,540091,PIPE,0.000,1476.420,56.687,0.000,,,QLD,Regional - QLD,590001,2026/09/10 11:36:06
2026/08/17,Whyalla Steelworks,555085,BBLARGE,3.672,0.000,0.000,0.000,,,SA,Regional - SA,590013,2026/08/18 11:31:05
2026/08/17,Windibri,540069,PROD,0.000,81.437,0.000,0.000,,,QLD,Regional - QLD,590001,2026/09/10 11:36:06
2026/08/17,Woleebee Creek,540087,PROD,0.000,643.406,0.000,0.000,,,QLD,Regional - QLD,590001,2026/09/10 11:36:06
2026/08/17,WPP,580030,PIPE,19.362,34.439,0.000,15.097,,,NT,Darwin,580001,2026/08/18 12:47:30
2026/08/17,Yarwun,544282,BBGPG,48.296,0.000,0.000,0.000,,,QLD,Regional - QLD,590001,2026/08/18 12:01:07
2026/08/17,Yelcherr,580180,PROD,0.000,0.000,0.000,0.000,,,NT,Regional - NT,590017,2026/08/18 12:47:30
2026/08/17,Yellowbank,540074,PROD,0.000,11.381,0.000,0.000,,,QLD,Regional - QLD,590001,2026/08/18 12:01:07
2026/08/18,Adelaide Brighton,555091,BBLARGE,10.370,0.000,0.000,0.000,,,SA,Adelaide,550016,2026/09/08 13:00:01
2026/08/18,AGP,580010,PIPE,13.223,0.000,12.509,0.000,,,NT,Darwin,580001,2026/08/19 12:46:30
2026/08/18,AGP,580010,PIPE,7.083,31.625,0.000,17.510,,,NT,Regional - NT,590017,2026/08/19 12:46:30
2026/08/18,APLNG Pipeline,540093,PIPE,1677.394,0.000,0.000,0.000,,,QLD,Curtis Island,540030,2026/08/23 11:30:08
2026/08/18,APLNG Pipeline,540093,PIPE,0.000,1347.117,500.517,188.722,,,QLD,Regional - QLD,590001,2026/08/23 11:30:08
2026/08/18,Arcadia,540101,PROD,0.000,92.626,0.000,0.000,,,QLD,Regional - QLD,590001,2026/08/19 10:58:21
2026/08/18,ATGP,640013,PIPE,0.000,43.248,0.000,43.248,,,QLD,Regional - QLD,590001,2026/08/19 12:01:11
2026/08/18,ATHENA,535014,PROD,0.000,17.133,0.000,0.000,,,VIC,Iona Hub,530016,2026/08/23 10:15:24
2026/08/18,Atlas,544261,PROD,0.000,43.248,0.000,0.000,,,QLD,Regional - QLD,590001,2026/08/19 12:01:34
2026/08/18,Atlas East Central Processing Facility,640008,PROD,0.000,25.340,0.000,0.000,,,QLD,Regional - QLD,590001,2026/08/19 09:29:42
2026/08/18,Atlas to Reedy Creek Pipeline,640007,PIPE,0.000,25.327,0.000,25.003,,,QLD,Regional - QLD,590001,2026/08/19 12:46:30
2026/08/18,Australia Pacific LNG,544273,LNGEXPORT,1677.394,0.000,0.000,0.000,,,QLD,Curtis Island,540030,2026/08/19 12:00:26
2026/08/18,Australian Paper (Opal),535021,BBLARGE,9.886,0.000,0.000,0.000,,,VIC,Gippsland,590009,2026/08/25 11:00:04
2026/08/18,B1PL,540077,PIPE,0.035,41.535,0.000,41.546,,,QLD,Regional - QLD,590001,2026/08/19 11:00:57
2026/08/18,B2PL,540071,PIPE,0.000,54.659,2.350,56.694,,,QLD,Regional - QLD,590001,2026/08/19 12:30:02
2026/08/18,Bairnsdale Power Station,535020,BBGPG,0.000,0.000,0.000,0.000,,,VIC,Regional - VIC,590012,2026/08/19 11:00:48
2026/08/18,BCF,540047,COMPRESSOR,0.000,0.000,68.800,68.800,,,QLD,Regional - QLD,590001,2026/08/23 13:18:11
2026/08/18,Bell Bay CCGT,577016,BBGPG,27.001,0.000,0.000,0.000,,,TAS,Regional - TAS,590014,2026/08/20 12:01:00
2026/08/18,Bell Bay GGT,577014,BBGPG,0.000,0.000,0.000,0.000,,,TAS,Regional - TAS,590014,2026/08/20 12:01:00
2026/08/18,Bell Bay OCGT,577015,BBGPG,0.000,0.000,0.000,0.000,,,TAS,Regional - TAS,590014,2026/08/20 12:01:00
2026/08/18,Bellevue,540083,PROD,0.000,152.585,0.000,0.000,,,QLD,Regional - QLD,590001,2026/09/10 11:36:06
2026/08/18,BGP,580020,PIPE,0.317,0.000,0.000,0.000,,,NT,Regional - NT,590017,2026/08/19 12:46:30
2026/08/18,BlueScope,523204,BBLARGE,11.728,0.000,0.000,0.000,,,NSW,Sydney,520008,2026/08/19 12:01:05
2026/08/18,Bolivar,555008,BBGPG,0.000,0.000,0.000,0.000,,,SA,Regional - SA,590013,2026/08/19 12:05:18
2026/08/18,Bomaderry Gas Pipeline,523202,PIPE,22.007,0.000,22.007,0.000,,,NSW,Regional - NSW,590011,2026/08/19 14:10:35
2026/08/18,BPP,530030,PIPE,1.870,19.110,0.000,17.243,,,VIC,Gippsland,590009,2026/08/25 11:00:04
2026/08/18,Braemar 2 Power Station,544085,BBGPG,0.000,0.000,0.000,0.000,,,QLD,Regional - QLD,590001,2026/08/19 12:30:02
2026/08/18,Braemar Power Station,544252,BBGPG,0.035,0.000,0.000,0.000,,,QLD,Regional - QLD,590001,2026/08/19 11:00:57
2026/08/18,BWP,540096,PIPE,0.000,0.000,0.000,16.869,,,QLD,Wallumbilla Hub,540032,2026/08/19 12:46:30
2026/08/18,BWP,540096,PIPE,0.000,15.850,0.000,0.000,,,QLD,Regional - QLD,590001,2026/08/19 12:46:30
2026/08/18,CGP,540059,PIPE,0.000,0.000,68.754,0.000,,,QLD,Ballera,540078,2026/08/19 12:46:30
2026/08/18,CGP,540059,PIPE,66.808,0.000,0.000,0.000,,,QLD,Regional - QLD,590001,2026/08/19 12:46:30
2026/08/18,Channel Island Power Station,580231,BBGPG,13.223,0.000,0.000,0.000,,,NT,Darwin,580001,2026/08/19 12:46:30
2026/08/18,Colongra,523120,BBGPG,0.000,0.000,0.000,0.000,,,NSW,Regional - NSW,590011,2026/08/19 12:00:05
2026/08/18,ColongraGP,520090,PIPE,0.000,0.000,0.000,0.000,,,NSW,Sydney,520008,2026/08/19 12:00:05
2026/08/18,ColongraGP,520090,PIPE,0.000,0.000,0.000,0.000,,,NSW,Regional - NSW,590011,2026/08/19 12:00:05
2026/08/18,Combabula,540094,PROD,0.000,292.817,0.000,0.000,,,QLD,Regional - QLD,590001,2026/08/23 11:30:08
2026/08/18,Condabri Central,540080,PROD,0.000,142.145,0.000,0.000,,,QLD,Regional - QLD,590001,2026/08/23 11:30:08
2026/08/18,Condabri North,540090,PROD,0.000,166.353,0.000,0.000,,,QLD,Regional - QLD,590001,2026/08/23 11:30:08
2026/08/18,Condabri South,540086,PROD,0.000,156.047,0.000,0.000,,,QLD,Regional - QLD,590001,2026/08/23 11:30:08
2026/08/18,Condamine Power Station,544274,BBGPG,0.000,0.000,0.000,0.000,,,QLD,Regional - QLD,590001,2026/09/10 11:36:04
2026/08/18,CRWP,540098,PIPE,0.000,0.000,160.758,0.000,,,QLD,Wallumbilla Hub,540032,2026/08/19 10:58:06
2026/08/18,CRWP,540098,PIPE,0.000,234.008,38.917,431.443,,,QLD,Regional - QLD,590001,2026/08/19 10:58:06
2026/08/18,CWP,520054,PIPE,5.513,0.000,5.357,0.000,,,NSW,Regional - NSW,590011,2026/08/19 12:46:30
2026/08/18,Daandine,540050,PROD,0.000,54.659,0.000,0.000,,,QLD,Regional - QLD,590001,2026/08/19 12:30:02
2026/08/18,Dandenong LNG,530038,STOR,0.000,0.392,0.000,0.000,608.685,27.889,VIC,Melbourne,590008,2026/08/19 12:46:30
2026/08/18,DDP,540097,PIPE,0.000,0.000,0.000,213.686,,,QLD,Wallumbilla Hub,540032,2026/08/19 12:01:10
2026/08/18,DDP,540097,PIPE,0.002,534.205,135.753,459.160,,,QLD,Regional - QLD,590001,2026/08/19 12:01:10
2026/08/18,DDPS,544027,BBGPG,0.002,0.000,0.000,0.000,,,QLD,Regional - QLD,590001,2026/08/19 12:01:10
2026/08/18,Diamantina Power Station,544077,BBGPG,31.091,0.000,0.000,0.000,,,QLD,Regional - QLD,590001,2026/08/19 12:46:30
2026/08/18,Dry Creek Power Station,555026,BBGPG,0.002,0.000,0.000,0.000,,,SA,Regional - SA,590013,2026/08/19 11:31:05
2026/08/18,EGP,520047,PIPE,129.249,0.000,0.000,0.000,,,NSW,Sydney,520008,2026/08/19 12:01:05
2026/08/18,EGP,520047,PIPE,16.554,0.000,0.000,0.000,,,NSW,Canberra,520009,2026/08/19 12:01:05
2026/08/18,EGP,520047,PIPE,0.000,194.844,0.000,87.762,,,VIC,Longford Hub,530015,2026/08/19 12:01:05
2026/08/18,EGP,520047,PIPE,5.330,0.000,0.000,22.007,,,NSW,Regional - NSW,590011,2026/08/19 12:01:05
2026/08/18,EGP,520047,PIPE,1.020,62.347,0.000,0.000,,,VIC,Regional - VIC,590012,2026/08/19 12:01:05
2026/08/18,EO4PL,540055,PIPE,0.000,0.000,0.000,0.000,,,QLD,Regional - QLD,590001,2026/09/10 11:36:06
2026/08/18,Eurombah Creek,540089,PROD,0.000,141.861,0.000,0.000,,,QLD,Regional - QLD,590001,2026/08/23 11:30:08
2026/08/18,Fairview,540070,PROD,0.000,278.275,0.000,0.000,,,QLD,Regional - QLD,590001,2026/08/19 10:58:21
2026/08/18,GLNG (Curtis Island),544276,LNGEXPORT,824.715,0.000,0.000,0.000,,,QLD,Curtis Island,540030,2026/08/19 10:58:06
2026/08/18,GLNG Pipeline,540092,PIPE,824.715,0.000,0.000,0.000,,,QLD,Curtis Island,540030,2026/08/19 10:58:06
2026/08/18,GLNG Pipeline,540092,PIPE,0.000,413.925,450.353,0.225,,,QLD,Regional - QLD,590001,2026/09/10 11:36:06
2026/08/18,Hallett,555029,BBGPG,0.000,0.000,0.000,0.000,,,SA,Regional - SA,590013,2026/08/19 11:31:05
2026/08/18,Hunter Power Station,523210,BBGPG,0.001,0.000,0.000,0.000,,,NSW,Sydney,520008,2026/08/19 12:46:30
2026/08/18,ICF,530071,COMPRESSOR,0.000,0.000,1.610,1.610,,,VIC,Iona Hub,530016,2026/08/19 08:35:03
2026/08/18,Iona UGS,530042,STOR,1.610,78.325,0.000,0.000,13740.929,0.000,VIC,Iona Hub,530016,2026/08/19 08:30:02
2026/08/18,Jeerelang,533161,BBGPG,0.000,0.000,0.000,0.000,,,VIC,Gippsland,590009,2026/08/25 11:00:04
2026/08/18,Jordan,540088,PROD,0.000,335.495,0.000,0.000,,,QLD,Regional - QLD,590001,2026/09/10 11:36:06
2026/08/18,Katherine Power Station,580233,BBGPG,0.000,0.000,0.000,0.000,,,NT,Regional - NT,590017,2026/08/19 12:46:30
2026/08/18,Kenya,540075,PROD,0.000,119.281,0.000,0.000,,,QLD,Regional - QLD,590001,2026/09/10 11:36:06
2026/08/18,Kincora,544253,PROD,0.000,4.000,0.000,0.000,,,QLD,Regional - QLD,590001,2026/08/19 12:46:30
2026/08/18,KKLP,523209,PIPE,0.001,0.000,0.000,0.000,,,NSW,Sydney,520008,2026/08/19 12:46:30
2026/08/18,Kogan North,540061,PROD,0.000,4.169,0.000,0.000,,,QLD,Regional - QLD,590001,2026/08/19 12:46:30
2026/08/18,Ladbroke Grove PS,555086,BBGPG,0.000,0.000,0.000,0.000,,,SA,Regional - SA,590013,2026/08/19 12:46:30
2026/08/18,Lang Lang,530039,PROD,0.000,19.110,0.000,0.000,,,VIC,Gippsland,590009,2026/08/19 11:01:25
2026/08/18,Laverton,533201,BBGPG,0.000,0.000,0.000,0.000,,,VIC,Geelong,590005,2026/08/25 11:00:04
2026/08/18,Longford,530040,PROD,0.000,606.161,0.000,0.000,,,VIC,Longford Hub,530015,2026/08/19 08:43:11
2026/08/18,Loy Yang B,533163,BBGPG,1.125,0.000,0.000,0.000,,,VIC,Gippsland,590009,2026/08/19 11:00:51
2026/08/18,LYB Transmission Pipeline,535023,PIPE,1.127,0.000,1.226,0.000,,,VIC,Gippsland,590009,2026/08/19 11:00:51
2026/08/18,MAPS,550054,PIPE,29.791,0.000,0.000,0.000,,,SA,Adelaide,550016,2026/08/19 11:31:05
2026/08/18,MAPS,550054,PIPE,0.000,36.427,22.166,0.000,,,SA,Moomba Hub,550017,2026/08/19 11:31:05
2026/08/18,MAPS,550054,PIPE,38.556,0.000,15.000,0.000,,,SA,Regional - SA,590013,2026/08/19 11:31:05
2026/08/18,McArthur River Mine,580220,BBGPG,8.907,0.000,0.000,0.000,,,NT,Regional - NT,590017,2026/08/19 09:06:19
2026/08/18,MCF,550050,COMPRESSOR,0.000,0.000,144.382,144.382,,,SA,Moomba Hub,550017,2026/08/19 12:46:30
2026/08/18,Mereenie,580040,PROD,0.000,25.964,0.000,0.000,,,NT,Regional - NT,590017,2026/08/19 11:13:49
2026/08/18,Meridian,540064,PROD,0.000,47.274,0.000,0.000,,,QLD,Regional - QLD,590001,2026/08/19 09:38:58
2026/08/18,Mintaro Power Station,555031,BBGPG,0.000,0.000,0.000,0.000,,,SA,Regional - SA,590013,2026/08/19 11:31:05
2026/08/18,Moomba,550045,PROD,0.000,218.300,0.000,0.000,,,SA,Moomba Hub,550017,2026/08/23 13:18:11
2026/08/18,Moomba Storage,550046,STOR,0.000,1.000,0.000,0.000,6304.600,0.000,SA,Moomba Hub,550017,2026/08/23 13:18:11
2026/08/18,Mortlake PS,530063,BBGPG,0.000,0.000,0.000,0.000,,,VIC,Regional - VIC,590012,2026/08/19 07:20:00
2026/08/18,MPL,530061,PIPE,0.000,0.000,0.000,0.000,,,VIC,Iona Hub,530016,2026/08/19 07:20:00
2026/08/18,MPL,530061,PIPE,0.000,0.000,0.000,0.000,,,VIC,Regional - VIC,590012,2026/08/19 07:20:00
2026/08/18,MRP,580100,PIPE,8.907,0.000,8.908,0.000,,,NT,Regional - NT,590017,2026/08/19 09:06:19
2026/08/18,MSP,520053,PIPE,131.896,0.000,0.000,0.000,,,NSW,Sydney,520008,2026/08/19 12:46:30
2026/08/18,MSP,520053,PIPE,0.000,0.000,15.309,0.000,,,SA,Moomba Hub,550017,2026/08/19 12:46:30
2026/08/18,MSP,520053,PIPE,38.123,0.000,0.000,5.357,,,NSW,Regional - NSW,590011,2026/08/19 12:46:30
2026/08/18,MSP,520053,PIPE,13.135,0.000,0.000,0.000,,,NSW,Regional - ACT,590015,2026/08/19 12:46:30
2026/08/18,MSP,520053,PIPE,0.000,0.000,140.694,0.000,,,NSW,Culcairn,590016,2026/08/19 12:46:30
2026/08/18,Newport,533171,BBGPG,0.004,0.000,0.000,0.000,,,VIC,Melbourne,590008,2026/08/25 11:00:04
2026/08/18,NGP,580050,PIPE,0.000,0.000,0.000,0.000,,,QLD,Regional - QLD,590001,2026/08/19 12:01:32
2026/08/18,NGP,580050,PIPE,0.000,0.000,0.000,0.000,,,NT,Regional - NT,590017,2026/08/19 12:01:32
2026/08/18,NGS,520060,STOR,0.410,0.916,0.000,0.000,674.419,76.793,NSW,Sydney,520008,2026/08/19 07:48:43
2026/08/18,Oakey PS,544095,BBGPG,0.000,0.000,0.000,0.000,,,QLD,Regional - QLD,590001,2026/08/19 12:46:30
2026/08/18,Orana,540084,PROD,0.000,168.365,0.000,0.000,,,QLD,Regional - QLD,590001,2026/08/23 11:30:08
2026/08/18,Orbost,530041,PROD,0.000,62.347,0.000,0.000,,,VIC,Regional - VIC,590012,2026/08/19 12:01:05
2026/08/18,Orica,544011,BBLARGE,9.643,0.000,0.000,0.000,,,QLD,Regional - QLD,590001,2026/08/19 12:01:07
2026/08/18,Orica (Kooragang Island),523206,BBLARGE,39.570,0.000,0.000,0.000,,,NSW,Sydney,520008,2026/08/19 13:00:00
2026/08/18,Osborne,555033,BBGPG,0.000,0.000,0.000,0.000,,,SA,Regional - SA,590013,2026/08/19 11:31:05
2026/08/18,Otway,530044,PROD,0.000,150.170,0.000,0.000,,,VIC,Iona Hub,530016,2026/08/19 11:00:12
2026/08/18,Owen Springs Power Station,580235,BBGPG,0.310,0.000,0.000,0.000,,,NT,Regional - NT,590017,2026/08/19 06:41:04
2026/08/18,Palm Valley,580060,PROD,0.000,5.661,0.000,0.000,,,NT,Regional - NT,590017,2026/08/19 11:13:49
2026/08/18,PCA,550052,PIPE,0.000,16.917,31.477,0.111,,,VIC,Iona Hub,530016,2026/08/19 07:20:01
2026/08/18,PCA,550052,PIPE,29.152,0.000,0.000,0.000,,,SA,Adelaide,550016,2026/08/19 07:20:01
2026/08/18,PCA,550052,PIPE,0.000,0.000,0.000,6.866,,,VIC,Regional - VIC,590012,2026/08/19 07:20:01
2026/08/18,PCA,550052,PIPE,0.734,0.000,0.000,14.999,,,SA,Regional - SA,590013,2026/08/19 07:20:01
2026/08/18,PCI,530060,PIPE,0.000,161.401,0.111,161.512,,,VIC,Iona Hub,530016,2026/08/19 07:20:01
2026/08/18,Peat,540065,PROD,0.000,11.515,0.000,0.000,,,QLD,Regional - QLD,590001,2026/08/23 11:30:08
2026/08/18,Pelican Point Power Station,555089,BBGPG,14.738,0.000,0.000,0.000,,,SA,Regional - SA,590013,2026/08/19 07:20:01
2026/08/18,Phosphate Hill,544081,BBLARGE,25.713,0.000,0.000,0.000,,,QLD,Regional - QLD,590001,2026/08/19 12:46:30
2026/08/18,Pipeline Compression Station,544279,COMPRESSOR,0.000,0.000,0.000,0.000,,,QLD,Regional - QLD,590001,2026/08/19 10:58:06
2026/08/18,PVP,580070,PIPE,0.751,0.000,0.902,0.000,,,NT,Regional - NT,590017,2026/08/19 06:41:04
2026/08/18,QCLNG LNG Plant,544272,LNGEXPORT,1523.690,0.000,0.000,0.000,,,QLD,Curtis Island,540030,2026/09/10 11:36:06
2026/08/18,QGP,540058,PIPE,0.000,0.000,5.306,0.000,,,QLD,Wallumbilla Hub,540032,2026/08/19 12:01:07
2026/08/18,QGP,540058,PIPE,111.605,25.441,76.885,0.500,,,QLD,Regional - QLD,590001,2026/08/19 12:01:07
2026/08/18,Quarantine Power Station,555087,BBGPG,0.000,0.000,0.000,0.000,,,SA,Regional - SA,590013,2026/08/19 11:31:05
2026/08/18,Queensland Aluminia,544012,BBLARGE,30.897,0.000,0.000,0.000,,,QLD,Regional - QLD,590001,2026/08/19 12:01:07
2026/08/18,RBP,540057,PIPE,0.000,0.000,2.836,11.500,,,QLD,Wallumbilla Hub,540032,2026/08/19 12:46:30
2026/08/18,RBP,540057,PIPE,4.432,19.684,49.046,2.350,,,QLD,Regional - QLD,590001,2026/08/19 12:46:30
2026/08/18,RBP,540057,PIPE,51.800,0.000,0.000,0.000,,,QLD,Brisbane,590002,2026/08/19 12:46:30
2026/08/18,RCWP,540102,PIPE,0.000,0.000,13.560,0.021,,,QLD,Wallumbilla Hub,540032,2026/08/19 12:46:30
2026/08/18,RCWP,540102,PIPE,0.000,0.000,25.003,41.357,,,QLD,Regional - QLD,590001,2026/08/19 12:46:30
2026/08/18,Reedy Creek,540085,PROD,0.000,198.613,0.000,0.000,,,QLD,Regional - QLD,590001,2026/08/23 11:30:08
2026/08/18,RMNGPF,640011,PROD,0.000,16.010,0.000,0.000,,,QLD,Regional - QLD,590001,2026/08/19 09:30:05
2026/08/18,RNMGP,640012,PIPE,0.000,16.010,0.000,16.010,,,QLD,Regional - QLD,590001,2026/08/19 09:30:05
2026/08/18,RNP,640009,PIPE,0.000,22.907,0.000,22.907,,,QLD,Regional - QLD,590001,2026/08/19 12:01:09
2026/08/18,Rolleston,540073,PROD,0.000,9.125,0.000,0.000,,,QLD,Regional - QLD,590001,2026/08/19 12:01:07
2026/08/18,Roma,540095,PROD,0.000,234.008,0.000,0.000,,,QLD,Regional - QLD,590001,2026/08/19 10:58:26
2026/08/18,Roma North,544260,PROD,0.000,22.907,0.000,0.000,,,QLD,Regional - QLD,590001,2026/08/19 12:01:33
2026/08/18,Roma Power Station,540120,BBGPG,0.000,0.000,0.000,0.000,,,QLD,Regional - QLD,590001,2026/08/19 11:55:57
2026/08/18,Ron Goodin Power Station,580234,BBGPG,0.000,0.000,0.000,0.000,,,NT,Regional - NT,590017,2026/08/19 06:41:04
2026/08/18,RPL,540110,PIPE,0.061,0.000,0.000,0.000,,,QLD,Regional - QLD,590001,2026/08/19 11:55:57
2026/08/18,Ruby Jo,540082,PROD,0.000,426.258,0.000,0.000,,,QLD,Regional - QLD,590001,2026/09/10 11:36:06
2026/08/18,RUGS,540040,STOR,0.000,0.251,0.000,0.000,15145.336,0.000,QLD,Regional - QLD,590001,2026/08/19 10:58:26
2026/08/18,Scotia,540072,PROD,0.000,102.883,0.000,0.000,,,QLD,Regional - QLD,590001,2026/08/19 10:58:26
2026/08/18,SEPS,550061,PIPE,6.765,0.000,6.784,0.000,,,SA,Regional - SA,590013,2026/08/19 11:32:05
2026/08/18,SESA,550060,PIPE,0.000,0.000,6.865,0.000,,,VIC,Regional - VIC,590012,2026/08/19 12:46:30
2026/08/18,SESA,550060,PIPE,0.000,0.000,0.000,6.785,,,SA,Regional - SA,590013,2026/08/19 12:46:30
2026/08/18,Shoalhaven Starches Cogeneration Plant,523203,BBLARGE,22.007,0.000,0.000,0.000,,,NSW,Regional - NSW,590011,2026/08/19 14:10:35
2026/08/18,Smithfield Energy Facility,522004,BBGPG,0.000,0.000,0.000,0.000,,,NSW,Regional - NSW,590011,2026/08/19 12:05:18
2026/08/18,Snapper Point,555090,BBGPG,0.000,0.000,0.000,0.000,,,SA,Regional - SA,590013,2026/08/19 11:31:05
2026/08/18,Somerton,533174,BBGPG,1.142,0.000,0.000,0.000,,,VIC,Melbourne,590008,2026/08/25 11:00:04
2026/08/18,Spring Gully,540066,PROD,0.000,53.094,0.000,0.000,,,QLD,Regional - QLD,590001,2026/08/23 11:30:08
2026/08/18,SSP,540103,PIPE,0.000,5.750,0.000,5.750,,,QLD,Regional - QLD,590001,2026/08/19 09:24:02
2026/08/18,SSSF,540062,STOR,0.000,7.500,0.000,0.000,8564.782,0.000,QLD,Regional - QLD,590001,2026/08/19 09:24:02
2026/08/18,Strathblane,540067,PROD,0.000,49.376,0.000,0.000,,,QLD,Regional - QLD,590001,2026/08/23 11:30:08
2026/08/18,Swanbank Power Station,544104,BBGPG,0.000,0.000,0.000,0.000,,,QLD,Brisbane,590002,2026/08/19 12:46:30
2026/08/18,SWQP,540060,PIPE,0.000,0.000,242.576,182.460,,,QLD,Wallumbilla Hub,540032,2026/08/19 12:46:30
2026/08/18,SWQP,540060,PIPE,0.000,0.000,0.000,73.569,,,QLD,Ballera,540078,2026/08/19 12:46:30
2026/08/18,SWQP,540060,PIPE,0.000,181.857,0.000,37.475,,,SA,Moomba Hub,550017,2026/08/19 12:46:30
2026/08/18,SWQP,540060,PIPE,0.128,0.000,0.000,0.000,,,QLD,Regional - QLD,590001,2026/08/19 12:46:30
2026/08/18,Talinga,540076,PROD,0.000,81.872,0.000,0.000,,,QLD,Regional - QLD,590001,2026/08/23 11:30:08
2026/08/18,Tallawarra,522002,BBGPG,0.000,0.000,0.000,0.000,,,NSW,Regional - NSW,590011,2026/08/19 11:00:05
2026/08/18,Tallawarra Pipeline,523201,PIPE,0.000,0.000,0.000,0.000,,,NSW,Regional - NSW,590011,2026/08/19 11:00:05
2026/08/18,Taloona,540068,PROD,0.000,40.106,0.000,0.000,,,QLD,Regional - QLD,590001,2026/08/23 11:30:08
2026/08/18,Tanami GP,580210,PIPE,8.711,0.000,7.700,0.000,,,NT,Regional - NT,590017,2026/08/19 12:02:00
2026/08/18,TGP,570050,PIPE,0.000,0.000,84.078,31.988,,,VIC,Longford Hub,530015,2026/08/20 12:01:00
2026/08/18,TGP,570050,PIPE,45.834,0.000,0.000,0.000,,,TAS,Regional - TAS,590014,2026/08/20 12:01:00
2026/08/18,Tipton,540051,PROD,0.000,41.535,0.000,0.000,,,QLD,Regional - QLD,590001,2026/08/19 12:30:02
2026/08/18,Torrens Island PS,555041,BBGPG,3.634,0.000,0.000,0.000,,,SA,Regional - SA,590013,2026/08/19 11:31:05
2026/08/18,Uranquinty Power Station,522047,BBGPG,0.000,0.000,0.000,0.000,,,NSW,Regional - NSW,590011,2026/08/19 12:46:30
2026/08/18,Valley Power GPG,535024,BBGPG,0.002,0.000,0.000,0.000,,,VIC,Gippsland,590009,2026/08/19 11:00:51
2026/08/18,VicHub,532005,PIPE,0.000,0.000,3.686,3.686,,,VIC,Longford Hub,530015,2026/08/19 12:01:36
2026/08/18,Viva Energy Refinery,535018,BBLARGE,8.029,0.000,0.000,0.000,,,VIC,Geelong,590005,2026/08/19 07:30:13
2026/08/18,VTS,530110,PIPE,0.000,409.792,35.683,0.001,,,VIC,Longford Hub,530015,2026/08/25 11:00:04
2026/08/18,VTS,530110,PIPE,0.000,68.032,130.033,0.000,,,VIC,Iona Hub,530016,2026/08/25 11:00:04
2026/08/18,VTS,530110,PIPE,12.151,0.000,0.000,0.000,,,VIC,Western,590004,2026/08/25 11:00:04
2026/08/18,VTS,530110,PIPE,55.763,0.000,0.000,0.000,,,VIC,Geelong,590005,2026/08/25 11:00:04
2026/08/18,VTS,530110,PIPE,35.260,0.000,0.000,0.000,,,VIC,Ballarat,590006,2026/08/25 11:00:04
2026/08/18,VTS,530110,PIPE,59.866,0.000,0.000,0.000,,,VIC,Northern,590007,2026/08/25 11:00:04
2026/08/18,VTS,530110,PIPE,317.145,0.351,0.000,0.000,,,VIC,Melbourne,590008,2026/08/25 11:00:04
2026/08/18,VTS,530110,PIPE,32.642,0.000,17.243,1.226,,,VIC,Gippsland,590009,2026/08/25 11:00:04
2026/08/18,VTS,530110,PIPE,0.000,0.000,0.000,140.693,,,NSW,Culcairn,590016,2026/08/25 11:00:04
2026/08/18,Wallumbilla Compression Station,544280,COMPRESSOR,0.000,0.000,0.000,0.000,,,QLD,Wallumbilla Hub,540032,2026/08/19 10:58:06
2026/08/18,WCFA,540045,COMPRESSOR,0.000,0.000,105.886,105.886,,,QLD,Wallumbilla Hub,540032,2026/08/19 12:46:30
2026/08/18,WCFB,540046,COMPRESSOR,0.000,0.000,125.189,125.189,,,QLD,Wallumbilla Hub,540032,2026/08/19 12:46:30
2026/08/18,Weddell Power Station,580232,BBGPG,23.165,0.000,0.000,0.000,,,NT,Darwin,580001,2026/08/19 12:46:30
2026/08/18,WGP,540091,PIPE,1523.690,0.000,0.000,0.000,,,QLD,Curtis Island,540030,2026/09/10 11:36:06
2026/08/18,WGP,540091,PIPE,0.000,1450.211,56.694,0.000,,,QLD,Regional - QLD,590001,2026/09/10 11:36:06
2026/08/18,Whyalla Steelworks,555085,BBLARGE,3.598,0.000,0.000,0.000,,,SA,Regional - SA,590013,2026/08/19 11:31:05
2026/08/18,Windibri,540069,PROD,0.000,80.206,0.000,0.000,,,QLD,Regional - QLD,590001,2026/09/10 11:36:06
2026/08/18,Woleebee Creek,540087,PROD,0.000,642.731,0.000,0.000,,,QLD,Regional - QLD,590001,2026/09/10 11:36:06
2026/08/18,WPP,580030,PIPE,23.165,35.694,0.000,12.509,,,NT,Darwin,580001,2026/08/19 12:46:30
2026/08/18,Yarwun,544282,BBGPG,53.385,0.000,0.000,0.000,,,QLD,Regional - QLD,590001,2026/08/19 12:01:07
2026/08/18,Yelcherr,580180,PROD,0.000,0.000,0.000,0.000,,,NT,Regional - NT,590017,2026/08/19 12:46:30
2026/08/18,Yellowbank,540074,PROD,0.000,12.066,0.000,0.000,,,QLD,Regional - QLD,590001,2026/08/19 12:01:07
2026/08/19,Adelaide Brighton,555091,BBLARGE,9.774,0.000,0.000,0.000,,,SA,Adelaide,550016,2026/09/08 13:00:01
2026/08/19,AGP,580010,PIPE,12.791,0.000,12.994,0.000,,,NT,Darwin,580001,2026/08/20 12:46:30
2026/08/19,AGP,580010,PIPE,7.118,29.808,0.000,17.648,,,NT,Regional - NT,590017,2026/08/20 12:46:30
2026/08/19,APLNG Pipeline,540093,PIPE,1676.182,0.000,0.000,0.000,,,QLD,Curtis Island,540030,2026/08/24 12:44:36
2026/08/19,APLNG Pipeline,540093,PIPE,0.000,1347.175,529.551,192.884,,,QLD,Regional - QLD,590001,2026/08/24 12:44:36
2026/08/19,Arcadia,540101,PROD,0.000,92.638,0.000,0.000,,,QLD,Regional - QLD,590001,2026/08/20 10:58:14
2026/08/19,ATGP,640013,PIPE,0.000,43.357,0.000,43.357,,,QLD,Regional - QLD,590001,2026/08/20 12:01:34
2026/08/19,ATHENA,535014,PROD,0.000,16.031,0.000,0.000,,,VIC,Iona Hub,530016,2026/08/24 14:29:46
2026/08/19,Atlas,544261,PROD,0.000,43.357,0.000,0.000,,,QLD,Regional - QLD,590001,2026/08/20 12:01:42
2026/08/19,Atlas East Central Processing Facility,640008,PROD,0.000,33.560,0.000,0.000,,,QLD,Regional - QLD,590001,2026/08/20 09:25:35
2026/08/19,Atlas to Reedy Creek Pipeline,640007,PIPE,0.000,33.582,0.000,33.688,,,QLD,Regional - QLD,590001,2026/08/20 12:46:30
2026/08/19,Australia Pacific LNG,544273,LNGEXPORT,1676.182,0.000,0.000,0.000,,,QLD,Curtis Island,540030,2026/08/20 12:00:25
2026/08/19,Australian Paper (Opal),535021,BBLARGE,8.050,0.000,0.000,0.000,,,VIC,Gippsland,590009,2026/08/25 11:00:04
2026/08/19,B1PL,540077,PIPE,0.034,41.562,0.000,43.398,,,QLD,Regional - QLD,590001,2026/08/20 11:01:27
2026/08/19,B2PL,540071,PIPE,0.000,50.768,0.000,55.339,,,QLD,Regional - QLD,590001,2026/08/20 12:30:02
2026/08/19,Bairnsdale Power Station,535020,BBGPG,0.000,0.000,0.000,0.000,,,VIC,Regional - VIC,590012,2026/08/20 11:01:31
2026/08/19,BCF,540047,COMPRESSOR,0.000,0.000,67.100,67.100,,,QLD,Regional - QLD,590001,2026/08/24 10:22:02
2026/08/19,Bell Bay CCGT,577016,BBGPG,26.960,0.000,0.000,0.000,,,TAS,Regional - TAS,590014,2026/08/21 12:01:00
2026/08/19,Bell Bay GGT,577014,BBGPG,0.000,0.000,0.000,0.000,,,TAS,Regional - TAS,590014,2026/08/21 12:01:00
2026/08/19,Bell Bay OCGT,577015,BBGPG,0.000,0.000,0.000,0.000,,,TAS,Regional - TAS,590014,2026/08/21 12:01:00
2026/08/19,Bellevue,540083,PROD,0.000,156.538,0.000,0.000,,,QLD,Regional - QLD,590001,2026/09/10 11:36:06
2026/08/19,BGP,580020,PIPE,0.303,0.000,0.000,0.000,,,NT,Regional - NT,590017,2026/08/20 12:46:30
2026/08/19,BlueScope,523204,BBLARGE,10.952,0.000,0.000,0.000,,,NSW,Sydney,520008,2026/08/20 12:01:05
2026/08/19,Bolivar,555008,BBGPG,0.000,0.000,0.000,0.000,,,SA,Regional - SA,590013,2026/08/20 12:05:39
2026/08/19,Bomaderry Gas Pipeline,523202,PIPE,22.365,0.000,22.365,0.000,,,NSW,Regional - NSW,590011,2026/08/20 12:50:43
2026/08/19,BPP,530030,PIPE,2.280,18.910,0.000,16.626,,,VIC,Gippsland,590009,2026/08/25 11:00:04
2026/08/19,Braemar 2 Power Station,544085,BBGPG,0.000,0.000,0.000,0.000,,,QLD,Regional - QLD,590001,2026/08/20 12:30:02
2026/08/19,Braemar Power Station,544252,BBGPG,0.034,0.000,0.000,0.000,,,QLD,Regional - QLD,590001,2026/08/20 11:01:27
2026/08/19,BWP,540096,PIPE,0.000,0.000,0.000,12.886,,,QLD,Wallumbilla Hub,540032,2026/08/20 12:46:30
2026/08/19,BWP,540096,PIPE,0.000,12.850,0.000,0.000,,,QLD,Regional - QLD,590001,2026/08/20 12:46:30
2026/08/19,CGP,540059,PIPE,0.000,0.000,67.099,0.000,,,QLD,Ballera,540078,2026/08/20 12:46:30
2026/08/19,CGP,540059,PIPE,64.284,0.000,0.000,0.000,,,QLD,Regional - QLD,590001,2026/08/20 12:46:30
2026/08/19,Channel Island Power Station,580231,BBGPG,12.791,0.000,0.000,0.000,,,NT,Darwin,580001,2026/08/20 12:46:30
2026/08/19,Colongra,523120,BBGPG,0.000,0.000,0.000,0.000,,,NSW,Regional - NSW,590011,2026/08/20 12:00:05
2026/08/19,ColongraGP,520090,PIPE,0.000,0.000,0.000,0.000,,,NSW,Sydney,520008,2026/08/20 12:00:05
2026/08/19,ColongraGP,520090,PIPE,0.000,0.000,0.000,0.000,,,NSW,Regional - NSW,590011,2026/08/20 12:00:05
2026/08/19,Combabula,540094,PROD,0.000,292.632,0.000,0.000,,,QLD,Regional - QLD,590001,2026/08/24 12:44:36
2026/08/19,Condabri Central,540080,PROD,0.000,141.197,0.000,0.000,,,QLD,Regional - QLD,590001,2026/08/24 12:44:36
2026/08/19,Condabri North,540090,PROD,0.000,165.586,0.000,0.000,,,QLD,Regional - QLD,590001,2026/08/24 12:44:36
2026/08/19,Condabri South,540086,PROD,0.000,156.173,0.000,0.000,,,QLD,Regional - QLD,590001,2026/08/24 12:44:36
2026/08/19,Condamine Power Station,544274,BBGPG,0.000,0.000,0.000,0.000,,,QLD,Regional - QLD,590001,2026/09/10 11:36:04
2026/08/19,CRWP,540098,PIPE,0.000,0.000,170.701,0.000,,,QLD,Wallumbilla Hub,540032,2026/08/20 10:58:06
2026/08/19,CRWP,540098,PIPE,0.000,232.921,39.360,440.410,,,QLD,Regional - QLD,590001,2026/08/20 10:58:06
2026/08/19,CWP,520054,PIPE,5.037,0.000,4.463,0.000,,,NSW,Regional - NSW,590011,2026/08/20 12:46:30
2026/08/19,Daandine,540050,PROD,0.000,52.788,0.000,0.000,,,QLD,Regional - QLD,590001,2026/08/20 12:30:02
2026/08/19,Dandenong LNG,530038,STOR,0.000,0.341,0.000,0.000,608.183,27.889,VIC,Melbourne,590008,2026/08/20 12:46:30
2026/08/19,DDP,540097,PIPE,0.000,0.000,0.000,212.359,,,QLD,Wallumbilla Hub,540032,2026/09/02 11:00:05
2026/08/19,DDP,540097,PIPE,0.173,570.083,133.890,493.183,,,QLD,Regional - QLD,590001,2026/09/02 11:00:05
2026/08/19,DDPS,544027,BBGPG,0.173,0.000,0.000,0.000,,,QLD,Regional - QLD,590001,2026/09/02 11:00:05
2026/08/19,Diamantina Power Station,544077,BBGPG,28.064,0.000,0.000,0.000,,,QLD,Regional - QLD,590001,2026/08/20 12:46:30
2026/08/19,Dry Creek Power Station,555026,BBGPG,0.000,0.000,0.000,0.000,,,SA,Regional - SA,590013,2026/08/20 11:31:05
2026/08/19,EGP,520047,PIPE,124.242,0.000,0.000,0.000,,,NSW,Sydney,520008,2026/08/20 12:01:05
2026/08/19,EGP,520047,PIPE,16.506,0.000,0.000,0.000,,,NSW,Canberra,520009,2026/08/20 12:01:05
2026/08/19,EGP,520047,PIPE,0.000,187.202,0.000,77.698,,,VIC,Longford Hub,530015,2026/08/20 12:01:05
2026/08/19,EGP,520047,PIPE,5.428,0.000,0.000,22.365,,,NSW,Regional - NSW,590011,2026/08/20 12:01:05
2026/08/19,EGP,520047,PIPE,0.905,68.473,0.000,0.000,,,VIC,Regional - VIC,590012,2026/08/20 12:01:05
2026/08/19,EO4PL,540055,PIPE,0.000,0.000,0.000,0.000,,,QLD,Regional - QLD,590001,2026/09/10 11:36:06
2026/08/19,Eurombah Creek,540089,PROD,0.000,141.435,0.000,0.000,,,QLD,Regional - QLD,590001,2026/08/24 12:44:36
2026/08/19,Fairview,540070,PROD,0.000,278.015,0.000,0.000,,,QLD,Regional - QLD,590001,2026/08/20 10:58:14
2026/08/19,GLNG (Curtis Island),544276,LNGEXPORT,920.560,0.000,0.000,0.000,,,QLD,Curtis Island,540030,2026/08/20 10:58:06
2026/08/19,GLNG Pipeline,540092,PIPE,920.560,0.000,0.000,0.000,,,QLD,Curtis Island,540030,2026/08/20 10:58:06
2026/08/19,GLNG Pipeline,540092,PIPE,0.000,414.356,465.315,0.000,,,QLD,Regional - QLD,590001,2026/09/10 11:36:06
2026/08/19,Hallett,555029,BBGPG,0.000,0.000,0.000,0.000,,,SA,Regional - SA,590013,2026/08/20 11:31:05
2026/08/19,Hunter Power Station,523210,BBGPG,0.001,0.000,0.000,0.000,,,NSW,Sydney,520008,2026/08/20 12:46:30
2026/08/19,ICF,530071,COMPRESSOR,0.000,0.000,8.900,8.900,,,VIC,Iona Hub,530016,2026/08/20 08:35:03
2026/08/19,Iona UGS,530042,STOR,12.910,120.850,0.000,0.000,13632.989,0.000,VIC,Iona Hub,530016,2026/08/20 08:30:02
2026/08/19,Jeerelang,533161,BBGPG,0.000,0.000,0.000,0.000,,,VIC,Gippsland,590009,2026/08/25 11:00:04
2026/08/19,Jordan,540088,PROD,0.000,334.231,0.000,0.000,,,QLD,Regional - QLD,590001,2026/09/10 11:36:06
2026/08/19,Katherine Power Station,580233,BBGPG,0.001,0.000,0.000,0.000,,,NT,Regional - NT,590017,2026/08/20 12:46:30
2026/08/19,Kenya,540075,PROD,0.000,109.586,0.000,0.000,,,QLD,Regional - QLD,590001,2026/09/10 11:36:06
2026/08/19,Kincora,544253,PROD,0.000,4.000,0.000,0.000,,,QLD,Regional - QLD,590001,2026/08/20 12:46:30
2026/08/19,KKLP,523209,PIPE,0.001,0.000,0.000,0.000,,,NSW,Sydney,520008,2026/08/20 12:46:30
2026/08/19,Kogan North,540061,PROD,0.000,4.176,0.000,0.000,,,QLD,Regional - QLD,590001,2026/08/20 12:46:30
2026/08/19,Ladbroke Grove PS,555086,BBGPG,0.000,0.000,0.000,0.000,,,SA,Regional - SA,590013,2026/08/20 12:46:30
2026/08/19,Lang Lang,530039,PROD,0.000,18.910,0.000,0.000,,,VIC,Gippsland,590009,2026/08/20 08:55:18
2026/08/19,Laverton,533201,BBGPG,0.000,0.000,0.000,0.000,,,VIC,Geelong,590005,2026/08/25 11:00:04
2026/08/19,Longford,530040,PROD,0.000,597.766,0.000,0.000,,,VIC,Longford Hub,530015,2026/08/20 07:38:17
2026/08/19,Loy Yang B,533163,BBGPG,0.128,0.000,0.000,0.000,,,VIC,Gippsland,590009,2026/08/20 11:01:32
2026/08/19,LYB Transmission Pipeline,535023,PIPE,0.128,0.000,0.303,0.000,,,VIC,Gippsland,590009,2026/08/20 11:01:32
2026/08/19,MAPS,550054,PIPE,30.734,0.000,0.000,0.000,,,SA,Adelaide,550016,2026/08/20 11:31:05
2026/08/19,MAPS,550054,PIPE,0.000,36.900,94.312,0.000,,,SA,Moomba Hub,550017,2026/08/20 11:31:05
2026/08/19,MAPS,550054,PIPE,74.820,0.000,15.001,0.000,,,SA,Regional - SA,590013,2026/08/20 11:31:05
2026/08/19,McArthur River Mine,580220,BBGPG,9.290,0.000,0.000,0.000,,,NT,Regional - NT,590017,2026/08/20 08:58:33
2026/08/19,MCF,550050,COMPRESSOR,0.000,0.000,86.341,86.341,,,SA,Moomba Hub,550017,2026/08/20 12:46:30
2026/08/19,Mereenie,580040,PROD,0.000,24.170,0.000,0.000,,,NT,Regional - NT,590017,2026/08/20 10:55:59
2026/08/19,Meridian,540064,PROD,0.000,47.953,0.000,0.000,,,QLD,Regional - QLD,590001,2026/08/20 09:39:13
2026/08/19,Mintaro Power Station,555031,BBGPG,0.000,0.000,0.000,0.000,,,SA,Regional - SA,590013,2026/08/20 11:31:05
2026/08/19,Moomba,550045,PROD,0.000,217.600,0.000,0.000,,,SA,Moomba Hub,550017,2026/08/24 10:22:02
2026/08/19,Moomba Storage,550046,STOR,0.000,0.900,0.000,0.000,6303.700,0.000,SA,Moomba Hub,550017,2026/08/24 10:22:02
2026/08/19,Mortlake PS,530063,BBGPG,0.000,0.000,0.000,0.000,,,VIC,Regional - VIC,590012,2026/08/20 07:20:00
2026/08/19,MPL,530061,PIPE,0.000,0.000,0.000,0.000,,,VIC,Iona Hub,530016,2026/08/20 07:20:00
2026/08/19,MPL,530061,PIPE,0.000,0.000,0.000,0.000,,,VIC,Regional - VIC,590012,2026/08/20 07:20:00
2026/08/19,MRP,580100,PIPE,9.290,0.000,9.291,0.000,,,NT,Regional - NT,590017,2026/08/20 08:58:33
2026/08/19,MSP,520053,PIPE,131.522,0.000,0.000,0.000,,,NSW,Sydney,520008,2026/08/20 12:46:30
2026/08/19,MSP,520053,PIPE,0.000,0.000,21.753,21.719,,,SA,Moomba Hub,550017,2026/08/20 12:46:30
2026/08/19,MSP,520053,PIPE,35.705,0.000,0.000,4.463,,,NSW,Regional - NSW,590011,2026/08/20 12:46:30
2026/08/19,MSP,520053,PIPE,8.725,0.000,0.000,0.000,,,NSW,Regional - ACT,590015,2026/08/20 12:46:30
2026/08/19,MSP,520053,PIPE,0.000,0.000,133.227,0.000,,,NSW,Culcairn,590016,2026/08/20 12:46:30
2026/08/19,Newport,533171,BBGPG,0.004,0.000,0.000,0.000,,,VIC,Melbourne,590008,2026/08/25 11:00:04
2026/08/19,NGP,580050,PIPE,0.000,0.000,0.000,0.000,,,QLD,Regional - QLD,590001,2026/08/20 12:01:39
2026/08/19,NGP,580050,PIPE,0.000,0.000,0.000,0.000,,,NT,Regional - NT,590017,2026/08/20 12:01:39
2026/08/19,NGS,520060,STOR,0.360,0.916,0.000,0.000,673.710,76.793,NSW,Sydney,520008,2026/08/20 07:33:03
2026/08/19,Oakey PS,544095,BBGPG,0.000,0.000,0.000,0.000,,,QLD,Regional - QLD,590001,2026/08/20 12:46:30
2026/08/19,Orana,540084,PROD,0.000,168.193,0.000,0.000,,,QLD,Regional - QLD,590001,2026/08/24 12:44:36
2026/08/19,Orbost,530041,PROD,0.000,68.473,0.000,0.000,,,VIC,Regional - VIC,590012,2026/08/20 12:01:05
2026/08/19,Orica,544011,BBLARGE,9.891,0.000,0.000,0.000,,,QLD,Regional - QLD,590001,2026/08/20 12:01:07
2026/08/19,Orica (Kooragang Island),523206,BBLARGE,39.332,0.000,0.000,0.000,,,NSW,Sydney,520008,2026/08/20 13:00:00
2026/08/19,Osborne,555033,BBGPG,18.253,0.000,0.000,0.000,,,SA,Regional - SA,590013,2026/08/20 11:31:05
2026/08/19,Otway,530044,PROD,0.000,155.146,0.000,0.000,,,VIC,Iona Hub,530016,2026/08/20 12:31:29
2026/08/19,Owen Springs Power Station,580235,BBGPG,0.313,0.000,0.000,0.000,,,NT,Regional - NT,590017,2026/08/20 06:41:22
2026/08/19,Palm Valley,580060,PROD,0.000,5.638,0.000,0.000,,,NT,Regional - NT,590017,2026/08/20 10:55:59
2026/08/19,PCA,550052,PIPE,0.000,14.044,60.905,0.000,,,VIC,Iona Hub,530016,2026/09/02 13:20:06
2026/08/19,PCA,550052,PIPE,28.121,0.000,0.000,0.000,,,SA,Adelaide,550016,2026/09/02 13:20:06
2026/08/19,PCA,550052,PIPE,0.000,0.000,0.000,7.702,,,VIC,Regional - VIC,590012,2026/09/02 13:20:06
2026/08/19,PCA,550052,PIPE,11.489,0.000,0.000,15.000,,,SA,Regional - SA,590013,2026/09/02 13:20:06
2026/08/19,PCI,530060,PIPE,0.000,165.932,0.000,165.932,,,VIC,Iona Hub,530016,2026/08/20 07:20:01
2026/08/19,Peat,540065,PROD,0.000,11.857,0.000,0.000,,,QLD,Regional - QLD,590001,2026/08/24 12:44:36
2026/08/19,Pelican Point Power Station,555089,BBGPG,19.603,0.000,0.000,0.000,,,SA,Regional - SA,590013,2026/09/02 13:20:06
2026/08/19,Phosphate Hill,544081,BBLARGE,26.175,0.000,0.000,0.000,,,QLD,Regional - QLD,590001,2026/08/20 12:46:30
2026/08/19,Pipeline Compression Station,544279,COMPRESSOR,0.000,0.000,0.000,0.000,,,QLD,Regional - QLD,590001,2026/08/20 10:58:06
2026/08/19,PVP,580070,PIPE,0.733,0.000,0.858,0.000,,,NT,Regional - NT,590017,2026/08/20 06:41:22
2026/08/19,QCLNG LNG Plant,544272,LNGEXPORT,1504.287,0.000,0.000,0.000,,,QLD,Curtis Island,540030,2026/09/10 11:36:06
2026/08/19,QGP,540058,PIPE,0.000,0.000,15.065,0.000,,,QLD,Wallumbilla Hub,540032,2026/08/20 12:01:07
2026/08/19,QGP,540058,PIPE,111.098,26.261,76.885,0.000,,,QLD,Regional - QLD,590001,2026/08/20 12:01:07
2026/08/19,Quarantine Power Station,555087,BBGPG,0.000,0.000,0.000,0.000,,,SA,Regional - SA,590013,2026/08/20 11:31:05
2026/08/19,Queensland Aluminia,544012,BBLARGE,31.300,0.000,0.000,0.000,,,QLD,Regional - QLD,590001,2026/08/20 12:01:07
2026/08/19,RBP,540057,PIPE,0.000,0.000,0.000,24.500,,,QLD,Wallumbilla Hub,540032,2026/08/20 12:46:30
2026/08/19,RBP,540057,PIPE,4.056,20.033,52.919,0.000,,,QLD,Regional - QLD,590001,2026/08/20 12:46:30
2026/08/19,RBP,540057,PIPE,47.716,0.000,0.000,0.000,,,QLD,Brisbane,590002,2026/08/20 12:46:30
2026/08/19,RCWP,540102,PIPE,0.000,0.000,3.857,0.000,,,QLD,Wallumbilla Hub,540032,2026/08/20 12:46:30
2026/08/19,RCWP,540102,PIPE,0.000,0.000,33.688,36.368,,,QLD,Regional - QLD,590001,2026/08/20 12:46:30
2026/08/19,Reedy Creek,540085,PROD,0.000,198.712,0.000,0.000,,,QLD,Regional - QLD,590001,2026/08/24 12:44:36
2026/08/19,RMNGPF,640011,PROD,0.000,16.240,0.000,0.000,,,QLD,Regional - QLD,590001,2026/08/20 09:25:46
2026/08/19,RNMGP,640012,PIPE,0.000,16.240,0.000,16.240,,,QLD,Regional - QLD,590001,2026/08/20 09:25:46
2026/08/19,RNP,640009,PIPE,0.000,23.120,0.000,23.120,,,QLD,Regional - QLD,590001,2026/08/20 12:01:10
2026/08/19,Rolleston,540073,PROD,0.000,9.551,0.000,0.000,,,QLD,Regional - QLD,590001,2026/08/20 12:01:07
2026/08/19,Roma,540095,PROD,0.000,232.921,0.000,0.000,,,QLD,Regional - QLD,590001,2026/08/20 10:58:18
2026/08/19,Roma North,544260,PROD,0.000,23.120,0.000,0.000,,,QLD,Regional - QLD,590001,2026/08/20 12:01:40
2026/08/19,Roma Power Station,540120,BBGPG,0.000,0.000,0.000,0.000,,,QLD,Regional - QLD,590001,2026/08/20 11:46:57
2026/08/19,Ron Goodin Power Station,580234,BBGPG,0.000,0.000,0.000,0.000,,,NT,Regional - NT,590017,2026/08/20 06:41:22
2026/08/19,RPL,540110,PIPE,0.061,0.000,0.000,0.000,,,QLD,Regional - QLD,590001,2026/08/20 11:46:57
2026/08/19,Ruby Jo,540082,PROD,0.000,427.515,0.000,0.000,,,QLD,Regional - QLD,590001,2026/09/10 11:36:06
2026/08/19,RUGS,540040,STOR,0.000,0.000,0.000,0.000,15145.336,0.000,QLD,Regional - QLD,590001,2026/08/20 10:58:18
2026/08/19,Scotia,540072,PROD,0.000,101.740,0.000,0.000,,,QLD,Regional - QLD,590001,2026/08/20 10:58:18
2026/08/19,SEPS,550061,PIPE,7.495,0.000,7.516,0.000,,,SA,Regional - SA,590013,2026/08/20 11:32:05
2026/08/19,SESA,550060,PIPE,0.000,0.000,7.699,0.000,,,VIC,Regional - VIC,590012,2026/08/20 12:46:30
2026/08/19,SESA,550060,PIPE,0.000,0.000,0.000,7.512,,,SA,Regional - SA,590013,2026/08/20 12:46:30
2026/08/19,Shoalhaven Starches Cogeneration Plant,523203,BBLARGE,22.365,0.000,0.000,0.000,,,NSW,Regional - NSW,590011,2026/08/20 12:50:43
2026/08/19,Smithfield Energy Facility,522004,BBGPG,0.000,0.000,0.000,0.000,,,NSW,Regional - NSW,590011,2026/08/20 12:05:51
2026/08/19,Snapper Point,555090,BBGPG,0.000,0.000,0.000,0.000,,,SA,Regional - SA,590013,2026/08/20 11:31:05
2026/08/19,Somerton,533174,BBGPG,1.156,0.000,0.000,0.000,,,VIC,Melbourne,590008,2026/08/25 11:00:04
2026/08/19,Spring Gully,540066,PROD,0.000,53.564,0.000,0.000,,,QLD,Regional - QLD,590001,2026/08/24 12:44:36
2026/08/19,SSP,540103,PIPE,0.000,6.080,0.000,6.080,,,QLD,Regional - QLD,590001,2026/08/20 09:47:08
2026/08/19,SSSF,540062,STOR,0.000,7.500,0.000,0.000,8558.702,0.000,QLD,Regional - QLD,590001,2026/08/20 09:47:08
2026/08/19,Strathblane,540067,PROD,0.000,51.158,0.000,0.000,,,QLD,Regional - QLD,590001,2026/08/24 12:44:36
2026/08/19,Swanbank Power Station,544104,BBGPG,0.000,0.000,0.000,0.000,,,QLD,Brisbane,590002,2026/08/20 12:46:30
2026/08/19,SWQP,540060,PIPE,0.000,0.000,249.745,189.623,,,QLD,Wallumbilla Hub,540032,2026/08/20 12:46:30
2026/08/19,SWQP,540060,PIPE,0.000,0.000,0.000,71.848,,,QLD,Ballera,540078,2026/08/20 12:46:30
2026/08/19,SWQP,540060,PIPE,0.000,180.687,0.000,94.346,,,SA,Moomba Hub,550017,2026/08/20 12:46:30
2026/08/19,SWQP,540060,PIPE,0.121,0.000,0.000,0.000,,,QLD,Regional - QLD,590001,2026/08/20 12:46:30
2026/08/19,Talinga,540076,PROD,0.000,82.785,0.000,0.000,,,QLD,Regional - QLD,590001,2026/08/24 12:44:36
2026/08/19,Tallawarra,522002,BBGPG,0.000,0.000,0.000,0.000,,,NSW,Regional - NSW,590011,2026/08/20 11:00:05
2026/08/19,Tallawarra Pipeline,523201,PIPE,0.000,0.000,0.000,0.000,,,NSW,Regional - NSW,590011,2026/08/20 11:00:05
2026/08/19,Taloona,540068,PROD,0.000,40.257,0.000,0.000,,,QLD,Regional - QLD,590001,2026/08/24 12:44:36
2026/08/19,Tanami GP,580210,PIPE,8.803,0.000,7.499,0.000,,,NT,Regional - NT,590017,2026/08/20 12:02:19
2026/08/19,TGP,570050,PIPE,0.000,0.000,72.613,42.992,,,VIC,Longford Hub,530015,2026/08/21 12:01:00
2026/08/19,TGP,570050,PIPE,45.659,0.000,0.000,0.000,,,TAS,Regional - TAS,590014,2026/08/21 12:01:00
2026/08/19,Tipton,540051,PROD,0.000,41.563,0.000,0.000,,,QLD,Regional - QLD,590001,2026/08/20 12:30:02
2026/08/19,Torrens Island PS,555041,BBGPG,25.781,0.000,0.000,0.000,,,SA,Regional - SA,590013,2026/08/20 11:31:05
2026/08/19,Uranquinty Power Station,522047,BBGPG,0.000,0.000,0.000,0.000,,,NSW,Regional - NSW,590011,2026/08/20 12:46:30
2026/08/19,Valley Power GPG,535024,BBGPG,0.000,0.000,0.000,0.000,,,VIC,Gippsland,590009,2026/08/20 11:01:32
2026/08/19,VicHub,532005,PIPE,0.000,0.000,5.095,5.095,,,VIC,Longford Hub,530015,2026/08/20 12:01:43
2026/08/19,Viva Energy Refinery,535018,BBLARGE,6.907,0.000,0.000,0.000,,,VIC,Geelong,590005,2026/08/20 07:30:15
2026/08/19,VTS,530110,PIPE,0.000,409.009,48.100,0.001,,,VIC,Longford Hub,530015,2026/08/25 11:00:04
2026/08/19,VTS,530110,PIPE,0.000,101.043,105.024,0.000,,,VIC,Iona Hub,530016,2026/08/25 11:00:04
2026/08/19,VTS,530110,PIPE,11.691,0.000,0.000,0.000,,,VIC,Western,590004,2026/08/25 11:00:04
2026/08/19,VTS,530110,PIPE,56.702,0.000,0.000,0.000,,,VIC,Geelong,590005,2026/08/25 11:00:04
2026/08/19,VTS,530110,PIPE,41.145,0.000,0.000,0.000,,,VIC,Ballarat,590006,2026/08/25 11:00:04
2026/08/19,VTS,530110,PIPE,64.694,0.000,0.000,0.000,,,VIC,Northern,590007,2026/08/25 11:00:04
2026/08/19,VTS,530110,PIPE,338.660,0.273,0.000,0.000,,,VIC,Melbourne,590008,2026/08/25 11:00:04
2026/08/19,VTS,530110,PIPE,34.023,0.000,16.626,0.303,,,VIC,Gippsland,590009,2026/08/25 11:00:04
2026/08/19,VTS,530110,PIPE,0.000,0.000,0.000,133.227,,,NSW,Culcairn,590016,2026/08/25 11:00:04
2026/08/19,Wallumbilla Compression Station,544280,COMPRESSOR,0.000,0.000,0.000,0.000,,,QLD,Wallumbilla Hub,540032,2026/08/20 10:58:06
2026/08/19,WCFA,540045,COMPRESSOR,0.000,0.000,103.102,103.102,,,QLD,Wallumbilla Hub,540032,2026/08/20 12:46:30
2026/08/19,WCFB,540046,COMPRESSOR,0.000,0.000,135.133,135.133,,,QLD,Wallumbilla Hub,540032,2026/08/20 12:46:30
2026/08/19,Weddell Power Station,580232,BBGPG,20.689,0.000,0.000,0.000,,,NT,Darwin,580001,2026/08/20 12:46:30
2026/08/19,WGP,540091,PIPE,1504.287,0.000,0.000,0.000,,,QLD,Curtis Island,540030,2026/09/10 11:36:06
2026/08/19,WGP,540091,PIPE,0.000,1420.638,53.318,0.000,,,QLD,Regional - QLD,590001,2026/09/10 11:36:06
2026/08/19,Whyalla Steelworks,555085,BBLARGE,3.523,0.000,0.000,0.000,,,SA,Regional - SA,590013,2026/08/20 11:31:05
2026/08/19,Windibri,540069,PROD,0.000,89.976,0.000,0.000,,,QLD,Regional - QLD,590001,2026/09/10 11:36:06
2026/08/19,Woleebee Creek,540087,PROD,0.000,642.178,0.000,0.000,,,QLD,Regional - QLD,590001,2026/09/10 11:36:06
2026/08/19,WPP,580030,PIPE,20.689,33.687,0.000,12.994,,,NT,Darwin,580001,2026/08/20 12:46:30
2026/08/19,Yarwun,544282,BBGPG,52.326,0.000,0.000,0.000,,,QLD,Regional - QLD,590001,2026/08/20 12:01:07
2026/08/19,Yelcherr,580180,PROD,0.000,0.000,0.000,0.000,,,NT,Regional - NT,590017,2026/08/20 12:46:30
2026/08/19,Yellowbank,540074,PROD,0.000,12.460,0.000,0.000,,,QLD,Regional - QLD,590001,2026/08/20 12:01:07
2026/08/20,Adelaide Brighton,555091,BBLARGE,9.406,0.000,0.000,0.000,,,SA,Adelaide,550016,2026/09/08 13:00:01
2026/08/20,AGP,580010,PIPE,15.293,0.000,15.532,0.000,,,NT,Darwin,580001,2026/08/21 12:46:30
2026/08/20,AGP,580010,PIPE,7.112,32.044,0.000,18.577,,,NT,Regional - NT,590017,2026/08/21 12:46:30
2026/08/20,APLNG Pipeline,540093,PIPE,1675.879,0.000,0.000,0.000,,,QLD,Curtis Island,540030,2026/08/25 11:30:09
2026/08/20,APLNG Pipeline,540093,PIPE,0.000,1346.710,529.507,193.572,,,QLD,Regional - QLD,590001,2026/08/25 11:30:09
2026/08/20,Arcadia,540101,PROD,0.000,92.452,0.000,0.000,,,QLD,Regional - QLD,590001,2026/08/21 10:58:25
2026/08/20,ATGP,640013,PIPE,0.000,43.004,0.000,43.004,,,QLD,Regional - QLD,590001,2026/08/21 12:01:11
2026/08/20,ATHENA,535014,PROD,0.000,16.672,0.000,0.000,,,VIC,Iona Hub,530016,2026/08/25 09:34:13
2026/08/20,Atlas,544261,PROD,0.000,43.004,0.000,0.000,,,QLD,Regional - QLD,590001,2026/08/21 12:01:16
2026/08/20,Atlas East Central Processing Facility,640008,PROD,0.000,33.690,0.000,0.000,,,QLD,Regional - QLD,590001,2026/08/21 09:26:26
2026/08/20,Atlas to Reedy Creek Pipeline,640007,PIPE,0.000,33.685,0.000,34.166,,,QLD,Regional - QLD,590001,2026/08/21 12:46:30
2026/08/20,Australia Pacific LNG,544273,LNGEXPORT,1675.879,0.000,0.000,0.000,,,QLD,Curtis Island,540030,2026/08/21 12:00:25
2026/08/20,Australian Paper (Opal),535021,BBLARGE,8.659,0.000,0.000,0.000,,,VIC,Gippsland,590009,2026/08/25 11:00:04
2026/08/20,B1PL,540077,PIPE,0.033,41.502,0.000,39.373,,,QLD,Regional - QLD,590001,2026/08/21 11:00:58
2026/08/20,B2PL,540071,PIPE,0.000,53.991,3.010,59.714,,,QLD,Regional - QLD,590001,2026/08/21 12:30:15
2026/08/20,Bairnsdale Power Station,535020,BBGPG,0.000,0.000,0.000,0.000,,,VIC,Regional - VIC,590012,2026/08/21 11:00:57
2026/08/20,BCF,540047,COMPRESSOR,0.000,0.000,62.000,62.000,,,QLD,Regional - QLD,590001,2026/08/25 13:45:56
2026/08/20,Bell Bay CCGT,577016,BBGPG,1.649,0.000,0.000,0.000,,,TAS,Regional - TAS,590014,2026/08/22 12:01:00
2026/08/20,Bell Bay GGT,577014,BBGPG,0.115,0.000,0.000,0.000,,,TAS,Regional - TAS,590014,2026/08/22 12:01:00
2026/08/20,Bell Bay OCGT,577015,BBGPG,0.000,0.000,0.000,0.000,,,TAS,Regional - TAS,590014,2026/08/22 12:01:00
2026/08/20,Bellevue,540083,PROD,0.000,150.650,0.000,0.000,,,QLD,Regional - QLD,590001,2026/09/10 11:36:06
2026/08/20,BGP,580020,PIPE,0.318,0.000,0.000,0.000,,,NT,Regional - NT,590017,2026/08/21 12:46:30
2026/08/20,BlueScope,523204,BBLARGE,12.046,0.000,0.000,0.000,,,NSW,Sydney,520008,2026/08/21 12:01:05
2026/08/20,Bolivar,555008,BBGPG,0.120,0.000,0.000,0.000,,,SA,Regional - SA,590013,2026/08/21 12:50:48
2026/08/20,Bomaderry Gas Pipeline,523202,PIPE,22.727,0.000,21.538,0.000,,,NSW,Regional - NSW,590011,2026/08/22 13:59:11
2026/08/20,BPP,530030,PIPE,2.030,19.260,0.000,17.230,,,VIC,Gippsland,590009,2026/08/25 11:00:04
2026/08/20,Braemar 2 Power Station,544085,BBGPG,0.000,0.000,0.000,0.000,,,QLD,Regional - QLD,590001,2026/08/21 12:30:15
2026/08/20,Braemar Power Station,544252,BBGPG,0.033,0.000,0.000,0.000,,,QLD,Regional - QLD,590001,2026/08/21 11:00:58
2026/08/20,BWP,540096,PIPE,0.000,0.000,0.000,4.818,,,QLD,Wallumbilla Hub,540032,2026/08/21 12:46:30
2026/08/20,BWP,540096,PIPE,0.000,5.051,0.000,0.000,,,QLD,Regional - QLD,590001,2026/08/21 12:46:30
2026/08/20,CGP,540059,PIPE,0.000,0.000,61.991,0.000,,,QLD,Ballera,540078,2026/08/21 12:46:30
2026/08/20,CGP,540059,PIPE,68.507,0.000,0.000,0.000,,,QLD,Regional - QLD,590001,2026/08/21 12:46:30
2026/08/20,Channel Island Power Station,580231,BBGPG,15.293,0.000,0.000,0.000,,,NT,Darwin,580001,2026/08/21 12:46:30
2026/08/20,Colongra,523120,BBGPG,1.217,0.000,0.000,0.000,,,NSW,Regional - NSW,590011,2026/08/21 12:00:05
2026/08/20,ColongraGP,520090,PIPE,0.000,0.000,0.000,0.000,,,NSW,Sydney,520008,2026/08/21 12:00:05
2026/08/20,ColongraGP,520090,PIPE,1.217,0.000,0.000,0.000,,,NSW,Regional - NSW,590011,2026/08/21 12:00:05
2026/08/20,Combabula,540094,PROD,0.000,292.139,0.000,0.000,,,QLD,Regional - QLD,590001,2026/08/25 11:30:09
2026/08/20,Condabri Central,540080,PROD,0.000,141.844,0.000,0.000,,,QLD,Regional - QLD,590001,2026/08/25 11:30:09
2026/08/20,Condabri North,540090,PROD,0.000,165.436,0.000,0.000,,,QLD,Regional - QLD,590001,2026/08/25 11:30:09
2026/08/20,Condabri South,540086,PROD,0.000,156.016,0.000,0.000,,,QLD,Regional - QLD,590001,2026/08/25 11:30:09
2026/08/20,Condamine Power Station,544274,BBGPG,0.000,0.000,0.000,0.000,,,QLD,Regional - QLD,590001,2026/09/10 11:36:04
2026/08/20,CRWP,540098,PIPE,0.000,0.000,152.634,0.000,,,QLD,Wallumbilla Hub,540032,2026/08/21 10:58:06
2026/08/20,CRWP,540098,PIPE,0.000,233.445,39.087,462.279,,,QLD,Regional - QLD,590001,2026/08/21 10:58:06
2026/08/20,CWP,520054,PIPE,3.954,0.000,3.531,0.000,,,NSW,Regional - NSW,590011,2026/08/21 12:46:30
2026/08/20,Daandine,540050,PROD,0.000,53.987,0.000,0.000,,,QLD,Regional - QLD,590001,2026/08/21 12:30:15
2026/08/20,Dandenong LNG,530038,STOR,0.000,0.302,0.000,0.000,608.104,27.889,VIC,Melbourne,590008,2026/08/21 12:46:30
2026/08/20,DDP,540097,PIPE,0.000,0.000,0.000,212.431,,,QLD,Wallumbilla Hub,540032,2026/09/02 11:01:05
2026/08/20,DDP,540097,PIPE,0.003,570.032,133.364,494.135,,,QLD,Regional - QLD,590001,2026/09/02 11:01:05
2026/08/20,DDPS,544027,BBGPG,0.003,0.000,0.000,0.000,,,QLD,Regional - QLD,590001,2026/09/02 11:01:05
2026/08/20,Diamantina Power Station,544077,BBGPG,31.255,0.000,0.000,0.000,,,QLD,Regional - QLD,590001,2026/08/21 12:46:30
2026/08/20,Dry Creek Power Station,555026,BBGPG,0.000,0.000,0.000,0.000,,,SA,Regional - SA,590013,2026/08/21 11:31:05
2026/08/20,EGP,520047,PIPE,102.674,0.000,0.000,0.000,,,NSW,Sydney,520008,2026/08/21 12:01:05
2026/08/20,EGP,520047,PIPE,14.459,0.000,0.000,0.000,,,NSW,Canberra,520009,2026/08/21 12:01:05
2026/08/20,EGP,520047,PIPE,0.000,90.451,0.000,97.694,,,VIC,Longford Hub,530015,2026/08/21 12:01:05
2026/08/20,EGP,520047,PIPE,3.904,0.000,0.000,21.538,,,NSW,Regional - NSW,590011,2026/08/21 12:01:05
2026/08/20,EGP,520047,PIPE,1.015,68.509,0.000,0.000,,,VIC,Regional - VIC,590012,2026/08/21 12:01:05
2026/08/20,EO4PL,540055,PIPE,0.000,0.000,0.000,0.000,,,QLD,Regional - QLD,590001,2026/09/10 11:36:06
2026/08/20,Eurombah Creek,540089,PROD,0.000,143.424,0.000,0.000,,,QLD,Regional - QLD,590001,2026/08/25 11:30:09
2026/08/20,Fairview,540070,PROD,0.000,279.144,0.000,0.000,,,QLD,Regional - QLD,590001,2026/08/21 10:58:25
2026/08/20,GLNG (Curtis Island),544276,LNGEXPORT,998.083,0.000,0.000,0.000,,,QLD,Curtis Island,540030,2026/08/21 10:58:06
2026/08/20,GLNG Pipeline,540092,PIPE,998.083,0.000,0.000,0.000,,,QLD,Curtis Island,540030,2026/08/21 10:58:06
2026/08/20,GLNG Pipeline,540092,PIPE,0.000,416.206,488.100,0.000,,,QLD,Regional - QLD,590001,2026/09/10 11:36:06
2026/08/20,Hallett,555029,BBGPG,0.000,0.000,0.000,0.000,,,SA,Regional - SA,590013,2026/08/21 11:31:05
2026/08/20,Hunter Power Station,523210,BBGPG,0.002,0.000,0.000,0.000,,,NSW,Sydney,520008,2026/08/21 12:46:30
2026/08/20,ICF,530071,COMPRESSOR,0.000,0.000,9.700,9.700,,,VIC,Iona Hub,530016,2026/08/21 08:35:03
2026/08/20,Iona UGS,530042,STOR,21.712,184.287,0.000,0.000,13470.414,0.000,VIC,Iona Hub,530016,2026/08/21 08:30:02
2026/08/20,Jeerelang,533161,BBGPG,0.000,0.000,0.000,0.000,,,VIC,Gippsland,590009,2026/08/25 11:00:04
2026/08/20,Jordan,540088,PROD,0.000,333.691,0.000,0.000,,,QLD,Regional - QLD,590001,2026/09/10 11:36:06
2026/08/20,Katherine Power Station,580233,BBGPG,0.011,0.000,0.000,0.000,,,NT,Regional - NT,590017,2026/08/21 12:46:30
2026/08/20,Kenya,540075,PROD,0.000,116.863,0.000,0.000,,,QLD,Regional - QLD,590001,2026/09/10 11:36:06
2026/08/20,Kincora,544253,PROD,0.000,4.000,0.000,0.000,,,QLD,Regional - QLD,590001,2026/08/21 12:46:30
2026/08/20,KKLP,523209,PIPE,0.002,0.000,0.000,0.000,,,NSW,Sydney,520008,2026/08/21 12:46:30
2026/08/20,Kogan North,540061,PROD,0.000,4.229,0.000,0.000,,,QLD,Regional - QLD,590001,2026/08/21 12:46:30
2026/08/20,Ladbroke Grove PS,555086,BBGPG,2.866,0.000,0.000,0.000,,,SA,Regional - SA,590013,2026/08/21 12:46:30
2026/08/20,Lang Lang,530039,PROD,0.000,19.260,0.000,0.000,,,VIC,Gippsland,590009,2026/08/21 09:40:13
2026/08/20,Laverton,533201,BBGPG,0.001,0.000,0.000,0.000,,,VIC,Geelong,590005,2026/08/25 11:00:04
2026/08/20,Longford,530040,PROD,0.000,302.042,0.000,0.000,,,VIC,Longford Hub,530015,2026/08/21 13:40:07
2026/08/20,Loy Yang B,533163,BBGPG,8.080,0.000,0.000,0.000,,,VIC,Gippsland,590009,2026/08/21 11:00:47
2026/08/20,LYB Transmission Pipeline,535023,PIPE,8.080,0.000,7.874,0.000,,,VIC,Gippsland,590009,2026/08/21 11:00:47
2026/08/20,MAPS,550054,PIPE,31.569,0.000,0.000,0.000,,,SA,Adelaide,550016,2026/08/21 11:31:05
2026/08/20,MAPS,550054,PIPE,0.000,35.119,80.519,0.000,,,SA,Moomba Hub,550017,2026/08/21 11:31:05
2026/08/20,MAPS,550054,PIPE,106.668,0.000,15.000,0.000,,,SA,Regional - SA,590013,2026/08/21 11:31:05
2026/08/20,McArthur River Mine,580220,BBGPG,9.411,0.000,0.000,0.000,,,NT,Regional - NT,590017,2026/08/21 09:06:18
2026/08/20,MCF,550050,COMPRESSOR,0.000,0.000,0.000,0.000,,,SA,Moomba Hub,550017,2026/08/21 12:46:30
2026/08/20,Mereenie,580040,PROD,0.000,26.417,0.000,0.000,,,NT,Regional - NT,590017,2026/08/21 10:55:42
2026/08/20,Meridian,540064,PROD,0.000,48.859,0.000,0.000,,,QLD,Regional - QLD,590001,2026/08/21 09:38:58
2026/08/20,Mintaro Power Station,555031,BBGPG,0.000,0.000,0.000,0.000,,,SA,Regional - SA,590013,2026/08/21 11:31:05
2026/08/20,Moomba,550045,PROD,0.000,180.000,0.000,0.000,,,SA,Moomba Hub,550017,2026/08/25 13:45:56
2026/08/20,Moomba Storage,550046,STOR,0.000,0.000,0.000,0.000,6303.600,0.000,SA,Moomba Hub,550017,2026/08/25 13:45:56
2026/08/20,Mortlake PS,530063,BBGPG,0.000,0.000,0.000,0.000,,,VIC,Regional - VIC,590012,2026/08/21 07:20:00
2026/08/20,MPL,530061,PIPE,0.000,0.000,0.000,0.000,,,VIC,Iona Hub,530016,2026/08/21 07:20:00
2026/08/20,MPL,530061,PIPE,0.000,0.000,0.000,0.000,,,VIC,Regional - VIC,590012,2026/08/21 07:20:00
2026/08/20,MRP,580100,PIPE,9.411,0.000,9.412,0.000,,,NT,Regional - NT,590017,2026/08/21 09:06:18
2026/08/20,MSP,520053,PIPE,148.576,0.000,0.000,0.000,,,NSW,Sydney,520008,2026/08/21 12:46:30
2026/08/20,MSP,520053,PIPE,0.000,0.000,95.403,0.000,,,SA,Moomba Hub,550017,2026/08/21 12:46:30
2026/08/20,MSP,520053,PIPE,35.244,0.000,0.000,3.531,,,NSW,Regional - NSW,590011,2026/08/21 12:46:30
2026/08/20,MSP,520053,PIPE,5.807,0.000,0.000,0.000,,,NSW,Regional - ACT,590015,2026/08/21 12:46:30
2026/08/20,MSP,520053,PIPE,0.000,0.000,90.039,0.000,,,NSW,Culcairn,590016,2026/08/21 12:46:30
2026/08/20,Newport,533171,BBGPG,0.005,0.000,0.000,0.000,,,VIC,Melbourne,590008,2026/08/25 11:00:04
2026/08/20,NGP,580050,PIPE,0.000,0.000,0.000,0.000,,,QLD,Regional - QLD,590001,2026/08/21 12:01:14
2026/08/20,NGP,580050,PIPE,0.000,0.000,0.000,0.000,,,NT,Regional - NT,590017,2026/08/21 12:01:14
2026/08/20,NGS,520060,STOR,0.110,0.871,0.000,0.000,672.528,76.793,NSW,Sydney,520008,2026/08/21 09:30:18
2026/08/20,Oakey PS,544095,BBGPG,0.000,0.000,0.000,0.000,,,QLD,Regional - QLD,590001,2026/08/21 12:46:30
2026/08/20,Orana,540084,PROD,0.000,167.896,0.000,0.000,,,QLD,Regional - QLD,590001,2026/08/25 11:30:09
2026/08/20,Orbost,530041,PROD,0.000,68.509,0.000,0.000,,,VIC,Regional - VIC,590012,2026/08/21 12:01:05
2026/08/20,Orica,544011,BBLARGE,8.898,0.000,0.000,0.000,,,QLD,Regional - QLD,590001,2026/08/21 12:01:08
2026/08/20,Orica (Kooragang Island),523206,BBLARGE,39.390,0.000,0.000,0.000,,,NSW,Sydney,520008,2026/08/21 13:00:00
2026/08/20,Osborne,555033,BBGPG,26.235,0.000,0.000,0.000,,,SA,Regional - SA,590013,2026/08/21 11:31:05
2026/08/20,Otway,530044,PROD,0.000,160.059,0.000,0.000,,,VIC,Iona Hub,530016,2026/08/21 12:36:07
2026/08/20,Owen Springs Power Station,580235,BBGPG,0.156,0.000,0.000,0.000,,,NT,Regional - NT,590017,2026/08/21 06:41:29
2026/08/20,Palm Valley,580060,PROD,0.000,5.627,0.000,0.000,,,NT,Regional - NT,590017,2026/08/21 10:55:42
2026/08/20,PCA,550052,PIPE,0.000,15.329,43.886,1.920,,,VIC,Iona Hub,530016,2026/08/21 07:20:01
2026/08/20,PCA,550052,PIPE,29.124,0.000,0.000,0.000,,,SA,Adelaide,550016,2026/08/21 07:20:01
2026/08/20,PCA,550052,PIPE,0.000,0.000,0.000,10.710,,,VIC,Regional - VIC,590012,2026/08/21 07:20:01
2026/08/20,PCA,550052,PIPE,0.725,0.000,0.000,14.998,,,SA,Regional - SA,590013,2026/08/21 07:20:01
2026/08/20,PCI,530060,PIPE,0.000,171.132,1.920,173.052,,,VIC,Iona Hub,530016,2026/08/21 07:20:01
2026/08/20,Peat,540065,PROD,0.000,11.865,0.000,0.000,,,QLD,Regional - QLD,590001,2026/08/25 11:30:09
2026/08/20,Pelican Point Power Station,555089,BBGPG,25.749,0.000,0.000,0.000,,,SA,Regional - SA,590013,2026/08/21 07:20:01
2026/08/20,Phosphate Hill,544081,BBLARGE,26.072,0.000,0.000,0.000,,,QLD,Regional - QLD,590001,2026/08/21 12:46:30
2026/08/20,Pipeline Compression Station,544279,COMPRESSOR,0.000,0.000,0.000,0.000,,,QLD,Regional - QLD,590001,2026/08/21 10:58:06
2026/08/20,PVP,580070,PIPE,0.580,0.000,0.665,0.000,,,NT,Regional - NT,590017,2026/08/21 06:41:29
2026/08/20,QCLNG LNG Plant,544272,LNGEXPORT,1489.249,0.000,0.000,0.000,,,QLD,Curtis Island,540030,2026/09/10 11:36:06
2026/08/20,QGP,540058,PIPE,0.000,0.000,5.754,0.000,,,QLD,Wallumbilla Hub,540032,2026/08/21 12:01:08
2026/08/20,QGP,540058,PIPE,108.948,24.185,76.886,0.000,,,QLD,Regional - QLD,590001,2026/08/21 12:01:08
2026/08/20,Quarantine Power Station,555087,BBGPG,0.495,0.000,0.000,0.000,,,SA,Regional - SA,590013,2026/08/21 11:31:05
2026/08/20,Queensland Aluminia,544012,BBLARGE,32.129,0.000,0.000,0.000,,,QLD,Regional - QLD,590001,2026/08/21 12:01:08
2026/08/20,RBP,540057,PIPE,0.000,0.000,4.835,14.533,,,QLD,Wallumbilla Hub,540032,2026/08/21 12:46:30
2026/08/20,RBP,540057,PIPE,4.019,20.094,46.873,3.010,,,QLD,Regional - QLD,590001,2026/08/21 12:46:30
2026/08/20,RBP,540057,PIPE,49.934,0.000,0.000,0.000,,,QLD,Brisbane,590002,2026/08/21 12:46:30
2026/08/20,RCWP,540102,PIPE,0.000,0.000,0.000,0.000,,,QLD,Wallumbilla Hub,540032,2026/08/21 12:46:30
2026/08/20,RCWP,540102,PIPE,0.000,0.000,34.166,35.372,,,QLD,Regional - QLD,590001,2026/08/21 12:46:30
2026/08/20,Reedy Creek,540085,PROD,0.000,198.500,0.000,0.000,,,QLD,Regional - QLD,590001,2026/08/25 11:30:09
2026/08/20,RMNGPF,640011,PROD,0.000,16.510,0.000,0.000,,,QLD,Regional - QLD,590001,2026/08/21 09:26:09
2026/08/20,RNMGP,640012,PIPE,0.000,16.510,0.000,16.510,,,QLD,Regional - QLD,590001,2026/08/21 09:26:09
2026/08/20,RNP,640009,PIPE,0.000,22.577,0.000,22.577,,,QLD,Regional - QLD,590001,2026/08/21 12:01:09
2026/08/20,Rolleston,540073,PROD,0.000,8.437,0.000,0.000,,,QLD,Regional - QLD,590001,2026/08/21 12:01:08
2026/08/20,Roma,540095,PROD,0.000,233.381,0.000,0.000,,,QLD,Regional - QLD,590001,2026/08/21 10:58:34
2026/08/20,Roma North,544260,PROD,0.000,22.577,0.000,0.000,,,QLD,Regional - QLD,590001,2026/08/21 12:01:15
2026/08/20,Roma Power Station,540120,BBGPG,0.000,0.000,0.000,0.000,,,QLD,Regional - QLD,590001,2026/08/21 12:41:58
2026/08/20,Ron Goodin Power Station,580234,BBGPG,0.000,0.000,0.000,0.000,,,NT,Regional - NT,590017,2026/08/21 06:41:29
2026/08/20,RPL,540110,PIPE,0.058,0.000,0.000,0.000,,,QLD,Regional - QLD,590001,2026/08/21 12:41:58
2026/08/20,Ruby Jo,540082,PROD,0.000,426.634,0.000,0.000,,,QLD,Regional - QLD,590001,2026/09/10 11:36:06
2026/08/20,RUGS,540040,STOR,0.000,0.000,0.000,0.000,15145.336,0.000,QLD,Regional - QLD,590001,2026/08/21 10:58:34
2026/08/20,Scotia,540072,PROD,0.000,102.857,0.000,0.000,,,QLD,Regional - QLD,590001,2026/08/21 10:58:34
2026/08/20,SEPS,550061,PIPE,7.788,0.000,7.793,0.000,,,SA,Regional - SA,590013,2026/08/21 11:32:05
2026/08/20,SESA,550060,PIPE,0.000,0.000,10.711,0.000,,,VIC,Regional - VIC,590012,2026/08/21 12:46:30
2026/08/20,SESA,550060,PIPE,2.866,0.000,0.000,7.795,,,SA,Regional - SA,590013,2026/08/21 12:46:30
2026/08/20,Shoalhaven Starches Cogeneration Plant,523203,BBLARGE,22.727,0.000,0.000,0.000,,,NSW,Regional - NSW,590011,2026/08/22 13:59:11
2026/08/20,Smithfield Energy Facility,522004,BBGPG,0.000,0.000,0.000,0.000,,,NSW,Regional - NSW,590011,2026/08/21 12:51:42
2026/08/20,Snapper Point,555090,BBGPG,0.000,0.000,0.000,0.000,,,SA,Regional - SA,590013,2026/08/21 11:31:05
2026/08/20,Somerton,533174,BBGPG,1.950,0.000,0.000,0.000,,,VIC,Melbourne,590008,2026/08/25 11:00:04
2026/08/20,Spring Gully,540066,PROD,0.000,53.691,0.000,0.000,,,QLD,Regional - QLD,590001,2026/08/25 11:30:09
2026/08/20,SSP,540103,PIPE,0.000,6.410,0.000,6.410,,,QLD,Regional - QLD,590001,2026/08/21 09:30:39
2026/08/20,SSSF,540062,STOR,0.000,7.500,0.000,0.000,8552.292,0.000,QLD,Regional - QLD,590001,2026/08/21 09:30:39
2026/08/20,Strathblane,540067,PROD,0.000,47.075,0.000,0.000,,,QLD,Regional - QLD,590001,2026/08/25 11:30:09
2026/08/20,Swanbank Power Station,544104,BBGPG,0.000,0.000,0.000,0.000,,,QLD,Brisbane,590002,2026/08/21 12:46:30
2026/08/20,SWQP,540060,PIPE,0.000,0.000,231.782,163.223,,,QLD,Wallumbilla Hub,540032,2026/08/21 12:46:30
2026/08/20,SWQP,540060,PIPE,0.000,0.000,0.000,66.769,,,QLD,Ballera,540078,2026/08/21 12:46:30
2026/08/20,SWQP,540060,PIPE,0.000,144.883,0.000,175.922,,,SA,Moomba Hub,550017,2026/08/21 12:46:30
2026/08/20,SWQP,540060,PIPE,3.119,0.000,0.000,0.000,,,QLD,Regional - QLD,590001,2026/08/21 12:46:30
2026/08/20,Talinga,540076,PROD,0.000,83.277,0.000,0.000,,,QLD,Regional - QLD,590001,2026/08/25 11:30:09
2026/08/20,Tallawarra,522002,BBGPG,0.000,0.000,0.000,0.000,,,NSW,Regional - NSW,590011,2026/08/21 11:00:04
2026/08/20,Tallawarra Pipeline,523201,PIPE,0.000,0.000,0.000,0.000,,,NSW,Regional - NSW,590011,2026/08/21 11:00:04
2026/08/20,Taloona,540068,PROD,0.000,40.510,0.000,0.000,,,QLD,Regional - QLD,590001,2026/08/25 11:30:09
2026/08/20,Tanami GP,580210,PIPE,8.516,0.000,8.500,0.000,,,NT,Regional - NT,590017,2026/08/21 12:02:00
2026/08/20,TGP,570050,PIPE,0.000,0.000,66.140,59.484,,,VIC,Longford Hub,530015,2026/08/22 12:01:00
2026/08/20,TGP,570050,PIPE,18.139,0.000,0.000,0.000,,,TAS,Regional - TAS,590014,2026/08/22 12:01:00
2026/08/20,Tipton,540051,PROD,0.000,41.502,0.000,0.000,,,QLD,Regional - QLD,590001,2026/08/21 12:30:15
2026/08/20,Torrens Island PS,555041,BBGPG,33.145,0.000,0.000,0.000,,,SA,Regional - SA,590013,2026/08/21 11:31:05
2026/08/20,Uranquinty Power Station,522047,BBGPG,0.000,0.000,0.000,0.000,,,NSW,Regional - NSW,590011,2026/08/21 12:46:30
2026/08/20,Valley Power GPG,535024,BBGPG,0.000,0.000,0.000,0.000,,,VIC,Gippsland,590009,2026/08/21 11:00:47
2026/08/20,VicHub,532005,PIPE,0.000,0.000,31.546,31.546,,,VIC,Longford Hub,530015,2026/08/21 12:01:17
2026/08/20,Viva Energy Refinery,535018,BBLARGE,6.810,0.000,0.000,0.000,,,VIC,Geelong,590005,2026/08/21 07:30:14
2026/08/20,VTS,530110,PIPE,0.000,211.078,91.054,0.003,,,VIC,Longford Hub,530015,2026/08/25 11:00:04
2026/08/20,VTS,530110,PIPE,0.000,152.172,129.165,0.000,,,VIC,Iona Hub,530016,2026/08/25 11:00:04
2026/08/20,VTS,530110,PIPE,12.795,0.000,0.000,0.000,,,VIC,Western,590004,2026/08/25 11:00:04
2026/08/20,VTS,530110,PIPE,57.467,0.000,0.000,0.000,,,VIC,Geelong,590005,2026/08/25 11:00:04
2026/08/20,VTS,530110,PIPE,41.702,0.000,0.000,0.000,,,VIC,Ballarat,590006,2026/08/25 11:00:04
2026/08/20,VTS,530110,PIPE,61.245,0.000,0.000,0.000,,,VIC,Northern,590007,2026/08/25 11:00:04
2026/08/20,VTS,530110,PIPE,338.231,0.196,0.000,0.000,,,VIC,Melbourne,590008,2026/08/25 11:00:04
2026/08/20,VTS,530110,PIPE,31.986,0.000,17.230,7.874,,,VIC,Gippsland,590009,2026/08/25 11:00:04
2026/08/20,VTS,530110,PIPE,0.000,0.000,0.000,90.038,,,NSW,Culcairn,590016,2026/08/25 11:00:04
2026/08/20,Wallumbilla Compression Station,544280,COMPRESSOR,0.000,0.000,0.000,0.000,,,QLD,Wallumbilla Hub,540032,2026/08/21 10:58:06
2026/08/20,WCFA,540045,COMPRESSOR,0.000,0.000,103.191,103.191,,,QLD,Wallumbilla Hub,540032,2026/08/21 12:46:30
2026/08/20,WCFB,540046,COMPRESSOR,0.000,0.000,117.065,117.065,,,QLD,Wallumbilla Hub,540032,2026/08/21 12:46:30
2026/08/20,Weddell Power Station,580232,BBGPG,17.284,0.000,0.000,0.000,,,NT,Darwin,580001,2026/08/21 12:46:30
2026/08/20,WGP,540091,PIPE,1489.249,0.000,0.000,0.000,,,QLD,Curtis Island,540030,2026/09/10 11:36:06
2026/08/20,WGP,540091,PIPE,0.000,1428.103,59.714,0.000,,,QLD,Regional - QLD,590001,2026/09/10 11:36:06
2026/08/20,Whyalla Steelworks,555085,BBLARGE,3.616,0.000,0.000,0.000,,,SA,Regional - SA,590013,2026/08/21 11:31:05
2026/08/20,Windibri,540069,PROD,0.000,89.418,0.000,0.000,,,QLD,Regional - QLD,590001,2026/09/10 11:36:06
2026/08/20,Woleebee Creek,540087,PROD,0.000,642.682,0.000,0.000,,,QLD,Regional - QLD,590001,2026/09/10 11:36:06
2026/08/20,WPP,580030,PIPE,17.284,32.811,0.000,15.532,,,NT,Darwin,580001,2026/08/21 12:46:30
2026/08/20,Yarwun,544282,BBGPG,50.274,0.000,0.000,0.000,,,QLD,Regional - QLD,590001,2026/08/21 12:01:08
2026/08/20,Yelcherr,580180,PROD,0.000,0.000,0.000,0.000,,,NT,Regional - NT,590017,2026/08/21 12:46:30
2026/08/20,Yellowbank,540074,PROD,0.000,11.499,0.000,0.000,,,QLD,Regional - QLD,590001,2026/08/21 12:01:08
2026/08/21,Adelaide Brighton,555091,BBLARGE,8.284,0.000,0.000,0.000,,,SA,Adelaide,550016,2026/09/08 13:00:01
2026/08/21,AGP,580010,PIPE,16.220,0.000,12.333,0.000,,,NT,Darwin,580001,2026/08/22 12:47:31
2026/08/21,AGP,580010,PIPE,7.085,31.755,0.000,19.192,,,NT,Regional - NT,590017,2026/08/22 12:47:31
2026/08/21,APLNG Pipeline,540093,PIPE,1690.791,0.000,0.000,0.000,,,QLD,Curtis Island,540030,2026/08/26 11:30:08
2026/08/21,APLNG Pipeline,540093,PIPE,0.000,1348.754,520.176,185.577,,,QLD,Regional - QLD,590001,2026/08/26 11:30:08
2026/08/21,Arcadia,540101,PROD,0.000,92.534,0.000,0.000,,,QLD,Regional - QLD,590001,2026/09/02 14:28:09
2026/08/21,ATGP,640013,PIPE,0.000,43.008,0.000,43.008,,,QLD,Regional - QLD,590001,2026/08/22 12:01:10
2026/08/21,ATHENA,535014,PROD,0.000,17.470,0.000,0.000,,,VIC,Iona Hub,530016,2026/08/26 12:54:16
2026/08/21,Atlas,544261,PROD,0.000,43.008,0.000,0.000,,,QLD,Regional - QLD,590001,2026/08/22 12:01:15
2026/08/21,Atlas East Central Processing Facility,640008,PROD,0.000,30.140,0.000,0.000,,,QLD,Regional - QLD,590001,2026/08/22 09:16:09
2026/08/21,Atlas to Reedy Creek Pipeline,640007,PIPE,0.000,30.076,0.000,30.970,,,QLD,Regional - QLD,590001,2026/08/22 12:47:31
2026/08/21,Australia Pacific LNG,544273,LNGEXPORT,1690.792,0.000,0.000,0.000,,,QLD,Curtis Island,540030,2026/08/22 12:00:26
2026/08/21,Australian Paper (Opal),535021,BBLARGE,10.691,0.000,0.000,0.000,,,VIC,Gippsland,590009,2026/08/25 11:00:04
2026/08/21,B1PL,540077,PIPE,0.034,41.393,0.000,40.157,,,QLD,Regional - QLD,590001,2026/08/22 11:00:51
2026/08/21,B2PL,540071,PIPE,0.000,53.651,8.008,59.706,,,QLD,Regional - QLD,590001,2026/08/22 10:21:58
2026/08/21,Bairnsdale Power Station,535020,BBGPG,0.000,0.000,0.000,0.000,,,VIC,Regional - VIC,590012,2026/08/22 11:01:01
2026/08/21,BCF,540047,COMPRESSOR,0.000,0.000,71.000,71.000,,,QLD,Regional - QLD,590001,2026/08/26 21:02:13
2026/08/21,Bell Bay CCGT,577016,BBGPG,0.000,0.000,0.000,0.000,,,TAS,Regional - TAS,590014,2026/08/23 12:01:00
2026/08/21,Bell Bay GGT,577014,BBGPG,0.124,0.000,0.000,0.000,,,TAS,Regional - TAS,590014,2026/08/23 12:01:00
2026/08/21,Bell Bay OCGT,577015,BBGPG,0.000,0.000,0.000,0.000,,,TAS,Regional - TAS,590014,2026/08/23 12:01:00
2026/08/21,Bellevue,540083,PROD,0.000,152.081,0.000,0.000,,,QLD,Regional - QLD,590001,2026/09/10 11:36:06
2026/08/21,BGP,580020,PIPE,0.312,0.000,0.000,0.000,,,NT,Regional - NT,590017,2026/08/22 12:47:31
2026/08/21,BlueScope,523204,BBLARGE,11.466,0.000,0.000,0.000,,,NSW,Sydney,520008,2026/08/22 12:01:05
2026/08/21,Bolivar,555008,BBGPG,0.000,0.000,0.000,0.000,,,SA,Regional - SA,590013,2026/08/22 12:02:51
2026/08/21,Bomaderry Gas Pipeline,523202,PIPE,0.000,0.000,22.727,0.000,,,NSW,Regional - NSW,590011,2026/08/22 12:01:05
2026/08/21,BPP,530030,PIPE,2.650,19.570,0.000,16.918,,,VIC,Gippsland,590009,2026/08/25 11:00:04
2026/08/21,Braemar 2 Power Station,544085,BBGPG,0.000,0.000,0.000,0.000,,,QLD,Regional - QLD,590001,2026/08/22 10:21:58
2026/08/21,Braemar Power Station,544252,BBGPG,0.034,0.000,0.000,0.000,,,QLD,Regional - QLD,590001,2026/08/22 11:00:51
2026/08/21,BWP,540096,PIPE,0.000,0.000,0.000,5.178,,,QLD,Wallumbilla Hub,540032,2026/08/22 12:47:31
2026/08/21,BWP,540096,PIPE,0.000,5.051,0.000,0.000,,,QLD,Regional - QLD,590001,2026/08/22 12:47:31
2026/08/21,CGP,540059,PIPE,0.000,0.000,71.040,0.000,,,QLD,Ballera,540078,2026/08/22 12:47:31
2026/08/21,CGP,540059,PIPE,69.978,0.000,0.000,0.000,,,QLD,Regional - QLD,590001,2026/08/22 12:47:31
2026/08/21,Channel Island Power Station,580231,BBGPG,16.220,0.000,0.000,0.000,,,NT,Darwin,580001,2026/08/22 12:47:31
2026/08/21,Colongra,523120,BBGPG,1.022,0.000,0.000,0.000,,,NSW,Regional - NSW,590011,2026/08/22 12:00:05
2026/08/21,ColongraGP,520090,PIPE,0.000,0.000,0.000,0.000,,,NSW,Sydney,520008,2026/08/22 12:00:05
2026/08/21,ColongraGP,520090,PIPE,1.022,0.000,0.000,0.000,,,NSW,Regional - NSW,590011,2026/08/22 12:00:05
2026/08/21,Combabula,540094,PROD,0.000,292.027,0.000,0.000,,,QLD,Regional - QLD,590001,2026/08/26 11:30:08
2026/08/21,Condabri Central,540080,PROD,0.000,141.511,0.000,0.000,,,QLD,Regional - QLD,590001,2026/08/26 11:30:08
2026/08/21,Condabri North,540090,PROD,0.000,164.648,0.000,0.000,,,QLD,Regional - QLD,590001,2026/08/26 11:30:08
2026/08/21,Condabri South,540086,PROD,0.000,156.401,0.000,0.000,,,QLD,Regional - QLD,590001,2026/08/26 11:30:08
2026/08/21,Condamine Power Station,544274,BBGPG,0.000,0.000,0.000,0.000,,,QLD,Regional - QLD,590001,2026/09/10 11:36:04
2026/08/21,CRWP,540098,PIPE,0.000,0.000,158.045,0.000,,,QLD,Wallumbilla Hub,540032,2026/09/02 14:28:07
2026/08/21,CRWP,540098,PIPE,0.000,235.244,39.659,435.883,,,QLD,Regional - QLD,590001,2026/09/02 14:28:07
2026/08/21,CWP,520054,PIPE,4.859,0.000,5.180,0.000,,,NSW,Regional - NSW,590011,2026/08/22 12:47:31
2026/08/21,Daandine,540050,PROD,0.000,53.651,0.000,0.000,,,QLD,Regional - QLD,590001,2026/08/22 10:22:02
2026/08/21,Dandenong LNG,530038,STOR,0.000,0.299,0.000,0.000,607.570,27.889,VIC,Melbourne,590008,2026/08/22 12:47:31
2026/08/21,DDP,540097,PIPE,0.000,0.000,0.000,207.117,,,QLD,Wallumbilla Hub,540032,2026/09/02 11:01:07
2026/08/21,DDP,540097,PIPE,0.002,568.257,133.064,494.802,,,QLD,Regional - QLD,590001,2026/09/02 11:01:07
2026/08/21,DDPS,544027,BBGPG,0.002,0.000,0.000,0.000,,,QLD,Regional - QLD,590001,2026/09/02 11:01:07
2026/08/21,Diamantina Power Station,544077,BBGPG,32.123,0.000,0.000,0.000,,,QLD,Regional - QLD,590001,2026/08/22 12:47:31
2026/08/21,Dry Creek Power Station,555026,BBGPG,0.000,0.000,0.000,0.000,,,SA,Regional - SA,590013,2026/08/22 11:31:05
2026/08/21,EGP,520047,PIPE,112.273,0.000,0.000,0.000,,,NSW,Sydney,520008,2026/08/22 12:01:05
2026/08/21,EGP,520047,PIPE,14.466,0.000,0.000,0.000,,,NSW,Canberra,520009,2026/08/22 12:01:05
2026/08/21,EGP,520047,PIPE,0.000,160.876,0.000,88.188,,,VIC,Longford Hub,530015,2026/08/22 12:01:05
2026/08/21,EGP,520047,PIPE,4.715,0.000,0.000,22.727,,,NSW,Regional - NSW,590011,2026/08/22 12:01:05
2026/08/21,EGP,520047,PIPE,0.929,68.337,0.000,0.000,,,VIC,Regional - VIC,590012,2026/08/22 12:01:05
2026/08/21,EO4PL,540055,PIPE,0.000,0.000,0.000,0.000,,,QLD,Regional - QLD,590001,2026/09/10 11:36:06
2026/08/21,Eurombah Creek,540089,PROD,0.000,145.746,0.000,0.000,,,QLD,Regional - QLD,590001,2026/08/26 11:30:08
2026/08/21,Fairview,540070,PROD,0.000,278.909,0.000,0.000,,,QLD,Regional - QLD,590001,2026/09/02 14:28:09
2026/08/21,GLNG (Curtis Island),544276,LNGEXPORT,862.247,0.000,0.000,0.000,,,QLD,Curtis Island,540030,2026/09/02 14:28:07
2026/08/21,GLNG Pipeline,540092,PIPE,862.247,0.000,0.000,0.000,,,QLD,Curtis Island,540030,2026/09/02 14:28:07
2026/08/21,GLNG Pipeline,540092,PIPE,0.000,412.061,453.923,0.000,,,QLD,Regional - QLD,590001,2026/09/10 11:36:06
2026/08/21,Hallett,555029,BBGPG,0.000,0.000,0.000,0.000,,,SA,Regional - SA,590013,2026/08/22 11:31:05
2026/08/21,Hunter Power Station,523210,BBGPG,0.000,0.000,0.000,0.000,,,NSW,Sydney,520008,2026/08/22 12:47:31
2026/08/21,ICF,530071,COMPRESSOR,0.000,0.000,7.024,7.024,,,VIC,Iona Hub,530016,2026/08/22 08:35:03
2026/08/21,Iona UGS,530042,STOR,7.024,89.796,0.000,0.000,13387.642,0.000,VIC,Iona Hub,530016,2026/08/22 08:30:04
2026/08/21,Jeerelang,533161,BBGPG,0.000,0.000,0.000,0.000,,,VIC,Gippsland,590009,2026/08/25 11:00:04
2026/08/21,Jordan,540088,PROD,0.000,328.456,0.000,0.000,,,QLD,Regional - QLD,590001,2026/09/10 11:36:06
2026/08/21,Katherine Power Station,580233,BBGPG,0.000,0.000,0.000,0.000,,,NT,Regional - NT,590017,2026/08/22 12:47:31
2026/08/21,Kenya,540075,PROD,0.000,118.555,0.000,0.000,,,QLD,Regional - QLD,590001,2026/09/10 11:36:06
2026/08/21,Kincora,544253,PROD,0.000,4.000,0.000,0.000,,,QLD,Regional - QLD,590001,2026/08/22 12:47:31
2026/08/21,KKLP,523209,PIPE,0.000,0.000,0.000,0.000,,,NSW,Sydney,520008,2026/08/22 12:47:31
2026/08/21,Kogan North,540061,PROD,0.000,4.167,0.000,0.000,,,QLD,Regional - QLD,590001,2026/08/22 12:47:31
2026/08/21,Ladbroke Grove PS,555086,BBGPG,5.932,0.000,0.000,0.000,,,SA,Regional - SA,590013,2026/08/22 12:47:31
2026/08/21,Lang Lang,530039,PROD,0.000,19.570,0.000,0.000,,,VIC,Gippsland,590009,2026/08/22 08:16:10
2026/08/21,Laverton,533201,BBGPG,0.000,0.000,0.000,0.000,,,VIC,Geelong,590005,2026/08/25 11:00:04
2026/08/21,Longford,530040,PROD,0.000,531.891,0.000,0.000,,,VIC,Longford Hub,530015,2026/08/22 08:19:44
2026/08/21,Loy Yang B,533163,BBGPG,0.000,0.000,0.000,0.000,,,VIC,Gippsland,590009,2026/08/22 11:00:49
2026/08/21,LYB Transmission Pipeline,535023,PIPE,0.000,0.000,0.063,0.000,,,VIC,Gippsland,590009,2026/08/22 11:00:49
2026/08/21,MAPS,550054,PIPE,39.057,0.000,0.000,0.000,,,SA,Adelaide,550016,2026/08/22 11:31:05
2026/08/21,MAPS,550054,PIPE,0.000,35.869,129.633,0.000,,,SA,Moomba Hub,550017,2026/08/22 11:31:05
2026/08/21,MAPS,550054,PIPE,125.751,0.000,10.000,0.000,,,SA,Regional - SA,590013,2026/08/22 11:31:05
2026/08/21,McArthur River Mine,580220,BBGPG,9.258,0.000,0.000,0.000,,,NT,Regional - NT,590017,2026/08/22 08:56:18
2026/08/21,MCF,550050,COMPRESSOR,0.000,0.000,0.000,0.000,,,SA,Moomba Hub,550017,2026/08/22 12:47:31
2026/08/21,Mereenie,580040,PROD,0.000,26.349,0.000,0.000,,,NT,Regional - NT,590017,2026/08/22 11:05:40
2026/08/21,Meridian,540064,PROD,0.000,44.867,0.000,0.000,,,QLD,Regional - QLD,590001,2026/08/22 09:39:09
2026/08/21,Mintaro Power Station,555031,BBGPG,0.000,0.000,0.000,0.000,,,SA,Regional - SA,590013,2026/08/22 11:31:05
2026/08/21,Moomba,550045,PROD,0.000,216.200,0.000,0.000,,,SA,Moomba Hub,550017,2026/08/26 21:02:13
2026/08/21,Moomba Storage,550046,STOR,0.000,0.000,0.000,0.000,6303.600,0.000,SA,Moomba Hub,550017,2026/08/26 21:02:13
2026/08/21,Mortlake PS,530063,BBGPG,0.000,0.000,0.000,0.000,,,VIC,Regional - VIC,590012,2026/08/22 07:20:00
2026/08/21,MPL,530061,PIPE,0.000,0.000,0.512,9.443,,,VIC,Iona Hub,530016,2026/08/22 07:20:00
2026/08/21,MPL,530061,PIPE,0.000,0.000,0.000,0.000,,,VIC,Regional - VIC,590012,2026/08/22 07:20:00
2026/08/21,MRP,580100,PIPE,9.258,0.000,9.259,0.000,,,NT,Regional - NT,590017,2026/08/22 08:56:18
2026/08/21,MSP,520053,PIPE,120.183,0.000,0.000,0.000,,,NSW,Sydney,520008,2026/08/22 12:47:31
2026/08/21,MSP,520053,PIPE,0.000,0.000,133.243,19.247,,,SA,Moomba Hub,550017,2026/08/22 12:47:31
2026/08/21,MSP,520053,PIPE,34.546,0.000,0.000,5.180,,,NSW,Regional - NSW,590011,2026/08/22 12:47:31
2026/08/21,MSP,520053,PIPE,9.456,0.000,0.000,0.000,,,NSW,Regional - ACT,590015,2026/08/22 12:47:31
2026/08/21,MSP,520053,PIPE,0.000,0.000,79.444,0.000,,,NSW,Culcairn,590016,2026/08/22 12:47:31
2026/08/21,Newport,533171,BBGPG,0.003,0.000,0.000,0.000,,,VIC,Melbourne,590008,2026/08/25 11:00:04
2026/08/21,NGP,580050,PIPE,0.000,0.000,0.000,0.000,,,QLD,Regional - QLD,590001,2026/08/22 12:01:13
2026/08/21,NGP,580050,PIPE,0.000,0.000,0.000,0.000,,,NT,Regional - NT,590017,2026/08/22 12:01:13
2026/08/21,NGS,520060,STOR,0.100,0.740,0.000,0.000,671.855,76.810,NSW,Sydney,520008,2026/08/22 09:22:32
2026/08/21,Oakey PS,544095,BBGPG,0.000,0.000,0.000,0.000,,,QLD,Regional - QLD,590001,2026/08/22 12:47:31
2026/08/21,Orana,540084,PROD,0.000,167.646,0.000,0.000,,,QLD,Regional - QLD,590001,2026/08/26 11:30:08
2026/08/21,Orbost,530041,PROD,0.000,68.337,0.000,0.000,,,VIC,Regional - VIC,590012,2026/08/22 12:01:05
2026/08/21,Orica,544011,BBLARGE,9.312,0.000,0.000,0.000,,,QLD,Regional - QLD,590001,2026/08/24 11:00:05
2026/08/21,Orica (Kooragang Island),523206,BBLARGE,39.154,0.000,0.000,0.000,,,NSW,Sydney,520008,2026/08/22 13:00:00
2026/08/21,Osborne,555033,BBGPG,33.915,0.000,0.000,0.000,,,SA,Regional - SA,590013,2026/08/22 11:31:05
2026/08/21,Otway,530044,PROD,0.000,162.100,0.000,0.000,,,VIC,Iona Hub,530016,2026/08/22 10:26:06
2026/08/21,Owen Springs Power Station,580235,BBGPG,0.511,0.000,0.000,0.000,,,NT,Regional - NT,590017,2026/08/22 06:41:44
2026/08/21,Palm Valley,580060,PROD,0.000,5.406,0.000,0.000,,,NT,Regional - NT,590017,2026/08/22 11:05:40
2026/08/21,PCA,550052,PIPE,0.000,14.650,49.200,0.000,,,VIC,Iona Hub,530016,2026/08/22 07:20:01
2026/08/21,PCA,550052,PIPE,20.163,0.000,0.000,0.000,,,SA,Adelaide,550016,2026/08/22 07:20:01
2026/08/21,PCA,550052,PIPE,0.000,0.000,0.000,13.250,,,VIC,Regional - VIC,590012,2026/08/22 07:20:01
2026/08/21,PCA,550052,PIPE,27.923,0.000,0.000,9.993,,,SA,Regional - SA,590013,2026/08/22 07:20:01
2026/08/21,PCI,530060,PIPE,0.000,174.033,9.443,183.476,,,VIC,Iona Hub,530016,2026/08/22 07:20:01
2026/08/21,Peat,540065,PROD,0.000,11.848,0.000,0.000,,,QLD,Regional - QLD,590001,2026/08/26 11:30:08
2026/08/21,Pelican Point Power Station,555089,BBGPG,30.147,0.000,0.000,0.000,,,SA,Regional - SA,590013,2026/08/22 07:20:01
2026/08/21,Phosphate Hill,544081,BBLARGE,24.752,0.000,0.000,0.000,,,QLD,Regional - QLD,590001,2026/08/22 12:47:31
2026/08/21,Pipeline Compression Station,544279,COMPRESSOR,0.000,0.000,0.000,0.000,,,QLD,Regional - QLD,590001,2026/09/02 14:28:07
2026/08/21,PVP,580070,PIPE,0.986,0.000,1.193,0.000,,,NT,Regional - NT,590017,2026/08/22 06:41:44
2026/08/21,QCLNG LNG Plant,544272,LNGEXPORT,1481.632,0.000,0.000,0.000,,,QLD,Curtis Island,540030,2026/09/10 11:36:06
2026/08/21,QGP,540058,PIPE,0.000,0.000,0.021,0.000,,,QLD,Wallumbilla Hub,540032,2026/08/24 11:00:05
2026/08/21,QGP,540058,PIPE,99.604,25.233,76.885,2.363,,,QLD,Regional - QLD,590001,2026/08/24 11:00:05
2026/08/21,Quarantine Power Station,555087,BBGPG,16.229,0.000,0.000,0.000,,,SA,Regional - SA,590013,2026/08/22 11:31:05
2026/08/21,Queensland Aluminia,544012,BBLARGE,28.727,0.000,0.000,0.000,,,QLD,Regional - QLD,590001,2026/08/24 11:00:05
2026/08/21,RBP,540057,PIPE,0.000,0.000,0.306,11.500,,,QLD,Wallumbilla Hub,540032,2026/08/22 12:47:31
2026/08/21,RBP,540057,PIPE,3.695,20.015,47.657,8.008,,,QLD,Regional - QLD,590001,2026/08/22 12:47:31
2026/08/21,RBP,540057,PIPE,48.375,0.000,0.000,0.000,,,QLD,Brisbane,590002,2026/08/22 12:47:31
2026/08/21,RCWP,540102,PIPE,0.000,0.000,1.224,8.595,,,QLD,Wallumbilla Hub,540032,2026/08/22 12:47:31
2026/08/21,RCWP,540102,PIPE,0.000,0.000,30.970,25.374,,,QLD,Regional - QLD,590001,2026/08/22 12:47:31
2026/08/21,Reedy Creek,540085,PROD,0.000,198.532,0.000,0.000,,,QLD,Regional - QLD,590001,2026/08/26 11:30:08
2026/08/21,RMNGPF,640011,PROD,0.000,16.840,0.000,0.000,,,QLD,Regional - QLD,590001,2026/08/22 09:16:19
2026/08/21,RNMGP,640012,PIPE,0.000,16.840,0.000,16.840,,,QLD,Regional - QLD,590001,2026/08/22 09:16:19
2026/08/21,RNP,640009,PIPE,0.000,22.819,0.000,22.819,,,QLD,Regional - QLD,590001,2026/08/22 12:01:08
2026/08/21,Rolleston,540073,PROD,0.000,9.042,0.000,0.000,,,QLD,Regional - QLD,590001,2026/08/24 11:00:05
2026/08/21,Roma,540095,PROD,0.000,235.244,0.000,0.000,,,QLD,Regional - QLD,590001,2026/09/02 14:28:11
2026/08/21,Roma North,544260,PROD,0.000,22.819,0.000,0.000,,,QLD,Regional - QLD,590001,2026/08/22 12:01:14
2026/08/21,Roma Power Station,540120,BBGPG,0.000,0.000,0.000,0.000,,,QLD,Regional - QLD,590001,2026/08/22 12:15:57
2026/08/21,Ron Goodin Power Station,580234,BBGPG,0.000,0.000,0.000,0.000,,,NT,Regional - NT,590017,2026/08/22 06:41:44
2026/08/21,RPL,540110,PIPE,0.055,0.000,0.000,0.000,,,QLD,Regional - QLD,590001,2026/08/22 12:15:57
2026/08/21,Ruby Jo,540082,PROD,0.000,426.692,0.000,0.000,,,QLD,Regional - QLD,590001,2026/09/10 11:36:06
2026/08/21,RUGS,540040,STOR,1.017,3.009,0.000,0.000,15141.162,0.000,QLD,Regional - QLD,590001,2026/09/02 14:28:11
2026/08/21,Scotia,540072,PROD,0.000,102.982,0.000,0.000,,,QLD,Regional - QLD,590001,2026/09/02 14:28:11
2026/08/21,SEPS,550061,PIPE,7.119,0.000,7.138,0.000,,,SA,Regional - SA,590013,2026/08/22 11:32:05
2026/08/21,SESA,550060,PIPE,0.000,0.000,13.252,0.000,,,VIC,Regional - VIC,590012,2026/08/22 12:47:31
2026/08/21,SESA,550060,PIPE,5.932,0.000,0.000,7.136,,,SA,Regional - SA,590013,2026/08/22 12:47:31
2026/08/21,Smithfield Energy Facility,522004,BBGPG,0.000,0.000,0.000,0.000,,,NSW,Regional - NSW,590011,2026/08/22 12:02:51
2026/08/21,Snapper Point,555090,BBGPG,0.068,0.000,0.000,0.000,,,SA,Regional - SA,590013,2026/08/22 11:31:05
2026/08/21,Somerton,533174,BBGPG,0.000,0.000,0.000,0.000,,,VIC,Melbourne,590008,2026/08/25 11:00:04
2026/08/21,Spring Gully,540066,PROD,0.000,54.167,0.000,0.000,,,QLD,Regional - QLD,590001,2026/08/26 11:30:08
2026/08/21,SSP,540103,PIPE,0.000,7.500,0.000,7.500,,,QLD,Regional - QLD,590001,2026/08/22 09:00:52
2026/08/21,SSSF,540062,STOR,0.000,6.720,0.000,0.000,8545.572,0.000,QLD,Regional - QLD,590001,2026/08/22 09:00:52
2026/08/21,Strathblane,540067,PROD,0.000,47.259,0.000,0.000,,,QLD,Regional - QLD,590001,2026/08/26 11:30:08
2026/08/21,Swanbank Power Station,544104,BBGPG,0.000,0.000,0.000,0.000,,,QLD,Brisbane,590002,2026/08/22 12:47:31
2026/08/21,SWQP,540060,PIPE,0.000,0.000,234.753,159.596,,,QLD,Wallumbilla Hub,540032,2026/08/22 12:47:31
2026/08/21,SWQP,540060,PIPE,0.000,0.000,0.000,75.793,,,QLD,Ballera,540078,2026/08/22 12:47:31
2026/08/21,SWQP,540060,PIPE,0.000,182.319,0.000,243.629,,,SA,Moomba Hub,550017,2026/08/22 12:47:31
2026/08/21,SWQP,540060,PIPE,0.127,0.000,0.000,0.000,,,QLD,Regional - QLD,590001,2026/08/22 12:47:31
2026/08/21,Talinga,540076,PROD,0.000,82.986,0.000,0.000,,,QLD,Regional - QLD,590001,2026/08/26 11:30:08
2026/08/21,Tallawarra,522002,BBGPG,0.000,0.000,0.000,0.000,,,NSW,Regional - NSW,590011,2026/08/22 11:00:10
2026/08/21,Tallawarra Pipeline,523201,PIPE,0.000,0.000,0.000,0.000,,,NSW,Regional - NSW,590011,2026/08/22 11:00:10
2026/08/21,Taloona,540068,PROD,0.000,40.568,0.000,0.000,,,QLD,Regional - QLD,590001,2026/08/26 11:30:08
2026/08/21,Tanami GP,580210,PIPE,8.794,0.000,8.740,0.000,,,NT,Regional - NT,590017,2026/08/22 12:02:00
2026/08/21,TGP,570050,PIPE,0.000,0.000,55.746,65.005,,,VIC,Longford Hub,530015,2026/08/23 12:01:00
2026/08/21,TGP,570050,PIPE,17.144,0.000,0.000,0.000,,,TAS,Regional - TAS,590014,2026/08/23 12:01:00
2026/08/21,Tipton,540051,PROD,0.000,41.393,0.000,0.000,,,QLD,Regional - QLD,590001,2026/08/22 10:21:58
2026/08/21,Torrens Island PS,555041,BBGPG,52.103,0.000,0.000,0.000,,,SA,Regional - SA,590013,2026/08/22 11:31:05
2026/08/21,Uranquinty Power Station,522047,BBGPG,0.000,0.000,0.000,0.000,,,NSW,Regional - NSW,590011,2026/08/22 12:47:31
2026/08/21,Valley Power GPG,535024,BBGPG,0.000,0.000,0.000,0.000,,,VIC,Gippsland,590009,2026/08/22 11:00:49
2026/08/21,VicHub,532005,PIPE,0.000,0.000,32.458,32.458,,,VIC,Longford Hub,530015,2026/08/22 12:01:16
2026/08/21,Viva Energy Refinery,535018,BBLARGE,9.492,0.000,0.000,0.000,,,VIC,Geelong,590005,2026/08/22 07:30:15
2026/08/21,VTS,530110,PIPE,0.000,369.715,97.489,0.001,,,VIC,Longford Hub,530015,2026/08/25 11:00:04
2026/08/21,VTS,530110,PIPE,0.000,75.824,133.766,0.000,,,VIC,Iona Hub,530016,2026/08/25 11:00:04
2026/08/21,VTS,530110,PIPE,12.858,0.000,0.000,0.000,,,VIC,Western,590004,2026/08/25 11:00:04
2026/08/21,VTS,530110,PIPE,62.190,0.000,0.000,0.000,,,VIC,Geelong,590005,2026/08/25 11:00:04
2026/08/21,VTS,530110,PIPE,41.836,0.000,0.000,0.000,,,VIC,Ballarat,590006,2026/08/25 11:00:04
2026/08/21,VTS,530110,PIPE,62.983,0.000,0.000,0.000,,,VIC,Northern,590007,2026/08/25 11:00:04
2026/08/21,VTS,530110,PIPE,367.435,0.208,0.000,0.000,,,VIC,Melbourne,590008,2026/08/25 11:00:04
2026/08/21,VTS,530110,PIPE,38.758,0.000,16.918,0.063,,,VIC,Gippsland,590009,2026/08/25 11:00:04
2026/08/21,VTS,530110,PIPE,0.000,0.000,0.000,79.444,,,NSW,Culcairn,590016,2026/08/25 11:00:04
2026/08/21,Wallumbilla Compression Station,544280,COMPRESSOR,0.000,0.000,0.000,0.000,,,QLD,Wallumbilla Hub,540032,2026/09/02 14:28:07
2026/08/21,WCFA,540045,COMPRESSOR,0.000,0.000,100.770,100.770,,,QLD,Wallumbilla Hub,540032,2026/08/22 12:47:31
2026/08/21,WCFB,540046,COMPRESSOR,0.000,0.000,122.477,122.477,,,QLD,Wallumbilla Hub,540032,2026/08/22 12:47:31
2026/08/21,Weddell Power Station,580232,BBGPG,17.878,0.000,0.000,0.000,,,NT,Darwin,580001,2026/08/22 12:47:31
2026/08/21,WGP,540091,PIPE,1481.632,0.000,0.000,0.000,,,QLD,Curtis Island,540030,2026/09/10 11:36:06
2026/08/21,WGP,540091,PIPE,0.000,1425.905,59.706,0.000,,,QLD,Regional - QLD,590001,2026/09/10 11:36:06
2026/08/21,Whyalla Steelworks,555085,BBLARGE,3.333,0.000,0.000,0.000,,,SA,Regional - SA,590013,2026/08/22 11:31:05
2026/08/21,Windibri,540069,PROD,0.000,89.461,0.000,0.000,,,QLD,Regional - QLD,590001,2026/09/10 11:36:06
2026/08/21,Woleebee Creek,540087,PROD,0.000,640.950,0.000,0.000,,,QLD,Regional - QLD,590001,2026/09/10 11:36:06
2026/08/21,WPP,580030,PIPE,17.878,29.997,0.000,12.333,,,NT,Darwin,580001,2026/08/22 12:47:31
2026/08/21,Yarwun,544282,BBGPG,43.930,0.000,0.000,0.000,,,QLD,Regional - QLD,590001,2026/08/24 11:00:05
2026/08/21,Yelcherr,580180,PROD,0.000,0.000,0.000,0.000,,,NT,Regional - NT,590017,2026/08/22 12:47:31
2026/08/21,Yellowbank,540074,PROD,0.000,11.941,0.000,0.000,,,QLD,Regional - QLD,590001,2026/08/24 11:00:05
2026/08/22,Adelaide Brighton,555091,BBLARGE,9.921,0.000,0.000,0.000,,,SA,Adelaide,550016,2026/09/08 13:00:01
2026/08/22,AGP,580010,PIPE,14.208,0.000,7.171,0.000,,,NT,Darwin,580001,2026/08/23 12:47:31
2026/08/22,AGP,580010,PIPE,7.117,31.928,0.000,19.720,,,NT,Regional - NT,590017,2026/08/23 12:47:31
2026/08/22,APLNG Pipeline,540093,PIPE,1666.285,0.000,0.000,0.000,,,QLD,Curtis Island,540030,2026/08/27 11:30:10
2026/08/22,APLNG Pipeline,540093,PIPE,0.000,1350.040,516.065,172.157,,,QLD,Regional - QLD,590001,2026/08/27 11:30:10
2026/08/22,Arcadia,540101,PROD,0.000,92.535,0.000,0.000,,,QLD,Regional - QLD,590001,2026/08/23 10:58:05
2026/08/22,ATGP,640013,PIPE,0.000,41.940,0.000,41.940,,,QLD,Regional - QLD,590001,2026/08/23 12:01:13
2026/08/22,ATHENA,535014,PROD,0.000,17.557,0.000,0.000,,,VIC,Iona Hub,530016,2026/08/27 09:45:53
2026/08/22,Atlas,544261,PROD,0.000,41.940,0.000,0.000,,,QLD,Regional - QLD,590001,2026/08/23 12:01:22
2026/08/22,Atlas East Central Processing Facility,640008,PROD,0.000,34.070,0.000,0.000,,,QLD,Regional - QLD,590001,2026/08/23 09:07:18
2026/08/22,Atlas to Reedy Creek Pipeline,640007,PIPE,0.000,34.064,0.000,30.040,,,QLD,Regional - QLD,590001,2026/08/23 12:47:31
2026/08/22,Australia Pacific LNG,544273,LNGEXPORT,1666.284,0.000,0.000,0.000,,,QLD,Curtis Island,540030,2026/08/23 12:00:25
2026/08/22,Australian Paper (Opal),535021,BBLARGE,9.591,0.000,0.000,0.000,,,VIC,Gippsland,590009,2026/08/31 11:00:04
2026/08/22,B1PL,540077,PIPE,0.039,41.380,0.000,40.759,,,QLD,Regional - QLD,590001,2026/08/23 11:01:04
2026/08/22,B2PL,540071,PIPE,0.000,54.494,3.074,59.699,,,QLD,Regional - QLD,590001,2026/08/23 12:30:03
2026/08/22,Bairnsdale Power Station,535020,BBGPG,0.000,0.000,0.000,0.000,,,VIC,Regional - VIC,590012,2026/08/23 11:00:59
2026/08/22,BCF,540047,COMPRESSOR,0.000,0.000,69.700,69.700,,,QLD,Regional - QLD,590001,2026/08/27 21:03:00
2026/08/22,Bell Bay CCGT,577016,BBGPG,0.000,0.000,0.000,0.000,,,TAS,Regional - TAS,590014,2026/08/24 12:01:00
2026/08/22,Bell Bay GGT,577014,BBGPG,0.000,0.000,0.000,0.000,,,TAS,Regional - TAS,590014,2026/08/24 12:01:00
2026/08/22,Bell Bay OCGT,577015,BBGPG,5.092,0.000,0.000,0.000,,,TAS,Regional - TAS,590014,2026/08/24 12:01:00
2026/08/22,Bellevue,540083,PROD,0.000,147.975,0.000,0.000,,,QLD,Regional - QLD,590001,2026/09/10 11:36:06
2026/08/22,BGP,580020,PIPE,0.306,0.000,0.000,0.000,,,NT,Regional - NT,590017,2026/08/23 12:47:31
2026/08/22,BlueScope,523204,BBLARGE,8.387,0.000,0.000,0.000,,,NSW,Sydney,520008,2026/08/23 12:01:05
2026/08/22,Bolivar,555008,BBGPG,2.477,0.000,0.000,0.000,,,SA,Regional - SA,590013,2026/08/23 12:02:43
2026/08/22,Bomaderry Gas Pipeline,523202,PIPE,22.580,0.000,22.580,0.000,,,NSW,Regional - NSW,590011,2026/08/23 12:41:48
2026/08/22,BPP,530030,PIPE,2.610,19.990,0.000,17.378,,,VIC,Gippsland,590009,2026/08/31 11:00:04
2026/08/22,Braemar 2 Power Station,544085,BBGPG,0.000,0.000,0.000,0.000,,,QLD,Regional - QLD,590001,2026/08/23 12:30:03
2026/08/22,Braemar Power Station,544252,BBGPG,0.039,0.000,0.000,0.000,,,QLD,Regional - QLD,590001,2026/08/23 11:01:04
2026/08/22,BWP,540096,PIPE,0.000,0.000,0.000,6.039,,,QLD,Wallumbilla Hub,540032,2026/08/23 12:47:31
2026/08/22,BWP,540096,PIPE,0.000,6.046,0.000,0.000,,,QLD,Regional - QLD,590001,2026/08/23 12:47:31
2026/08/22,CGP,540059,PIPE,0.000,0.000,69.656,0.000,,,QLD,Ballera,540078,2026/08/23 12:47:31
2026/08/22,CGP,540059,PIPE,69.257,0.000,0.000,0.000,,,QLD,Regional - QLD,590001,2026/08/23 12:47:31
2026/08/22,Channel Island Power Station,580231,BBGPG,14.208,0.000,0.000,0.000,,,NT,Darwin,580001,2026/08/23 12:47:31
2026/08/22,Colongra,523120,BBGPG,0.000,0.000,0.000,0.000,,,NSW,Regional - NSW,590011,2026/08/23 12:00:06
2026/08/22,ColongraGP,520090,PIPE,-1.517,0.000,0.000,0.000,,,NSW,Sydney,520008,2026/08/23 12:00:06
2026/08/22,ColongraGP,520090,PIPE,0.000,0.000,0.000,0.000,,,NSW,Regional - NSW,590011,2026/08/23 12:00:06
2026/08/22,Combabula,540094,PROD,0.000,292.064,0.000,0.000,,,QLD,Regional - QLD,590001,2026/08/27 11:30:10
2026/08/22,Condabri Central,540080,PROD,0.000,141.072,0.000,0.000,,,QLD,Regional - QLD,590001,2026/08/27 11:30:10
2026/08/22,Condabri North,540090,PROD,0.000,164.382,0.000,0.000,,,QLD,Regional - QLD,590001,2026/08/27 11:30:10
2026/08/22,Condabri South,540086,PROD,0.000,156.849,0.000,0.000,,,QLD,Regional - QLD,590001,2026/08/27 11:30:10
2026/08/22,Condamine Power Station,544274,BBGPG,0.000,0.000,0.000,0.000,,,QLD,Regional - QLD,590001,2026/09/10 11:36:04
2026/08/22,CRWP,540098,PIPE,0.000,0.000,146.432,0.000,,,QLD,Wallumbilla Hub,540032,2026/08/23 10:28:05
2026/08/22,CRWP,540098,PIPE,0.000,234.172,39.584,421.841,,,QLD,Regional - QLD,590001,2026/08/23 10:28:05
2026/08/22,CWP,520054,PIPE,4.973,0.000,6.064,0.000,,,NSW,Regional - NSW,590011,2026/08/23 12:47:31
2026/08/22,Daandine,540050,PROD,0.000,54.494,0.000,0.000,,,QLD,Regional - QLD,590001,2026/08/23 12:30:03
2026/08/22,Dandenong LNG,530038,STOR,0.000,0.272,0.000,0.000,607.312,27.889,VIC,Melbourne,590008,2026/08/23 12:47:31
2026/08/22,DDP,540097,PIPE,0.000,0.000,0.000,205.166,,,QLD,Wallumbilla Hub,540032,2026/09/02 11:01:08
2026/08/22,DDP,540097,PIPE,0.002,543.908,129.021,469.710,,,QLD,Regional - QLD,590001,2026/09/02 11:01:08
2026/08/22,DDPS,544027,BBGPG,0.002,0.000,0.000,0.000,,,QLD,Regional - QLD,590001,2026/09/02 11:01:08
2026/08/22,Diamantina Power Station,544077,BBGPG,31.070,0.000,0.000,0.000,,,QLD,Regional - QLD,590001,2026/08/23 12:47:31
2026/08/22,Dry Creek Power Station,555026,BBGPG,0.000,0.000,0.000,0.000,,,SA,Regional - SA,590013,2026/08/23 11:31:05
2026/08/22,EGP,520047,PIPE,128.023,0.000,0.000,0.000,,,NSW,Sydney,520008,2026/08/23 12:01:05
2026/08/22,EGP,520047,PIPE,11.402,0.000,0.000,0.000,,,NSW,Canberra,520009,2026/08/23 12:01:05
2026/08/22,EGP,520047,PIPE,0.000,185.070,0.000,61.585,,,VIC,Longford Hub,530015,2026/08/23 12:01:05
2026/08/22,EGP,520047,PIPE,5.044,0.000,0.000,22.580,,,NSW,Regional - NSW,590011,2026/08/23 12:01:05
2026/08/22,EGP,520047,PIPE,0.712,67.853,0.000,0.000,,,VIC,Regional - VIC,590012,2026/08/23 12:01:05
2026/08/22,EO4PL,540055,PIPE,0.000,0.000,0.000,0.000,,,QLD,Regional - QLD,590001,2026/09/10 11:36:06
2026/08/22,Eurombah Creek,540089,PROD,0.000,146.292,0.000,0.000,,,QLD,Regional - QLD,590001,2026/08/27 11:30:10
2026/08/22,Fairview,540070,PROD,0.000,279.437,0.000,0.000,,,QLD,Regional - QLD,590001,2026/08/23 10:58:05
2026/08/22,GLNG (Curtis Island),544276,LNGEXPORT,818.740,0.000,0.000,0.000,,,QLD,Curtis Island,540030,2026/08/23 10:28:05
2026/08/22,GLNG Pipeline,540092,PIPE,818.740,0.000,0.000,0.000,,,QLD,Curtis Island,540030,2026/08/23 10:28:05
2026/08/22,GLNG Pipeline,540092,PIPE,0.000,416.020,438.306,0.000,,,QLD,Regional - QLD,590001,2026/09/10 11:36:06
2026/08/22,Hallett,555029,BBGPG,2.042,0.000,0.000,0.000,,,SA,Regional - SA,590013,2026/08/23 11:31:05
2026/08/22,Hunter Power Station,523210,BBGPG,0.000,0.000,0.000,0.000,,,NSW,Sydney,520008,2026/08/23 12:47:31
2026/08/22,ICF,530071,COMPRESSOR,0.000,0.000,10.000,10.000,,,VIC,Iona Hub,530016,2026/08/23 08:35:03
2026/08/22,Iona UGS,530042,STOR,23.694,26.420,0.000,0.000,13384.916,0.000,VIC,Iona Hub,530016,2026/08/23 08:30:04
2026/08/22,Jeerelang,533161,BBGPG,0.000,0.000,0.000,0.000,,,VIC,Gippsland,590009,2026/08/31 11:00:04
2026/08/22,Jordan,540088,PROD,0.000,333.622,0.000,0.000,,,QLD,Regional - QLD,590001,2026/09/10 11:36:06
2026/08/22,Katherine Power Station,580233,BBGPG,0.000,0.000,0.000,0.000,,,NT,Regional - NT,590017,2026/08/23 12:47:31
2026/08/22,Kenya,540075,PROD,0.000,120.938,0.000,0.000,,,QLD,Regional - QLD,590001,2026/09/10 11:36:06
2026/08/22,Kincora,544253,PROD,0.000,4.000,0.000,0.000,,,QLD,Regional - QLD,590001,2026/08/23 12:47:31
2026/08/22,KKLP,523209,PIPE,0.000,0.000,0.000,0.000,,,NSW,Sydney,520008,2026/08/23 12:47:31
2026/08/22,Kogan North,540061,PROD,0.000,4.175,0.000,0.000,,,QLD,Regional - QLD,590001,2026/08/23 12:47:31
2026/08/22,Ladbroke Grove PS,555086,BBGPG,10.501,0.000,0.000,0.000,,,SA,Regional - SA,590013,2026/08/23 12:47:31
2026/08/22,Lang Lang,530039,PROD,0.000,19.990,0.000,0.000,,,VIC,Gippsland,590009,2026/08/23 08:38:56
2026/08/22,Laverton,533201,BBGPG,0.000,0.000,0.000,0.000,,,VIC,Geelong,590005,2026/08/31 11:00:04
2026/08/22,Longford,530040,PROD,0.000,613.569,0.000,0.000,,,VIC,Longford Hub,530015,2026/08/23 07:55:16
2026/08/22,Loy Yang B,533163,BBGPG,0.000,0.000,0.000,0.000,,,VIC,Gippsland,590009,2026/08/23 11:01:02
2026/08/22,LYB Transmission Pipeline,535023,PIPE,0.000,0.000,0.000,0.000,,,VIC,Gippsland,590009,2026/08/23 11:01:02
2026/08/22,MAPS,550054,PIPE,27.599,0.000,0.000,0.000,,,SA,Adelaide,550016,2026/08/23 11:31:05
2026/08/22,MAPS,550054,PIPE,0.000,36.182,113.622,0.000,,,SA,Moomba Hub,550017,2026/08/23 11:31:05
2026/08/22,MAPS,550054,PIPE,125.496,0.000,4.380,0.000,,,SA,Regional - SA,590013,2026/08/23 11:31:05
2026/08/22,McArthur River Mine,580220,BBGPG,9.170,0.000,0.000,0.000,,,NT,Regional - NT,590017,2026/08/23 09:26:18
2026/08/22,MCF,550050,COMPRESSOR,0.000,0.000,0.000,0.000,,,SA,Moomba Hub,550017,2026/08/23 12:47:31
2026/08/22,Mereenie,580040,PROD,0.000,26.274,0.000,0.000,,,NT,Regional - NT,590017,2026/08/23 10:54:46
2026/08/22,Meridian,540064,PROD,0.000,48.019,0.000,0.000,,,QLD,Regional - QLD,590001,2026/08/23 09:38:51
2026/08/22,Mintaro Power Station,555031,BBGPG,0.000,0.000,0.000,0.000,,,SA,Regional - SA,590013,2026/08/23 11:31:05
2026/08/22,Moomba,550045,PROD,0.000,205.100,0.000,0.000,,,SA,Moomba Hub,550017,2026/08/27 21:03:00
2026/08/22,Moomba Storage,550046,STOR,0.000,0.000,0.000,0.000,6303.600,0.000,SA,Moomba Hub,550017,2026/08/27 21:03:00
2026/08/22,Mortlake PS,530063,BBGPG,23.049,0.000,0.000,0.000,,,VIC,Regional - VIC,590012,2026/08/23 07:20:00
2026/08/22,MPL,530061,PIPE,0.000,0.000,25.006,1.701,,,VIC,Iona Hub,530016,2026/08/23 07:20:00
2026/08/22,MPL,530061,PIPE,23.049,0.000,0.000,0.000,,,VIC,Regional - VIC,590012,2026/08/23 07:20:00
2026/08/22,MRP,580100,PIPE,9.170,0.000,9.171,0.000,,,NT,Regional - NT,590017,2026/08/23 09:26:18
2026/08/22,MSP,520053,PIPE,84.125,0.000,0.000,0.000,,,NSW,Sydney,520008,2026/08/23 12:47:31
2026/08/22,MSP,520053,PIPE,0.000,0.000,121.765,26.767,,,SA,Moomba Hub,550017,2026/08/23 12:47:31
2026/08/22,MSP,520053,PIPE,31.329,0.000,0.000,6.064,,,NSW,Regional - NSW,590011,2026/08/23 12:47:31
2026/08/22,MSP,520053,PIPE,11.065,0.000,0.000,0.000,,,NSW,Regional - ACT,590015,2026/08/23 12:47:31
2026/08/22,MSP,520053,PIPE,0.000,0.000,74.484,0.000,,,NSW,Culcairn,590016,2026/08/23 12:47:31
2026/08/22,Newport,533171,BBGPG,0.005,0.000,0.000,0.000,,,VIC,Melbourne,590008,2026/08/31 11:00:04
2026/08/22,NGP,580050,PIPE,0.000,0.000,0.000,0.000,,,QLD,Regional - QLD,590001,2026/08/23 12:01:19
2026/08/22,NGP,580050,PIPE,0.000,0.000,0.000,0.000,,,NT,Regional - NT,590017,2026/08/23 12:01:19
2026/08/22,NGS,520060,STOR,0.090,0.590,0.000,0.000,671.418,76.828,NSW,Sydney,520008,2026/08/23 08:02:20
2026/08/22,Oakey PS,544095,BBGPG,0.000,0.000,0.000,0.000,,,QLD,Regional - QLD,590001,2026/08/23 12:47:31
2026/08/22,Orana,540084,PROD,0.000,167.577,0.000,0.000,,,QLD,Regional - QLD,590001,2026/08/27 11:30:10
2026/08/22,Orbost,530041,PROD,0.000,67.853,0.000,0.000,,,VIC,Regional - VIC,590012,2026/08/23 12:01:05
2026/08/22,Orica,544011,BBLARGE,9.655,0.000,0.000,0.000,,,QLD,Regional - QLD,590001,2026/08/23 12:01:06
2026/08/22,Orica (Kooragang Island),523206,BBLARGE,39.042,0.000,0.000,0.000,,,NSW,Sydney,520008,2026/08/23 13:00:00
2026/08/22,Osborne,555033,BBGPG,26.452,0.000,0.000,0.000,,,SA,Regional - SA,590013,2026/08/23 11:31:05
2026/08/22,Otway,530044,PROD,0.000,164.080,0.000,0.000,,,VIC,Iona Hub,530016,2026/08/23 11:56:27
2026/08/22,Owen Springs Power Station,580235,BBGPG,1.022,0.000,0.000,0.000,,,NT,Regional - NT,590017,2026/08/23 06:41:30
2026/08/22,Palm Valley,580060,PROD,0.000,5.654,0.000,0.000,,,NT,Regional - NT,590017,2026/08/23 10:54:46
2026/08/22,PCA,550052,PIPE,0.000,15.543,33.556,0.934,,,VIC,Iona Hub,530016,2026/08/23 07:20:01
2026/08/22,PCA,550052,PIPE,24.742,0.000,0.000,0.000,,,SA,Adelaide,550016,2026/08/23 07:20:01
2026/08/22,PCA,550052,PIPE,0.000,0.000,0.000,18.522,,,VIC,Regional - VIC,590012,2026/08/23 07:20:01
2026/08/22,PCA,550052,PIPE,12.889,0.000,0.000,4.362,,,SA,Regional - SA,590013,2026/08/23 07:20:01
2026/08/22,PCI,530060,PIPE,0.000,176.100,2.635,178.735,,,VIC,Iona Hub,530016,2026/08/23 07:20:01
2026/08/22,Peat,540065,PROD,0.000,11.855,0.000,0.000,,,QLD,Regional - QLD,590001,2026/08/27 11:30:10
2026/08/22,Pelican Point Power Station,555089,BBGPG,28.778,0.000,0.000,0.000,,,SA,Regional - SA,590013,2026/08/23 07:20:01
2026/08/22,Phosphate Hill,544081,BBLARGE,24.099,0.000,0.000,0.000,,,QLD,Regional - QLD,590001,2026/08/23 12:47:31
2026/08/22,Pipeline Compression Station,544279,COMPRESSOR,0.000,0.000,0.000,0.000,,,QLD,Regional - QLD,590001,2026/08/23 10:28:05
2026/08/22,PVP,580070,PIPE,1.530,0.000,1.809,0.000,,,NT,Regional - NT,590017,2026/08/23 06:41:30
2026/08/22,QCLNG LNG Plant,544272,LNGEXPORT,1494.707,0.000,0.000,0.000,,,QLD,Curtis Island,540030,2026/09/10 11:36:06
2026/08/22,QGP,540058,PIPE,0.000,0.000,0.000,0.000,,,QLD,Wallumbilla Hub,540032,2026/08/23 12:01:06
2026/08/22,QGP,540058,PIPE,85.491,25.093,67.876,4.457,,,QLD,Regional - QLD,590001,2026/08/23 12:01:06
2026/08/22,Quarantine Power Station,555087,BBGPG,12.628,0.000,0.000,0.000,,,SA,Regional - SA,590013,2026/08/23 11:31:05
2026/08/22,Queensland Aluminia,544012,BBLARGE,26.983,0.000,0.000,0.000,,,QLD,Regional - QLD,590001,2026/08/23 12:01:06
2026/08/22,RBP,540057,PIPE,0.000,0.000,0.000,18.800,,,QLD,Wallumbilla Hub,540032,2026/08/23 12:47:31
2026/08/22,RBP,540057,PIPE,2.591,20.030,48.059,3.074,,,QLD,Regional - QLD,590001,2026/08/23 12:47:31
2026/08/22,RBP,540057,PIPE,38.623,0.000,0.000,0.000,,,QLD,Brisbane,590002,2026/08/23 12:47:31
2026/08/22,RCWP,540102,PIPE,0.000,0.000,17.381,0.296,,,QLD,Wallumbilla Hub,540032,2026/08/23 12:47:31
2026/08/22,RCWP,540102,PIPE,0.000,0.000,30.040,46.355,,,QLD,Regional - QLD,590001,2026/08/23 12:47:31
2026/08/22,Reedy Creek,540085,PROD,0.000,199.184,0.000,0.000,,,QLD,Regional - QLD,590001,2026/08/27 11:30:10
2026/08/22,RMNGPF,640011,PROD,0.000,16.930,0.000,0.000,,,QLD,Regional - QLD,590001,2026/08/23 09:07:26
2026/08/22,RNMGP,640012,PIPE,0.000,16.930,0.000,16.930,,,QLD,Regional - QLD,590001,2026/08/23 09:07:26
2026/08/22,RNP,640009,PIPE,0.000,22.654,0.000,22.654,,,QLD,Regional - QLD,590001,2026/08/23 12:01:08
2026/08/22,Rolleston,540073,PROD,0.000,8.994,0.000,0.000,,,QLD,Regional - QLD,590001,2026/08/23 12:01:06
2026/08/22,Roma,540095,PROD,0.000,235.244,0.000,0.000,,,QLD,Regional - QLD,590001,2026/08/23 10:58:14
2026/08/22,Roma North,544260,PROD,0.000,22.654,0.000,0.000,,,QLD,Regional - QLD,590001,2026/08/23 12:01:21
2026/08/22,Roma Power Station,540120,BBGPG,0.000,0.000,0.000,0.000,,,QLD,Regional - QLD,590001,2026/08/23 11:56:58
2026/08/22,Ron Goodin Power Station,580234,BBGPG,0.000,0.000,0.000,0.000,,,NT,Regional - NT,590017,2026/08/23 06:41:30
2026/08/22,RPL,540110,PIPE,0.049,0.000,0.000,0.000,,,QLD,Regional - QLD,590001,2026/08/23 11:56:58
2026/08/22,Ruby Jo,540082,PROD,0.000,426.584,0.000,0.000,,,QLD,Regional - QLD,590001,2026/09/10 11:36:06
2026/08/22,RUGS,540040,STOR,0.000,4.724,0.000,0.000,15145.336,0.000,QLD,Regional - QLD,590001,2026/08/23 10:58:14
2026/08/22,Scotia,540072,PROD,0.000,101.186,0.000,0.000,,,QLD,Regional - QLD,590001,2026/08/23 10:58:14
2026/08/22,SEPS,550061,PIPE,7.831,0.000,7.844,0.000,,,SA,Regional - SA,590013,2026/08/23 11:32:05
2026/08/22,SESA,550060,PIPE,0.000,0.000,18.522,0.000,,,VIC,Regional - VIC,590012,2026/08/23 12:47:31
2026/08/22,SESA,550060,PIPE,10.501,0.000,0.000,7.842,,,SA,Regional - SA,590013,2026/08/23 12:47:31
2026/08/22,Shoalhaven Starches Cogeneration Plant,523203,BBLARGE,22.580,0.000,0.000,0.000,,,NSW,Regional - NSW,590011,2026/08/23 12:41:48
2026/08/22,Smithfield Energy Facility,522004,BBGPG,0.000,0.000,0.000,0.000,,,NSW,Regional - NSW,590011,2026/08/23 12:02:43
2026/08/22,Snapper Point,555090,BBGPG,0.000,0.000,0.000,0.000,,,SA,Regional - SA,590013,2026/08/23 11:31:05
2026/08/22,Somerton,533174,BBGPG,0.001,0.000,0.000,0.000,,,VIC,Melbourne,590008,2026/08/31 11:00:04
2026/08/22,Spring Gully,540066,PROD,0.000,54.882,0.000,0.000,,,QLD,Regional - QLD,590001,2026/08/27 11:30:10
2026/08/22,SSP,540103,PIPE,0.000,7.300,0.000,7.300,,,QLD,Regional - QLD,590001,2026/08/23 09:05:52
2026/08/22,SSSF,540062,STOR,0.000,6.510,0.000,0.000,8539.062,0.000,QLD,Regional - QLD,590001,2026/08/23 09:05:52
2026/08/22,Strathblane,540067,PROD,0.000,47.829,0.000,0.000,,,QLD,Regional - QLD,590001,2026/08/27 11:30:10
2026/08/22,Swanbank Power Station,544104,BBGPG,0.000,0.000,0.000,0.000,,,QLD,Brisbane,590002,2026/08/23 12:47:31
2026/08/22,SWQP,540060,PIPE,0.000,0.000,234.758,163.813,,,QLD,Wallumbilla Hub,540032,2026/08/23 12:47:31
2026/08/22,SWQP,540060,PIPE,0.000,0.000,0.000,74.384,,,QLD,Ballera,540078,2026/08/23 12:47:31
2026/08/22,SWQP,540060,PIPE,0.000,171.885,0.000,208.620,,,SA,Moomba Hub,550017,2026/08/23 12:47:31
2026/08/22,SWQP,540060,PIPE,0.122,0.000,0.000,0.000,,,QLD,Regional - QLD,590001,2026/08/23 12:47:31
2026/08/22,Talinga,540076,PROD,0.000,83.413,0.000,0.000,,,QLD,Regional - QLD,590001,2026/08/27 11:30:10
2026/08/22,Tallawarra,522002,BBGPG,0.005,0.000,0.000,0.000,,,NSW,Regional - NSW,590011,2026/08/23 11:00:10
2026/08/22,Tallawarra Pipeline,523201,PIPE,0.005,0.000,0.005,0.000,,,NSW,Regional - NSW,590011,2026/08/23 11:00:10
2026/08/22,Taloona,540068,PROD,0.000,40.723,0.000,0.000,,,QLD,Regional - QLD,590001,2026/08/27 11:30:10
2026/08/22,Tanami GP,580210,PIPE,8.966,0.000,8.740,0.000,,,NT,Regional - NT,590017,2026/08/23 12:02:00
2026/08/22,TGP,570050,PIPE,0.000,0.000,56.884,6.086,,,VIC,Longford Hub,530015,2026/08/24 12:01:00
2026/08/22,TGP,570050,PIPE,21.801,0.000,0.000,0.000,,,TAS,Regional - TAS,590014,2026/08/24 12:01:00
2026/08/22,Tipton,540051,PROD,0.000,41.380,0.000,0.000,,,QLD,Regional - QLD,590001,2026/08/23 12:30:03
2026/08/22,Torrens Island PS,555041,BBGPG,46.535,0.000,0.000,0.000,,,SA,Regional - SA,590013,2026/08/23 11:31:05
2026/08/22,Uranquinty Power Station,522047,BBGPG,0.000,0.000,0.000,0.000,,,NSW,Regional - NSW,590011,2026/08/23 12:47:31
2026/08/22,Valley Power GPG,535024,BBGPG,0.000,0.000,0.000,0.000,,,VIC,Gippsland,590009,2026/08/23 11:01:02
2026/08/22,VicHub,532005,PIPE,0.000,0.000,4.700,4.700,,,VIC,Longford Hub,530015,2026/08/23 12:01:24
2026/08/22,Viva Energy Refinery,535018,BBLARGE,9.436,0.000,0.000,0.000,,,VIC,Geelong,590005,2026/08/23 07:30:12
2026/08/22,VTS,530110,PIPE,0.000,426.850,10.790,0.001,,,VIC,Longford Hub,530015,2026/08/31 11:00:04
2026/08/22,VTS,530110,PIPE,7.295,0.000,120.170,0.000,,,VIC,Iona Hub,530016,2026/08/31 11:00:04
2026/08/22,VTS,530110,PIPE,10.994,0.000,0.000,0.000,,,VIC,Western,590004,2026/08/31 11:00:04
2026/08/22,VTS,530110,PIPE,54.597,0.000,0.000,0.000,,,VIC,Geelong,590005,2026/08/31 11:00:04
2026/08/22,VTS,530110,PIPE,37.800,0.000,0.000,0.000,,,VIC,Ballarat,590006,2026/08/31 11:00:04
2026/08/22,VTS,530110,PIPE,55.032,0.000,0.000,0.000,,,VIC,Northern,590007,2026/08/31 11:00:04
2026/08/22,VTS,530110,PIPE,320.569,0.195,0.000,0.000,,,VIC,Melbourne,590008,2026/08/31 11:00:04
2026/08/22,VTS,530110,PIPE,34.509,0.000,17.378,0.000,,,VIC,Gippsland,590009,2026/08/31 11:00:04
2026/08/22,VTS,530110,PIPE,0.000,0.000,0.000,74.484,,,NSW,Culcairn,590016,2026/08/31 11:00:04
2026/08/22,Wallumbilla Compression Station,544280,COMPRESSOR,0.000,0.000,0.000,0.000,,,QLD,Wallumbilla Hub,540032,2026/08/23 10:28:05
2026/08/22,WCFA,540045,COMPRESSOR,0.000,0.000,112.594,112.594,,,QLD,Wallumbilla Hub,540032,2026/08/23 12:47:31
2026/08/22,WCFB,540046,COMPRESSOR,0.000,0.000,110.863,110.863,,,QLD,Wallumbilla Hub,540032,2026/08/23 12:47:31
2026/08/22,Weddell Power Station,580232,BBGPG,18.001,0.000,0.000,0.000,,,NT,Darwin,580001,2026/08/23 12:47:31
2026/08/22,WGP,540091,PIPE,1494.707,0.000,0.000,0.000,,,QLD,Curtis Island,540030,2026/09/10 11:36:06
2026/08/22,WGP,540091,PIPE,0.000,1452.773,59.699,0.000,,,QLD,Regional - QLD,590001,2026/09/10 11:36:06
2026/08/22,Whyalla Steelworks,555085,BBLARGE,3.096,0.000,0.000,0.000,,,SA,Regional - SA,590013,2026/08/23 11:31:05
2026/08/22,Windibri,540069,PROD,0.000,88.699,0.000,0.000,,,QLD,Regional - QLD,590001,2026/09/10 11:36:06
2026/08/22,Woleebee Creek,540087,PROD,0.000,641.856,0.000,0.000,,,QLD,Regional - QLD,590001,2026/09/10 11:36:06
2026/08/22,WPP,580030,PIPE,18.001,25.177,0.000,7.171,,,NT,Darwin,580001,2026/08/23 12:47:31
2026/08/22,Yarwun,544282,BBGPG,32.549,0.000,0.000,0.000,,,QLD,Regional - QLD,590001,2026/08/23 12:01:06
2026/08/22,Yelcherr,580180,PROD,0.000,0.000,0.000,0.000,,,NT,Regional - NT,590017,2026/08/23 12:47:31
2026/08/22,Yellowbank,540074,PROD,0.000,11.849,0.000,0.000,,,QLD,Regional - QLD,590001,2026/08/23 12:01:06
2026/08/23,Adelaide Brighton,555091,BBLARGE,10.268,0.000,0.000,0.000,,,SA,Adelaide,550016,2026/09/08 13:00:01
2026/08/23,AGP,580010,PIPE,18.013,0.000,10.969,0.000,,,NT,Darwin,580001,2026/08/24 12:46:30
2026/08/23,AGP,580010,PIPE,6.898,30.780,0.000,18.927,,,NT,Regional - NT,590017,2026/08/24 12:46:30
2026/08/23,APLNG Pipeline,540093,PIPE,1689.656,0.000,0.000,0.000,,,QLD,Curtis Island,540030,2026/08/28 11:30:12
2026/08/23,APLNG Pipeline,540093,PIPE,0.000,1343.662,520.408,167.009,,,QLD,Regional - QLD,590001,2026/08/28 11:30:12
2026/08/23,Arcadia,540101,PROD,0.000,92.690,0.000,0.000,,,QLD,Regional - QLD,590001,2026/09/14 15:43:06
2026/08/23,ATGP,640013,PIPE,0.000,42.468,0.000,42.468,,,QLD,Regional - QLD,590001,2026/08/24 12:01:10
2026/08/23,ATHENA,535014,PROD,0.000,17.564,0.000,0.000,,,VIC,Iona Hub,530016,2026/08/28 09:16:05
2026/08/23,Atlas,544261,PROD,0.000,42.468,0.000,0.000,,,QLD,Regional - QLD,590001,2026/08/24 12:01:34
2026/08/23,Atlas East Central Processing Facility,640008,PROD,0.000,33.370,0.000,0.000,,,QLD,Regional - QLD,590001,2026/08/24 11:25:51
2026/08/23,Atlas to Reedy Creek Pipeline,640007,PIPE,0.000,33.369,0.000,36.231,,,QLD,Regional - QLD,590001,2026/08/24 12:46:30
2026/08/23,Australia Pacific LNG,544273,LNGEXPORT,1689.656,0.000,0.000,0.000,,,QLD,Curtis Island,540030,2026/08/24 12:00:25
2026/08/23,Australian Paper (Opal),535021,BBLARGE,9.401,0.000,0.000,0.000,,,VIC,Gippsland,590009,2026/08/31 11:00:04
2026/08/23,B1PL,540077,PIPE,0.037,34.782,0.000,28.215,,,QLD,Regional - QLD,590001,2026/08/24 11:00:53
2026/08/23,B2PL,540071,PIPE,0.000,54.210,10.536,61.675,,,QLD,Regional - QLD,590001,2026/08/24 10:21:21
2026/08/23,Bairnsdale Power Station,535020,BBGPG,0.000,0.000,0.000,0.000,,,VIC,Regional - VIC,590012,2026/08/24 11:00:52
2026/08/23,BCF,540047,COMPRESSOR,0.000,0.000,67.400,67.400,,,QLD,Regional - QLD,590001,2026/08/28 21:10:51
2026/08/23,Bell Bay CCGT,577016,BBGPG,0.000,0.000,0.000,0.000,,,TAS,Regional - TAS,590014,2026/08/25 12:01:00
2026/08/23,Bell Bay GGT,577014,BBGPG,0.000,0.000,0.000,0.000,,,TAS,Regional - TAS,590014,2026/08/25 12:01:00
2026/08/23,Bell Bay OCGT,577015,BBGPG,0.867,0.000,0.000,0.000,,,TAS,Regional - TAS,590014,2026/08/25 12:01:00
2026/08/23,Bellevue,540083,PROD,0.000,148.373,0.000,0.000,,,QLD,Regional - QLD,590001,2026/09/10 11:36:06
2026/08/23,BGP,580020,PIPE,0.310,0.000,0.000,0.000,,,NT,Regional - NT,590017,2026/08/24 12:46:30
2026/08/23,BlueScope,523204,BBLARGE,7.615,0.000,0.000,0.000,,,NSW,Sydney,520008,2026/08/24 12:01:05
2026/08/23,Bolivar,555008,BBGPG,0.000,0.000,0.000,0.000,,,SA,Regional - SA,590013,2026/08/24 12:04:19
2026/08/23,Bomaderry Gas Pipeline,523202,PIPE,22.038,0.000,22.038,0.000,,,NSW,Regional - NSW,590011,2026/08/24 12:54:35
2026/08/23,BPP,530030,PIPE,2.400,20.060,0.000,17.657,,,VIC,Gippsland,590009,2026/08/31 11:00:04
2026/08/23,Braemar 2 Power Station,544085,BBGPG,0.000,0.000,0.000,0.000,,,QLD,Regional - QLD,590001,2026/08/24 10:21:21
2026/08/23,Braemar Power Station,544252,BBGPG,0.037,0.000,0.000,0.000,,,QLD,Regional - QLD,590001,2026/08/24 11:00:53
2026/08/23,BWP,540096,PIPE,0.000,0.000,0.000,6.509,,,QLD,Wallumbilla Hub,540032,2026/08/24 12:46:30
2026/08/23,BWP,540096,PIPE,0.000,6.354,0.000,0.000,,,QLD,Regional - QLD,590001,2026/08/24 12:46:30
2026/08/23,CGP,540059,PIPE,0.000,0.000,67.431,0.000,,,QLD,Ballera,540078,2026/08/24 12:46:30
2026/08/23,CGP,540059,PIPE,69.063,0.000,0.000,0.000,,,QLD,Regional - QLD,590001,2026/08/24 12:46:30
2026/08/23,Channel Island Power Station,580231,BBGPG,18.013,0.000,0.000,0.000,,,NT,Darwin,580001,2026/08/24 12:46:30
2026/08/23,Colongra,523120,BBGPG,0.000,0.000,0.000,0.000,,,NSW,Regional - NSW,590011,2026/08/24 12:00:05
2026/08/23,ColongraGP,520090,PIPE,-1.518,0.000,0.000,0.000,,,NSW,Sydney,520008,2026/08/24 12:00:05
2026/08/23,ColongraGP,520090,PIPE,0.000,0.000,0.000,0.000,,,NSW,Regional - NSW,590011,2026/08/24 12:00:05
2026/08/23,Combabula,540094,PROD,0.000,291.876,0.000,0.000,,,QLD,Regional - QLD,590001,2026/08/28 11:30:12
2026/08/23,Condabri Central,540080,PROD,0.000,140.690,0.000,0.000,,,QLD,Regional - QLD,590001,2026/08/28 11:30:12
2026/08/23,Condabri North,540090,PROD,0.000,164.059,0.000,0.000,,,QLD,Regional - QLD,590001,2026/08/28 11:30:12
2026/08/23,Condabri South,540086,PROD,0.000,156.905,0.000,0.000,,,QLD,Regional - QLD,590001,2026/08/28 11:30:12
2026/08/23,Condamine Power Station,544274,BBGPG,0.000,0.000,0.000,0.000,,,QLD,Regional - QLD,590001,2026/09/10 11:36:04
2026/08/23,CRWP,540098,PIPE,0.000,0.000,157.885,0.000,,,QLD,Wallumbilla Hub,540032,2026/09/14 15:43:05
2026/08/23,CRWP,540098,PIPE,0.000,236.716,39.359,432.188,,,QLD,Regional - QLD,590001,2026/09/14 15:43:05
2026/08/23,CWP,520054,PIPE,3.826,0.000,3.883,0.000,,,NSW,Regional - NSW,590011,2026/08/24 12:46:30
2026/08/23,Daandine,540050,PROD,0.000,54.206,0.000,0.000,,,QLD,Regional - QLD,590001,2026/08/24 10:21:26
2026/08/23,Dandenong LNG,530038,STOR,0.000,0.294,0.000,0.000,607.265,27.889,VIC,Melbourne,590008,2026/08/24 12:46:30
2026/08/23,DDP,540097,PIPE,0.000,0.000,0.000,201.249,,,QLD,Wallumbilla Hub,540032,2026/09/02 11:01:10
2026/08/23,DDP,540097,PIPE,0.002,544.227,123.220,470.034,,,QLD,Regional - QLD,590001,2026/09/02 11:01:10
2026/08/23,DDPS,544027,BBGPG,0.002,0.000,0.000,0.000,,,QLD,Regional - QLD,590001,2026/09/02 11:01:10
2026/08/23,Diamantina Power Station,544077,BBGPG,30.596,0.000,0.000,0.000,,,QLD,Regional - QLD,590001,2026/08/24 12:46:30
2026/08/23,Dry Creek Power Station,555026,BBGPG,0.000,0.000,0.000,0.000,,,SA,Regional - SA,590013,2026/08/24 11:31:05
2026/08/23,EGP,520047,PIPE,119.713,0.000,0.000,0.000,,,NSW,Sydney,520008,2026/08/24 12:01:05
2026/08/23,EGP,520047,PIPE,13.463,0.000,0.000,0.000,,,NSW,Canberra,520009,2026/08/24 12:01:05
2026/08/23,EGP,520047,PIPE,0.000,195.702,0.000,86.836,,,VIC,Longford Hub,530015,2026/08/24 12:01:05
2026/08/23,EGP,520047,PIPE,5.069,0.000,0.000,22.038,,,NSW,Regional - NSW,590011,2026/08/24 12:01:05
2026/08/23,EGP,520047,PIPE,0.835,68.310,0.000,0.000,,,VIC,Regional - VIC,590012,2026/08/24 12:01:05
2026/08/23,EO4PL,540055,PIPE,0.000,0.000,0.000,0.000,,,QLD,Regional - QLD,590001,2026/09/10 11:36:06
2026/08/23,Eurombah Creek,540089,PROD,0.000,148.704,0.000,0.000,,,QLD,Regional - QLD,590001,2026/08/28 11:30:12
2026/08/23,Fairview,540070,PROD,0.000,279.306,0.000,0.000,,,QLD,Regional - QLD,590001,2026/09/14 15:43:06
2026/08/23,GLNG (Curtis Island),544276,LNGEXPORT,819.294,0.000,0.000,0.000,,,QLD,Curtis Island,540030,2026/09/14 15:43:05
2026/08/23,GLNG Pipeline,540092,PIPE,819.294,0.000,0.000,0.000,,,QLD,Curtis Island,540030,2026/09/14 15:43:05
2026/08/23,GLNG Pipeline,540092,PIPE,0.000,412.233,441.345,0.047,,,QLD,Regional - QLD,590001,2026/09/10 11:36:06
2026/08/23,Hallett,555029,BBGPG,0.000,0.000,0.000,0.000,,,SA,Regional - SA,590013,2026/08/24 11:31:05
2026/08/23,Hunter Power Station,523210,BBGPG,0.000,0.000,0.000,0.000,,,NSW,Sydney,520008,2026/08/24 12:46:30
2026/08/23,ICF,530071,COMPRESSOR,0.000,0.000,9.000,9.000,,,VIC,Iona Hub,530016,2026/08/24 08:35:03
2026/08/23,Iona UGS,530042,STOR,32.115,23.658,0.000,0.000,13393.373,0.000,VIC,Iona Hub,530016,2026/08/24 08:30:04
2026/08/23,Jeerelang,533161,BBGPG,0.000,0.000,0.000,0.000,,,VIC,Gippsland,590009,2026/08/31 11:00:04
2026/08/23,Jordan,540088,PROD,0.000,333.004,0.000,0.000,,,QLD,Regional - QLD,590001,2026/09/10 11:36:06
2026/08/23,Katherine Power Station,580233,BBGPG,0.000,0.000,0.000,0.000,,,NT,Regional - NT,590017,2026/08/24 12:46:30
2026/08/23,Kenya,540075,PROD,0.000,120.690,0.000,0.000,,,QLD,Regional - QLD,590001,2026/09/10 11:36:06
2026/08/23,Kincora,544253,PROD,0.000,4.000,0.000,0.000,,,QLD,Regional - QLD,590001,2026/08/24 12:46:30
2026/08/23,KKLP,523209,PIPE,0.000,0.000,0.000,0.000,,,NSW,Sydney,520008,2026/08/24 12:46:30
2026/08/23,Kogan North,540061,PROD,0.000,4.227,0.000,0.000,,,QLD,Regional - QLD,590001,2026/08/24 12:46:30
2026/08/23,Ladbroke Grove PS,555086,BBGPG,1.082,0.000,0.000,0.000,,,SA,Regional - SA,590013,2026/08/24 12:46:30
2026/08/23,Lang Lang,530039,PROD,0.000,20.060,0.000,0.000,,,VIC,Gippsland,590009,2026/08/24 08:34:26
2026/08/23,Laverton,533201,BBGPG,0.000,0.000,0.000,0.000,,,VIC,Geelong,590005,2026/08/31 11:00:04
2026/08/23,Longford,530040,PROD,0.000,620.564,0.000,0.000,,,VIC,Longford Hub,530015,2026/08/24 08:51:11
2026/08/23,Loy Yang B,533163,BBGPG,0.000,0.000,0.000,0.000,,,VIC,Gippsland,590009,2026/08/24 11:00:45
2026/08/23,LYB Transmission Pipeline,535023,PIPE,0.004,0.000,0.000,0.000,,,VIC,Gippsland,590009,2026/08/24 11:00:45
2026/08/23,MAPS,550054,PIPE,28.371,0.000,0.000,0.000,,,SA,Adelaide,550016,2026/08/24 11:31:05
2026/08/23,MAPS,550054,PIPE,0.000,34.984,50.998,0.000,,,SA,Moomba Hub,550017,2026/08/24 11:31:05
2026/08/23,MAPS,550054,PIPE,63.398,0.000,13.001,0.000,,,SA,Regional - SA,590013,2026/08/24 11:31:05
2026/08/23,McArthur River Mine,580220,BBGPG,9.228,0.000,0.000,0.000,,,NT,Regional - NT,590017,2026/08/24 08:59:08
2026/08/23,MCF,550050,COMPRESSOR,0.000,0.000,117.892,117.892,,,SA,Moomba Hub,550017,2026/08/24 12:46:30
2026/08/23,Mereenie,580040,PROD,0.000,26.191,0.000,0.000,,,NT,Regional - NT,590017,2026/08/24 11:17:06
2026/08/23,Meridian,540064,PROD,0.000,44.487,0.000,0.000,,,QLD,Regional - QLD,590001,2026/08/24 09:39:03
2026/08/23,Mintaro Power Station,555031,BBGPG,0.000,0.000,0.000,0.000,,,SA,Regional - SA,590013,2026/08/24 11:31:05
2026/08/23,Moomba,550045,PROD,0.000,213.600,0.000,0.000,,,SA,Moomba Hub,550017,2026/08/28 21:10:51
2026/08/23,Moomba Storage,550046,STOR,0.000,0.000,0.000,0.000,6303.600,0.000,SA,Moomba Hub,550017,2026/08/28 21:10:51
2026/08/23,Mortlake PS,530063,BBGPG,0.000,0.000,0.000,0.000,,,VIC,Regional - VIC,590012,2026/08/24 07:20:00
2026/08/23,MPL,530061,PIPE,0.000,0.000,0.045,0.000,,,VIC,Iona Hub,530016,2026/08/24 07:20:00
2026/08/23,MPL,530061,PIPE,0.000,0.000,0.000,0.000,,,VIC,Regional - VIC,590012,2026/08/24 07:20:00
2026/08/23,MRP,580100,PIPE,9.228,0.000,9.229,0.000,,,NT,Regional - NT,590017,2026/08/24 08:59:08
2026/08/23,MSP,520053,PIPE,92.492,0.000,0.000,0.000,,,NSW,Sydney,520008,2026/08/24 12:46:30
2026/08/23,MSP,520053,PIPE,0.000,0.000,12.891,0.200,,,SA,Moomba Hub,550017,2026/08/24 12:46:30
2026/08/23,MSP,520053,PIPE,32.745,0.000,0.000,3.883,,,NSW,Regional - NSW,590011,2026/08/24 12:46:30
2026/08/23,MSP,520053,PIPE,10.076,0.000,0.000,0.000,,,NSW,Regional - ACT,590015,2026/08/24 12:46:30
2026/08/23,MSP,520053,PIPE,0.000,0.000,101.778,0.000,,,NSW,Culcairn,590016,2026/08/24 12:46:30
2026/08/23,Newport,533171,BBGPG,0.004,0.000,0.000,0.000,,,VIC,Melbourne,590008,2026/08/31 11:00:04
2026/08/23,NGP,580050,PIPE,0.000,0.000,0.000,0.000,,,QLD,Regional - QLD,590001,2026/08/24 12:01:32
2026/08/23,NGP,580050,PIPE,0.000,0.000,0.000,0.000,,,NT,Regional - NT,590017,2026/08/24 12:01:32
2026/08/23,NGS,520060,STOR,0.010,0.446,0.000,0.000,671.063,76.828,NSW,Sydney,520008,2026/08/24 07:01:40
2026/08/23,Oakey PS,544095,BBGPG,0.000,0.000,0.000,0.000,,,QLD,Regional - QLD,590001,2026/08/24 12:46:30
2026/08/23,Orana,540084,PROD,0.000,167.562,0.000,0.000,,,QLD,Regional - QLD,590001,2026/08/28 11:30:12
2026/08/23,Orbost,530041,PROD,0.000,68.310,0.000,0.000,,,VIC,Regional - VIC,590012,2026/08/24 12:01:05
2026/08/23,Orica,544011,BBLARGE,9.794,0.000,0.000,0.000,,,QLD,Regional - QLD,590001,2026/08/24 13:00:05
2026/08/23,Orica (Kooragang Island),523206,BBLARGE,38.389,0.000,0.000,0.000,,,NSW,Sydney,520008,2026/08/24 13:00:00
2026/08/23,Osborne,555033,BBGPG,12.019,0.000,0.000,0.000,,,SA,Regional - SA,590013,2026/08/24 11:31:05
2026/08/23,Otway,530044,PROD,0.000,164.074,0.000,0.000,,,VIC,Iona Hub,530016,2026/08/24 11:41:45
2026/08/23,Owen Springs Power Station,580235,BBGPG,0.326,0.000,0.000,0.000,,,NT,Regional - NT,590017,2026/08/24 06:41:09
2026/08/23,Palm Valley,580060,PROD,0.000,4.589,0.000,0.000,,,NT,Regional - NT,590017,2026/08/24 11:17:06
2026/08/23,PCA,550052,PIPE,0.000,15.022,44.962,1.022,,,VIC,Iona Hub,530016,2026/08/24 07:20:01
2026/08/23,PCA,550052,PIPE,22.219,0.000,0.000,0.000,,,SA,Adelaide,550016,2026/08/24 07:20:01
2026/08/23,PCA,550052,PIPE,0.000,0.000,0.000,8.230,,,VIC,Regional - VIC,590012,2026/08/24 07:20:01
2026/08/23,PCA,550052,PIPE,0.345,0.000,0.000,13.017,,,SA,Regional - SA,590013,2026/08/24 07:20:01
2026/08/23,PCI,530060,PIPE,0.000,175.602,1.022,176.624,,,VIC,Iona Hub,530016,2026/08/24 07:20:01
2026/08/23,Peat,540065,PROD,0.000,11.837,0.000,0.000,,,QLD,Regional - QLD,590001,2026/08/28 11:30:12
2026/08/23,Pelican Point Power Station,555089,BBGPG,18.348,0.000,0.000,0.000,,,SA,Regional - SA,590013,2026/08/24 07:20:01
2026/08/23,Phosphate Hill,544081,BBLARGE,24.774,0.000,0.000,0.000,,,QLD,Regional - QLD,590001,2026/08/24 12:46:30
2026/08/23,Pipeline Compression Station,544279,COMPRESSOR,0.000,0.000,0.000,0.000,,,QLD,Regional - QLD,590001,2026/09/14 15:43:05
2026/08/23,PVP,580070,PIPE,0.765,0.000,0.958,0.000,,,NT,Regional - NT,590017,2026/08/24 06:41:09
2026/08/23,QCLNG LNG Plant,544272,LNGEXPORT,1497.966,0.000,0.000,0.000,,,QLD,Curtis Island,540030,2026/09/10 11:36:06
2026/08/23,QGP,540058,PIPE,0.000,0.000,0.000,0.000,,,QLD,Wallumbilla Hub,540032,2026/08/24 13:00:05
2026/08/23,QGP,540058,PIPE,99.927,24.576,76.887,0.985,,,QLD,Regional - QLD,590001,2026/08/24 13:00:05
2026/08/23,Quarantine Power Station,555087,BBGPG,0.000,0.000,0.000,0.000,,,SA,Regional - SA,590013,2026/08/24 11:31:05
2026/08/23,Queensland Aluminia,544012,BBLARGE,26.778,0.000,0.000,0.000,,,QLD,Regional - QLD,590001,2026/08/24 13:00:05
2026/08/23,RBP,540057,PIPE,0.000,0.000,9.998,27.795,,,QLD,Wallumbilla Hub,540032,2026/08/24 12:46:30
2026/08/23,RBP,540057,PIPE,2.136,20.064,35.515,10.536,,,QLD,Regional - QLD,590001,2026/08/24 12:46:30
2026/08/23,RBP,540057,PIPE,34.405,0.000,0.000,0.000,,,QLD,Brisbane,590002,2026/08/24 12:46:30
2026/08/23,RCWP,540102,PIPE,0.000,0.000,14.972,0.000,,,QLD,Wallumbilla Hub,540032,2026/08/24 12:46:30
2026/08/23,RCWP,540102,PIPE,0.000,0.000,36.231,50.374,,,QLD,Regional - QLD,590001,2026/08/24 12:46:30
2026/08/23,Reedy Creek,540085,PROD,0.000,198.773,0.000,0.000,,,QLD,Regional - QLD,590001,2026/08/28 11:30:12
2026/08/23,RMNGPF,640011,PROD,0.000,16.980,0.000,0.000,,,QLD,Regional - QLD,590001,2026/08/24 11:25:43
2026/08/23,RNMGP,640012,PIPE,0.000,16.980,0.000,16.980,,,QLD,Regional - QLD,590001,2026/08/24 11:25:43
2026/08/23,RNP,640009,PIPE,0.000,22.379,0.000,22.379,,,QLD,Regional - QLD,590001,2026/08/24 12:01:08
2026/08/23,Rolleston,540073,PROD,0.000,8.913,0.000,0.000,,,QLD,Regional - QLD,590001,2026/08/24 13:00:05
2026/08/23,Roma,540095,PROD,0.000,236.716,0.000,0.000,,,QLD,Regional - QLD,590001,2026/09/14 15:58:05
2026/08/23,Roma North,544260,PROD,0.000,22.379,0.000,0.000,,,QLD,Regional - QLD,590001,2026/08/24 12:01:33
2026/08/23,Roma Power Station,540120,BBGPG,0.000,0.000,0.000,0.000,,,QLD,Regional - QLD,590001,2026/08/24 11:42:58
2026/08/23,Ron Goodin Power Station,580234,BBGPG,0.000,0.000,0.000,0.000,,,NT,Regional - NT,590017,2026/08/24 06:41:09
2026/08/23,RPL,540110,PIPE,0.047,0.000,0.000,0.000,,,QLD,Regional - QLD,590001,2026/08/24 11:42:58
2026/08/23,Ruby Jo,540082,PROD,0.000,427.063,0.000,0.000,,,QLD,Regional - QLD,590001,2026/09/10 11:36:06
2026/08/23,RUGS,540040,STOR,0.000,3.278,0.000,0.000,15132.342,0.000,QLD,Regional - QLD,590001,2026/09/14 15:58:05
2026/08/23,Scotia,540072,PROD,0.000,97.713,0.000,0.000,,,QLD,Regional - QLD,590001,2026/09/14 15:58:05
2026/08/23,SEPS,550061,PIPE,6.961,0.000,6.964,0.000,,,SA,Regional - SA,590013,2026/08/24 11:32:05
2026/08/23,SESA,550060,PIPE,0.000,0.000,8.229,0.000,,,VIC,Regional - VIC,590012,2026/08/24 12:46:30
2026/08/23,SESA,550060,PIPE,1.082,0.000,0.000,6.969,,,SA,Regional - SA,590013,2026/08/24 12:46:30
2026/08/23,Shoalhaven Starches Cogeneration Plant,523203,BBLARGE,22.038,0.000,0.000,0.000,,,NSW,Regional - NSW,590011,2026/08/24 12:54:35
2026/08/23,Smithfield Energy Facility,522004,BBGPG,0.000,0.000,0.000,0.000,,,NSW,Regional - NSW,590011,2026/08/24 12:04:19
2026/08/23,Snapper Point,555090,BBGPG,0.001,0.000,0.000,0.000,,,SA,Regional - SA,590013,2026/08/24 11:31:05
2026/08/23,Somerton,533174,BBGPG,0.001,0.000,0.000,0.000,,,VIC,Melbourne,590008,2026/08/31 11:00:04
2026/08/23,Spring Gully,540066,PROD,0.000,55.828,0.000,0.000,,,QLD,Regional - QLD,590001,2026/08/28 11:30:12
2026/08/23,SSP,540103,PIPE,0.000,7.570,0.000,7.570,,,QLD,Regional - QLD,590001,2026/08/24 09:54:17
2026/08/23,SSSF,540062,STOR,0.000,7.500,0.000,0.000,8531.492,0.000,QLD,Regional - QLD,590001,2026/08/24 09:54:17
2026/08/23,Strathblane,540067,PROD,0.000,43.366,0.000,0.000,,,QLD,Regional - QLD,590001,2026/08/28 11:30:12
2026/08/23,Swanbank Power Station,544104,BBGPG,0.000,0.000,0.000,0.000,,,QLD,Brisbane,590002,2026/08/24 12:46:30
2026/08/23,SWQP,540060,PIPE,0.000,0.000,236.538,182.855,,,QLD,Wallumbilla Hub,540032,2026/08/24 12:46:30
2026/08/23,SWQP,540060,PIPE,0.000,0.000,0.000,72.168,,,QLD,Ballera,540078,2026/08/24 12:46:30
2026/08/23,SWQP,540060,PIPE,0.000,181.580,0.000,63.689,,,SA,Moomba Hub,550017,2026/08/24 12:46:30
2026/08/23,SWQP,540060,PIPE,0.118,0.000,0.000,0.000,,,QLD,Regional - QLD,590001,2026/08/24 12:46:30
2026/08/23,Talinga,540076,PROD,0.000,83.039,0.000,0.000,,,QLD,Regional - QLD,590001,2026/08/28 11:30:12
2026/08/23,Tallawarra,522002,BBGPG,0.000,0.000,0.000,0.000,,,NSW,Regional - NSW,590011,2026/08/24 11:00:09
2026/08/23,Tallawarra Pipeline,523201,PIPE,0.000,0.000,0.000,0.000,,,NSW,Regional - NSW,590011,2026/08/24 11:00:09
2026/08/23,Taloona,540068,PROD,0.000,40.982,0.000,0.000,,,QLD,Regional - QLD,590001,2026/08/28 11:30:12
2026/08/23,Tanami GP,580210,PIPE,8.635,0.000,8.740,0.000,,,NT,Regional - NT,590017,2026/08/24 12:02:00
2026/08/23,TGP,570050,PIPE,0.000,0.000,81.434,45.397,,,VIC,Longford Hub,530015,2026/08/25 12:01:00
2026/08/23,TGP,570050,PIPE,16.684,0.000,0.000,0.000,,,TAS,Regional - TAS,590014,2026/08/25 12:01:00
2026/08/23,Tipton,540051,PROD,0.000,34.782,0.000,0.000,,,QLD,Regional - QLD,590001,2026/08/24 10:21:24
2026/08/23,Torrens Island PS,555041,BBGPG,14.843,0.000,0.000,0.000,,,SA,Regional - SA,590013,2026/08/24 11:31:05
2026/08/23,Uranquinty Power Station,522047,BBGPG,0.000,0.000,0.000,0.000,,,NSW,Regional - NSW,590011,2026/08/24 12:46:30
2026/08/23,Valley Power GPG,535024,BBGPG,0.004,0.000,0.000,0.000,,,VIC,Gippsland,590009,2026/08/24 11:00:45
2026/08/23,VicHub,532005,PIPE,0.000,0.000,5.402,5.402,,,VIC,Longford Hub,530015,2026/08/24 12:01:35
2026/08/23,Viva Energy Refinery,535018,BBLARGE,8.518,0.000,0.000,0.000,,,VIC,Geelong,590005,2026/08/24 07:30:16
2026/08/23,VTS,530110,PIPE,0.000,423.265,50.813,0.002,,,VIC,Longford Hub,530015,2026/08/31 11:00:04
2026/08/23,VTS,530110,PIPE,18.012,0.510,131.619,0.000,,,VIC,Iona Hub,530016,2026/08/31 11:00:04
2026/08/23,VTS,530110,PIPE,10.058,0.000,0.000,0.000,,,VIC,Western,590004,2026/08/31 11:00:04
2026/08/23,VTS,530110,PIPE,49.798,0.000,0.000,0.000,,,VIC,Geelong,590005,2026/08/31 11:00:04
2026/08/23,VTS,530110,PIPE,35.404,0.000,0.000,0.000,,,VIC,Ballarat,590006,2026/08/31 11:00:04
2026/08/23,VTS,530110,PIPE,58.037,0.000,0.000,0.000,,,VIC,Northern,590007,2026/08/31 11:00:04
2026/08/23,VTS,530110,PIPE,310.386,0.231,0.000,0.000,,,VIC,Melbourne,590008,2026/08/31 11:00:04
2026/08/23,VTS,530110,PIPE,32.350,0.000,17.657,0.000,,,VIC,Gippsland,590009,2026/08/31 11:00:04
2026/08/23,VTS,530110,PIPE,0.000,0.000,0.000,101.777,,,NSW,Culcairn,590016,2026/08/31 11:00:04
2026/08/23,Wallumbilla Compression Station,544280,COMPRESSOR,0.000,0.000,0.000,0.000,,,QLD,Wallumbilla Hub,540032,2026/09/14 15:43:05
2026/08/23,WCFA,540045,COMPRESSOR,0.000,0.000,102.917,102.917,,,QLD,Wallumbilla Hub,540032,2026/08/24 12:46:30
2026/08/23,WCFB,540046,COMPRESSOR,0.000,0.000,122.318,122.318,,,QLD,Wallumbilla Hub,540032,2026/08/24 12:46:30
2026/08/23,Weddell Power Station,580232,BBGPG,14.157,0.000,0.000,0.000,,,NT,Darwin,580001,2026/08/24 12:46:30
2026/08/23,WGP,540091,PIPE,1497.966,0.000,0.000,0.000,,,QLD,Curtis Island,540030,2026/09/10 11:36:06
2026/08/23,WGP,540091,PIPE,0.000,1453.690,61.675,0.000,,,QLD,Regional - QLD,590001,2026/09/10 11:36:06
2026/08/23,Whyalla Steelworks,555085,BBLARGE,3.563,0.000,0.000,0.000,,,SA,Regional - SA,590013,2026/08/24 11:31:05
2026/08/23,Windibri,540069,PROD,0.000,89.033,0.000,0.000,,,QLD,Regional - QLD,590001,2026/09/10 11:36:06
2026/08/23,Woleebee Creek,540087,PROD,0.000,642.625,0.000,0.000,,,QLD,Regional - QLD,590001,2026/09/10 11:36:06
2026/08/23,WPP,580030,PIPE,14.157,25.137,0.000,10.969,,,NT,Darwin,580001,2026/08/24 12:46:30
2026/08/23,Yarwun,544282,BBGPG,47.252,0.000,0.000,0.000,,,QLD,Regional - QLD,590001,2026/08/24 13:00:05
2026/08/23,Yelcherr,580180,PROD,0.000,0.000,0.000,0.000,,,NT,Regional - NT,590017,2026/08/24 12:46:30
2026/08/23,Yellowbank,540074,PROD,0.000,11.413,0.000,0.000,,,QLD,Regional - QLD,590001,2026/08/24 13:00:05
2026/08/24,Adelaide Brighton,555091,BBLARGE,9.777,0.000,0.000,0.000,,,SA,Adelaide,550016,2026/09/08 13:00:01
2026/08/24,AGP,580010,PIPE,21.848,0.000,13.413,0.000,,,NT,Darwin,580001,2026/08/25 12:46:30
2026/08/24,AGP,580010,PIPE,7.038,31.494,0.000,18.308,,,NT,Regional - NT,590017,2026/08/25 12:46:30
2026/08/24,APLNG Pipeline,540093,PIPE,1680.290,0.000,0.000,0.000,,,QLD,Curtis Island,540030,2026/08/29 11:30:13
2026/08/24,APLNG Pipeline,540093,PIPE,0.000,1341.691,487.934,150.856,,,QLD,Regional - QLD,590001,2026/08/29 11:30:13
2026/08/24,Arcadia,540101,PROD,0.000,92.609,0.000,0.000,,,QLD,Regional - QLD,590001,2026/08/25 10:58:20
2026/08/24,ATGP,640013,PIPE,0.000,41.383,0.000,41.383,,,QLD,Regional - QLD,590001,2026/08/25 12:01:10
2026/08/24,ATHENA,535014,PROD,0.000,17.571,0.000,0.000,,,VIC,Iona Hub,530016,2026/08/29 10:23:29
2026/08/24,Atlas,544261,PROD,0.000,41.383,0.000,0.000,,,QLD,Regional - QLD,590001,2026/08/25 12:01:15
2026/08/24,Atlas East Central Processing Facility,640008,PROD,0.000,34.330,0.000,0.000,,,QLD,Regional - QLD,590001,2026/08/25 11:43:05
2026/08/24,Atlas to Reedy Creek Pipeline,640007,PIPE,0.000,34.332,0.000,32.500,,,QLD,Regional - QLD,590001,2026/08/25 12:46:30
2026/08/24,Australia Pacific LNG,544273,LNGEXPORT,1679.752,0.000,0.000,0.000,,,QLD,Curtis Island,540030,2026/08/25 12:00:25
2026/08/24,Australian Paper (Opal),535021,BBLARGE,9.885,0.000,0.000,0.000,,,VIC,Gippsland,590009,2026/08/31 11:00:04
2026/08/24,B1PL,540077,PIPE,0.035,33.571,0.000,31.124,,,QLD,Regional - QLD,590001,2026/08/25 11:00:47
2026/08/24,B2PL,540071,PIPE,0.000,53.962,4.006,60.710,,,QLD,Regional - QLD,590001,2026/08/25 10:25:26
2026/08/24,Bairnsdale Power Station,535020,BBGPG,0.000,0.000,0.000,0.000,,,VIC,Regional - VIC,590012,2026/08/25 11:00:44
2026/08/24,BCF,540047,COMPRESSOR,0.000,0.000,72.700,72.700,,,QLD,Regional - QLD,590001,2026/08/29 21:01:27
2026/08/24,Bell Bay CCGT,577016,BBGPG,20.113,0.000,0.000,0.000,,,TAS,Regional - TAS,590014,2026/08/26 12:01:00
2026/08/24,Bell Bay GGT,577014,BBGPG,0.398,0.000,0.000,0.000,,,TAS,Regional - TAS,590014,2026/08/26 12:01:00
2026/08/24,Bell Bay OCGT,577015,BBGPG,0.403,0.000,0.000,0.000,,,TAS,Regional - TAS,590014,2026/08/26 12:01:00
2026/08/24,Bellevue,540083,PROD,0.000,148.209,0.000,0.000,,,QLD,Regional - QLD,590001,2026/09/10 11:36:06
2026/08/24,BGP,580020,PIPE,0.318,0.000,0.000,0.000,,,NT,Regional - NT,590017,2026/08/25 12:46:30
2026/08/24,BlueScope,523204,BBLARGE,8.490,0.000,0.000,0.000,,,NSW,Sydney,520008,2026/08/25 12:01:05
2026/08/24,Bolivar,555008,BBGPG,0.000,0.000,0.000,0.000,,,SA,Regional - SA,590013,2026/08/25 12:03:47
2026/08/24,Bomaderry Gas Pipeline,523202,PIPE,19.848,0.000,22.266,0.000,,,NSW,Regional - NSW,590011,2026/08/26 12:38:23
2026/08/24,BPP,530030,PIPE,2.320,20.010,0.000,17.694,,,VIC,Gippsland,590009,2026/08/31 11:00:04
2026/08/24,Braemar 2 Power Station,544085,BBGPG,0.000,0.000,0.000,0.000,,,QLD,Regional - QLD,590001,2026/08/25 10:25:26
2026/08/24,Braemar Power Station,544252,BBGPG,0.035,0.000,0.000,0.000,,,QLD,Regional - QLD,590001,2026/08/25 11:00:47
2026/08/24,BWP,540096,PIPE,0.000,0.000,0.000,5.092,,,QLD,Wallumbilla Hub,540032,2026/08/25 12:46:30
2026/08/24,BWP,540096,PIPE,0.000,5.046,0.000,0.000,,,QLD,Regional - QLD,590001,2026/08/25 12:46:30
2026/08/24,CGP,540059,PIPE,0.000,0.000,72.677,0.000,,,QLD,Ballera,540078,2026/08/25 12:46:30
2026/08/24,CGP,540059,PIPE,71.667,0.000,0.000,0.000,,,QLD,Regional - QLD,590001,2026/08/25 12:46:30
2026/08/24,Channel Island Power Station,580231,BBGPG,21.848,0.000,0.000,0.000,,,NT,Darwin,580001,2026/08/25 12:46:30
2026/08/24,Colongra,523120,BBGPG,0.000,0.000,0.000,0.000,,,NSW,Regional - NSW,590011,2026/08/25 12:00:05
2026/08/24,ColongraGP,520090,PIPE,0.000,0.000,0.000,0.000,,,NSW,Sydney,520008,2026/08/25 12:00:05
2026/08/24,ColongraGP,520090,PIPE,0.000,0.000,0.000,0.000,,,NSW,Regional - NSW,590011,2026/08/25 12:00:05
2026/08/24,Combabula,540094,PROD,0.000,291.581,0.000,0.000,,,QLD,Regional - QLD,590001,2026/08/29 11:30:13
2026/08/24,Condabri Central,540080,PROD,0.000,140.692,0.000,0.000,,,QLD,Regional - QLD,590001,2026/08/29 11:30:13
2026/08/24,Condabri North,540090,PROD,0.000,164.005,0.000,0.000,,,QLD,Regional - QLD,590001,2026/08/29 11:30:13
2026/08/24,Condabri South,540086,PROD,0.000,157.054,0.000,0.000,,,QLD,Regional - QLD,590001,2026/08/29 11:30:13
2026/08/24,Condamine Power Station,544274,BBGPG,0.009,0.000,0.000,0.000,,,QLD,Regional - QLD,590001,2026/09/10 11:36:04
2026/08/24,CRWP,540098,PIPE,0.000,0.000,157.837,0.000,,,QLD,Wallumbilla Hub,540032,2026/08/25 10:58:04
2026/08/24,CRWP,540098,PIPE,0.000,237.297,39.454,431.329,,,QLD,Regional - QLD,590001,2026/08/25 10:58:04
2026/08/24,CWP,520054,PIPE,3.389,0.000,2.169,0.000,,,NSW,Regional - NSW,590011,2026/08/25 12:46:30
2026/08/24,Daandine,540050,PROD,0.000,53.962,0.000,0.000,,,QLD,Regional - QLD,590001,2026/08/25 10:25:44
2026/08/24,Dandenong LNG,530038,STOR,0.000,0.277,0.000,0.000,606.731,27.889,VIC,Melbourne,590008,2026/08/25 12:46:30
2026/08/24,DDP,540097,PIPE,0.000,0.000,0.000,185.869,,,QLD,Wallumbilla Hub,540032,2026/09/02 11:01:11
2026/08/24,DDP,540097,PIPE,0.002,539.581,106.306,463.897,,,QLD,Regional - QLD,590001,2026/09/02 11:01:11
2026/08/24,DDPS,544027,BBGPG,0.002,0.000,0.000,0.000,,,QLD,Regional - QLD,590001,2026/09/02 11:01:11
2026/08/24,Diamantina Power Station,544077,BBGPG,33.159,0.000,0.000,0.000,,,QLD,Regional - QLD,590001,2026/08/25 12:46:30
2026/08/24,Dry Creek Power Station,555026,BBGPG,0.000,0.000,0.000,0.000,,,SA,Regional - SA,590013,2026/08/25 11:31:05
2026/08/24,EGP,520047,PIPE,122.178,0.000,0.000,0.000,,,NSW,Sydney,520008,2026/08/25 12:01:05
2026/08/24,EGP,520047,PIPE,12.318,0.000,0.000,0.000,,,NSW,Canberra,520009,2026/08/25 12:01:05
2026/08/24,EGP,520047,PIPE,0.000,192.613,0.000,96.997,,,VIC,Longford Hub,530015,2026/08/25 12:01:05
2026/08/24,EGP,520047,PIPE,5.309,0.000,0.000,22.266,,,NSW,Regional - NSW,590011,2026/08/25 12:01:05
2026/08/24,EGP,520047,PIPE,1.071,68.388,0.000,0.000,,,VIC,Regional - VIC,590012,2026/08/25 12:01:05
2026/08/24,EO4PL,540055,PIPE,0.000,0.000,0.000,0.000,,,QLD,Regional - QLD,590001,2026/09/10 11:36:06
2026/08/24,Eurombah Creek,540089,PROD,0.000,147.652,0.000,0.000,,,QLD,Regional - QLD,590001,2026/08/29 11:30:13
2026/08/24,Fairview,540070,PROD,0.000,278.397,0.000,0.000,,,QLD,Regional - QLD,590001,2026/08/25 10:58:20
2026/08/24,GLNG (Curtis Island),544276,LNGEXPORT,796.095,0.000,0.000,0.000,,,QLD,Curtis Island,540030,2026/08/25 10:58:04
2026/08/24,GLNG Pipeline,540092,PIPE,796.095,0.000,0.000,0.000,,,QLD,Curtis Island,540030,2026/08/25 10:58:04
2026/08/24,GLNG Pipeline,540092,PIPE,0.000,409.846,440.401,0.000,,,QLD,Regional - QLD,590001,2026/09/10 11:36:06
2026/08/24,Hallett,555029,BBGPG,0.000,0.000,0.000,0.000,,,SA,Regional - SA,590013,2026/08/25 11:31:05
2026/08/24,Hunter Power Station,523210,BBGPG,0.000,0.000,0.000,0.000,,,NSW,Sydney,520008,2026/08/25 12:46:30
2026/08/24,ICF,530071,COMPRESSOR,0.000,0.000,8.000,8.000,,,VIC,Iona Hub,530016,2026/08/25 08:35:03
2026/08/24,Iona UGS,530042,STOR,39.144,17.147,0.000,0.000,13415.370,0.000,VIC,Iona Hub,530016,2026/08/25 08:30:03
2026/08/24,Jeerelang,533161,BBGPG,0.000,0.000,0.000,0.000,,,VIC,Gippsland,590009,2026/08/31 11:00:04
2026/08/24,Jordan,540088,PROD,0.000,333.738,0.000,0.000,,,QLD,Regional - QLD,590001,2026/09/10 11:36:06
2026/08/24,Katherine Power Station,580233,BBGPG,0.000,0.000,0.000,0.000,,,NT,Regional - NT,590017,2026/08/25 12:46:30
2026/08/24,Kenya,540075,PROD,0.000,120.790,0.000,0.000,,,QLD,Regional - QLD,590001,2026/09/10 11:36:06
2026/08/24,Kincora,544253,PROD,0.000,4.000,0.000,0.000,,,QLD,Regional - QLD,590001,2026/08/25 12:46:30
2026/08/24,KKLP,523209,PIPE,0.000,0.000,0.000,0.000,,,NSW,Sydney,520008,2026/08/25 12:46:30
2026/08/24,Kogan North,540061,PROD,0.000,4.179,0.000,0.000,,,QLD,Regional - QLD,590001,2026/08/25 12:46:30
2026/08/24,Ladbroke Grove PS,555086,BBGPG,6.716,0.000,0.000,0.000,,,SA,Regional - SA,590013,2026/08/25 12:46:30
2026/08/24,Lang Lang,530039,PROD,0.000,20.010,0.000,0.000,,,VIC,Gippsland,590009,2026/08/25 11:19:11
2026/08/24,Laverton,533201,BBGPG,0.000,0.000,0.000,0.000,,,VIC,Geelong,590005,2026/08/31 11:00:04
2026/08/24,Longford,530040,PROD,0.000,617.962,0.000,0.000,,,VIC,Longford Hub,530015,2026/08/25 08:33:33
2026/08/24,Loy Yang B,533163,BBGPG,0.000,0.000,0.000,0.000,,,VIC,Gippsland,590009,2026/08/25 11:00:46
2026/08/24,LYB Transmission Pipeline,535023,PIPE,0.001,0.000,0.000,0.000,,,VIC,Gippsland,590009,2026/08/25 11:00:46
2026/08/24,MAPS,550054,PIPE,43.753,0.000,0.000,0.000,,,SA,Adelaide,550016,2026/08/25 11:31:05
2026/08/24,MAPS,550054,PIPE,0.000,39.484,45.350,0.000,,,SA,Moomba Hub,550017,2026/08/25 11:31:05
2026/08/24,MAPS,550054,PIPE,48.341,0.000,15.000,0.000,,,SA,Regional - SA,590013,2026/08/25 11:31:05
2026/08/24,McArthur River Mine,580220,BBGPG,8.574,0.000,0.000,0.000,,,NT,Regional - NT,590017,2026/08/25 09:16:19
2026/08/24,MCF,550050,COMPRESSOR,0.000,0.000,133.986,133.986,,,SA,Moomba Hub,550017,2026/08/25 12:46:30
2026/08/24,Mereenie,580040,PROD,0.000,25.853,0.000,0.000,,,NT,Regional - NT,590017,2026/08/25 11:26:44
2026/08/24,Meridian,540064,PROD,0.000,43.090,0.000,0.000,,,QLD,Regional - QLD,590001,2026/08/25 09:39:16
2026/08/24,Mintaro Power Station,555031,BBGPG,0.000,0.000,0.000,0.000,,,SA,Regional - SA,590013,2026/08/25 11:31:05
2026/08/24,Moomba,550045,PROD,0.000,220.300,0.000,0.000,,,SA,Moomba Hub,550017,2026/08/29 21:01:27
2026/08/24,Moomba Storage,550046,STOR,0.000,1.900,0.000,0.000,6301.800,0.000,SA,Moomba Hub,550017,2026/08/29 21:01:27
2026/08/24,Mortlake PS,530063,BBGPG,15.379,0.000,0.000,0.000,,,VIC,Regional - VIC,590012,2026/08/25 07:20:00
2026/08/24,MPL,530061,PIPE,0.000,0.000,7.739,0.000,,,VIC,Iona Hub,530016,2026/08/25 07:20:00
2026/08/24,MPL,530061,PIPE,15.379,0.000,0.000,0.000,,,VIC,Regional - VIC,590012,2026/08/25 07:20:00
2026/08/24,MRP,580100,PIPE,8.574,0.000,8.574,0.000,,,NT,Regional - NT,590017,2026/08/25 09:16:19
2026/08/24,MSP,520053,PIPE,107.570,0.000,0.000,0.000,,,NSW,Sydney,520008,2026/08/25 12:46:30
2026/08/24,MSP,520053,PIPE,0.000,0.000,8.000,0.500,,,SA,Moomba Hub,550017,2026/08/25 12:46:30
2026/08/24,MSP,520053,PIPE,35.502,0.000,0.000,2.169,,,NSW,Regional - NSW,590011,2026/08/25 12:46:30
2026/08/24,MSP,520053,PIPE,11.667,0.000,0.000,0.000,,,NSW,Regional - ACT,590015,2026/08/25 12:46:30
2026/08/24,MSP,520053,PIPE,0.000,0.000,80.279,0.000,,,NSW,Culcairn,590016,2026/08/25 12:46:30
2026/08/24,Newport,533171,BBGPG,0.004,0.000,0.000,0.000,,,VIC,Melbourne,590008,2026/08/31 11:00:04
2026/08/24,NGP,580050,PIPE,0.000,0.000,0.000,0.000,,,QLD,Regional - QLD,590001,2026/08/25 12:01:13
2026/08/24,NGP,580050,PIPE,0.000,0.000,0.000,0.000,,,NT,Regional - NT,590017,2026/08/25 12:01:13
2026/08/24,NGS,520060,STOR,0.110,0.714,0.000,0.000,670.236,76.828,NSW,Sydney,520008,2026/08/25 07:49:48
2026/08/24,Oakey PS,544095,BBGPG,0.000,0.000,0.000,0.000,,,QLD,Regional - QLD,590001,2026/08/25 12:46:30
2026/08/24,Orana,540084,PROD,0.000,167.463,0.000,0.000,,,QLD,Regional - QLD,590001,2026/08/29 11:30:13
2026/08/24,Orbost,530041,PROD,0.000,68.388,0.000,0.000,,,VIC,Regional - VIC,590012,2026/08/25 12:01:05
2026/08/24,Orica,544011,BBLARGE,9.085,0.000,0.000,0.000,,,QLD,Regional - QLD,590001,2026/08/25 12:01:06
2026/08/24,Orica (Kooragang Island),523206,BBLARGE,39.575,0.000,0.000,0.000,,,NSW,Sydney,520008,2026/08/25 13:00:00
2026/08/24,Osborne,555033,BBGPG,0.000,0.000,0.000,0.000,,,SA,Regional - SA,590013,2026/08/25 11:31:05
2026/08/24,Otway,530044,PROD,0.000,163.910,0.000,0.000,,,VIC,Iona Hub,530016,2026/08/25 11:20:16
2026/08/24,Owen Springs Power Station,580235,BBGPG,0.374,0.000,0.000,0.000,,,NT,Regional - NT,590017,2026/08/25 06:41:02
2026/08/24,Palm Valley,580060,PROD,0.000,5.641,0.000,0.000,,,NT,Regional - NT,590017,2026/08/25 11:26:44
2026/08/24,PCA,550052,PIPE,0.000,14.042,42.126,1.019,,,VIC,Iona Hub,530016,2026/08/25 07:20:01
2026/08/24,PCA,550052,PIPE,19.455,0.000,0.000,0.000,,,SA,Adelaide,550016,2026/08/25 07:20:01
2026/08/24,PCA,550052,PIPE,0.000,0.000,0.000,14.644,,,VIC,Regional - VIC,590012,2026/08/25 07:20:01
2026/08/24,PCA,550052,PIPE,12.060,0.000,0.000,15.007,,,SA,Regional - SA,590013,2026/08/25 07:20:01
2026/08/24,PCI,530060,PIPE,0.000,175.423,1.019,176.442,,,VIC,Iona Hub,530016,2026/08/25 07:20:01
2026/08/24,Peat,540065,PROD,0.000,10.559,0.000,0.000,,,QLD,Regional - QLD,590001,2026/08/29 11:30:13
2026/08/24,Pelican Point Power Station,555089,BBGPG,14.816,0.000,0.000,0.000,,,SA,Regional - SA,590013,2026/08/25 07:20:01
2026/08/24,Phosphate Hill,544081,BBLARGE,24.499,0.000,0.000,0.000,,,QLD,Regional - QLD,590001,2026/08/25 12:46:30
2026/08/24,Pipeline Compression Station,544279,COMPRESSOR,0.000,0.000,0.000,0.000,,,QLD,Regional - QLD,590001,2026/08/25 10:58:04
2026/08/24,PVP,580070,PIPE,0.822,0.000,0.994,0.000,,,NT,Regional - NT,590017,2026/08/25 06:41:02
2026/08/24,QCLNG LNG Plant,544272,LNGEXPORT,1505.553,0.000,0.000,0.000,,,QLD,Curtis Island,540030,2026/09/10 11:36:06
2026/08/24,QGP,540058,PIPE,0.000,0.000,0.968,0.000,,,QLD,Wallumbilla Hub,540032,2026/08/25 12:01:06
2026/08/24,QGP,540058,PIPE,103.541,22.591,76.886,0.000,,,QLD,Regional - QLD,590001,2026/08/25 12:01:06
2026/08/24,Quarantine Power Station,555087,BBGPG,11.712,0.000,0.000,0.000,,,SA,Regional - SA,590013,2026/08/25 11:31:05
2026/08/24,Queensland Aluminia,544012,BBLARGE,27.376,0.000,0.000,0.000,,,QLD,Regional - QLD,590001,2026/08/25 12:01:06
2026/08/24,RBP,540057,PIPE,0.000,0.000,15.729,11.300,,,QLD,Wallumbilla Hub,540032,2026/08/25 12:46:30
2026/08/24,RBP,540057,PIPE,3.917,18.738,38.424,4.006,,,QLD,Regional - QLD,590001,2026/08/25 12:46:30
2026/08/24,RBP,540057,PIPE,50.176,0.000,0.000,0.000,,,QLD,Brisbane,590002,2026/08/25 12:46:30
2026/08/24,RCWP,540102,PIPE,0.000,0.000,0.083,8.438,,,QLD,Wallumbilla Hub,540032,2026/08/25 12:46:30
2026/08/24,RCWP,540102,PIPE,0.000,0.000,32.500,24.037,,,QLD,Regional - QLD,590001,2026/08/25 12:46:30
2026/08/24,Reedy Creek,540085,PROD,0.000,198.665,0.000,0.000,,,QLD,Regional - QLD,590001,2026/08/29 11:30:13
2026/08/24,RMNGPF,640011,PROD,0.000,16.960,0.000,0.000,,,QLD,Regional - QLD,590001,2026/08/25 11:43:14
2026/08/24,RNMGP,640012,PIPE,0.000,16.960,0.000,16.960,,,QLD,Regional - QLD,590001,2026/08/25 11:43:14
2026/08/24,RNP,640009,PIPE,0.000,22.494,0.000,22.494,,,QLD,Regional - QLD,590001,2026/08/25 12:01:08
2026/08/24,Rolleston,540073,PROD,0.000,6.681,0.000,0.000,,,QLD,Regional - QLD,590001,2026/08/25 12:01:06
2026/08/24,Roma,540095,PROD,0.000,237.297,0.000,0.000,,,QLD,Regional - QLD,590001,2026/08/25 10:58:24
2026/08/24,Roma North,544260,PROD,0.000,22.494,0.000,0.000,,,QLD,Regional - QLD,590001,2026/08/25 12:01:14
2026/08/24,Roma Power Station,540120,BBGPG,0.000,0.000,0.000,0.000,,,QLD,Regional - QLD,590001,2026/08/25 11:55:58
2026/08/24,Ron Goodin Power Station,580234,BBGPG,0.000,0.000,0.000,0.000,,,NT,Regional - NT,590017,2026/08/25 06:41:02
2026/08/24,RPL,540110,PIPE,0.052,0.000,0.000,0.000,,,QLD,Regional - QLD,590001,2026/08/25 11:55:58
2026/08/24,Ruby Jo,540082,PROD,0.000,425.474,0.000,0.000,,,QLD,Regional - QLD,590001,2026/09/10 11:36:06
2026/08/24,RUGS,540040,STOR,0.000,3.404,0.000,0.000,15129.959,0.000,QLD,Regional - QLD,590001,2026/08/25 10:58:24
2026/08/24,Scotia,540072,PROD,0.000,96.665,0.000,0.000,,,QLD,Regional - QLD,590001,2026/08/25 10:58:24
2026/08/24,SEPS,550061,PIPE,7.544,0.000,7.581,0.000,,,SA,Regional - SA,590013,2026/08/25 11:32:05
2026/08/24,SESA,550060,PIPE,0.000,0.000,14.643,0.000,,,VIC,Regional - VIC,590012,2026/08/25 12:46:30
2026/08/24,SESA,550060,PIPE,6.716,0.000,0.000,7.576,,,SA,Regional - SA,590013,2026/08/25 12:46:30
2026/08/24,Shoalhaven Starches Cogeneration Plant,523203,BBLARGE,19.848,0.000,0.000,0.000,,,NSW,Regional - NSW,590011,2026/08/26 12:38:23
2026/08/24,Smithfield Energy Facility,522004,BBGPG,0.000,0.000,0.000,0.000,,,NSW,Regional - NSW,590011,2026/08/25 12:03:53
2026/08/24,Snapper Point,555090,BBGPG,0.000,0.000,0.000,0.000,,,SA,Regional - SA,590013,2026/08/25 11:31:05
2026/08/24,Somerton,533174,BBGPG,0.002,0.000,0.000,0.000,,,VIC,Melbourne,590008,2026/08/31 11:00:04
2026/08/24,Spring Gully,540066,PROD,0.000,55.430,0.000,0.000,,,QLD,Regional - QLD,590001,2026/08/29 11:30:13
2026/08/24,SSP,540103,PIPE,0.000,7.860,0.000,7.860,,,QLD,Regional - QLD,590001,2026/08/25 10:36:29
2026/08/24,SSSF,540062,STOR,0.000,7.500,0.000,0.000,8523.632,0.000,QLD,Regional - QLD,590001,2026/08/25 10:36:29
2026/08/24,Strathblane,540067,PROD,0.000,45.478,0.000,0.000,,,QLD,Regional - QLD,590001,2026/08/29 11:30:13
2026/08/24,Swanbank Power Station,544104,BBGPG,0.000,0.000,0.000,0.000,,,QLD,Brisbane,590002,2026/08/25 12:46:30
2026/08/24,SWQP,540060,PIPE,0.000,0.000,210.699,174.617,,,QLD,Wallumbilla Hub,540032,2026/08/25 12:46:30
2026/08/24,SWQP,540060,PIPE,0.000,0.000,0.000,77.417,,,QLD,Ballera,540078,2026/08/25 12:46:30
2026/08/24,SWQP,540060,PIPE,0.000,186.836,0.000,52.850,,,SA,Moomba Hub,550017,2026/08/25 12:46:30
2026/08/24,SWQP,540060,PIPE,0.118,0.000,0.000,0.000,,,QLD,Regional - QLD,590001,2026/08/25 12:46:30
2026/08/24,Talinga,540076,PROD,0.000,81.809,0.000,0.000,,,QLD,Regional - QLD,590001,2026/08/29 11:30:13
2026/08/24,Tallawarra,522002,BBGPG,0.000,0.000,0.000,0.000,,,NSW,Regional - NSW,590011,2026/08/25 11:00:04
2026/08/24,Tallawarra Pipeline,523201,PIPE,0.000,0.000,0.000,0.000,,,NSW,Regional - NSW,590011,2026/08/25 11:00:04
2026/08/24,Taloona,540068,PROD,0.000,40.729,0.000,0.000,,,QLD,Regional - QLD,590001,2026/08/29 11:30:13
2026/08/24,Tanami GP,580210,PIPE,8.532,0.000,8.740,0.000,,,NT,Regional - NT,590017,2026/08/25 12:02:00
2026/08/24,TGP,570050,PIPE,0.000,0.000,84.699,35.890,,,VIC,Longford Hub,530015,2026/08/26 12:01:00
2026/08/24,TGP,570050,PIPE,35.475,0.000,0.000,0.000,,,TAS,Regional - TAS,590014,2026/08/26 12:01:00
2026/08/24,Tipton,540051,PROD,0.000,33.571,0.000,0.000,,,QLD,Regional - QLD,590001,2026/08/25 10:25:35
2026/08/24,Torrens Island PS,555041,BBGPG,10.224,0.000,0.000,0.000,,,SA,Regional - SA,590013,2026/08/25 11:31:05
2026/08/24,Uranquinty Power Station,522047,BBGPG,0.000,0.000,0.000,0.000,,,NSW,Regional - NSW,590011,2026/08/25 12:46:30
2026/08/24,Valley Power GPG,535024,BBGPG,0.001,0.000,0.000,0.000,,,VIC,Gippsland,590009,2026/08/25 11:00:46
2026/08/24,VicHub,532005,PIPE,0.000,0.000,12.312,12.312,,,VIC,Longford Hub,530015,2026/08/25 12:01:16
2026/08/24,Viva Energy Refinery,535018,BBLARGE,9.685,0.000,0.000,0.000,,,VIC,Geelong,590005,2026/08/25 07:30:17
2026/08/24,VTS,530110,PIPE,0.000,423.692,48.214,0.000,,,VIC,Longford Hub,530015,2026/08/31 11:00:04
2026/08/24,VTS,530110,PIPE,29.922,0.002,126.577,0.000,,,VIC,Iona Hub,530016,2026/08/31 11:00:04
2026/08/24,VTS,530110,PIPE,12.061,0.000,0.000,0.000,,,VIC,Western,590004,2026/08/31 11:00:04
2026/08/24,VTS,530110,PIPE,52.690,0.000,0.000,0.000,,,VIC,Geelong,590005,2026/08/31 11:00:04
2026/08/24,VTS,530110,PIPE,34.755,0.000,0.000,0.000,,,VIC,Ballarat,590006,2026/08/31 11:00:04
2026/08/24,VTS,530110,PIPE,61.457,0.000,0.000,0.000,,,VIC,Northern,590007,2026/08/31 11:00:04
2026/08/24,VTS,530110,PIPE,299.054,0.210,0.000,0.000,,,VIC,Melbourne,590008,2026/08/31 11:00:04
2026/08/24,VTS,530110,PIPE,34.387,0.000,17.694,0.000,,,VIC,Gippsland,590009,2026/08/31 11:00:04
2026/08/24,VTS,530110,PIPE,0.000,0.000,0.000,80.279,,,NSW,Culcairn,590016,2026/08/31 11:00:04
2026/08/24,Wallumbilla Compression Station,544280,COMPRESSOR,0.000,0.000,0.000,0.000,,,QLD,Wallumbilla Hub,540032,2026/08/25 10:58:04
2026/08/24,WCFA,540045,COMPRESSOR,0.000,0.000,77.118,77.118,,,QLD,Wallumbilla Hub,540032,2026/08/25 12:46:30
2026/08/24,WCFB,540046,COMPRESSOR,0.000,0.000,122.268,122.268,,,QLD,Wallumbilla Hub,540032,2026/08/25 12:46:30
2026/08/24,Weddell Power Station,580232,BBGPG,11.886,0.000,0.000,0.000,,,NT,Darwin,580001,2026/08/25 12:46:30
2026/08/24,WGP,540091,PIPE,1505.553,0.000,0.000,0.000,,,QLD,Curtis Island,540030,2026/09/10 11:36:06
2026/08/24,WGP,540091,PIPE,0.000,1460.553,60.710,0.000,,,QLD,Regional - QLD,590001,2026/09/10 11:36:06
2026/08/24,Whyalla Steelworks,555085,BBLARGE,5.101,0.000,0.000,0.000,,,SA,Regional - SA,590013,2026/08/25 11:31:05
2026/08/24,Windibri,540069,PROD,0.000,92.325,0.000,0.000,,,QLD,Regional - QLD,590001,2026/09/10 11:36:06
2026/08/24,Woleebee Creek,540087,PROD,0.000,641.820,0.000,0.000,,,QLD,Regional - QLD,590001,2026/09/10 11:36:06
2026/08/24,WPP,580030,PIPE,11.886,25.277,0.000,13.413,,,NT,Darwin,580001,2026/08/25 12:46:30
2026/08/24,Yarwun,544282,BBGPG,50.189,0.000,0.000,0.000,,,QLD,Regional - QLD,590001,2026/08/25 12:01:06
2026/08/24,Yelcherr,580180,PROD,0.000,0.000,0.000,0.000,,,NT,Regional - NT,590017,2026/08/25 12:46:30
2026/08/24,Yellowbank,540074,PROD,0.000,11.660,0.000,0.000,,,QLD,Regional - QLD,590001,2026/08/25 12:01:06
2026/08/25,Adelaide Brighton,555091,BBLARGE,9.349,0.000,0.000,0.000,,,SA,Adelaide,550016,2026/09/08 13:00:01
2026/08/25,AGP,580010,PIPE,21.449,0.000,12.160,0.000,,,NT,Darwin,580001,2026/08/26 12:46:13
2026/08/25,AGP,580010,PIPE,6.964,31.865,0.000,15.888,,,NT,Regional - NT,590017,2026/08/26 12:46:13
2026/08/25,APLNG Pipeline,540093,PIPE,1663.232,0.000,0.000,0.000,,,QLD,Curtis Island,540030,2026/08/30 11:46:35
2026/08/25,APLNG Pipeline,540093,PIPE,0.000,1339.675,494.968,165.934,,,QLD,Regional - QLD,590001,2026/08/30 11:46:35
2026/08/25,Arcadia,540101,PROD,0.000,91.511,0.000,0.000,,,QLD,Regional - QLD,590001,2026/08/26 11:13:17
2026/08/25,ATGP,640013,PIPE,0.000,42.524,0.000,42.524,,,QLD,Regional - QLD,590001,2026/08/26 12:01:14
2026/08/25,ATHENA,535014,PROD,0.000,17.493,0.000,0.000,,,VIC,Iona Hub,530016,2026/08/30 10:00:09
2026/08/25,Atlas,544261,PROD,0.000,42.524,0.000,0.000,,,QLD,Regional - QLD,590001,2026/08/26 12:01:18
2026/08/25,Atlas East Central Processing Facility,640008,PROD,0.000,33.530,0.000,0.000,,,QLD,Regional - QLD,590001,2026/08/26 08:49:03
2026/08/25,Atlas to Reedy Creek Pipeline,640007,PIPE,0.000,33.521,0.000,33.398,,,QLD,Regional - QLD,590001,2026/08/26 12:46:13
2026/08/25,Australia Pacific LNG,544273,LNGEXPORT,1663.232,0.000,0.000,0.000,,,QLD,Curtis Island,540030,2026/08/26 12:00:25
2026/08/25,Australian Paper (Opal),535021,BBLARGE,8.009,0.000,0.000,0.000,,,VIC,Gippsland,590009,2026/09/04 11:00:04
2026/08/25,B1PL,540077,PIPE,6.059,37.548,0.000,37.645,,,QLD,Regional - QLD,590001,2026/08/26 11:00:47
2026/08/25,B2PL,540071,PIPE,0.000,51.303,7.006,59.699,,,QLD,Regional - QLD,590001,2026/08/26 12:30:13
2026/08/25,Bairnsdale Power Station,535020,BBGPG,0.000,0.000,0.000,0.000,,,VIC,Regional - VIC,590012,2026/08/26 11:00:49
2026/08/25,BCF,540047,COMPRESSOR,0.000,0.000,75.100,75.100,,,QLD,Regional - QLD,590001,2026/08/30 21:10:41
2026/08/25,Bell Bay CCGT,577016,BBGPG,26.927,0.000,0.000,0.000,,,TAS,Regional - TAS,590014,2026/08/27 12:01:00
2026/08/25,Bell Bay GGT,577014,BBGPG,0.000,0.000,0.000,0.000,,,TAS,Regional - TAS,590014,2026/08/27 12:01:00
2026/08/25,Bell Bay OCGT,577015,BBGPG,0.000,0.000,0.000,0.000,,,TAS,Regional - TAS,590014,2026/08/27 12:01:00
2026/08/25,Bellevue,540083,PROD,0.000,148.327,0.000,0.000,,,QLD,Regional - QLD,590001,2026/09/10 11:36:06
2026/08/25,BGP,580020,PIPE,0.327,0.000,0.000,0.000,,,NT,Regional - NT,590017,2026/08/26 12:46:13
2026/08/25,BlueScope,523204,BBLARGE,8.607,0.000,0.000,0.000,,,NSW,Sydney,520008,2026/08/26 12:01:05
2026/08/25,Bolivar,555008,BBGPG,0.129,0.000,0.000,0.000,,,SA,Regional - SA,590013,2026/08/26 12:06:11
2026/08/25,Bomaderry Gas Pipeline,523202,PIPE,0.000,0.000,19.848,0.000,,,NSW,Regional - NSW,590011,2026/08/26 12:01:05
2026/08/25,BPP,530030,PIPE,2.720,19.100,0.000,16.379,,,VIC,Gippsland,590009,2026/09/04 11:00:04
2026/08/25,Braemar 2 Power Station,544085,BBGPG,0.000,0.000,0.000,0.000,,,QLD,Regional - QLD,590001,2026/08/26 12:30:13
2026/08/25,Braemar Power Station,544252,BBGPG,6.059,0.000,0.000,0.000,,,QLD,Regional - QLD,590001,2026/08/26 11:00:47
2026/08/25,BWP,540096,PIPE,0.000,0.000,0.000,13.171,,,QLD,Wallumbilla Hub,540032,2026/08/26 12:46:13
2026/08/25,BWP,540096,PIPE,0.000,15.851,0.000,0.000,,,QLD,Regional - QLD,590001,2026/08/26 12:46:13
2026/08/25,CGP,540059,PIPE,0.000,0.000,75.107,0.000,,,QLD,Ballera,540078,2026/08/26 12:46:13
2026/08/25,CGP,540059,PIPE,73.227,0.000,0.000,0.000,,,QLD,Regional - QLD,590001,2026/08/26 12:46:13
2026/08/25,Channel Island Power Station,580231,BBGPG,21.449,0.000,0.000,0.000,,,NT,Darwin,580001,2026/08/26 12:46:13
2026/08/25,Colongra,523120,BBGPG,0.000,0.000,0.000,0.000,,,NSW,Regional - NSW,590011,2026/08/26 12:00:05
2026/08/25,ColongraGP,520090,PIPE,0.000,0.000,0.000,0.000,,,NSW,Sydney,520008,2026/08/26 12:00:05
2026/08/25,ColongraGP,520090,PIPE,0.000,0.000,0.000,0.000,,,NSW,Regional - NSW,590011,2026/08/26 12:00:05
2026/08/25,Combabula,540094,PROD,0.000,291.460,0.000,0.000,,,QLD,Regional - QLD,590001,2026/08/30 11:46:35
2026/08/25,Condabri Central,540080,PROD,0.000,140.750,0.000,0.000,,,QLD,Regional - QLD,590001,2026/08/30 11:46:35
2026/08/25,Condabri North,540090,PROD,0.000,163.575,0.000,0.000,,,QLD,Regional - QLD,590001,2026/08/30 11:46:35
2026/08/25,Condabri South,540086,PROD,0.000,157.511,0.000,0.000,,,QLD,Regional - QLD,590001,2026/08/30 11:46:35
2026/08/25,Condamine Power Station,544274,BBGPG,0.076,0.000,0.000,0.000,,,QLD,Regional - QLD,590001,2026/09/10 11:36:04
2026/08/25,CRWP,540098,PIPE,0.000,0.000,193.297,0.000,,,QLD,Wallumbilla Hub,540032,2026/08/26 11:13:05
2026/08/25,CRWP,540098,PIPE,0.000,234.180,39.522,392.182,,,QLD,Regional - QLD,590001,2026/08/26 11:13:05
2026/08/25,CWP,520054,PIPE,4.852,0.000,5.032,0.000,,,NSW,Regional - NSW,590011,2026/08/26 12:46:13
2026/08/25,Daandine,540050,PROD,0.000,54.375,0.000,0.000,,,QLD,Regional - QLD,590001,2026/08/26 12:30:13
2026/08/25,Dandenong LNG,530038,STOR,0.000,0.278,0.000,0.000,606.505,27.889,VIC,Melbourne,590008,2026/08/26 12:46:13
2026/08/25,DDP,540097,PIPE,0.000,0.000,0.000,204.329,,,QLD,Wallumbilla Hub,540032,2026/09/02 11:01:13
2026/08/25,DDP,540097,PIPE,0.002,540.091,121.985,465.742,,,QLD,Regional - QLD,590001,2026/09/02 11:01:13
2026/08/25,DDPS,544027,BBGPG,0.002,0.000,0.000,0.000,,,QLD,Regional - QLD,590001,2026/09/02 11:01:13
2026/08/25,Diamantina Power Station,544077,BBGPG,38.526,0.000,0.000,0.000,,,QLD,Regional - QLD,590001,2026/08/26 12:46:13
2026/08/25,Dry Creek Power Station,555026,BBGPG,0.268,0.000,0.000,0.000,,,SA,Regional - SA,590013,2026/08/26 11:31:05
2026/08/25,EGP,520047,PIPE,132.867,0.000,0.000,0.000,,,NSW,Sydney,520008,2026/08/26 12:01:05
2026/08/25,EGP,520047,PIPE,12.442,0.000,0.000,0.000,,,NSW,Canberra,520009,2026/08/26 12:01:05
2026/08/25,EGP,520047,PIPE,0.000,193.771,0.000,91.808,,,VIC,Longford Hub,530015,2026/08/26 12:01:05
2026/08/25,EGP,520047,PIPE,5.349,0.000,0.000,19.848,,,NSW,Regional - NSW,590011,2026/08/26 12:01:05
2026/08/25,EGP,520047,PIPE,0.914,67.818,0.000,0.000,,,VIC,Regional - VIC,590012,2026/08/26 12:01:05
2026/08/25,EO4PL,540055,PIPE,0.000,0.000,0.000,0.000,,,QLD,Regional - QLD,590001,2026/09/10 11:36:06
2026/08/25,Eurombah Creek,540089,PROD,0.000,146.700,0.000,0.000,,,QLD,Regional - QLD,590001,2026/08/30 11:46:35
2026/08/25,Fairview,540070,PROD,0.000,283.604,0.000,0.000,,,QLD,Regional - QLD,590001,2026/08/26 11:13:17
2026/08/25,GLNG (Curtis Island),544276,LNGEXPORT,817.494,0.000,0.000,0.000,,,QLD,Curtis Island,540030,2026/08/26 11:13:05
2026/08/25,GLNG Pipeline,540092,PIPE,817.494,0.000,0.000,0.000,,,QLD,Curtis Island,540030,2026/08/26 11:13:05
2026/08/25,GLNG Pipeline,540092,PIPE,0.000,416.158,401.336,0.000,,,QLD,Regional - QLD,590001,2026/09/10 11:36:06
2026/08/25,Hallett,555029,BBGPG,0.000,0.000,0.000,0.000,,,SA,Regional - SA,590013,2026/08/26 11:31:05
2026/08/25,Hunter Power Station,523210,BBGPG,0.000,0.000,0.000,0.000,,,NSW,Sydney,520008,2026/08/26 12:46:13
2026/08/25,ICF,530071,COMPRESSOR,0.000,0.000,20.288,20.288,,,VIC,Iona Hub,530016,2026/08/26 08:35:04
2026/08/25,Iona UGS,530042,STOR,41.236,33.290,0.000,0.000,13423.316,0.000,VIC,Iona Hub,530016,2026/08/26 08:30:04
2026/08/25,Jeerelang,533161,BBGPG,0.000,0.000,0.000,0.000,,,VIC,Gippsland,590009,2026/09/04 11:00:04
2026/08/25,Jordan,540088,PROD,0.000,334.264,0.000,0.000,,,QLD,Regional - QLD,590001,2026/09/10 11:36:06
2026/08/25,Katherine Power Station,580233,BBGPG,0.000,0.000,0.000,0.000,,,NT,Regional - NT,590017,2026/08/26 12:46:13
2026/08/25,Kenya,540075,PROD,0.000,121.917,0.000,0.000,,,QLD,Regional - QLD,590001,2026/09/10 11:36:06
2026/08/25,Kincora,544253,PROD,0.000,4.000,0.000,0.000,,,QLD,Regional - QLD,590001,2026/08/26 12:46:13
2026/08/25,KKLP,523209,PIPE,0.000,0.000,0.000,0.000,,,NSW,Sydney,520008,2026/08/26 12:46:13
2026/08/25,Kogan North,540061,PROD,0.000,4.176,0.000,0.000,,,QLD,Regional - QLD,590001,2026/08/26 12:46:13
2026/08/25,Ladbroke Grove PS,555086,BBGPG,12.020,0.000,0.000,0.000,,,SA,Regional - SA,590013,2026/08/26 12:46:13
2026/08/25,Lang Lang,530039,PROD,0.000,19.100,0.000,0.000,,,VIC,Gippsland,590009,2026/08/26 08:52:37
2026/08/25,Laverton,533201,BBGPG,0.000,0.000,0.000,0.000,,,VIC,Geelong,590005,2026/09/04 11:00:04
2026/08/25,Longford,530040,PROD,0.000,627.256,0.000,0.000,,,VIC,Longford Hub,530015,2026/08/26 09:51:46
2026/08/25,Loy Yang B,533163,BBGPG,0.000,0.000,0.000,0.000,,,VIC,Gippsland,590009,2026/08/26 11:00:45
2026/08/25,LYB Transmission Pipeline,535023,PIPE,0.002,0.000,0.003,0.000,,,VIC,Gippsland,590009,2026/08/26 11:00:45
2026/08/25,MAPS,550054,PIPE,53.095,0.000,0.000,0.000,,,SA,Adelaide,550016,2026/08/26 11:31:05
2026/08/25,MAPS,550054,PIPE,0.000,38.894,99.517,0.000,,,SA,Moomba Hub,550017,2026/08/26 11:31:05
2026/08/25,MAPS,550054,PIPE,100.023,0.000,14.999,0.000,,,SA,Regional - SA,590013,2026/08/26 11:31:05
2026/08/25,McArthur River Mine,580220,BBGPG,6.110,0.000,0.000,0.000,,,NT,Regional - NT,590017,2026/08/26 08:57:08
2026/08/25,MCF,550050,COMPRESSOR,0.000,0.000,0.000,0.000,,,SA,Moomba Hub,550017,2026/08/26 12:46:13
2026/08/25,Mereenie,580040,PROD,0.000,26.196,0.000,0.000,,,NT,Regional - NT,590017,2026/08/26 11:36:01
2026/08/25,Meridian,540064,PROD,0.000,45.293,0.000,0.000,,,QLD,Regional - QLD,590001,2026/08/26 09:39:05
2026/08/25,Mintaro Power Station,555031,BBGPG,0.000,0.000,0.000,0.000,,,SA,Regional - SA,590013,2026/08/26 11:31:05
2026/08/25,Moomba,550045,PROD,0.000,219.800,0.000,0.000,,,SA,Moomba Hub,550017,2026/08/30 21:10:41
2026/08/25,Moomba Storage,550046,STOR,0.000,1.400,0.000,0.000,6300.400,0.000,SA,Moomba Hub,550017,2026/08/30 21:10:41
2026/08/25,Mortlake PS,530063,BBGPG,35.155,0.000,0.000,0.000,,,VIC,Regional - VIC,590012,2026/08/26 07:20:00
2026/08/25,MPL,530061,PIPE,0.000,0.000,48.701,0.000,,,VIC,Iona Hub,530016,2026/08/26 07:20:00
2026/08/25,MPL,530061,PIPE,35.155,0.000,0.000,0.000,,,VIC,Regional - VIC,590012,2026/08/26 07:20:00
2026/08/25,MRP,580100,PIPE,6.110,0.000,6.111,0.000,,,NT,Regional - NT,590017,2026/08/26 08:57:08
2026/08/25,MSP,520053,PIPE,103.765,0.000,0.000,0.000,,,NSW,Sydney,520008,2026/08/26 12:46:13
2026/08/25,MSP,520053,PIPE,0.000,0.000,125.434,16.852,,,SA,Moomba Hub,550017,2026/08/26 12:46:13
2026/08/25,MSP,520053,PIPE,43.742,0.000,0.000,5.032,,,NSW,Regional - NSW,590011,2026/08/26 12:46:13
2026/08/25,MSP,520053,PIPE,12.452,0.000,0.000,0.000,,,NSW,Regional - ACT,590015,2026/08/26 12:46:13
2026/08/25,MSP,520053,PIPE,0.000,0.000,93.383,0.000,,,NSW,Culcairn,590016,2026/08/26 12:46:13
2026/08/25,Newport,533171,BBGPG,0.002,0.000,0.000,0.000,,,VIC,Melbourne,590008,2026/09/04 11:00:04
2026/08/25,NGP,580050,PIPE,0.000,0.000,0.000,0.000,,,QLD,Regional - QLD,590001,2026/08/26 12:01:16
2026/08/25,NGP,580050,PIPE,0.000,0.000,0.000,0.000,,,NT,Regional - NT,590017,2026/08/26 12:01:16
2026/08/25,NGS,520060,STOR,0.040,0.745,0.000,0.000,669.290,76.828,NSW,Sydney,520008,2026/08/26 07:06:37
2026/08/25,Oakey PS,544095,BBGPG,0.000,0.000,0.000,0.000,,,QLD,Regional - QLD,590001,2026/08/26 12:46:13
2026/08/25,Orana,540084,PROD,0.000,167.186,0.000,0.000,,,QLD,Regional - QLD,590001,2026/08/30 11:46:35
2026/08/25,Orbost,530041,PROD,0.000,67.818,0.000,0.000,,,VIC,Regional - VIC,590012,2026/08/26 12:01:05
2026/08/25,Orica,544011,BBLARGE,7.180,0.000,0.000,0.000,,,QLD,Regional - QLD,590001,2026/08/26 19:01:05
2026/08/25,Orica (Kooragang Island),523206,BBLARGE,39.101,0.000,0.000,0.000,,,NSW,Sydney,520008,2026/08/26 13:00:00
2026/08/25,Osborne,555033,BBGPG,20.729,0.000,0.000,0.000,,,SA,Regional - SA,590013,2026/08/26 11:31:05
2026/08/25,Otway,530044,PROD,0.000,166.436,0.000,0.000,,,VIC,Iona Hub,530016,2026/08/26 10:46:55
2026/08/25,Owen Springs Power Station,580235,BBGPG,0.411,0.000,0.000,0.000,,,NT,Regional - NT,590017,2026/08/26 06:41:30
2026/08/25,Palm Valley,580060,PROD,0.000,5.669,0.000,0.000,,,NT,Regional - NT,590017,2026/08/26 11:36:01
2026/08/25,PCA,550052,PIPE,0.000,11.202,13.862,1.173,,,VIC,Iona Hub,530016,2026/08/26 07:20:01
2026/08/25,PCA,550052,PIPE,11.855,0.000,0.000,0.000,,,SA,Adelaide,550016,2026/08/26 07:20:01
2026/08/25,PCA,550052,PIPE,0.000,0.000,0.000,19.997,,,VIC,Regional - VIC,590012,2026/08/26 07:20:01
2026/08/25,PCA,550052,PIPE,8.572,0.000,0.000,14.981,,,SA,Regional - SA,590013,2026/08/26 07:20:01
2026/08/25,PCI,530060,PIPE,0.000,192.911,1.173,194.084,,,VIC,Iona Hub,530016,2026/08/26 07:20:01
2026/08/25,Peat,540065,PROD,0.000,9.929,0.000,0.000,,,QLD,Regional - QLD,590001,2026/08/30 11:46:35
2026/08/25,Pelican Point Power Station,555089,BBGPG,25.865,0.000,0.000,0.000,,,SA,Regional - SA,590013,2026/08/26 07:20:01
2026/08/25,Phosphate Hill,544081,BBLARGE,23.581,0.000,0.000,0.000,,,QLD,Regional - QLD,590001,2026/08/26 12:46:13
2026/08/25,Pipeline Compression Station,544279,COMPRESSOR,0.000,0.000,0.000,0.000,,,QLD,Regional - QLD,590001,2026/08/26 11:13:05
2026/08/25,PVP,580070,PIPE,0.884,0.000,1.037,0.000,,,NT,Regional - NT,590017,2026/08/26 06:41:30
2026/08/25,QCLNG LNG Plant,544272,LNGEXPORT,1504.925,0.000,0.000,0.000,,,QLD,Curtis Island,540030,2026/09/10 11:36:06
2026/08/25,QGP,540058,PIPE,0.000,0.000,2.593,0.000,,,QLD,Wallumbilla Hub,540032,2026/08/26 19:01:05
2026/08/25,QGP,540058,PIPE,101.204,25.405,76.886,0.000,,,QLD,Regional - QLD,590001,2026/08/26 19:01:05
2026/08/25,Quarantine Power Station,555087,BBGPG,7.931,0.000,0.000,0.000,,,SA,Regional - SA,590013,2026/08/26 11:31:05
2026/08/25,Queensland Aluminia,544012,BBLARGE,26.654,0.000,0.000,0.000,,,QLD,Regional - QLD,590001,2026/08/26 19:01:05
2026/08/25,RBP,540057,PIPE,0.000,0.000,4.646,10.300,,,QLD,Wallumbilla Hub,540032,2026/08/26 12:46:13
2026/08/25,RBP,540057,PIPE,4.020,18.669,43.945,7.006,,,QLD,Regional - QLD,590001,2026/08/26 12:46:13
2026/08/25,RBP,540057,PIPE,48.652,0.000,0.000,0.000,,,QLD,Brisbane,590002,2026/08/26 12:46:13
2026/08/25,RCWP,540102,PIPE,0.000,0.000,0.000,3.668,,,QLD,Wallumbilla Hub,540032,2026/08/26 12:46:13
2026/08/25,RCWP,540102,PIPE,0.000,0.000,33.398,29.226,,,QLD,Regional - QLD,590001,2026/08/26 12:46:13
2026/08/25,Reedy Creek,540085,PROD,0.000,198.928,0.000,0.000,,,QLD,Regional - QLD,590001,2026/08/30 11:46:35
2026/08/25,RMNGPF,640011,PROD,0.000,16.930,0.000,0.000,,,QLD,Regional - QLD,590001,2026/08/26 08:49:21
2026/08/25,RNMGP,640012,PIPE,0.000,16.930,0.000,16.930,,,QLD,Regional - QLD,590001,2026/08/26 08:49:21
2026/08/25,RNP,640009,PIPE,0.000,22.592,0.000,22.592,,,QLD,Regional - QLD,590001,2026/08/26 12:01:11
2026/08/25,Rolleston,540073,PROD,0.000,9.288,0.000,0.000,,,QLD,Regional - QLD,590001,2026/08/26 19:01:05
2026/08/25,Roma,540095,PROD,0.000,234.180,0.000,0.000,,,QLD,Regional - QLD,590001,2026/08/26 11:13:20
2026/08/25,Roma North,544260,PROD,0.000,22.592,0.000,0.000,,,QLD,Regional - QLD,590001,2026/08/26 12:01:17
2026/08/25,Roma Power Station,540120,BBGPG,0.000,0.000,0.000,0.000,,,QLD,Regional - QLD,590001,2026/08/26 13:08:57
2026/08/25,Ron Goodin Power Station,580234,BBGPG,0.000,0.000,0.000,0.000,,,NT,Regional - NT,590017,2026/08/26 06:41:30
2026/08/25,RPL,540110,PIPE,0.058,0.000,0.000,0.000,,,QLD,Regional - QLD,590001,2026/08/26 13:08:57
2026/08/25,Ruby Jo,540082,PROD,0.000,424.951,0.000,0.000,,,QLD,Regional - QLD,590001,2026/09/10 11:36:06
2026/08/25,RUGS,540040,STOR,0.583,0.414,0.000,0.000,15129.194,0.000,QLD,Regional - QLD,590001,2026/08/26 11:13:20
2026/08/25,Scotia,540072,PROD,0.000,96.512,0.000,0.000,,,QLD,Regional - QLD,590001,2026/08/26 11:13:20
2026/08/25,SEPS,550061,PIPE,7.892,0.000,7.883,0.000,,,SA,Regional - SA,590013,2026/08/26 11:32:05
2026/08/25,SESA,550060,PIPE,0.000,0.000,19.998,0.000,,,VIC,Regional - VIC,590012,2026/08/26 12:46:13
2026/08/25,SESA,550060,PIPE,12.020,0.000,0.000,7.884,,,SA,Regional - SA,590013,2026/08/26 12:46:13
2026/08/25,Smithfield Energy Facility,522004,BBGPG,0.095,0.000,0.000,0.000,,,NSW,Regional - NSW,590011,2026/08/26 12:06:11
2026/08/25,Snapper Point,555090,BBGPG,0.001,0.000,0.000,0.000,,,SA,Regional - SA,590013,2026/08/26 11:31:05
2026/08/25,Somerton,533174,BBGPG,0.001,0.000,0.000,0.000,,,VIC,Melbourne,590008,2026/09/04 11:00:04
2026/08/25,Spring Gully,540066,PROD,0.000,55.069,0.000,0.000,,,QLD,Regional - QLD,590001,2026/08/30 11:46:35
2026/08/25,SSP,540103,PIPE,0.000,6.950,0.000,6.950,,,QLD,Regional - QLD,590001,2026/08/26 09:51:10
2026/08/25,SSSF,540062,STOR,0.000,6.300,0.000,0.000,8516.682,0.000,QLD,Regional - QLD,590001,2026/08/26 09:51:10
2026/08/25,Strathblane,540067,PROD,0.000,45.282,0.000,0.000,,,QLD,Regional - QLD,590001,2026/08/30 11:46:35
2026/08/25,Swanbank Power Station,544104,BBGPG,0.000,0.000,0.000,0.000,,,QLD,Brisbane,590002,2026/08/26 12:46:13
2026/08/25,SWQP,540060,PIPE,0.000,0.000,230.821,199.889,,,QLD,Wallumbilla Hub,540032,2026/08/26 12:46:13
2026/08/25,SWQP,540060,PIPE,0.000,0.000,0.000,79.872,,,QLD,Ballera,540078,2026/08/26 12:46:13
2026/08/25,SWQP,540060,PIPE,0.000,183.920,0.000,208.099,,,SA,Moomba Hub,550017,2026/08/26 12:46:13
2026/08/25,SWQP,540060,PIPE,0.118,0.000,0.000,0.000,,,QLD,Regional - QLD,590001,2026/08/26 12:46:13
2026/08/25,Talinga,540076,PROD,0.000,81.580,0.000,0.000,,,QLD,Regional - QLD,590001,2026/08/30 11:46:35
2026/08/25,Tallawarra,522002,BBGPG,0.000,0.000,0.000,0.000,,,NSW,Regional - NSW,590011,2026/08/26 11:00:23
2026/08/25,Tallawarra Pipeline,523201,PIPE,0.000,0.000,0.000,0.000,,,NSW,Regional - NSW,590011,2026/08/26 11:00:23
2026/08/25,Taloona,540068,PROD,0.000,40.399,0.000,0.000,,,QLD,Regional - QLD,590001,2026/08/30 11:46:35
2026/08/25,Tanami GP,580210,PIPE,8.479,0.000,8.740,0.000,,,NT,Regional - NT,590017,2026/08/26 12:02:00
2026/08/25,TGP,570050,PIPE,0.000,0.000,88.354,46.696,,,VIC,Longford Hub,530015,2026/08/27 12:01:00
2026/08/25,TGP,570050,PIPE,42.450,0.000,0.000,0.000,,,TAS,Regional - TAS,590014,2026/08/27 12:01:00
2026/08/25,Tipton,540051,PROD,0.000,34.476,0.000,0.000,,,QLD,Regional - QLD,590001,2026/08/26 12:30:13
2026/08/25,Torrens Island PS,555041,BBGPG,27.443,0.000,0.000,0.000,,,SA,Regional - SA,590013,2026/08/26 11:31:05
2026/08/25,Uranquinty Power Station,522047,BBGPG,10.988,0.000,0.000,0.000,,,NSW,Regional - NSW,590011,2026/08/26 12:46:13
2026/08/25,Valley Power GPG,535024,BBGPG,0.002,0.000,0.000,0.000,,,VIC,Gippsland,590009,2026/08/26 11:00:45
2026/08/25,VicHub,532005,PIPE,0.000,0.000,3.454,3.454,,,VIC,Longford Hub,530015,2026/08/26 12:01:19
2026/08/25,Viva Energy Refinery,535018,BBLARGE,7.405,0.000,0.000,0.000,,,VIC,Geelong,590005,2026/08/26 07:30:15
2026/08/25,VTS,530110,PIPE,0.000,431.887,50.162,0.001,,,VIC,Longford Hub,530015,2026/09/04 11:00:04
2026/08/25,VTS,530110,PIPE,27.633,0.000,131.525,0.000,,,VIC,Iona Hub,530016,2026/09/04 11:00:04
2026/08/25,VTS,530110,PIPE,12.279,0.000,0.000,0.000,,,VIC,Western,590004,2026/09/04 11:00:04
2026/08/25,VTS,530110,PIPE,53.963,0.000,0.000,0.000,,,VIC,Geelong,590005,2026/09/04 11:00:04
2026/08/25,VTS,530110,PIPE,36.717,0.000,0.000,0.000,,,VIC,Ballarat,590006,2026/09/04 11:00:04
2026/08/25,VTS,530110,PIPE,57.518,0.000,0.000,0.000,,,VIC,Northern,590007,2026/09/04 11:00:04
2026/08/25,VTS,530110,PIPE,327.267,0.204,0.000,0.000,,,VIC,Melbourne,590008,2026/09/04 11:00:04
2026/08/25,VTS,530110,PIPE,30.960,0.000,16.379,0.003,,,VIC,Gippsland,590009,2026/09/04 11:00:04
2026/08/25,VTS,530110,PIPE,0.000,0.000,0.000,93.382,,,NSW,Culcairn,590016,2026/09/04 11:00:04
2026/08/25,Wallumbilla Compression Station,544280,COMPRESSOR,0.000,0.000,0.000,0.000,,,QLD,Wallumbilla Hub,540032,2026/08/26 11:13:05
2026/08/25,WCFA,540045,COMPRESSOR,0.000,0.000,79.167,79.167,,,QLD,Wallumbilla Hub,540032,2026/08/26 12:46:13
2026/08/25,WCFB,540046,COMPRESSOR,0.000,0.000,141.354,141.354,,,QLD,Wallumbilla Hub,540032,2026/08/26 12:46:13
2026/08/25,Weddell Power Station,580232,BBGPG,13.119,0.000,0.000,0.000,,,NT,Darwin,580001,2026/08/26 12:46:13
2026/08/25,WGP,540091,PIPE,1504.925,0.000,0.000,0.000,,,QLD,Curtis Island,540030,2026/09/10 11:36:06
2026/08/25,WGP,540091,PIPE,0.000,1450.982,59.699,0.000,,,QLD,Regional - QLD,590001,2026/09/10 11:36:06
2026/08/25,Whyalla Steelworks,555085,BBLARGE,6.550,0.000,0.000,0.000,,,SA,Regional - SA,590013,2026/08/26 11:31:05
2026/08/25,Windibri,540069,PROD,0.000,93.899,0.000,0.000,,,QLD,Regional - QLD,590001,2026/09/10 11:36:06
2026/08/25,Woleebee Creek,540087,PROD,0.000,640.985,0.000,0.000,,,QLD,Regional - QLD,590001,2026/09/10 11:36:06
2026/08/25,WPP,580030,PIPE,13.119,25.277,0.000,12.160,,,NT,Darwin,580001,2026/08/26 12:46:13
2026/08/25,Yarwun,544282,BBGPG,49.863,0.000,0.000,0.000,,,QLD,Regional - QLD,590001,2026/08/26 19:01:05
2026/08/25,Yelcherr,580180,PROD,0.000,0.000,0.000,0.000,,,NT,Regional - NT,590017,2026/08/26 12:46:13
2026/08/25,Yellowbank,540074,PROD,0.000,11.867,0.000,0.000,,,QLD,Regional - QLD,590001,2026/08/26 19:01:05
2026/08/26,Adelaide Brighton,555091,BBLARGE,9.178,0.000,0.000,0.000,,,SA,Adelaide,550016,2026/09/08 13:00:01
2026/08/26,AGP,580010,PIPE,20.940,0.000,12.263,0.000,,,NT,Darwin,580001,2026/08/27 12:46:13
2026/08/26,AGP,580010,PIPE,6.799,31.687,0.000,19.401,,,NT,Regional - NT,590017,2026/08/27 12:46:13
2026/08/26,APLNG Pipeline,540093,PIPE,1677.176,0.000,0.000,0.000,,,QLD,Curtis Island,540030,2026/08/31 11:30:09
2026/08/26,APLNG Pipeline,540093,PIPE,0.000,1336.621,528.029,179.105,,,QLD,Regional - QLD,590001,2026/08/31 11:30:09
2026/08/26,Arcadia,540101,PROD,0.000,91.949,0.000,0.000,,,QLD,Regional - QLD,590001,2026/08/27 10:43:26
2026/08/26,ATGP,640013,PIPE,0.000,43.143,0.000,43.143,,,QLD,Regional - QLD,590001,2026/08/27 12:01:10
2026/08/26,ATHENA,535014,PROD,0.000,17.499,0.000,0.000,,,VIC,Iona Hub,530016,2026/08/31 10:21:36
2026/08/26,Atlas,544261,PROD,0.000,43.143,0.000,0.000,,,QLD,Regional - QLD,590001,2026/08/27 12:01:15
2026/08/26,Atlas East Central Processing Facility,640008,PROD,0.000,33.040,0.000,0.000,,,QLD,Regional - QLD,590001,2026/08/27 11:15:21
2026/08/26,Atlas to Reedy Creek Pipeline,640007,PIPE,0.000,33.042,0.000,33.302,,,QLD,Regional - QLD,590001,2026/08/27 12:46:13
2026/08/26,Australia Pacific LNG,544273,LNGEXPORT,1677.757,0.000,0.000,0.000,,,QLD,Curtis Island,540030,2026/08/27 12:15:25
2026/08/26,Australian Paper (Opal),535021,BBLARGE,9.321,0.000,0.000,0.000,,,VIC,Gippsland,590009,2026/09/04 11:00:04
2026/08/26,B1PL,540077,PIPE,0.035,35.485,0.000,38.071,,,QLD,Regional - QLD,590001,2026/08/27 11:00:50
2026/08/26,B2PL,540071,PIPE,0.000,53.499,8.008,60.007,,,QLD,Regional - QLD,590001,2026/08/27 10:19:20
2026/08/26,Bairnsdale Power Station,535020,BBGPG,0.000,0.000,0.000,0.000,,,VIC,Regional - VIC,590012,2026/08/27 11:00:54
2026/08/26,BCF,540047,COMPRESSOR,0.000,0.000,79.500,79.500,,,QLD,Regional - QLD,590001,2026/08/31 21:13:46
2026/08/26,Bell Bay CCGT,577016,BBGPG,26.933,0.000,0.000,0.000,,,TAS,Regional - TAS,590014,2026/08/28 12:01:00
2026/08/26,Bell Bay GGT,577014,BBGPG,0.221,0.000,0.000,0.000,,,TAS,Regional - TAS,590014,2026/08/28 12:01:00
2026/08/26,Bell Bay OCGT,577015,BBGPG,2.706,0.000,0.000,0.000,,,TAS,Regional - TAS,590014,2026/08/28 12:01:00
2026/08/26,Bellevue,540083,PROD,0.000,150.387,0.000,0.000,,,QLD,Regional - QLD,590001,2026/09/10 11:36:06
2026/08/26,BGP,580020,PIPE,0.349,0.000,0.000,0.000,,,NT,Regional - NT,590017,2026/08/27 12:46:13
2026/08/26,BlueScope,523204,BBLARGE,9.974,0.000,0.000,0.000,,,NSW,Sydney,520008,2026/08/27 12:01:05
2026/08/26,Bolivar,555008,BBGPG,1.607,0.000,0.000,0.000,,,SA,Regional - SA,590013,2026/08/27 12:06:30
2026/08/26,Bomaderry Gas Pipeline,523202,PIPE,21.888,0.000,22.294,0.000,,,NSW,Regional - NSW,590011,2026/08/28 13:27:27
2026/08/26,BPP,530030,PIPE,2.400,19.010,0.000,16.614,,,VIC,Gippsland,590009,2026/09/04 11:00:04
2026/08/26,Braemar 2 Power Station,544085,BBGPG,0.000,0.000,0.000,0.000,,,QLD,Regional - QLD,590001,2026/08/27 10:19:20
2026/08/26,Braemar Power Station,544252,BBGPG,0.035,0.000,0.000,0.000,,,QLD,Regional - QLD,590001,2026/08/27 11:00:50
2026/08/26,BWP,540096,PIPE,0.000,0.000,0.000,7.314,,,QLD,Wallumbilla Hub,540032,2026/08/27 12:46:13
2026/08/26,BWP,540096,PIPE,0.000,5.046,0.000,0.000,,,QLD,Regional - QLD,590001,2026/08/27 12:46:13
2026/08/26,CGP,540059,PIPE,0.000,0.000,79.457,0.000,,,QLD,Ballera,540078,2026/08/27 12:46:13
2026/08/26,CGP,540059,PIPE,73.622,0.000,0.000,0.000,,,QLD,Regional - QLD,590001,2026/08/27 12:46:13
2026/08/26,Channel Island Power Station,580231,BBGPG,20.940,0.000,0.000,0.000,,,NT,Darwin,580001,2026/08/27 12:46:13
2026/08/26,Colongra,523120,BBGPG,0.000,0.000,0.000,0.000,,,NSW,Regional - NSW,590011,2026/08/27 12:00:05
2026/08/26,ColongraGP,520090,PIPE,0.000,0.000,0.000,0.000,,,NSW,Sydney,520008,2026/08/27 12:00:05
2026/08/26,ColongraGP,520090,PIPE,0.000,0.000,0.000,0.000,,,NSW,Regional - NSW,590011,2026/08/27 12:00:05
2026/08/26,Combabula,540094,PROD,0.000,291.487,0.000,0.000,,,QLD,Regional - QLD,590001,2026/08/31 11:30:09
2026/08/26,Condabri Central,540080,PROD,0.000,138.386,0.000,0.000,,,QLD,Regional - QLD,590001,2026/08/31 11:30:09
2026/08/26,Condabri North,540090,PROD,0.000,162.849,0.000,0.000,,,QLD,Regional - QLD,590001,2026/08/31 11:30:09
2026/08/26,Condabri South,540086,PROD,0.000,157.416,0.000,0.000,,,QLD,Regional - QLD,590001,2026/08/31 11:30:09
2026/08/26,Condamine Power Station,544274,BBGPG,0.000,0.000,0.000,0.000,,,QLD,Regional - QLD,590001,2026/09/10 11:36:04
2026/08/26,CRWP,540098,PIPE,0.000,0.000,182.802,0.000,,,QLD,Wallumbilla Hub,540032,2026/08/27 10:43:04
2026/08/26,CRWP,540098,PIPE,0.000,234.225,39.332,414.779,,,QLD,Regional - QLD,590001,2026/08/27 10:43:04
2026/08/26,CWP,520054,PIPE,4.652,0.000,4.820,0.000,,,NSW,Regional - NSW,590011,2026/08/27 12:46:13
2026/08/26,Daandine,540050,PROD,0.000,54.528,0.000,0.000,,,QLD,Regional - QLD,590001,2026/08/27 10:19:27
2026/08/26,Dandenong LNG,530038,STOR,0.000,0.282,0.000,0.000,606.426,27.889,VIC,Melbourne,590008,2026/08/27 12:46:13
2026/08/26,DDP,540097,PIPE,0.000,0.000,0.000,219.359,,,QLD,Wallumbilla Hub,540032,2026/09/02 11:01:14
2026/08/26,DDP,540097,PIPE,0.002,565.633,144.556,494.394,,,QLD,Regional - QLD,590001,2026/09/02 11:01:14
2026/08/26,DDPS,544027,BBGPG,0.002,0.000,0.000,0.000,,,QLD,Regional - QLD,590001,2026/09/02 11:01:14
2026/08/26,Diamantina Power Station,544077,BBGPG,36.658,0.000,0.000,0.000,,,QLD,Regional - QLD,590001,2026/08/27 12:46:13
2026/08/26,Dry Creek Power Station,555026,BBGPG,0.000,0.000,0.000,0.000,,,SA,Regional - SA,590013,2026/08/27 11:31:05
2026/08/26,EGP,520047,PIPE,130.863,0.000,0.000,0.000,,,NSW,Sydney,520008,2026/08/27 12:01:05
2026/08/26,EGP,520047,PIPE,11.247,0.000,0.000,0.000,,,NSW,Canberra,520009,2026/08/27 12:01:05
2026/08/26,EGP,520047,PIPE,0.000,175.394,0.000,94.165,,,VIC,Longford Hub,530015,2026/08/27 12:01:05
2026/08/26,EGP,520047,PIPE,5.446,0.000,0.000,22.294,,,NSW,Regional - NSW,590011,2026/08/27 12:01:05
2026/08/26,EGP,520047,PIPE,0.973,68.329,0.000,0.000,,,VIC,Regional - VIC,590012,2026/08/27 12:01:05
2026/08/26,EO4PL,540055,PIPE,0.000,0.000,0.000,0.000,,,QLD,Regional - QLD,590001,2026/09/10 11:36:06
2026/08/26,Eurombah Creek,540089,PROD,0.000,145.485,0.000,0.000,,,QLD,Regional - QLD,590001,2026/08/31 11:30:09
2026/08/26,Fairview,540070,PROD,0.000,287.214,0.000,0.000,,,QLD,Regional - QLD,590001,2026/08/27 10:43:26
2026/08/26,GLNG (Curtis Island),544276,LNGEXPORT,814.229,0.000,0.000,0.000,,,QLD,Curtis Island,540030,2026/08/27 10:43:04
2026/08/26,GLNG Pipeline,540092,PIPE,814.229,0.000,0.000,0.000,,,QLD,Curtis Island,540030,2026/08/27 10:43:04
2026/08/26,GLNG Pipeline,540092,PIPE,0.000,422.775,414.860,10.252,,,QLD,Regional - QLD,590001,2026/09/10 11:36:06
2026/08/26,Hallett,555029,BBGPG,2.305,0.000,0.000,0.000,,,SA,Regional - SA,590013,2026/08/27 11:31:05
2026/08/26,Hunter Power Station,523210,BBGPG,0.000,0.000,0.000,0.000,,,NSW,Sydney,520008,2026/08/27 12:46:13
2026/08/26,ICF,530071,COMPRESSOR,0.000,0.000,5.059,5.059,,,VIC,Iona Hub,530016,2026/08/27 08:35:03
2026/08/26,Iona UGS,530042,STOR,5.059,84.634,0.000,0.000,13343.741,0.000,VIC,Iona Hub,530016,2026/08/27 08:30:04
2026/08/26,Jeerelang,533161,BBGPG,3.234,0.000,0.000,0.000,,,VIC,Gippsland,590009,2026/09/04 11:00:04
2026/08/26,Jordan,540088,PROD,0.000,333.968,0.000,0.000,,,QLD,Regional - QLD,590001,2026/09/10 11:36:06
2026/08/26,Katherine Power Station,580233,BBGPG,0.000,0.000,0.000,0.000,,,NT,Regional - NT,590017,2026/08/27 12:46:13
2026/08/26,Kenya,540075,PROD,0.000,115.524,0.000,0.000,,,QLD,Regional - QLD,590001,2026/09/10 11:36:06
2026/08/26,Kincora,544253,PROD,0.000,4.000,0.000,0.000,,,QLD,Regional - QLD,590001,2026/08/27 12:46:13
2026/08/26,KKLP,523209,PIPE,0.000,0.000,0.000,0.000,,,NSW,Sydney,520008,2026/08/27 12:46:13
2026/08/26,Kogan North,540061,PROD,0.000,4.178,0.000,0.000,,,QLD,Regional - QLD,590001,2026/08/27 12:46:13
2026/08/26,Ladbroke Grove PS,555086,BBGPG,13.007,0.000,0.000,0.000,,,SA,Regional - SA,590013,2026/08/27 12:46:13
2026/08/26,Lang Lang,530039,PROD,0.000,19.010,0.000,0.000,,,VIC,Gippsland,590009,2026/08/27 10:04:03
2026/08/26,Laverton,533201,BBGPG,0.000,0.000,0.000,0.000,,,VIC,Geelong,590005,2026/09/04 11:00:04
2026/08/26,Longford,530040,PROD,0.000,604.149,0.000,0.000,,,VIC,Longford Hub,530015,2026/08/27 08:24:35
2026/08/26,Loy Yang B,533163,BBGPG,0.000,0.000,0.000,0.000,,,VIC,Gippsland,590009,2026/08/27 11:00:47
2026/08/26,LYB Transmission Pipeline,535023,PIPE,0.086,0.000,0.000,0.000,,,VIC,Gippsland,590009,2026/08/27 11:00:47
2026/08/26,MAPS,550054,PIPE,54.511,0.000,0.000,0.000,,,SA,Adelaide,550016,2026/08/27 11:31:05
2026/08/26,MAPS,550054,PIPE,0.000,39.437,168.933,0.000,,,SA,Moomba Hub,550017,2026/08/27 11:31:05
2026/08/26,MAPS,550054,PIPE,174.952,0.000,0.006,0.000,,,SA,Regional - SA,590013,2026/08/27 11:31:05
2026/08/26,McArthur River Mine,580220,BBGPG,9.547,0.000,0.000,0.000,,,NT,Regional - NT,590017,2026/08/27 09:06:19
2026/08/26,MCF,550050,COMPRESSOR,0.000,0.000,0.000,0.000,,,SA,Moomba Hub,550017,2026/08/27 12:46:13
2026/08/26,Mereenie,580040,PROD,0.000,26.031,0.000,0.000,,,NT,Regional - NT,590017,2026/08/27 11:10:06
2026/08/26,Meridian,540064,PROD,0.000,47.862,0.000,0.000,,,QLD,Regional - QLD,590001,2026/08/27 09:39:18
2026/08/26,Mintaro Power Station,555031,BBGPG,0.000,0.000,0.000,0.000,,,SA,Regional - SA,590013,2026/08/27 11:31:05
2026/08/26,Moomba,550045,PROD,0.000,214.400,0.000,0.000,,,SA,Moomba Hub,550017,2026/08/31 21:13:46
2026/08/26,Moomba Storage,550046,STOR,0.000,0.000,0.000,0.000,6300.300,0.000,SA,Moomba Hub,550017,2026/08/31 21:13:46
2026/08/26,Mortlake PS,530063,BBGPG,57.942,0.000,0.000,0.000,,,VIC,Regional - VIC,590012,2026/08/27 07:20:00
2026/08/26,MPL,530061,PIPE,0.000,0.000,49.745,0.000,,,VIC,Iona Hub,530016,2026/08/27 07:20:00
2026/08/26,MPL,530061,PIPE,57.942,0.000,0.000,0.000,,,VIC,Regional - VIC,590012,2026/08/27 07:20:00
2026/08/26,MRP,580100,PIPE,9.547,0.000,9.548,0.000,,,NT,Regional - NT,590017,2026/08/27 09:06:19
2026/08/26,MSP,520053,PIPE,110.696,0.000,0.000,0.000,,,NSW,Sydney,520008,2026/08/27 12:46:13
2026/08/26,MSP,520053,PIPE,0.000,0.000,144.933,52.933,,,SA,Moomba Hub,550017,2026/08/27 12:46:13
2026/08/26,MSP,520053,PIPE,34.049,0.000,0.000,4.820,,,NSW,Regional - NSW,590011,2026/08/27 12:46:13
2026/08/26,MSP,520053,PIPE,10.111,0.000,0.000,0.000,,,NSW,Regional - ACT,590015,2026/08/27 12:46:13
2026/08/26,MSP,520053,PIPE,0.000,0.000,100.767,0.000,,,NSW,Culcairn,590016,2026/08/27 12:46:13
2026/08/26,Newport,533171,BBGPG,0.002,0.000,0.000,0.000,,,VIC,Melbourne,590008,2026/09/04 11:00:04
2026/08/26,NGP,580050,PIPE,0.000,0.000,0.000,0.000,,,QLD,Regional - QLD,590001,2026/08/27 12:01:12
2026/08/26,NGP,580050,PIPE,0.000,0.000,0.000,0.000,,,NT,Regional - NT,590017,2026/08/27 12:01:12
2026/08/26,NGS,520060,STOR,0.130,0.447,0.000,0.000,670.236,76.828,NSW,Sydney,520008,2026/08/27 09:00:01
2026/08/26,Oakey PS,544095,BBGPG,0.000,0.000,0.000,0.000,,,QLD,Regional - QLD,590001,2026/08/27 12:46:13
2026/08/26,Orana,540084,PROD,0.000,167.238,0.000,0.000,,,QLD,Regional - QLD,590001,2026/08/31 11:30:09
2026/08/26,Orbost,530041,PROD,0.000,68.329,0.000,0.000,,,VIC,Regional - VIC,590012,2026/08/27 12:01:05
2026/08/26,Orica,544011,BBLARGE,6.560,0.000,0.000,0.000,,,QLD,Regional - QLD,590001,2026/08/27 12:01:06
2026/08/26,Orica (Kooragang Island),523206,BBLARGE,40.047,0.000,0.000,0.000,,,NSW,Sydney,520008,2026/08/27 13:00:00
2026/08/26,Osborne,555033,BBGPG,28.574,0.000,0.000,0.000,,,SA,Regional - SA,590013,2026/08/27 11:31:05
2026/08/26,Otway,530044,PROD,0.000,169.472,0.000,0.000,,,VIC,Iona Hub,530016,2026/08/27 13:33:23
2026/08/26,Owen Springs Power Station,580235,BBGPG,0.494,0.000,0.000,0.000,,,NT,Regional - NT,590017,2026/08/27 06:41:05
2026/08/26,Palm Valley,580060,PROD,0.000,5.656,0.000,0.000,,,NT,Regional - NT,590017,2026/08/27 11:10:06
2026/08/26,PCA,550052,PIPE,0.001,15.012,66.236,0.000,,,VIC,Iona Hub,530016,2026/08/27 07:20:20
2026/08/26,PCA,550052,PIPE,13.660,0.000,0.000,0.000,,,SA,Adelaide,550016,2026/08/27 07:20:20
2026/08/26,PCA,550052,PIPE,0.000,0.000,0.000,21.292,,,VIC,Regional - VIC,590012,2026/08/27 07:20:20
2026/08/26,PCA,550052,PIPE,30.576,0.000,0.000,0.000,,,SA,Regional - SA,590013,2026/08/27 07:20:20
2026/08/26,PCI,530060,PIPE,0.000,180.997,5.000,185.997,,,VIC,Iona Hub,530016,2026/08/27 07:20:20
2026/08/26,Peat,540065,PROD,0.000,11.335,0.000,0.000,,,QLD,Regional - QLD,590001,2026/08/31 11:30:09
2026/08/26,Pelican Point Power Station,555089,BBGPG,49.789,0.000,0.000,0.000,,,SA,Regional - SA,590013,2026/08/27 07:20:20
2026/08/26,Phosphate Hill,544081,BBLARGE,23.942,0.000,0.000,0.000,,,QLD,Regional - QLD,590001,2026/08/27 12:46:13
2026/08/26,Pipeline Compression Station,544279,COMPRESSOR,0.000,0.000,0.000,0.000,,,QLD,Regional - QLD,590001,2026/08/27 10:43:04
2026/08/26,PVP,580070,PIPE,0.996,0.000,1.113,0.000,,,NT,Regional - NT,590017,2026/08/27 06:41:05
2026/08/26,QCLNG LNG Plant,544272,LNGEXPORT,1497.080,0.000,0.000,0.000,,,QLD,Curtis Island,540030,2026/09/10 11:36:06
2026/08/26,QGP,540058,PIPE,0.000,0.000,2.169,0.000,,,QLD,Wallumbilla Hub,540032,2026/08/27 12:01:06
2026/08/26,QGP,540058,PIPE,100.515,24.731,76.886,0.000,,,QLD,Regional - QLD,590001,2026/08/27 12:01:06
2026/08/26,Quarantine Power Station,555087,BBGPG,15.486,0.000,0.000,0.000,,,SA,Regional - SA,590013,2026/08/27 11:31:05
2026/08/26,Queensland Aluminia,544012,BBLARGE,25.710,0.000,0.000,0.000,,,QLD,Regional - QLD,590001,2026/08/27 12:01:06
2026/08/26,RBP,540057,PIPE,0.000,0.000,2.843,10.300,,,QLD,Wallumbilla Hub,540032,2026/08/27 12:46:13
2026/08/26,RBP,540057,PIPE,4.140,19.513,44.371,8.008,,,QLD,Regional - QLD,590001,2026/08/27 12:46:13
2026/08/26,RBP,540057,PIPE,46.420,0.000,0.000,0.000,,,QLD,Brisbane,590002,2026/08/27 12:46:13
2026/08/26,RCWP,540102,PIPE,0.000,0.000,0.000,9.632,,,QLD,Wallumbilla Hub,540032,2026/08/27 12:46:13
2026/08/26,RCWP,540102,PIPE,0.000,0.000,33.302,23.464,,,QLD,Regional - QLD,590001,2026/08/27 12:46:13
2026/08/26,Reedy Creek,540085,PROD,0.000,198.946,0.000,0.000,,,QLD,Regional - QLD,590001,2026/08/31 11:30:09
2026/08/26,RMNGPF,640011,PROD,0.000,16.700,0.000,0.000,,,QLD,Regional - QLD,590001,2026/08/27 11:15:33
2026/08/26,RNMGP,640012,PIPE,0.000,16.700,0.000,16.700,,,QLD,Regional - QLD,590001,2026/08/27 11:15:33
2026/08/26,RNP,640009,PIPE,0.000,22.632,0.000,22.632,,,QLD,Regional - QLD,590001,2026/08/27 12:01:07
2026/08/26,Rolleston,540073,PROD,0.000,8.923,0.000,0.000,,,QLD,Regional - QLD,590001,2026/08/27 12:01:06
2026/08/26,Roma,540095,PROD,0.000,234.225,0.000,0.000,,,QLD,Regional - QLD,590001,2026/08/27 10:43:34
2026/08/26,Roma North,544260,PROD,0.000,22.632,0.000,0.000,,,QLD,Regional - QLD,590001,2026/08/27 12:01:13
2026/08/26,Roma Power Station,540120,BBGPG,0.000,0.000,0.000,0.000,,,QLD,Regional - QLD,590001,2026/08/27 12:18:57
2026/08/26,Ron Goodin Power Station,580234,BBGPG,0.000,0.000,0.000,0.000,,,NT,Regional - NT,590017,2026/08/27 06:41:05
2026/08/26,RPL,540110,PIPE,0.057,0.000,0.143,0.000,,,QLD,Regional - QLD,590001,2026/08/27 12:18:57
2026/08/26,Ruby Jo,540082,PROD,0.000,426.750,0.000,0.000,,,QLD,Regional - QLD,590001,2026/09/10 11:36:06
2026/08/26,RUGS,540040,STOR,0.000,0.000,0.000,0.000,15129.582,0.000,QLD,Regional - QLD,590001,2026/08/27 10:43:34
2026/08/26,Scotia,540072,PROD,0.000,95.915,0.000,0.000,,,QLD,Regional - QLD,590001,2026/08/27 10:43:34
2026/08/26,SEPS,550061,PIPE,7.968,0.000,7.982,0.000,,,SA,Regional - SA,590013,2026/08/27 11:32:05
2026/08/26,SESA,550060,PIPE,0.000,0.000,21.291,0.000,,,VIC,Regional - VIC,590012,2026/08/27 12:46:13
2026/08/26,SESA,550060,PIPE,13.007,0.000,0.000,7.986,,,SA,Regional - SA,590013,2026/08/27 12:46:13
2026/08/26,Shoalhaven Starches Cogeneration Plant,523203,BBLARGE,21.888,0.000,0.000,0.000,,,NSW,Regional - NSW,590011,2026/08/28 13:27:27
2026/08/26,Smithfield Energy Facility,522004,BBGPG,0.046,0.000,0.000,0.000,,,NSW,Regional - NSW,590011,2026/08/27 12:06:43
2026/08/26,Snapper Point,555090,BBGPG,0.001,0.000,0.000,0.000,,,SA,Regional - SA,590013,2026/08/27 11:31:05
2026/08/26,Somerton,533174,BBGPG,0.001,0.000,0.000,0.000,,,VIC,Melbourne,590008,2026/09/04 11:00:04
2026/08/26,Spring Gully,540066,PROD,0.000,54.816,0.000,0.000,,,QLD,Regional - QLD,590001,2026/08/31 11:30:09
2026/08/26,SSP,540103,PIPE,0.000,6.590,0.000,6.590,,,QLD,Regional - QLD,590001,2026/08/27 09:51:15
2026/08/26,SSSF,540062,STOR,0.000,6.300,0.000,0.000,8510.092,0.000,QLD,Regional - QLD,590001,2026/08/27 09:51:15
2026/08/26,Strathblane,540067,PROD,0.000,47.199,0.000,0.000,,,QLD,Regional - QLD,590001,2026/08/31 11:30:09
2026/08/26,Swanbank Power Station,544104,BBGPG,0.000,0.000,0.000,0.000,,,QLD,Brisbane,590002,2026/08/27 12:46:13
2026/08/26,SWQP,540060,PIPE,0.000,0.000,245.458,186.667,,,QLD,Wallumbilla Hub,540032,2026/08/27 12:46:13
2026/08/26,SWQP,540060,PIPE,0.000,0.000,0.000,84.497,,,QLD,Ballera,540078,2026/08/27 12:46:13
2026/08/26,SWQP,540060,PIPE,0.000,174.935,0.000,260.933,,,SA,Moomba Hub,550017,2026/08/27 12:46:13
2026/08/26,SWQP,540060,PIPE,0.128,0.000,0.000,0.143,,,QLD,Regional - QLD,590001,2026/08/27 12:46:13
2026/08/26,Talinga,540076,PROD,0.000,76.940,0.000,0.000,,,QLD,Regional - QLD,590001,2026/08/31 11:30:09
2026/08/26,Tallawarra,522002,BBGPG,0.000,0.000,0.000,0.000,,,NSW,Regional - NSW,590011,2026/08/27 11:00:04
2026/08/26,Tallawarra Pipeline,523201,PIPE,0.000,0.000,0.000,0.000,,,NSW,Regional - NSW,590011,2026/08/27 11:00:04
2026/08/26,Taloona,540068,PROD,0.000,40.240,0.000,0.000,,,QLD,Regional - QLD,590001,2026/08/31 11:30:09
2026/08/26,Tanami GP,580210,PIPE,8.619,0.000,8.740,0.000,,,NT,Regional - NT,590017,2026/08/27 12:02:00
2026/08/26,TGP,570050,PIPE,0.000,0.000,83.758,45.799,,,VIC,Longford Hub,530015,2026/08/28 12:01:00
2026/08/26,TGP,570050,PIPE,45.759,0.000,0.000,0.000,,,TAS,Regional - TAS,590014,2026/08/28 12:01:00
2026/08/26,Tipton,540051,PROD,0.000,34.455,0.000,0.000,,,QLD,Regional - QLD,590001,2026/08/27 10:19:22
2026/08/26,Torrens Island PS,555041,BBGPG,81.213,0.000,0.000,0.000,,,SA,Regional - SA,590013,2026/08/27 11:31:05
2026/08/26,Uranquinty Power Station,522047,BBGPG,0.000,0.000,0.000,0.000,,,NSW,Regional - NSW,590011,2026/08/27 12:46:13
2026/08/26,Valley Power GPG,535024,BBGPG,0.086,0.000,0.000,0.000,,,VIC,Gippsland,590009,2026/08/27 11:00:47
2026/08/26,VicHub,532005,PIPE,0.000,0.000,10.409,10.409,,,VIC,Longford Hub,530015,2026/08/27 12:01:16
2026/08/26,Viva Energy Refinery,535018,BBLARGE,7.163,0.000,0.000,0.000,,,VIC,Geelong,590005,2026/08/27 07:30:16
2026/08/26,VTS,530110,PIPE,0.000,427.315,56.224,0.002,,,VIC,Longford Hub,530015,2026/09/04 11:00:04
2026/08/26,VTS,530110,PIPE,0.029,71.935,65.017,0.000,,,VIC,Iona Hub,530016,2026/09/04 11:00:04
2026/08/26,VTS,530110,PIPE,13.485,0.000,0.000,0.000,,,VIC,Western,590004,2026/09/04 11:00:04
2026/08/26,VTS,530110,PIPE,57.692,0.000,0.000,0.000,,,VIC,Geelong,590005,2026/09/04 11:00:04
2026/08/26,VTS,530110,PIPE,39.419,0.000,0.000,0.000,,,VIC,Ballarat,590006,2026/09/04 11:00:04
2026/08/26,VTS,530110,PIPE,61.687,0.000,0.000,0.000,,,VIC,Northern,590007,2026/09/04 11:00:04
2026/08/26,VTS,530110,PIPE,343.275,0.195,0.000,0.000,,,VIC,Melbourne,590008,2026/09/04 11:00:04
2026/08/26,VTS,530110,PIPE,41.005,0.000,16.614,0.000,,,VIC,Gippsland,590009,2026/09/04 11:00:04
2026/08/26,VTS,530110,PIPE,0.000,0.000,0.000,100.767,,,NSW,Culcairn,590016,2026/09/04 11:00:04
2026/08/26,Wallumbilla Compression Station,544280,COMPRESSOR,0.000,0.000,0.000,0.000,,,QLD,Wallumbilla Hub,540032,2026/08/27 10:43:04
2026/08/26,WCFA,540045,COMPRESSOR,0.000,0.000,93.418,93.418,,,QLD,Wallumbilla Hub,540032,2026/08/27 12:46:13
2026/08/26,WCFB,540046,COMPRESSOR,0.000,0.000,141.740,141.740,,,QLD,Wallumbilla Hub,540032,2026/08/27 12:46:13
2026/08/26,Weddell Power Station,580232,BBGPG,12.957,0.000,0.000,0.000,,,NT,Darwin,580001,2026/08/27 12:46:13
2026/08/26,WGP,540091,PIPE,1497.080,0.000,0.000,0.000,,,QLD,Curtis Island,540030,2026/09/10 11:36:06
2026/08/26,WGP,540091,PIPE,0.000,1431.010,60.007,0.000,,,QLD,Regional - QLD,590001,2026/09/10 11:36:06
2026/08/26,Whyalla Steelworks,555085,BBLARGE,6.341,0.000,0.000,0.000,,,SA,Regional - SA,590013,2026/08/27 11:31:05
2026/08/26,Windibri,540069,PROD,0.000,95.714,0.000,0.000,,,QLD,Regional - QLD,590001,2026/09/10 11:36:06
2026/08/26,Woleebee Creek,540087,PROD,0.000,641.756,0.000,0.000,,,QLD,Regional - QLD,590001,2026/09/10 11:36:06
2026/08/26,WPP,580030,PIPE,12.957,25.228,0.000,12.263,,,NT,Darwin,580001,2026/08/27 12:46:13
2026/08/26,Yarwun,544282,BBGPG,50.660,0.000,0.000,0.000,,,QLD,Regional - QLD,590001,2026/08/27 12:01:06
2026/08/26,Yelcherr,580180,PROD,0.000,0.000,0.000,0.000,,,NT,Regional - NT,590017,2026/08/27 12:46:13
2026/08/26,Yellowbank,540074,PROD,0.000,11.558,0.000,0.000,,,QLD,Regional - QLD,590001,2026/08/27 12:01:06
2026/08/27,Adelaide Brighton,555091,BBLARGE,8.708,0.000,0.000,0.000,,,SA,Adelaide,550016,2026/09/08 13:00:01
2026/08/27,AGP,580010,PIPE,20.587,0.000,12.118,0.000,,,NT,Darwin,580001,2026/08/28 12:46:48
2026/08/27,AGP,580010,PIPE,6.896,31.618,0.000,19.744,,,NT,Regional - NT,590017,2026/08/28 12:46:48
2026/08/27,APLNG Pipeline,540093,PIPE,1666.809,0.000,0.000,0.000,,,QLD,Curtis Island,540030,2026/09/01 11:30:11
2026/08/27,APLNG Pipeline,540093,PIPE,0.000,1339.418,520.276,172.852,,,QLD,Regional - QLD,590001,2026/09/01 11:30:11
2026/08/27,Arcadia,540101,PROD,0.000,92.221,0.000,0.000,,,QLD,Regional - QLD,590001,2026/08/28 10:28:21
2026/08/27,ATGP,640013,PIPE,0.000,43.366,0.000,43.366,,,QLD,Regional - QLD,590001,2026/08/28 12:01:15
2026/08/27,ATHENA,535014,PROD,0.000,16.505,0.000,0.000,,,VIC,Iona Hub,530016,2026/09/01 10:28:17
2026/08/27,Atlas,544261,PROD,0.000,43.366,0.000,0.000,,,QLD,Regional - QLD,590001,2026/08/28 12:01:19
2026/08/27,Atlas East Central Processing Facility,640008,PROD,0.000,32.930,0.000,0.000,,,QLD,Regional - QLD,590001,2026/08/28 08:29:10
2026/08/27,Atlas to Reedy Creek Pipeline,640007,PIPE,0.000,32.935,0.000,32.391,,,QLD,Regional - QLD,590001,2026/08/28 12:46:48
2026/08/27,Australia Pacific LNG,544273,LNGEXPORT,1666.809,0.000,0.000,0.000,,,QLD,Curtis Island,540030,2026/08/28 12:00:25
2026/08/27,Australian Paper (Opal),535021,BBLARGE,10.851,0.000,0.000,0.000,,,VIC,Gippsland,590009,2026/09/04 11:00:04
2026/08/27,B1PL,540077,PIPE,0.035,34.491,0.000,35.179,,,QLD,Regional - QLD,590001,2026/08/28 11:00:55
2026/08/27,B2PL,540071,PIPE,0.000,54.501,7.018,60.698,,,QLD,Regional - QLD,590001,2026/08/28 12:30:15
2026/08/27,Bairnsdale Power Station,535020,BBGPG,0.000,0.000,0.000,0.000,,,VIC,Regional - VIC,590012,2026/08/28 11:00:54
2026/08/27,BCF,540047,COMPRESSOR,0.000,0.000,73.600,73.600,,,QLD,Regional - QLD,590001,2026/09/01 20:59:47
2026/08/27,Bell Bay CCGT,577016,BBGPG,26.979,0.000,0.000,0.000,,,TAS,Regional - TAS,590014,2026/08/29 12:01:00
2026/08/27,Bell Bay GGT,577014,BBGPG,0.364,0.000,0.000,0.000,,,TAS,Regional - TAS,590014,2026/08/29 12:01:00
2026/08/27,Bell Bay OCGT,577015,BBGPG,0.744,0.000,0.000,0.000,,,TAS,Regional - TAS,590014,2026/08/29 12:01:00
2026/08/27,Bellevue,540083,PROD,0.000,139.603,0.000,0.000,,,QLD,Regional - QLD,590001,2026/09/10 11:36:06
2026/08/27,BGP,580020,PIPE,0.341,0.000,0.000,0.000,,,NT,Regional - NT,590017,2026/08/28 12:46:48
2026/08/27,BlueScope,523204,BBLARGE,10.025,0.000,0.000,0.000,,,NSW,Sydney,520008,2026/08/28 12:01:05
2026/08/27,Bolivar,555008,BBGPG,0.872,0.000,0.000,0.000,,,SA,Regional - SA,590013,2026/08/28 12:05:37
2026/08/27,Bomaderry Gas Pipeline,523202,PIPE,21.960,0.000,21.888,0.000,,,NSW,Regional - NSW,590011,2026/08/29 13:34:39
2026/08/27,BPP,530030,PIPE,2.720,19.060,0.000,16.331,,,VIC,Gippsland,590009,2026/09/04 11:00:04
2026/08/27,Braemar 2 Power Station,544085,BBGPG,0.000,0.000,0.000,0.000,,,QLD,Regional - QLD,590001,2026/08/28 12:30:15
2026/08/27,Braemar Power Station,544252,BBGPG,0.035,0.000,0.000,0.000,,,QLD,Regional - QLD,590001,2026/08/28 11:00:55
2026/08/27,BWP,540096,PIPE,0.000,0.000,0.000,11.608,,,QLD,Wallumbilla Hub,540032,2026/08/28 12:46:48
2026/08/27,BWP,540096,PIPE,0.000,11.850,0.000,0.000,,,QLD,Regional - QLD,590001,2026/08/28 12:46:48
2026/08/27,CGP,540059,PIPE,0.000,0.000,73.628,0.000,,,QLD,Ballera,540078,2026/08/28 12:46:48
2026/08/27,CGP,540059,PIPE,71.278,0.000,0.000,0.000,,,QLD,Regional - QLD,590001,2026/08/28 12:46:48
2026/08/27,Channel Island Power Station,580231,BBGPG,20.587,0.000,0.000,0.000,,,NT,Darwin,580001,2026/08/28 12:46:48
2026/08/27,Colongra,523120,BBGPG,0.001,0.000,0.000,0.000,,,NSW,Regional - NSW,590011,2026/08/28 12:00:05
2026/08/27,ColongraGP,520090,PIPE,-0.069,0.000,0.000,0.000,,,NSW,Sydney,520008,2026/08/28 12:00:05
2026/08/27,ColongraGP,520090,PIPE,0.001,0.000,0.000,0.000,,,NSW,Regional - NSW,590011,2026/08/28 12:00:05
2026/08/27,Combabula,540094,PROD,0.000,291.599,0.000,0.000,,,QLD,Regional - QLD,590001,2026/09/01 11:30:11
2026/08/27,Condabri Central,540080,PROD,0.000,138.316,0.000,0.000,,,QLD,Regional - QLD,590001,2026/09/01 11:30:11
2026/08/27,Condabri North,540090,PROD,0.000,162.708,0.000,0.000,,,QLD,Regional - QLD,590001,2026/09/01 11:30:11
2026/08/27,Condabri South,540086,PROD,0.000,157.404,0.000,0.000,,,QLD,Regional - QLD,590001,2026/09/01 11:30:11
2026/08/27,Condamine Power Station,544274,BBGPG,0.000,0.000,0.000,0.000,,,QLD,Regional - QLD,590001,2026/09/10 11:36:04
2026/08/27,CRWP,540098,PIPE,0.000,0.000,168.699,0.000,,,QLD,Wallumbilla Hub,540032,2026/08/28 10:28:07
2026/08/27,CRWP,540098,PIPE,0.000,234.180,39.005,454.213,,,QLD,Regional - QLD,590001,2026/08/28 10:28:07
2026/08/27,CWP,520054,PIPE,5.518,0.000,5.910,0.000,,,NSW,Regional - NSW,590011,2026/08/28 12:46:48
2026/08/27,Daandine,540050,PROD,0.000,54.501,0.000,0.000,,,QLD,Regional - QLD,590001,2026/08/28 12:30:15
2026/08/27,Dandenong LNG,530038,STOR,0.000,0.288,0.000,0.000,606.136,27.889,VIC,Melbourne,590008,2026/08/28 12:46:48
2026/08/27,DDP,540097,PIPE,0.000,0.000,0.000,214.061,,,QLD,Wallumbilla Hub,540032,2026/09/02 11:01:16
2026/08/27,DDP,540097,PIPE,0.002,560.933,145.729,494.982,,,QLD,Regional - QLD,590001,2026/09/02 11:01:16
2026/08/27,DDPS,544027,BBGPG,0.002,0.000,0.000,0.000,,,QLD,Regional - QLD,590001,2026/09/02 11:01:16
2026/08/27,Diamantina Power Station,544077,BBGPG,36.301,0.000,0.000,0.000,,,QLD,Regional - QLD,590001,2026/08/28 12:46:48
2026/08/27,Dry Creek Power Station,555026,BBGPG,0.000,0.000,0.000,0.000,,,SA,Regional - SA,590013,2026/08/28 11:31:05
2026/08/27,EGP,520047,PIPE,138.929,0.000,0.000,0.000,,,NSW,Sydney,520008,2026/08/28 12:01:05
2026/08/27,EGP,520047,PIPE,12.319,0.000,0.000,0.000,,,NSW,Canberra,520009,2026/08/28 12:01:05
2026/08/27,EGP,520047,PIPE,0.000,209.410,0.000,107.737,,,VIC,Longford Hub,530015,2026/08/28 12:01:05
2026/08/27,EGP,520047,PIPE,15.250,0.000,0.000,21.888,,,NSW,Regional - NSW,590011,2026/08/28 12:01:05
2026/08/27,EGP,520047,PIPE,1.009,69.081,0.000,0.000,,,VIC,Regional - VIC,590012,2026/08/28 12:01:05
2026/08/27,EO4PL,540055,PIPE,0.000,0.000,0.000,0.000,,,QLD,Regional - QLD,590001,2026/09/10 11:36:06
2026/08/27,Eurombah Creek,540089,PROD,0.000,145.434,0.000,0.000,,,QLD,Regional - QLD,590001,2026/09/01 11:30:11
2026/08/27,Fairview,540070,PROD,0.000,287.697,0.000,0.000,,,QLD,Regional - QLD,590001,2026/08/28 10:28:21
2026/08/27,GLNG (Curtis Island),544276,LNGEXPORT,869.637,0.000,0.000,0.000,,,QLD,Curtis Island,540030,2026/08/28 10:28:07
2026/08/27,GLNG Pipeline,540092,PIPE,869.637,0.000,0.000,0.000,,,QLD,Curtis Island,540030,2026/08/28 10:28:07
2026/08/27,GLNG Pipeline,540092,PIPE,0.000,423.272,454.464,8.242,,,QLD,Regional - QLD,590001,2026/09/10 11:36:06
2026/08/27,Hallett,555029,BBGPG,0.000,0.000,0.000,0.000,,,SA,Regional - SA,590013,2026/08/28 11:31:05
2026/08/27,Hunter Power Station,523210,BBGPG,0.000,0.000,0.000,0.000,,,NSW,Sydney,520008,2026/08/28 12:46:48
2026/08/27,ICF,530071,COMPRESSOR,0.000,0.000,2.056,2.056,,,VIC,Iona Hub,530016,2026/08/28 08:35:03
2026/08/27,Iona UGS,530042,STOR,2.056,163.103,0.000,0.000,13182.694,0.000,VIC,Iona Hub,530016,2026/08/28 08:30:03
2026/08/27,Jeerelang,533161,BBGPG,1.955,0.000,0.000,0.000,,,VIC,Gippsland,590009,2026/09/04 11:00:04
2026/08/27,Jordan,540088,PROD,0.000,332.992,0.000,0.000,,,QLD,Regional - QLD,590001,2026/09/10 11:36:06
2026/08/27,Katherine Power Station,580233,BBGPG,0.000,0.000,0.000,0.000,,,NT,Regional - NT,590017,2026/08/28 12:46:48
2026/08/27,Kenya,540075,PROD,0.000,121.127,0.000,0.000,,,QLD,Regional - QLD,590001,2026/09/10 11:36:06
2026/08/27,Kincora,544253,PROD,0.000,4.000,0.000,0.000,,,QLD,Regional - QLD,590001,2026/08/28 12:46:48
2026/08/27,KKLP,523209,PIPE,0.000,0.000,0.000,0.000,,,NSW,Sydney,520008,2026/08/28 12:46:48
2026/08/27,Kogan North,540061,PROD,0.000,4.225,0.000,0.000,,,QLD,Regional - QLD,590001,2026/08/28 12:46:48
2026/08/27,Ladbroke Grove PS,555086,BBGPG,10.100,0.000,0.000,0.000,,,SA,Regional - SA,590013,2026/08/28 12:46:48
2026/08/27,Lang Lang,530039,PROD,0.000,19.060,0.000,0.000,,,VIC,Gippsland,590009,2026/08/28 10:31:31
2026/08/27,Laverton,533201,BBGPG,0.001,0.000,0.000,0.000,,,VIC,Geelong,590005,2026/09/04 11:00:04
2026/08/27,Longford,530040,PROD,0.000,632.643,0.000,0.000,,,VIC,Longford Hub,530015,2026/08/28 08:33:00
2026/08/27,Loy Yang B,533163,BBGPG,0.000,0.000,0.000,0.000,,,VIC,Gippsland,590009,2026/08/28 11:00:53
2026/08/27,LYB Transmission Pipeline,535023,PIPE,0.406,0.000,0.001,0.000,,,VIC,Gippsland,590009,2026/08/28 11:00:53
2026/08/27,MAPS,550054,PIPE,37.540,0.000,0.000,0.000,,,SA,Adelaide,550016,2026/08/28 11:31:05
2026/08/27,MAPS,550054,PIPE,0.000,36.673,153.196,0.000,,,SA,Moomba Hub,550017,2026/08/28 11:31:05
2026/08/27,MAPS,550054,PIPE,163.220,0.000,0.000,0.000,,,SA,Regional - SA,590013,2026/08/28 11:31:05
2026/08/27,McArthur River Mine,580220,BBGPG,9.848,0.000,0.000,0.000,,,NT,Regional - NT,590017,2026/08/28 09:06:19
2026/08/27,MCF,550050,COMPRESSOR,0.000,0.000,0.000,0.000,,,SA,Moomba Hub,550017,2026/08/28 12:46:48
2026/08/27,Mereenie,580040,PROD,0.000,25.968,0.000,0.000,,,NT,Regional - NT,590017,2026/08/28 10:55:38
2026/08/27,Meridian,540064,PROD,0.000,47.604,0.000,0.000,,,QLD,Regional - QLD,590001,2026/08/28 09:39:37
2026/08/27,Mintaro Power Station,555031,BBGPG,0.000,0.000,0.000,0.000,,,SA,Regional - SA,590013,2026/08/28 11:31:05
2026/08/27,Moomba,550045,PROD,0.000,215.400,0.000,0.000,,,SA,Moomba Hub,550017,2026/09/01 20:59:47
2026/08/27,Moomba Storage,550046,STOR,0.000,0.000,0.000,0.000,6300.300,0.000,SA,Moomba Hub,550017,2026/09/01 20:59:47
2026/08/27,Mortlake PS,530063,BBGPG,61.283,0.000,0.000,0.000,,,VIC,Regional - VIC,590012,2026/08/28 07:20:00
2026/08/27,MPL,530061,PIPE,0.000,0.000,57.826,0.000,,,VIC,Iona Hub,530016,2026/08/28 07:20:00
2026/08/27,MPL,530061,PIPE,61.283,0.000,0.000,0.000,,,VIC,Regional - VIC,590012,2026/08/28 07:20:00
2026/08/27,MRP,580100,PIPE,9.848,0.000,9.849,0.000,,,NT,Regional - NT,590017,2026/08/28 09:06:19
2026/08/27,MSP,520053,PIPE,107.038,0.000,0.000,0.000,,,NSW,Sydney,520008,2026/08/28 12:46:48
2026/08/27,MSP,520053,PIPE,0.000,0.000,79.392,11.271,,,SA,Moomba Hub,550017,2026/08/28 12:46:48
2026/08/27,MSP,520053,PIPE,35.224,0.000,0.000,5.910,,,NSW,Regional - NSW,590011,2026/08/28 12:46:48
2026/08/27,MSP,520053,PIPE,10.586,0.000,0.000,0.000,,,NSW,Regional - ACT,590015,2026/08/28 12:46:48
2026/08/27,MSP,520053,PIPE,0.000,0.000,128.460,0.000,,,NSW,Culcairn,590016,2026/08/28 12:46:48
2026/08/27,Newport,533171,BBGPG,0.007,0.000,0.000,0.000,,,VIC,Melbourne,590008,2026/09/04 11:00:04
2026/08/27,NGP,580050,PIPE,0.000,0.000,0.000,0.000,,,QLD,Regional - QLD,590001,2026/08/28 12:01:17
2026/08/27,NGP,580050,PIPE,0.000,0.000,0.000,0.000,,,NT,Regional - NT,590017,2026/08/28 12:01:17
2026/08/27,NGS,520060,STOR,0.160,0.439,0.000,0.000,668.758,76.828,NSW,Sydney,520008,2026/08/28 08:40:11
2026/08/27,Oakey PS,544095,BBGPG,1.287,0.000,0.000,0.000,,,QLD,Regional - QLD,590001,2026/08/28 12:46:48
2026/08/27,Orana,540084,PROD,0.000,167.145,0.000,0.000,,,QLD,Regional - QLD,590001,2026/09/01 11:30:11
2026/08/27,Orbost,530041,PROD,0.000,69.081,0.000,0.000,,,VIC,Regional - VIC,590012,2026/08/28 12:01:05
2026/08/27,Orica,544011,BBLARGE,9.578,0.000,0.000,0.000,,,QLD,Regional - QLD,590001,2026/08/28 12:01:09
2026/08/27,Orica (Kooragang Island),523206,BBLARGE,39.139,0.000,0.000,0.000,,,NSW,Sydney,520008,2026/08/28 13:00:00
2026/08/27,Osborne,555033,BBGPG,26.234,0.000,0.000,0.000,,,SA,Regional - SA,590013,2026/08/28 11:31:05
2026/08/27,Otway,530044,PROD,0.000,171.405,0.000,0.000,,,VIC,Iona Hub,530016,2026/08/28 12:39:36
2026/08/27,Owen Springs Power Station,580235,BBGPG,0.567,0.000,0.000,0.000,,,NT,Regional - NT,590017,2026/08/28 06:41:39
2026/08/27,Palm Valley,580060,PROD,0.000,5.650,0.000,0.000,,,NT,Regional - NT,590017,2026/08/28 10:55:38
2026/08/27,PCA,550052,PIPE,0.000,19.587,44.476,0.000,,,VIC,Iona Hub,530016,2026/08/28 07:20:01
2026/08/27,PCA,550052,PIPE,23.900,0.000,0.000,0.000,,,SA,Adelaide,550016,2026/08/28 07:20:01
2026/08/27,PCA,550052,PIPE,0.000,0.000,0.000,18.403,,,VIC,Regional - VIC,590012,2026/08/28 07:20:01
2026/08/27,PCA,550052,PIPE,27.040,0.000,0.000,0.000,,,SA,Regional - SA,590013,2026/08/28 07:20:01
2026/08/27,PCI,530060,PIPE,0.000,182.319,0.000,182.319,,,VIC,Iona Hub,530016,2026/08/28 07:20:01
2026/08/27,Peat,540065,PROD,0.000,11.895,0.000,0.000,,,QLD,Regional - QLD,590001,2026/09/01 11:30:11
2026/08/27,Pelican Point Power Station,555089,BBGPG,41.435,0.000,0.000,0.000,,,SA,Regional - SA,590013,2026/08/28 07:20:01
2026/08/27,Phosphate Hill,544081,BBLARGE,23.799,0.000,0.000,0.000,,,QLD,Regional - QLD,590001,2026/08/28 12:46:48
2026/08/27,Pipeline Compression Station,544279,COMPRESSOR,0.000,0.000,0.000,0.000,,,QLD,Regional - QLD,590001,2026/08/28 10:28:07
2026/08/27,PVP,580070,PIPE,1.082,0.000,1.155,0.000,,,NT,Regional - NT,590017,2026/08/28 06:41:39
2026/08/27,QCLNG LNG Plant,544272,LNGEXPORT,1516.273,0.000,0.000,0.000,,,QLD,Curtis Island,540030,2026/09/10 11:36:06
2026/08/27,QGP,540058,PIPE,0.000,0.000,0.007,0.000,,,QLD,Wallumbilla Hub,540032,2026/08/28 12:01:09
2026/08/27,QGP,540058,PIPE,90.061,25.358,69.945,2.210,,,QLD,Regional - QLD,590001,2026/08/28 12:01:09
2026/08/27,Quarantine Power Station,555087,BBGPG,16.447,0.000,0.000,0.000,,,SA,Regional - SA,590013,2026/08/28 11:31:05
2026/08/27,Queensland Aluminia,544012,BBLARGE,22.519,0.000,0.000,0.000,,,QLD,Regional - QLD,590001,2026/08/28 12:01:09
2026/08/27,RBP,540057,PIPE,0.000,0.000,34.997,10.300,,,QLD,Wallumbilla Hub,540032,2026/08/28 12:46:48
2026/08/27,RBP,540057,PIPE,5.384,21.826,41.479,7.018,,,QLD,Regional - QLD,590001,2026/08/28 12:46:48
2026/08/27,RBP,540057,PIPE,77.387,0.000,0.000,0.000,,,QLD,Brisbane,590002,2026/08/28 12:46:48
2026/08/27,RCWP,540102,PIPE,0.000,0.000,0.000,13.367,,,QLD,Wallumbilla Hub,540032,2026/08/28 12:46:48
2026/08/27,RCWP,540102,PIPE,0.000,0.000,32.391,17.303,,,QLD,Regional - QLD,590001,2026/08/28 12:46:48
2026/08/27,Reedy Creek,540085,PROD,0.000,198.781,0.000,0.000,,,QLD,Regional - QLD,590001,2026/09/01 11:30:11
2026/08/27,RMNGPF,640011,PROD,0.000,17.110,0.000,0.000,,,QLD,Regional - QLD,590001,2026/08/28 08:29:19
2026/08/27,RNMGP,640012,PIPE,0.000,17.110,0.000,17.110,,,QLD,Regional - QLD,590001,2026/08/28 08:29:19
2026/08/27,RNP,640009,PIPE,0.000,21.895,0.000,21.895,,,QLD,Regional - QLD,590001,2026/08/28 12:01:11
2026/08/27,Rolleston,540073,PROD,0.000,9.092,0.000,0.000,,,QLD,Regional - QLD,590001,2026/08/28 12:01:09
2026/08/27,Roma,540095,PROD,0.000,234.180,0.000,0.000,,,QLD,Regional - QLD,590001,2026/08/28 10:28:26
2026/08/27,Roma North,544260,PROD,0.000,21.895,0.000,0.000,,,QLD,Regional - QLD,590001,2026/08/28 12:01:18
2026/08/27,Roma Power Station,540120,BBGPG,0.000,0.000,0.000,0.000,,,QLD,Regional - QLD,590001,2026/08/28 12:26:57
2026/08/27,Ron Goodin Power Station,580234,BBGPG,0.000,0.000,0.000,0.000,,,NT,Regional - NT,590017,2026/08/28 06:41:39
2026/08/27,RPL,540110,PIPE,0.057,0.000,0.000,0.000,,,QLD,Regional - QLD,590001,2026/08/28 12:26:57
2026/08/27,Ruby Jo,540082,PROD,0.000,426.423,0.000,0.000,,,QLD,Regional - QLD,590001,2026/09/10 11:36:06
2026/08/27,RUGS,540040,STOR,0.000,0.000,0.000,0.000,15129.556,0.000,QLD,Regional - QLD,590001,2026/08/28 10:28:26
2026/08/27,Scotia,540072,PROD,0.000,95.545,0.000,0.000,,,QLD,Regional - QLD,590001,2026/08/28 10:28:26
2026/08/27,SEPS,550061,PIPE,7.927,0.000,7.925,0.000,,,SA,Regional - SA,590013,2026/08/28 11:32:05
2026/08/27,SESA,550060,PIPE,0.000,0.000,18.403,0.000,,,VIC,Regional - VIC,590012,2026/08/28 12:46:48
2026/08/27,SESA,550060,PIPE,10.100,0.000,0.000,7.920,,,SA,Regional - SA,590013,2026/08/28 12:46:48
2026/08/27,Shoalhaven Starches Cogeneration Plant,523203,BBLARGE,21.960,0.000,0.000,0.000,,,NSW,Regional - NSW,590011,2026/08/29 13:34:39
2026/08/27,Smithfield Energy Facility,522004,BBGPG,1.630,0.000,0.000,0.000,,,NSW,Regional - NSW,590011,2026/08/28 12:05:44
2026/08/27,Snapper Point,555090,BBGPG,0.000,0.000,0.000,0.000,,,SA,Regional - SA,590013,2026/08/28 11:31:05
2026/08/27,Somerton,533174,BBGPG,21.121,0.000,0.000,0.000,,,VIC,Melbourne,590008,2026/09/04 11:00:04
2026/08/27,Spring Gully,540066,PROD,0.000,55.151,0.000,0.000,,,QLD,Regional - QLD,590001,2026/09/01 11:30:11
2026/08/27,SSP,540103,PIPE,0.000,6.300,0.000,6.300,,,QLD,Regional - QLD,590001,2026/08/28 09:12:04
2026/08/27,SSSF,540062,STOR,0.000,6.500,0.000,0.000,8503.592,0.000,QLD,Regional - QLD,590001,2026/08/28 09:12:04
2026/08/27,Strathblane,540067,PROD,0.000,47.323,0.000,0.000,,,QLD,Regional - QLD,590001,2026/09/01 11:30:11
2026/08/27,Swanbank Power Station,544104,BBGPG,30.758,0.000,0.000,0.000,,,QLD,Brisbane,590002,2026/08/28 12:46:48
2026/08/27,SWQP,540060,PIPE,0.000,0.000,251.545,203.703,,,QLD,Wallumbilla Hub,540032,2026/08/28 12:46:48
2026/08/27,SWQP,540060,PIPE,0.000,0.000,0.000,78.592,,,QLD,Ballera,540078,2026/08/28 12:46:48
2026/08/27,SWQP,540060,PIPE,0.000,178.760,0.000,221.317,,,SA,Moomba Hub,550017,2026/08/28 12:46:48
2026/08/27,SWQP,540060,PIPE,0.319,0.000,0.000,0.000,,,QLD,Regional - QLD,590001,2026/08/28 12:46:48
2026/08/27,Talinga,540076,PROD,0.000,77.016,0.000,0.000,,,QLD,Regional - QLD,590001,2026/09/01 11:30:11
2026/08/27,Tallawarra,522002,BBGPG,7.928,0.000,0.000,0.000,,,NSW,Regional - NSW,590011,2026/08/28 11:00:10
2026/08/27,Tallawarra Pipeline,523201,PIPE,7.928,0.000,7.928,0.000,,,NSW,Regional - NSW,590011,2026/08/28 11:00:10
2026/08/27,Taloona,540068,PROD,0.000,40.211,0.000,0.000,,,QLD,Regional - QLD,590001,2026/09/01 11:30:11
2026/08/27,Tanami GP,580210,PIPE,8.491,0.000,8.740,0.000,,,NT,Regional - NT,590017,2026/08/28 12:02:00
2026/08/27,TGP,570050,PIPE,0.000,0.000,83.875,36.989,,,VIC,Longford Hub,530015,2026/08/29 12:01:00
2026/08/27,TGP,570050,PIPE,43.600,0.000,0.000,0.000,,,TAS,Regional - TAS,590014,2026/08/29 12:01:00
2026/08/27,Tipton,540051,PROD,0.000,34.491,0.000,0.000,,,QLD,Regional - QLD,590001,2026/08/28 12:30:15
2026/08/27,Torrens Island PS,555041,BBGPG,80.588,0.000,0.000,0.000,,,SA,Regional - SA,590013,2026/08/28 11:31:05
2026/08/27,Uranquinty Power Station,522047,BBGPG,0.000,0.000,0.000,0.000,,,NSW,Regional - NSW,590011,2026/08/28 12:46:48
2026/08/27,Valley Power GPG,535024,BBGPG,0.406,0.000,0.000,0.000,,,VIC,Gippsland,590009,2026/08/28 11:00:53
2026/08/27,VicHub,532005,PIPE,0.000,0.000,23.865,23.865,,,VIC,Longford Hub,530015,2026/08/28 12:01:20
2026/08/27,Viva Energy Refinery,535018,BBLARGE,7.011,0.000,0.000,0.000,,,VIC,Geelong,590005,2026/08/28 07:30:14
2026/08/27,VTS,530110,PIPE,0.000,421.313,60.869,0.001,,,VIC,Longford Hub,530015,2026/09/04 11:00:04
2026/08/27,VTS,530110,PIPE,0.000,149.083,80.022,0.000,,,VIC,Iona Hub,530016,2026/09/04 11:00:04
2026/08/27,VTS,530110,PIPE,12.548,0.000,0.000,0.000,,,VIC,Western,590004,2026/09/04 11:00:04
2026/08/27,VTS,530110,PIPE,57.567,0.000,0.000,0.000,,,VIC,Geelong,590005,2026/09/04 11:00:04
2026/08/27,VTS,530110,PIPE,38.006,0.000,0.000,0.000,,,VIC,Ballarat,590006,2026/09/04 11:00:04
2026/08/27,VTS,530110,PIPE,61.079,0.000,0.000,0.000,,,VIC,Northern,590007,2026/09/04 11:00:04
2026/08/27,VTS,530110,PIPE,362.820,0.167,0.000,0.000,,,VIC,Melbourne,590008,2026/09/04 11:00:04
2026/08/27,VTS,530110,PIPE,41.732,0.000,16.331,0.001,,,VIC,Gippsland,590009,2026/09/04 11:00:04
2026/08/27,VTS,530110,PIPE,0.000,0.000,0.000,128.458,,,NSW,Culcairn,590016,2026/09/04 11:00:04
2026/08/27,Wallumbilla Compression Station,544280,COMPRESSOR,0.000,0.000,0.000,0.000,,,QLD,Wallumbilla Hub,540032,2026/08/28 10:28:07
2026/08/27,WCFA,540045,COMPRESSOR,0.000,0.000,100.115,100.115,,,QLD,Wallumbilla Hub,540032,2026/08/28 12:46:48
2026/08/27,WCFB,540046,COMPRESSOR,0.000,0.000,133.131,133.131,,,QLD,Wallumbilla Hub,540032,2026/08/28 12:46:48
2026/08/27,Weddell Power Station,580232,BBGPG,13.143,0.000,0.000,0.000,,,NT,Darwin,580001,2026/08/28 12:46:48
2026/08/27,WGP,540091,PIPE,1516.273,0.000,0.000,0.000,,,QLD,Curtis Island,540030,2026/09/10 11:36:06
2026/08/27,WGP,540091,PIPE,0.000,1414.113,60.698,0.000,,,QLD,Regional - QLD,590001,2026/09/10 11:36:06
2026/08/27,Whyalla Steelworks,555085,BBLARGE,5.401,0.000,0.000,0.000,,,SA,Regional - SA,590013,2026/08/28 11:31:05
2026/08/27,Windibri,540069,PROD,0.000,91.572,0.000,0.000,,,QLD,Regional - QLD,590001,2026/09/10 11:36:06
2026/08/27,Woleebee Creek,540087,PROD,0.000,642.376,0.000,0.000,,,QLD,Regional - QLD,590001,2026/09/10 11:36:06
2026/08/27,WPP,580030,PIPE,13.143,25.263,0.000,12.118,,,NT,Darwin,580001,2026/08/28 12:46:48
2026/08/27,Yarwun,544282,BBGPG,40.034,0.000,0.000,0.000,,,QLD,Regional - QLD,590001,2026/08/28 12:01:09
2026/08/27,Yelcherr,580180,PROD,0.000,0.000,0.000,0.000,,,NT,Regional - NT,590017,2026/08/28 12:46:48
2026/08/27,Yellowbank,540074,PROD,0.000,12.016,0.000,0.000,,,QLD,Regional - QLD,590001,2026/08/28 12:01:09
2026/08/28,Adelaide Brighton,555091,BBLARGE,9.847,0.000,0.000,0.000,,,SA,Adelaide,550016,2026/08/29 13:00:00
2026/08/28,AGP,580010,PIPE,20.704,0.000,13.161,0.000,,,NT,Darwin,580001,2026/08/29 12:46:48
2026/08/28,AGP,580010,PIPE,6.743,31.698,0.000,19.598,,,NT,Regional - NT,590017,2026/08/29 12:46:48
2026/08/28,APLNG Pipeline,540093,PIPE,1679.256,0.000,0.000,0.000,,,QLD,Curtis Island,540030,2026/09/02 11:31:57
2026/08/28,APLNG Pipeline,540093,PIPE,0.000,1341.148,519.916,182.178,,,QLD,Regional - QLD,590001,2026/09/02 11:31:57
2026/08/28,Arcadia,540101,PROD,0.000,91.701,0.000,0.000,,,QLD,Regional - QLD,590001,2026/08/29 10:13:17
2026/08/28,ATGP,640013,PIPE,0.000,43.347,0.000,43.347,,,QLD,Regional - QLD,590001,2026/08/29 12:01:10
2026/08/28,ATHENA,535014,PROD,0.000,16.712,0.000,0.000,,,VIC,Iona Hub,530016,2026/09/02 10:44:22
2026/08/28,Atlas,544261,PROD,0.000,43.347,0.000,0.000,,,QLD,Regional - QLD,590001,2026/08/29 12:01:16
2026/08/28,Atlas East Central Processing Facility,640008,PROD,0.000,33.060,0.000,0.000,,,QLD,Regional - QLD,590001,2026/08/29 09:54:28
2026/08/28,Atlas to Reedy Creek Pipeline,640007,PIPE,0.000,33.060,0.000,32.600,,,QLD,Regional - QLD,590001,2026/08/29 12:46:48
2026/08/28,Australia Pacific LNG,544273,LNGEXPORT,1679.256,0.000,0.000,0.000,,,QLD,Curtis Island,540030,2026/08/29 12:00:25
2026/08/28,Australian Paper (Opal),535021,BBLARGE,11.227,0.000,0.000,0.000,,,VIC,Gippsland,590009,2026/09/04 11:00:04
2026/08/28,B1PL,540077,PIPE,0.039,41.206,0.000,43.840,,,QLD,Regional - QLD,590001,2026/08/29 11:00:48
2026/08/28,B2PL,540071,PIPE,0.000,52.709,6.011,60.695,,,QLD,Regional - QLD,590001,2026/08/29 10:35:27
2026/08/28,Bairnsdale Power Station,535020,BBGPG,0.000,0.000,0.000,0.000,,,VIC,Regional - VIC,590012,2026/08/29 11:00:45
2026/08/28,BCF,540047,COMPRESSOR,0.000,0.000,74.900,74.900,,,QLD,Regional - QLD,590001,2026/09/03 10:09:08
2026/08/28,Bell Bay CCGT,577016,BBGPG,26.931,0.000,0.000,0.000,,,TAS,Regional - TAS,590014,2026/08/30 12:01:00
2026/08/28,Bell Bay GGT,577014,BBGPG,0.000,0.000,0.000,0.000,,,TAS,Regional - TAS,590014,2026/08/30 12:01:00
2026/08/28,Bell Bay OCGT,577015,BBGPG,0.000,0.000,0.000,0.000,,,TAS,Regional - TAS,590014,2026/08/30 12:01:00
2026/08/28,Bellevue,540083,PROD,0.000,138.454,0.000,0.000,,,QLD,Regional - QLD,590001,2026/09/10 11:36:06
2026/08/28,BGP,580020,PIPE,0.312,0.000,0.000,0.000,,,NT,Regional - NT,590017,2026/08/29 12:46:48
2026/08/28,BlueScope,523204,BBLARGE,10.522,0.000,0.000,0.000,,,NSW,Sydney,520008,2026/08/29 12:01:05
2026/08/28,Bolivar,555008,BBGPG,0.000,0.000,0.000,0.000,,,SA,Regional - SA,590013,2026/08/29 12:03:33
2026/08/28,Bomaderry Gas Pipeline,523202,PIPE,0.000,0.000,21.960,0.000,,,NSW,Regional - NSW,590011,2026/08/29 12:01:05
2026/08/28,BPP,530030,PIPE,3.020,18.980,0.000,15.966,,,VIC,Gippsland,590009,2026/09/04 11:00:04
2026/08/28,Braemar 2 Power Station,544085,BBGPG,0.000,0.000,0.000,0.000,,,QLD,Regional - QLD,590001,2026/08/29 10:35:27
2026/08/28,Braemar Power Station,544252,BBGPG,0.039,0.000,0.000,0.000,,,QLD,Regional - QLD,590001,2026/08/29 11:00:48
2026/08/28,BWP,540096,PIPE,0.000,0.000,0.000,14.646,,,QLD,Wallumbilla Hub,540032,2026/08/29 12:46:48
2026/08/28,BWP,540096,PIPE,0.000,13.844,0.000,0.000,,,QLD,Regional - QLD,590001,2026/08/29 12:46:48
2026/08/28,CGP,540059,PIPE,0.000,0.000,74.945,0.000,,,QLD,Ballera,540078,2026/08/29 12:46:48
2026/08/28,CGP,540059,PIPE,74.005,0.000,0.000,0.000,,,QLD,Regional - QLD,590001,2026/08/29 12:46:48
2026/08/28,Channel Island Power Station,580231,BBGPG,20.704,0.000,0.000,0.000,,,NT,Darwin,580001,2026/08/29 12:46:48
2026/08/28,Colongra,523120,BBGPG,0.000,0.000,0.000,0.000,,,NSW,Regional - NSW,590011,2026/08/29 12:00:05
2026/08/28,ColongraGP,520090,PIPE,0.000,0.000,0.000,0.000,,,NSW,Sydney,520008,2026/08/29 12:00:05
2026/08/28,ColongraGP,520090,PIPE,0.000,0.000,0.000,0.000,,,NSW,Regional - NSW,590011,2026/08/29 12:00:05
2026/08/28,Combabula,540094,PROD,0.000,291.526,0.000,0.000,,,QLD,Regional - QLD,590001,2026/09/02 11:31:57
2026/08/28,Condabri Central,540080,PROD,0.000,137.927,0.000,0.000,,,QLD,Regional - QLD,590001,2026/09/02 11:31:57
2026/08/28,Condabri North,540090,PROD,0.000,162.262,0.000,0.000,,,QLD,Regional - QLD,590001,2026/09/02 11:31:57
2026/08/28,Condabri South,540086,PROD,0.000,157.220,0.000,0.000,,,QLD,Regional - QLD,590001,2026/09/02 11:31:57
2026/08/28,Condamine Power Station,544274,BBGPG,0.000,0.000,0.000,0.000,,,QLD,Regional - QLD,590001,2026/09/10 11:36:04
2026/08/28,CRWP,540098,PIPE,0.000,0.000,224.430,0.000,,,QLD,Wallumbilla Hub,540032,2026/08/29 10:13:06
2026/08/28,CRWP,540098,PIPE,0.000,233.411,39.553,530.713,,,QLD,Regional - QLD,590001,2026/08/29 10:13:06
2026/08/28,CWP,520054,PIPE,5.696,0.000,5.047,0.000,,,NSW,Regional - NSW,590011,2026/08/29 12:46:48
2026/08/28,Daandine,540050,PROD,0.000,54.771,0.000,0.000,,,QLD,Regional - QLD,590001,2026/08/29 10:35:35
2026/08/28,Dandenong LNG,530038,STOR,0.000,0.248,0.000,0.000,605.974,27.889,VIC,Melbourne,590008,2026/08/29 12:46:48
2026/08/28,DDP,540097,PIPE,0.000,0.000,0.000,218.223,,,QLD,Wallumbilla Hub,540032,2026/09/02 11:01:17
2026/08/28,DDP,540097,PIPE,0.002,560.107,148.260,493.036,,,QLD,Regional - QLD,590001,2026/09/02 11:01:17
2026/08/28,DDPS,544027,BBGPG,0.002,0.000,0.000,0.000,,,QLD,Regional - QLD,590001,2026/09/02 11:01:17
2026/08/28,Diamantina Power Station,544077,BBGPG,36.912,0.000,0.000,0.000,,,QLD,Regional - QLD,590001,2026/08/29 12:46:48
2026/08/28,Dry Creek Power Station,555026,BBGPG,0.000,0.000,0.000,0.000,,,SA,Regional - SA,590013,2026/08/29 11:31:05
2026/08/28,EGP,520047,PIPE,111.665,0.000,0.000,0.000,,,NSW,Sydney,520008,2026/08/29 12:01:05
2026/08/28,EGP,520047,PIPE,14.291,0.000,0.000,0.000,,,NSW,Canberra,520009,2026/08/29 12:01:05
2026/08/28,EGP,520047,PIPE,0.000,238.848,0.000,125.977,,,VIC,Longford Hub,530015,2026/08/29 12:01:05
2026/08/28,EGP,520047,PIPE,27.600,0.000,0.000,21.960,,,NSW,Regional - NSW,590011,2026/08/29 12:01:05
2026/08/28,EGP,520047,PIPE,1.017,72.126,0.000,0.000,,,VIC,Regional - VIC,590012,2026/08/29 12:01:05
2026/08/28,EO4PL,540055,PIPE,0.000,0.000,0.000,0.000,,,QLD,Regional - QLD,590001,2026/09/10 11:36:06
2026/08/28,Eurombah Creek,540089,PROD,0.000,145.570,0.000,0.000,,,QLD,Regional - QLD,590001,2026/09/02 11:31:57
2026/08/28,Fairview,540070,PROD,0.000,285.453,0.000,0.000,,,QLD,Regional - QLD,590001,2026/08/29 10:13:17
2026/08/28,GLNG (Curtis Island),544276,LNGEXPORT,998.188,0.000,0.000,0.000,,,QLD,Curtis Island,540030,2026/08/29 10:13:06
2026/08/28,GLNG Pipeline,540092,PIPE,998.188,0.000,0.000,0.000,,,QLD,Curtis Island,540030,2026/08/29 10:13:06
2026/08/28,GLNG Pipeline,540092,PIPE,0.000,420.292,531.005,9.898,,,QLD,Regional - QLD,590001,2026/09/10 11:36:06
2026/08/28,Hallett,555029,BBGPG,0.000,0.000,0.000,0.000,,,SA,Regional - SA,590013,2026/08/29 11:31:05
2026/08/28,Hunter Power Station,523210,BBGPG,0.000,0.000,0.000,0.000,,,NSW,Sydney,520008,2026/08/29 12:46:48
2026/08/28,ICF,530071,COMPRESSOR,0.000,0.000,10.406,10.406,,,VIC,Iona Hub,530016,2026/08/29 08:35:04
2026/08/28,Iona UGS,530042,STOR,10.406,156.862,0.000,0.000,13036.238,0.000,VIC,Iona Hub,530016,2026/08/29 08:30:23
2026/08/28,Jeerelang,533161,BBGPG,0.000,0.000,0.000,0.000,,,VIC,Gippsland,590009,2026/09/04 11:00:04
2026/08/28,Jordan,540088,PROD,0.000,335.574,0.000,0.000,,,QLD,Regional - QLD,590001,2026/09/10 11:36:06
2026/08/28,Katherine Power Station,580233,BBGPG,0.001,0.000,0.000,0.000,,,NT,Regional - NT,590017,2026/08/29 12:46:48
2026/08/28,Kenya,540075,PROD,0.000,120.968,0.000,0.000,,,QLD,Regional - QLD,590001,2026/09/10 11:36:06
2026/08/28,Kincora,544253,PROD,0.000,4.000,0.000,0.000,,,QLD,Regional - QLD,590001,2026/08/29 12:46:48
2026/08/28,KKLP,523209,PIPE,0.000,0.000,0.000,0.000,,,NSW,Sydney,520008,2026/08/29 12:46:48
2026/08/28,Kogan North,540061,PROD,0.000,4.317,0.000,0.000,,,QLD,Regional - QLD,590001,2026/08/29 12:46:48
2026/08/28,Ladbroke Grove PS,555086,BBGPG,8.654,0.000,0.000,0.000,,,SA,Regional - SA,590013,2026/08/29 12:46:48
2026/08/28,Lang Lang,530039,PROD,0.000,18.980,0.000,0.000,,,VIC,Gippsland,590009,2026/08/29 10:30:06
2026/08/28,Laverton,533201,BBGPG,0.000,0.000,0.000,0.000,,,VIC,Geelong,590005,2026/09/04 11:00:04
2026/08/28,Longford,530040,PROD,0.000,635.907,0.000,0.000,,,VIC,Longford Hub,530015,2026/08/29 08:27:51
2026/08/28,Loy Yang B,533163,BBGPG,0.000,0.000,0.000,0.000,,,VIC,Gippsland,590009,2026/08/29 11:00:43
2026/08/28,LYB Transmission Pipeline,535023,PIPE,0.097,0.000,0.020,0.000,,,VIC,Gippsland,590009,2026/08/29 11:00:43
2026/08/28,MAPS,550054,PIPE,24.776,0.000,0.000,0.000,,,SA,Adelaide,550016,2026/08/29 11:31:05
2026/08/28,MAPS,550054,PIPE,0.000,49.782,127.477,0.000,,,SA,Moomba Hub,550017,2026/08/29 11:31:05
2026/08/28,MAPS,550054,PIPE,146.042,0.000,0.000,0.000,,,SA,Regional - SA,590013,2026/08/29 11:31:05
2026/08/28,McArthur River Mine,580220,BBGPG,9.764,0.000,0.000,0.000,,,NT,Regional - NT,590017,2026/08/29 09:07:05
2026/08/28,MCF,550050,COMPRESSOR,0.000,0.000,140.357,140.357,,,SA,Moomba Hub,550017,2026/08/29 12:46:48
2026/08/28,Mereenie,580040,PROD,0.000,26.039,0.000,0.000,,,NT,Regional - NT,590017,2026/08/29 11:15:39
2026/08/28,Meridian,540064,PROD,0.000,47.388,0.000,0.000,,,QLD,Regional - QLD,590001,2026/08/29 09:38:57
2026/08/28,Mintaro Power Station,555031,BBGPG,0.000,0.000,0.000,0.000,,,SA,Regional - SA,590013,2026/08/29 11:31:05
2026/08/28,Moomba,550045,PROD,0.000,219.200,0.000,0.000,,,SA,Moomba Hub,550017,2026/09/03 10:09:08
2026/08/28,Moomba Storage,550046,STOR,0.000,0.700,0.000,0.000,6299.600,0.000,SA,Moomba Hub,550017,2026/09/03 10:09:08
2026/08/28,Mortlake PS,530063,BBGPG,48.798,0.000,0.000,0.000,,,VIC,Regional - VIC,590012,2026/08/29 07:20:00
2026/08/28,MPL,530061,PIPE,0.000,0.000,55.849,0.000,,,VIC,Iona Hub,530016,2026/08/29 07:20:00
2026/08/28,MPL,530061,PIPE,48.798,0.000,0.000,0.000,,,VIC,Regional - VIC,590012,2026/08/29 07:20:00
2026/08/28,MRP,580100,PIPE,9.764,0.000,9.765,0.000,,,NT,Regional - NT,590017,2026/08/29 09:07:05
2026/08/28,MSP,520053,PIPE,124.314,0.000,0.000,0.000,,,NSW,Sydney,520008,2026/08/29 12:46:48
2026/08/28,MSP,520053,PIPE,0.000,0.000,11.719,110.130,,,SA,Moomba Hub,550017,2026/08/29 12:46:48
2026/08/28,MSP,520053,PIPE,34.375,0.000,0.000,5.047,,,NSW,Regional - NSW,590011,2026/08/29 12:46:48
2026/08/28,MSP,520053,PIPE,11.697,0.000,0.000,0.000,,,NSW,Regional - ACT,590015,2026/08/29 12:46:48
2026/08/28,MSP,520053,PIPE,0.000,0.000,118.928,0.000,,,NSW,Culcairn,590016,2026/08/29 12:46:48
2026/08/28,Newport,533171,BBGPG,0.003,0.000,0.000,0.000,,,VIC,Melbourne,590008,2026/09/04 11:00:04
2026/08/28,NGP,580050,PIPE,0.000,0.000,0.000,0.000,,,QLD,Regional - QLD,590001,2026/08/29 12:01:14
2026/08/28,NGP,580050,PIPE,0.000,0.000,0.000,0.000,,,NT,Regional - NT,590017,2026/08/29 12:01:14
2026/08/28,NGS,520060,STOR,0.130,0.471,0.000,0.000,668.285,76.828,NSW,Sydney,520008,2026/08/29 07:52:33
2026/08/28,Oakey PS,544095,BBGPG,0.000,0.000,0.000,0.000,,,QLD,Regional - QLD,590001,2026/08/29 12:46:48
2026/08/28,Orana,540084,PROD,0.000,166.832,0.000,0.000,,,QLD,Regional - QLD,590001,2026/09/02 11:31:57
2026/08/28,Orbost,530041,PROD,0.000,72.126,0.000,0.000,,,VIC,Regional - VIC,590012,2026/08/29 12:01:05
2026/08/28,Orica,544011,BBLARGE,9.756,0.000,0.000,0.000,,,QLD,Regional - QLD,590001,2026/08/29 12:01:06
2026/08/28,Orica (Kooragang Island),523206,BBLARGE,38.771,0.000,0.000,0.000,,,NSW,Sydney,520008,2026/09/08 13:00:00
2026/08/28,Osborne,555033,BBGPG,26.926,0.000,0.000,0.000,,,SA,Regional - SA,590013,2026/08/29 11:31:05
2026/08/28,Otway,530044,PROD,0.000,172.552,0.000,0.000,,,VIC,Iona Hub,530016,2026/08/29 10:35:16
2026/08/28,Owen Springs Power Station,580235,BBGPG,0.491,0.000,0.000,0.000,,,NT,Regional - NT,590017,2026/08/29 06:41:05
2026/08/28,Palm Valley,580060,PROD,0.000,5.659,0.000,0.000,,,NT,Regional - NT,590017,2026/08/29 11:15:39
2026/08/28,PCA,550052,PIPE,0.000,17.670,49.665,1.948,,,VIC,Iona Hub,530016,2026/08/29 07:20:01
2026/08/28,PCA,550052,PIPE,31.652,0.000,0.000,0.000,,,SA,Adelaide,550016,2026/08/29 07:20:01
2026/08/28,PCA,550052,PIPE,0.000,0.000,0.000,17.187,,,VIC,Regional - VIC,590012,2026/08/29 07:20:01
2026/08/28,PCA,550052,PIPE,12.684,0.000,0.000,0.001,,,SA,Regional - SA,590013,2026/08/29 07:20:01
2026/08/28,PCI,530060,PIPE,0.000,183.587,1.948,185.535,,,VIC,Iona Hub,530016,2026/08/29 07:20:01
2026/08/28,Peat,540065,PROD,0.000,11.440,0.000,0.000,,,QLD,Regional - QLD,590001,2026/09/02 11:31:57
2026/08/28,Pelican Point Power Station,555089,BBGPG,39.855,0.000,0.000,0.000,,,SA,Regional - SA,590013,2026/08/29 07:20:01
2026/08/28,Phosphate Hill,544081,BBLARGE,24.591,0.000,0.000,0.000,,,QLD,Regional - QLD,590001,2026/08/29 12:46:48
2026/08/28,Pipeline Compression Station,544279,COMPRESSOR,0.000,0.000,0.000,0.000,,,QLD,Regional - QLD,590001,2026/08/29 10:13:06
2026/08/28,PVP,580070,PIPE,1.002,0.000,1.093,0.000,,,NT,Regional - NT,590017,2026/08/29 06:41:05
2026/08/28,QCLNG LNG Plant,544272,LNGEXPORT,1485.820,0.000,0.000,0.000,,,QLD,Curtis Island,540030,2026/09/10 11:36:06
2026/08/28,QGP,540058,PIPE,0.000,0.000,0.000,0.000,,,QLD,Wallumbilla Hub,540032,2026/08/29 12:01:06
2026/08/28,QGP,540058,PIPE,103.088,25.621,76.886,12.987,,,QLD,Regional - QLD,590001,2026/08/29 12:01:06
2026/08/28,Quarantine Power Station,555087,BBGPG,1.101,0.000,0.000,0.000,,,SA,Regional - SA,590013,2026/08/29 11:31:05
2026/08/28,Queensland Aluminia,544012,BBLARGE,26.279,0.000,0.000,0.000,,,QLD,Regional - QLD,590001,2026/08/29 12:01:06
2026/08/28,RBP,540057,PIPE,0.000,0.000,18.940,10.300,,,QLD,Wallumbilla Hub,540032,2026/08/29 12:46:48
2026/08/28,RBP,540057,PIPE,3.779,21.958,50.140,6.011,,,QLD,Regional - QLD,590001,2026/08/29 12:46:48
2026/08/28,RBP,540057,PIPE,67.967,0.000,0.000,0.000,,,QLD,Brisbane,590002,2026/08/29 12:46:48
2026/08/28,RCWP,540102,PIPE,0.000,0.000,0.000,15.157,,,QLD,Wallumbilla Hub,540032,2026/08/29 12:46:48
2026/08/28,RCWP,540102,PIPE,0.000,0.000,32.600,17.275,,,QLD,Regional - QLD,590001,2026/08/29 12:46:48
2026/08/28,Reedy Creek,540085,PROD,0.000,198.843,0.000,0.000,,,QLD,Regional - QLD,590001,2026/09/02 11:31:57
2026/08/28,RMNGPF,640011,PROD,0.000,17.070,0.000,0.000,,,QLD,Regional - QLD,590001,2026/08/29 09:54:08
2026/08/28,RNMGP,640012,PIPE,0.000,17.070,0.000,17.070,,,QLD,Regional - QLD,590001,2026/08/29 09:54:08
2026/08/28,RNP,640009,PIPE,0.000,22.483,0.000,22.483,,,QLD,Regional - QLD,590001,2026/08/29 12:01:07
2026/08/28,Rolleston,540073,PROD,0.000,9.285,0.000,0.000,,,QLD,Regional - QLD,590001,2026/08/29 12:01:06
2026/08/28,Roma,540095,PROD,0.000,233.411,0.000,0.000,,,QLD,Regional - QLD,590001,2026/08/29 10:13:20
2026/08/28,Roma North,544260,PROD,0.000,22.483,0.000,0.000,,,QLD,Regional - QLD,590001,2026/08/29 12:01:15
2026/08/28,Roma Power Station,540120,BBGPG,0.000,0.000,0.000,0.000,,,QLD,Regional - QLD,590001,2026/08/29 12:15:58
2026/08/28,Ron Goodin Power Station,580234,BBGPG,0.000,0.000,0.000,0.000,,,NT,Regional - NT,590017,2026/08/29 06:41:05
2026/08/28,RPL,540110,PIPE,0.058,0.000,0.000,0.000,,,QLD,Regional - QLD,590001,2026/08/29 12:15:58
2026/08/28,Ruby Jo,540082,PROD,0.000,425.404,0.000,0.000,,,QLD,Regional - QLD,590001,2026/09/10 11:36:06
2026/08/28,RUGS,540040,STOR,0.000,0.000,0.000,0.000,15129.557,0.000,QLD,Regional - QLD,590001,2026/08/29 10:13:20
2026/08/28,Scotia,540072,PROD,0.000,97.172,0.000,0.000,,,QLD,Regional - QLD,590001,2026/08/29 10:13:20
2026/08/28,SEPS,550061,PIPE,7.958,0.000,8.007,0.000,,,SA,Regional - SA,590013,2026/08/29 11:32:05
2026/08/28,SESA,550060,PIPE,0.000,0.000,17.187,0.000,,,VIC,Regional - VIC,590012,2026/08/29 12:46:48
2026/08/28,SESA,550060,PIPE,8.654,0.000,0.000,8.007,,,SA,Regional - SA,590013,2026/08/29 12:46:48
2026/08/28,Smithfield Energy Facility,522004,BBGPG,0.000,0.000,0.000,0.000,,,NSW,Regional - NSW,590011,2026/08/29 12:03:41
2026/08/28,Snapper Point,555090,BBGPG,0.000,0.000,0.000,0.000,,,SA,Regional - SA,590013,2026/08/29 11:31:05
2026/08/28,Somerton,533174,BBGPG,14.781,0.000,0.000,0.000,,,VIC,Melbourne,590008,2026/09/04 11:00:04
2026/08/28,Spring Gully,540066,PROD,0.000,54.975,0.000,0.000,,,QLD,Regional - QLD,590001,2026/09/02 11:31:57
2026/08/28,SSP,540103,PIPE,0.000,6.300,0.000,6.300,,,QLD,Regional - QLD,590001,2026/08/29 09:25:48
2026/08/28,SSSF,540062,STOR,0.000,6.610,0.000,0.000,8496.982,0.000,QLD,Regional - QLD,590001,2026/08/29 09:25:48
2026/08/28,Strathblane,540067,PROD,0.000,47.411,0.000,0.000,,,QLD,Regional - QLD,590001,2026/09/02 11:31:57
2026/08/28,Swanbank Power Station,544104,BBGPG,24.155,0.000,0.000,0.000,,,QLD,Brisbane,590002,2026/08/29 12:46:48
2026/08/28,SWQP,540060,PIPE,0.000,0.000,270.172,242.229,,,QLD,Wallumbilla Hub,540032,2026/08/29 12:46:48
2026/08/28,SWQP,540060,PIPE,0.000,0.000,0.000,79.977,,,QLD,Ballera,540078,2026/08/29 12:46:48
2026/08/28,SWQP,540060,PIPE,0.000,169.422,100.386,129.452,,,SA,Moomba Hub,550017,2026/08/29 12:46:48
2026/08/28,SWQP,540060,PIPE,0.138,0.000,0.000,0.000,,,QLD,Regional - QLD,590001,2026/08/29 12:46:48
2026/08/28,Talinga,540076,PROD,0.000,78.205,0.000,0.000,,,QLD,Regional - QLD,590001,2026/09/02 11:31:57
2026/08/28,Tallawarra,522002,BBGPG,22.100,0.000,0.000,0.000,,,NSW,Regional - NSW,590011,2026/08/29 11:00:10
2026/08/28,Tallawarra Pipeline,523201,PIPE,22.100,0.000,22.100,0.000,,,NSW,Regional - NSW,590011,2026/08/29 11:00:10
2026/08/28,Taloona,540068,PROD,0.000,40.098,0.000,0.000,,,QLD,Regional - QLD,590001,2026/09/02 11:31:57
2026/08/28,Tanami GP,580210,PIPE,8.427,0.000,8.740,0.000,,,NT,Regional - NT,590017,2026/08/29 12:02:00
2026/08/28,TGP,570050,PIPE,0.000,0.000,78.393,49.505,,,VIC,Longford Hub,530015,2026/08/30 12:01:00
2026/08/28,TGP,570050,PIPE,41.761,0.000,0.000,0.000,,,TAS,Regional - TAS,590014,2026/08/30 12:01:00
2026/08/28,Tipton,540051,PROD,0.000,39.146,0.000,0.000,,,QLD,Regional - QLD,590001,2026/08/29 10:35:35
2026/08/28,Torrens Island PS,555041,BBGPG,64.402,0.000,0.000,0.000,,,SA,Regional - SA,590013,2026/08/29 11:31:05
2026/08/28,Uranquinty Power Station,522047,BBGPG,0.003,0.000,0.000,0.000,,,NSW,Regional - NSW,590011,2026/08/29 12:46:48
2026/08/28,Valley Power GPG,535024,BBGPG,0.097,0.000,0.000,0.000,,,VIC,Gippsland,590009,2026/08/29 11:00:43
2026/08/28,VicHub,532005,PIPE,0.000,0.000,47.587,47.587,,,VIC,Longford Hub,530015,2026/08/29 12:01:17
2026/08/28,Viva Energy Refinery,535018,BBLARGE,6.863,0.000,0.000,0.000,,,VIC,Geelong,590005,2026/08/29 07:30:15
2026/08/28,VTS,530110,PIPE,0.000,394.802,97.118,0.000,,,VIC,Longford Hub,530015,2026/09/04 11:00:04
2026/08/28,VTS,530110,PIPE,0.000,130.400,80.020,0.000,,,VIC,Iona Hub,530016,2026/09/04 11:00:04
2026/08/28,VTS,530110,PIPE,13.607,0.000,0.000,0.000,,,VIC,Western,590004,2026/09/04 11:00:04
2026/08/28,VTS,530110,PIPE,63.351,0.000,0.000,0.000,,,VIC,Geelong,590005,2026/09/04 11:00:04
2026/08/28,VTS,530110,PIPE,38.982,0.000,0.000,0.000,,,VIC,Ballarat,590006,2026/09/04 11:00:04
2026/08/28,VTS,530110,PIPE,55.745,0.000,0.000,0.000,,,VIC,Northern,590007,2026/09/04 11:00:04
2026/08/28,VTS,530110,PIPE,373.578,0.122,0.000,0.000,,,VIC,Melbourne,590008,2026/09/04 11:00:04
2026/08/28,VTS,530110,PIPE,42.817,0.000,15.966,0.020,,,VIC,Gippsland,590009,2026/09/04 11:00:04
2026/08/28,VTS,530110,PIPE,0.000,0.000,0.000,118.929,,,NSW,Culcairn,590016,2026/09/04 11:00:04
2026/08/28,Wallumbilla Compression Station,544280,COMPRESSOR,0.000,0.000,0.000,0.000,,,QLD,Wallumbilla Hub,540032,2026/08/29 10:13:06
2026/08/28,WCFA,540045,COMPRESSOR,0.000,0.000,95.242,95.242,,,QLD,Wallumbilla Hub,540032,2026/08/29 12:46:48
2026/08/28,WCFB,540046,COMPRESSOR,0.000,0.000,146.987,146.987,,,QLD,Wallumbilla Hub,540032,2026/08/29 12:46:48
2026/08/28,Weddell Power Station,580232,BBGPG,12.088,0.000,0.000,0.000,,,NT,Darwin,580001,2026/08/29 12:46:48
2026/08/28,WGP,540091,PIPE,1485.820,0.000,0.000,0.000,,,QLD,Curtis Island,540030,2026/09/10 11:36:06
2026/08/28,WGP,540091,PIPE,0.000,1412.278,60.695,0.000,,,QLD,Regional - QLD,590001,2026/09/10 11:36:06
2026/08/28,Whyalla Steelworks,555085,BBLARGE,6.274,0.000,0.000,0.000,,,SA,Regional - SA,590013,2026/08/29 11:31:05
2026/08/28,Windibri,540069,PROD,0.000,90.900,0.000,0.000,,,QLD,Regional - QLD,590001,2026/09/10 11:36:06
2026/08/28,Woleebee Creek,540087,PROD,0.000,642.939,0.000,0.000,,,QLD,Regional - QLD,590001,2026/09/10 11:36:06
2026/08/28,WPP,580030,PIPE,12.088,25.248,0.000,13.161,,,NT,Darwin,580001,2026/08/29 12:46:48
2026/08/28,Yarwun,544282,BBGPG,50.429,0.000,0.000,0.000,,,QLD,Regional - QLD,590001,2026/08/29 12:01:06
2026/08/28,Yelcherr,580180,PROD,0.000,0.000,0.000,0.000,,,NT,Regional - NT,590017,2026/08/29 12:46:48
2026/08/28,Yellowbank,540074,PROD,0.000,12.086,0.000,0.000,,,QLD,Regional - QLD,590001,2026/08/29 12:01:06
2026/08/29,Adelaide Brighton,555091,BBLARGE,10.225,0.000,0.000,0.000,,,SA,Adelaide,550016,2026/08/30 13:00:01
2026/08/29,AGP,580010,PIPE,20.354,0.000,14.296,0.000,,,NT,Darwin,580001,2026/08/30 12:47:48
2026/08/29,AGP,580010,PIPE,6.747,31.536,0.000,19.039,,,NT,Regional - NT,590017,2026/08/30 12:47:48
2026/08/29,APLNG Pipeline,540093,PIPE,1676.187,0.000,0.000,0.000,,,QLD,Curtis Island,540030,2026/09/03 11:42:27
2026/08/29,APLNG Pipeline,540093,PIPE,0.000,1340.821,527.235,186.802,,,QLD,Regional - QLD,590001,2026/09/03 11:42:27
2026/08/29,Arcadia,540101,PROD,0.000,92.028,0.000,0.000,,,QLD,Regional - QLD,590001,2026/08/30 10:28:38
2026/08/29,ATGP,640013,PIPE,0.000,43.370,0.000,43.370,,,QLD,Regional - QLD,590001,2026/08/30 12:01:13
2026/08/29,ATHENA,535014,PROD,0.000,17.176,0.000,0.000,,,VIC,Iona Hub,530016,2026/09/03 10:47:34
2026/08/29,Atlas,544261,PROD,0.000,43.370,0.000,0.000,,,QLD,Regional - QLD,590001,2026/08/30 12:01:21
2026/08/29,Atlas East Central Processing Facility,640008,PROD,0.000,32.990,0.000,0.000,,,QLD,Regional - QLD,590001,2026/08/30 10:56:39
2026/08/29,Atlas to Reedy Creek Pipeline,640007,PIPE,0.000,32.992,0.000,34.230,,,QLD,Regional - QLD,590001,2026/08/30 12:47:48
2026/08/29,Australia Pacific LNG,544273,LNGEXPORT,1676.187,0.000,0.000,0.000,,,QLD,Curtis Island,540030,2026/08/30 12:00:25
2026/08/29,Australian Paper (Opal),535021,BBLARGE,12.184,0.000,0.000,0.000,,,VIC,Gippsland,590009,2026/09/04 11:00:04
2026/08/29,B1PL,540077,PIPE,0.037,40.020,0.000,40.021,,,QLD,Regional - QLD,590001,2026/08/30 11:00:52
2026/08/29,B2PL,540071,PIPE,0.000,54.540,10.001,59.706,,,QLD,Regional - QLD,590001,2026/08/30 10:16:36
2026/08/29,Bairnsdale Power Station,535020,BBGPG,0.000,0.000,0.000,0.000,,,VIC,Regional - VIC,590012,2026/08/30 11:00:54
2026/08/29,BCF,540047,COMPRESSOR,0.000,0.000,65.300,65.300,,,QLD,Regional - QLD,590001,2026/09/03 20:51:46
2026/08/29,Bell Bay CCGT,577016,BBGPG,26.940,0.000,0.000,0.000,,,TAS,Regional - TAS,590014,2026/08/31 12:01:01
2026/08/29,Bell Bay GGT,577014,BBGPG,0.000,0.000,0.000,0.000,,,TAS,Regional - TAS,590014,2026/08/31 12:01:01
2026/08/29,Bell Bay OCGT,577015,BBGPG,0.000,0.000,0.000,0.000,,,TAS,Regional - TAS,590014,2026/08/31 12:01:01
2026/08/29,Bellevue,540083,PROD,0.000,139.754,0.000,0.000,,,QLD,Regional - QLD,590001,2026/09/10 11:36:06
2026/08/29,BGP,580020,PIPE,0.301,0.000,0.000,0.000,,,NT,Regional - NT,590017,2026/08/30 12:47:48
2026/08/29,BlueScope,523204,BBLARGE,11.150,0.000,0.000,0.000,,,NSW,Sydney,520008,2026/08/30 12:01:05
2026/08/29,Bolivar,555008,BBGPG,0.000,0.000,0.000,0.000,,,SA,Regional - SA,590013,2026/08/30 12:07:17
2026/08/29,Bomaderry Gas Pipeline,523202,PIPE,22.219,0.000,22.219,0.000,,,NSW,Regional - NSW,590011,2026/08/30 12:42:12
2026/08/29,BPP,530030,PIPE,2.700,20.010,0.000,17.303,,,VIC,Gippsland,590009,2026/09/04 11:00:04
2026/08/29,Braemar 2 Power Station,544085,BBGPG,0.000,0.000,0.000,0.000,,,QLD,Regional - QLD,590001,2026/08/30 10:16:36
2026/08/29,Braemar Power Station,544252,BBGPG,0.037,0.000,0.000,0.000,,,QLD,Regional - QLD,590001,2026/08/30 11:00:52
2026/08/29,BWP,540096,PIPE,0.000,0.000,0.000,4.625,,,QLD,Wallumbilla Hub,540032,2026/08/30 12:47:48
2026/08/29,BWP,540096,PIPE,0.000,5.052,0.000,0.000,,,QLD,Regional - QLD,590001,2026/08/30 12:47:48
2026/08/29,CGP,540059,PIPE,0.000,0.000,65.285,0.000,,,QLD,Ballera,540078,2026/08/30 12:47:48
2026/08/29,CGP,540059,PIPE,69.313,0.000,0.000,0.000,,,QLD,Regional - QLD,590001,2026/08/30 12:47:48
2026/08/29,Channel Island Power Station,580231,BBGPG,20.354,0.000,0.000,0.000,,,NT,Darwin,580001,2026/08/30 12:47:48
2026/08/29,Colongra,523120,BBGPG,0.000,0.000,0.000,0.000,,,NSW,Regional - NSW,590011,2026/08/30 12:00:05
2026/08/29,ColongraGP,520090,PIPE,0.000,0.000,0.000,0.000,,,NSW,Sydney,520008,2026/08/30 12:00:05
2026/08/29,ColongraGP,520090,PIPE,0.000,0.000,0.000,0.000,,,NSW,Regional - NSW,590011,2026/08/30 12:00:05
2026/08/29,Combabula,540094,PROD,0.000,291.284,0.000,0.000,,,QLD,Regional - QLD,590001,2026/09/03 11:42:27
2026/08/29,Condabri Central,540080,PROD,0.000,137.923,0.000,0.000,,,QLD,Regional - QLD,590001,2026/09/03 11:42:27
2026/08/29,Condabri North,540090,PROD,0.000,161.976,0.000,0.000,,,QLD,Regional - QLD,590001,2026/09/03 11:42:27
2026/08/29,Condabri South,540086,PROD,0.000,157.059,0.000,0.000,,,QLD,Regional - QLD,590001,2026/09/03 11:42:27
2026/08/29,Condamine Power Station,544274,BBGPG,0.000,0.000,0.000,0.000,,,QLD,Regional - QLD,590001,2026/09/10 11:36:04
2026/08/29,CRWP,540098,PIPE,0.000,0.000,210.374,0.000,,,QLD,Wallumbilla Hub,540032,2026/08/30 10:28:07
2026/08/29,CRWP,540098,PIPE,0.000,233.664,40.084,542.888,,,QLD,Regional - QLD,590001,2026/08/30 10:28:07
2026/08/29,CWP,520054,PIPE,2.783,0.000,2.969,0.000,,,NSW,Regional - NSW,590011,2026/08/30 12:47:48
2026/08/29,Daandine,540050,PROD,0.000,54.540,0.000,0.000,,,QLD,Regional - QLD,590001,2026/08/30 10:16:47
2026/08/29,Dandenong LNG,530038,STOR,0.000,0.213,0.000,0.000,605.781,27.889,VIC,Melbourne,590008,2026/08/30 12:47:48
2026/08/29,DDP,540097,PIPE,0.000,0.000,0.000,218.558,,,QLD,Wallumbilla Hub,540032,2026/09/02 11:01:19
2026/08/29,DDP,540097,PIPE,0.002,560.476,147.746,492.823,,,QLD,Regional - QLD,590001,2026/09/02 11:01:19
2026/08/29,DDPS,544027,BBGPG,0.002,0.000,0.000,0.000,,,QLD,Regional - QLD,590001,2026/09/02 11:01:19
2026/08/29,Diamantina Power Station,544077,BBGPG,36.994,0.000,0.000,0.000,,,QLD,Regional - QLD,590001,2026/08/30 12:47:48
2026/08/29,Dry Creek Power Station,555026,BBGPG,0.000,0.000,0.000,0.000,,,SA,Regional - SA,590013,2026/08/30 11:31:05
2026/08/29,EGP,520047,PIPE,109.114,0.000,0.000,0.000,,,NSW,Sydney,520008,2026/08/30 12:01:05
2026/08/29,EGP,520047,PIPE,10.961,0.000,0.000,0.000,,,NSW,Canberra,520009,2026/08/30 12:01:05
2026/08/29,EGP,520047,PIPE,0.000,230.542,0.000,118.913,,,VIC,Longford Hub,530015,2026/08/30 12:01:05
2026/08/29,EGP,520047,PIPE,23.590,0.000,0.000,22.219,,,NSW,Regional - NSW,590011,2026/08/30 12:01:05
2026/08/29,EGP,520047,PIPE,0.686,70.237,0.000,0.000,,,VIC,Regional - VIC,590012,2026/08/30 12:01:05
2026/08/29,EO4PL,540055,PIPE,0.000,0.000,0.000,0.000,,,QLD,Regional - QLD,590001,2026/09/10 11:36:06
2026/08/29,Eurombah Creek,540089,PROD,0.000,145.529,0.000,0.000,,,QLD,Regional - QLD,590001,2026/09/03 11:42:27
2026/08/29,Fairview,540070,PROD,0.000,286.085,0.000,0.000,,,QLD,Regional - QLD,590001,2026/08/30 10:28:38
2026/08/29,GLNG (Curtis Island),544276,LNGEXPORT,1017.705,0.000,0.000,0.000,,,QLD,Curtis Island,540030,2026/08/30 10:28:07
2026/08/29,GLNG Pipeline,540092,PIPE,1017.705,0.000,0.000,0.000,,,QLD,Curtis Island,540030,2026/08/30 10:28:07
2026/08/29,GLNG Pipeline,540092,PIPE,0.000,421.779,542.888,7.146,,,QLD,Regional - QLD,590001,2026/09/10 11:36:06
2026/08/29,Hallett,555029,BBGPG,0.000,0.000,0.000,0.000,,,SA,Regional - SA,590013,2026/08/30 11:31:05
2026/08/29,Hunter Power Station,523210,BBGPG,0.000,0.000,0.000,0.000,,,NSW,Sydney,520008,2026/08/30 12:47:48
2026/08/29,ICF,530071,COMPRESSOR,0.000,0.000,10.500,10.500,,,VIC,Iona Hub,530016,2026/08/30 08:35:03
2026/08/29,Iona UGS,530042,STOR,39.195,83.814,0.000,0.000,12991.619,0.000,VIC,Iona Hub,530016,2026/08/30 08:30:03
2026/08/29,Jeerelang,533161,BBGPG,0.000,0.000,0.000,0.000,,,VIC,Gippsland,590009,2026/09/04 11:00:04
2026/08/29,Jordan,540088,PROD,0.000,335.121,0.000,0.000,,,QLD,Regional - QLD,590001,2026/09/10 11:36:06
2026/08/29,Katherine Power Station,580233,BBGPG,0.000,0.000,0.000,0.000,,,NT,Regional - NT,590017,2026/08/30 12:47:48
2026/08/29,Kenya,540075,PROD,0.000,120.286,0.000,0.000,,,QLD,Regional - QLD,590001,2026/09/10 11:36:06
2026/08/29,Kincora,544253,PROD,0.000,4.000,0.000,0.000,,,QLD,Regional - QLD,590001,2026/08/30 12:47:48
2026/08/29,KKLP,523209,PIPE,0.000,0.000,0.000,0.000,,,NSW,Sydney,520008,2026/08/30 12:47:48
2026/08/29,Kogan North,540061,PROD,0.000,4.313,0.000,0.000,,,QLD,Regional - QLD,590001,2026/08/30 12:47:48
2026/08/29,Ladbroke Grove PS,555086,BBGPG,4.557,0.000,0.000,0.000,,,SA,Regional - SA,590013,2026/08/30 12:47:48
2026/08/29,Lang Lang,530039,PROD,0.000,20.010,0.000,0.000,,,VIC,Gippsland,590009,2026/08/30 10:36:31
2026/08/29,Laverton,533201,BBGPG,0.000,0.000,0.000,0.000,,,VIC,Geelong,590005,2026/09/04 11:00:04
2026/08/29,Longford,530040,PROD,0.000,636.417,0.000,0.000,,,VIC,Longford Hub,530015,2026/08/30 08:36:17
2026/08/29,Loy Yang B,533163,BBGPG,0.000,0.000,0.000,0.000,,,VIC,Gippsland,590009,2026/08/30 11:00:45
2026/08/29,LYB Transmission Pipeline,535023,PIPE,0.031,0.000,0.000,0.000,,,VIC,Gippsland,590009,2026/08/30 11:00:45
2026/08/29,MAPS,550054,PIPE,22.237,0.000,0.000,0.000,,,SA,Adelaide,550016,2026/08/30 11:31:05
2026/08/29,MAPS,550054,PIPE,0.000,40.447,58.178,0.000,,,SA,Moomba Hub,550017,2026/08/30 11:31:05
2026/08/29,MAPS,550054,PIPE,74.442,0.000,10.001,0.000,,,SA,Regional - SA,590013,2026/08/30 11:31:05
2026/08/29,McArthur River Mine,580220,BBGPG,9.490,0.000,0.000,0.000,,,NT,Regional - NT,590017,2026/08/30 09:38:33
2026/08/29,MCF,550050,COMPRESSOR,0.000,0.000,207.271,207.271,,,SA,Moomba Hub,550017,2026/08/30 12:47:48
2026/08/29,Mereenie,580040,PROD,0.000,25.878,0.000,0.000,,,NT,Regional - NT,590017,2026/08/30 11:13:27
2026/08/29,Meridian,540064,PROD,0.000,47.916,0.000,0.000,,,QLD,Regional - QLD,590001,2026/08/30 09:39:09
2026/08/29,Mintaro Power Station,555031,BBGPG,0.000,0.000,0.000,0.000,,,SA,Regional - SA,590013,2026/08/30 11:31:05
2026/08/29,Moomba,550045,PROD,0.000,215.700,0.000,0.000,,,SA,Moomba Hub,550017,2026/09/03 20:51:46
2026/08/29,Moomba Storage,550046,STOR,0.000,0.000,0.000,0.000,6299.600,0.000,SA,Moomba Hub,550017,2026/09/03 20:51:46
2026/08/29,Mortlake PS,530063,BBGPG,0.000,0.000,0.000,0.000,,,VIC,Regional - VIC,590012,2026/08/30 07:20:00
2026/08/29,MPL,530061,PIPE,0.000,0.000,22.305,0.000,,,VIC,Iona Hub,530016,2026/08/30 07:20:00
2026/08/29,MPL,530061,PIPE,0.000,0.000,0.000,0.000,,,VIC,Regional - VIC,590012,2026/08/30 07:20:00
2026/08/29,MRP,580100,PIPE,9.490,0.000,9.491,0.000,,,NT,Regional - NT,590017,2026/08/30 09:38:33
2026/08/29,MSP,520053,PIPE,112.101,0.000,0.000,0.000,,,NSW,Sydney,520008,2026/08/30 12:47:48
2026/08/29,MSP,520053,PIPE,0.000,0.000,2.831,90.006,,,SA,Moomba Hub,550017,2026/08/30 12:47:48
2026/08/29,MSP,520053,PIPE,29.170,0.000,0.000,2.969,,,NSW,Regional - NSW,590011,2026/08/30 12:47:48
2026/08/29,MSP,520053,PIPE,9.150,0.000,0.000,0.000,,,NSW,Regional - ACT,590015,2026/08/30 12:47:48
2026/08/29,MSP,520053,PIPE,0.000,0.000,142.860,0.000,,,NSW,Culcairn,590016,2026/08/30 12:47:48
2026/08/29,Newport,533171,BBGPG,0.007,0.000,0.000,0.000,,,VIC,Melbourne,590008,2026/09/04 11:00:04
2026/08/29,NGP,580050,PIPE,0.000,0.000,0.000,0.000,,,QLD,Regional - QLD,590001,2026/08/30 12:01:17
2026/08/29,NGP,580050,PIPE,0.000,0.000,0.000,0.000,,,NT,Regional - NT,590017,2026/08/30 12:01:17
2026/08/29,NGS,520060,STOR,0.110,0.420,0.000,0.000,667.931,76.828,NSW,Sydney,520008,2026/08/30 08:03:14
2026/08/29,Oakey PS,544095,BBGPG,0.000,0.000,0.000,0.000,,,QLD,Regional - QLD,590001,2026/08/30 12:47:48
2026/08/29,Orana,540084,PROD,0.000,166.636,0.000,0.000,,,QLD,Regional - QLD,590001,2026/09/03 11:42:27
2026/08/29,Orbost,530041,PROD,0.000,70.237,0.000,0.000,,,VIC,Regional - VIC,590012,2026/08/30 12:01:05
2026/08/29,Orica,544011,BBLARGE,9.667,0.000,0.000,0.000,,,QLD,Regional - QLD,590001,2026/08/30 12:01:07
2026/08/29,Orica (Kooragang Island),523206,BBLARGE,39.327,0.000,0.000,0.000,,,NSW,Sydney,520008,2026/08/30 13:00:00
2026/08/29,Osborne,555033,BBGPG,5.055,0.000,0.000,0.000,,,SA,Regional - SA,590013,2026/08/30 11:31:05
2026/08/29,Otway,530044,PROD,0.000,174.899,0.000,0.000,,,VIC,Iona Hub,530016,2026/08/30 12:17:58
2026/08/29,Owen Springs Power Station,580235,BBGPG,0.246,0.000,0.000,0.000,,,NT,Regional - NT,590017,2026/08/30 06:41:03
2026/08/29,Palm Valley,580060,PROD,0.000,5.658,0.000,0.000,,,NT,Regional - NT,590017,2026/08/30 11:13:27
2026/08/29,PCA,550052,PIPE,0.000,16.387,53.526,1.003,,,VIC,Iona Hub,530016,2026/08/30 07:20:01
2026/08/29,PCA,550052,PIPE,27.094,0.000,0.000,0.000,,,SA,Adelaide,550016,2026/08/30 07:20:01
2026/08/29,PCA,550052,PIPE,0.000,0.000,0.000,11.964,,,VIC,Regional - VIC,590012,2026/08/30 07:20:01
2026/08/29,PCA,550052,PIPE,0.220,0.000,0.000,10.015,,,SA,Regional - SA,590013,2026/08/30 07:20:01
2026/08/29,PCI,530060,PIPE,0.000,186.206,1.003,187.209,,,VIC,Iona Hub,530016,2026/08/30 07:20:01
2026/08/29,Peat,540065,PROD,0.000,11.377,0.000,0.000,,,QLD,Regional - QLD,590001,2026/09/03 11:42:27
2026/08/29,Pelican Point Power Station,555089,BBGPG,25.357,0.000,0.000,0.000,,,SA,Regional - SA,590013,2026/08/30 07:20:01
2026/08/29,Phosphate Hill,544081,BBLARGE,21.971,0.000,0.000,0.000,,,QLD,Regional - QLD,590001,2026/08/30 12:47:48
2026/08/29,Pipeline Compression Station,544279,COMPRESSOR,0.000,0.000,0.000,0.000,,,QLD,Regional - QLD,590001,2026/08/30 10:28:07
2026/08/29,PVP,580070,PIPE,0.727,0.000,0.808,0.000,,,NT,Regional - NT,590017,2026/08/30 06:41:03
2026/08/29,QCLNG LNG Plant,544272,LNGEXPORT,1480.129,0.000,0.000,0.000,,,QLD,Curtis Island,540030,2026/09/10 11:36:06
2026/08/29,QGP,540058,PIPE,0.000,0.000,2.074,0.000,,,QLD,Wallumbilla Hub,540032,2026/08/30 12:01:07
2026/08/29,QGP,540058,PIPE,100.657,24.793,81.886,0.000,,,QLD,Regional - QLD,590001,2026/08/30 12:01:07
2026/08/29,Quarantine Power Station,555087,BBGPG,0.000,0.000,0.000,0.000,,,SA,Regional - SA,590013,2026/08/30 11:31:05
2026/08/29,Queensland Aluminia,544012,BBLARGE,26.293,0.000,0.000,0.000,,,QLD,Regional - QLD,590001,2026/08/30 12:01:07
2026/08/29,RBP,540057,PIPE,0.000,0.000,0.000,13.300,,,QLD,Wallumbilla Hub,540032,2026/08/30 12:47:48
2026/08/29,RBP,540057,PIPE,2.472,21.395,46.321,10.001,,,QLD,Regional - QLD,590001,2026/08/30 12:47:48
2026/08/29,RBP,540057,PIPE,37.081,0.000,0.000,0.000,,,QLD,Brisbane,590002,2026/08/30 12:47:48
2026/08/29,RCWP,540102,PIPE,0.000,0.000,0.000,6.351,,,QLD,Wallumbilla Hub,540032,2026/08/30 12:47:48
2026/08/29,RCWP,540102,PIPE,0.000,0.000,34.230,27.266,,,QLD,Regional - QLD,590001,2026/08/30 12:47:48
2026/08/29,Reedy Creek,540085,PROD,0.000,198.628,0.000,0.000,,,QLD,Regional - QLD,590001,2026/09/03 11:42:27
2026/08/29,RMNGPF,640011,PROD,0.000,17.060,0.000,0.000,,,QLD,Regional - QLD,590001,2026/08/30 10:56:59
2026/08/29,RNMGP,640012,PIPE,0.000,17.060,0.000,17.060,,,QLD,Regional - QLD,590001,2026/08/30 10:56:59
2026/08/29,RNP,640009,PIPE,0.000,23.024,0.000,23.024,,,QLD,Regional - QLD,590001,2026/08/30 12:01:10
2026/08/29,Rolleston,540073,PROD,0.000,9.071,0.000,0.000,,,QLD,Regional - QLD,590001,2026/08/30 12:01:07
2026/08/29,Roma,540095,PROD,0.000,233.664,0.000,0.000,,,QLD,Regional - QLD,590001,2026/08/30 10:28:43
2026/08/29,Roma North,544260,PROD,0.000,23.024,0.000,0.000,,,QLD,Regional - QLD,590001,2026/08/30 12:01:19
2026/08/29,Roma Power Station,540120,BBGPG,0.000,0.000,0.000,0.000,,,QLD,Regional - QLD,590001,2026/08/30 11:29:57
2026/08/29,Ron Goodin Power Station,580234,BBGPG,0.000,0.000,0.000,0.000,,,NT,Regional - NT,590017,2026/08/30 06:41:03
2026/08/29,RPL,540110,PIPE,0.049,0.000,0.000,0.000,,,QLD,Regional - QLD,590001,2026/08/30 11:29:57
2026/08/29,Ruby Jo,540082,PROD,0.000,424.934,0.000,0.000,,,QLD,Regional - QLD,590001,2026/09/10 11:36:06
2026/08/29,RUGS,540040,STOR,0.000,0.000,0.000,0.000,15129.558,0.000,QLD,Regional - QLD,590001,2026/08/30 10:28:43
2026/08/29,Scotia,540072,PROD,0.000,97.859,0.000,0.000,,,QLD,Regional - QLD,590001,2026/08/30 10:28:43
2026/08/29,SEPS,550061,PIPE,7.280,0.000,7.276,0.000,,,SA,Regional - SA,590013,2026/08/30 11:32:05
2026/08/29,SESA,550060,PIPE,0.000,0.000,11.964,0.000,,,VIC,Regional - VIC,590012,2026/08/30 12:47:48
2026/08/29,SESA,550060,PIPE,4.557,0.000,0.000,7.282,,,SA,Regional - SA,590013,2026/08/30 12:47:48
2026/08/29,Shoalhaven Starches Cogeneration Plant,523203,BBLARGE,22.219,0.000,0.000,0.000,,,NSW,Regional - NSW,590011,2026/08/30 12:42:12
2026/08/29,Smithfield Energy Facility,522004,BBGPG,0.000,0.000,0.000,0.000,,,NSW,Regional - NSW,590011,2026/08/30 12:07:17
2026/08/29,Snapper Point,555090,BBGPG,0.000,0.000,0.000,0.000,,,SA,Regional - SA,590013,2026/08/30 11:31:05
2026/08/29,Somerton,533174,BBGPG,6.725,0.000,0.000,0.000,,,VIC,Melbourne,590008,2026/09/04 11:00:04
2026/08/29,Spring Gully,540066,PROD,0.000,55.014,0.000,0.000,,,QLD,Regional - QLD,590001,2026/09/03 11:42:27
2026/08/29,SSP,540103,PIPE,0.000,6.300,0.000,6.300,,,QLD,Regional - QLD,590001,2026/08/30 09:20:42
2026/08/29,SSSF,540062,STOR,0.000,6.820,0.000,0.000,8490.162,0.000,QLD,Regional - QLD,590001,2026/08/30 09:20:42
2026/08/29,Strathblane,540067,PROD,0.000,47.451,0.000,0.000,,,QLD,Regional - QLD,590001,2026/09/03 11:42:27
2026/08/29,Swanbank Power Station,544104,BBGPG,0.000,0.000,0.000,0.000,,,QLD,Brisbane,590002,2026/08/30 12:47:48
2026/08/29,SWQP,540060,PIPE,0.000,0.000,242.834,212.448,,,QLD,Wallumbilla Hub,540032,2026/08/30 12:47:48
2026/08/29,SWQP,540060,PIPE,0.000,0.000,0.000,70.265,,,QLD,Ballera,540078,2026/08/30 12:47:48
2026/08/29,SWQP,540060,PIPE,0.000,178.274,90.006,61.009,,,SA,Moomba Hub,550017,2026/08/30 12:47:48
2026/08/29,SWQP,540060,PIPE,0.114,0.000,0.000,0.000,,,QLD,Regional - QLD,590001,2026/08/30 12:47:48
2026/08/29,Talinga,540076,PROD,0.000,78.085,0.000,0.000,,,QLD,Regional - QLD,590001,2026/09/03 11:42:27
2026/08/29,Tallawarra,522002,BBGPG,18.162,0.000,0.000,0.000,,,NSW,Regional - NSW,590011,2026/08/30 11:00:10
2026/08/29,Tallawarra Pipeline,523201,PIPE,18.162,0.000,18.162,0.000,,,NSW,Regional - NSW,590011,2026/08/30 11:00:10
2026/08/29,Taloona,540068,PROD,0.000,40.080,0.000,0.000,,,QLD,Regional - QLD,590001,2026/09/03 11:42:27
2026/08/29,Tanami GP,580210,PIPE,8.613,0.000,8.740,0.000,,,NT,Regional - NT,590017,2026/08/30 12:02:00
2026/08/29,TGP,570050,PIPE,0.000,0.000,95.248,33.494,,,VIC,Longford Hub,530015,2026/08/31 12:01:01
2026/08/29,TGP,570050,PIPE,40.300,0.000,0.000,0.000,,,TAS,Regional - TAS,590014,2026/08/31 12:01:01
2026/08/29,Tipton,540051,PROD,0.000,40.020,0.000,0.000,,,QLD,Regional - QLD,590001,2026/08/30 10:16:47
2026/08/29,Torrens Island PS,555041,BBGPG,23.036,0.000,0.000,0.000,,,SA,Regional - SA,590013,2026/08/30 11:31:05
2026/08/29,Uranquinty Power Station,522047,BBGPG,0.000,0.000,0.000,0.000,,,NSW,Regional - NSW,590011,2026/08/30 12:47:48
2026/08/29,Valley Power GPG,535024,BBGPG,0.031,0.000,0.000,0.000,,,VIC,Gippsland,590009,2026/08/30 11:00:45
2026/08/29,VicHub,532005,PIPE,0.000,0.000,23.666,23.666,,,VIC,Longford Hub,530015,2026/08/30 12:01:23
2026/08/29,Viva Energy Refinery,535018,BBLARGE,11.607,0.000,0.000,0.000,,,VIC,Geelong,590005,2026/08/30 07:30:14
2026/08/29,VTS,530110,PIPE,0.000,403.707,57.174,0.000,,,VIC,Longford Hub,530015,2026/09/04 11:00:04
2026/08/29,VTS,530110,PIPE,2.730,36.928,111.375,0.000,,,VIC,Iona Hub,530016,2026/09/04 11:00:04
2026/08/29,VTS,530110,PIPE,11.204,0.000,0.000,0.000,,,VIC,Western,590004,2026/09/04 11:00:04
2026/08/29,VTS,530110,PIPE,54.621,0.000,0.000,0.000,,,VIC,Geelong,590005,2026/09/04 11:00:04
2026/08/29,VTS,530110,PIPE,31.907,0.000,0.000,0.000,,,VIC,Ballarat,590006,2026/09/04 11:00:04
2026/08/29,VTS,530110,PIPE,48.781,0.000,0.000,0.000,,,VIC,Northern,590007,2026/09/04 11:00:04
2026/08/29,VTS,530110,PIPE,311.866,0.104,0.000,0.000,,,VIC,Melbourne,590008,2026/09/04 11:00:04
2026/08/29,VTS,530110,PIPE,36.684,0.000,17.303,0.000,,,VIC,Gippsland,590009,2026/09/04 11:00:04
2026/08/29,VTS,530110,PIPE,0.000,0.000,0.000,142.859,,,NSW,Culcairn,590016,2026/09/04 11:00:04
2026/08/29,Wallumbilla Compression Station,544280,COMPRESSOR,0.000,0.000,0.000,0.000,,,QLD,Wallumbilla Hub,540032,2026/08/30 10:28:07
2026/08/29,WCFA,540045,COMPRESSOR,0.000,0.000,76.004,76.004,,,QLD,Wallumbilla Hub,540032,2026/08/30 12:47:48
2026/08/29,WCFB,540046,COMPRESSOR,0.000,0.000,136.444,136.444,,,QLD,Wallumbilla Hub,540032,2026/08/30 12:47:48
2026/08/29,Weddell Power Station,580232,BBGPG,10.847,0.000,0.000,0.000,,,NT,Darwin,580001,2026/08/30 12:47:48
2026/08/29,WGP,540091,PIPE,1480.129,0.000,0.000,0.000,,,QLD,Curtis Island,540030,2026/09/10 11:36:06
2026/08/29,WGP,540091,PIPE,0.000,1424.074,59.706,0.000,,,QLD,Regional - QLD,590001,2026/09/10 11:36:06
2026/08/29,Whyalla Steelworks,555085,BBLARGE,6.130,0.000,0.000,0.000,,,SA,Regional - SA,590013,2026/08/30 11:31:05
2026/08/29,Windibri,540069,PROD,0.000,94.303,0.000,0.000,,,QLD,Regional - QLD,590001,2026/09/10 11:36:06
2026/08/29,Woleebee Creek,540087,PROD,0.000,642.906,0.000,0.000,,,QLD,Regional - QLD,590001,2026/09/10 11:36:06
2026/08/29,WPP,580030,PIPE,10.847,25.147,0.000,14.296,,,NT,Darwin,580001,2026/08/30 12:47:48
2026/08/29,Yarwun,544282,BBGPG,50.217,0.000,0.000,0.000,,,QLD,Regional - QLD,590001,2026/08/30 12:01:07
2026/08/29,Yelcherr,580180,PROD,0.000,0.000,0.000,0.000,,,NT,Regional - NT,590017,2026/08/30 12:47:48
2026/08/29,Yellowbank,540074,PROD,0.000,11.472,0.000,0.000,,,QLD,Regional - QLD,590001,2026/08/30 12:01:07
2026/08/30,Adelaide Brighton,555091,BBLARGE,9.062,0.000,0.000,0.000,,,SA,Adelaide,550016,2026/08/31 13:00:01
2026/08/30,AGP,580010,PIPE,20.786,0.000,15.737,0.000,,,NT,Darwin,580001,2026/08/31 12:47:48
2026/08/30,AGP,580010,PIPE,7.744,31.584,0.000,18.871,,,NT,Regional - NT,590017,2026/08/31 12:47:48
2026/08/30,APLNG Pipeline,540093,PIPE,1664.227,0.000,0.000,0.000,,,QLD,Curtis Island,540030,2026/09/04 11:47:18
2026/08/30,APLNG Pipeline,540093,PIPE,0.000,1340.268,520.765,195.295,,,QLD,Regional - QLD,590001,2026/09/04 11:47:18
2026/08/30,Arcadia,540101,PROD,0.000,91.679,0.000,0.000,,,QLD,Regional - QLD,590001,2026/09/02 14:43:09
2026/08/30,ATGP,640013,PIPE,0.000,43.393,0.000,43.393,,,QLD,Regional - QLD,590001,2026/08/31 12:01:11
2026/08/30,ATHENA,535014,PROD,0.000,15.925,0.000,0.000,,,VIC,Iona Hub,530016,2026/09/04 09:53:21
2026/08/30,Atlas,544261,PROD,0.000,43.393,0.000,0.000,,,QLD,Regional - QLD,590001,2026/08/31 12:01:16
2026/08/30,Atlas East Central Processing Facility,640008,PROD,0.000,33.000,0.000,0.000,,,QLD,Regional - QLD,590001,2026/08/31 09:37:53
2026/08/30,Atlas to Reedy Creek Pipeline,640007,PIPE,0.000,33.003,0.000,32.498,,,QLD,Regional - QLD,590001,2026/08/31 12:47:48
2026/08/30,Australia Pacific LNG,544273,LNGEXPORT,1664.173,0.000,0.000,0.000,,,QLD,Curtis Island,540030,2026/08/31 12:00:25
2026/08/30,Australian Paper (Opal),535021,BBLARGE,11.925,0.000,0.000,0.000,,,VIC,Gippsland,590009,2026/09/04 11:00:04
2026/08/30,B1PL,540077,PIPE,0.037,40.964,0.000,37.202,,,QLD,Regional - QLD,590001,2026/08/31 11:00:55
2026/08/30,B2PL,540071,PIPE,0.000,54.667,3.011,60.692,,,QLD,Regional - QLD,590001,2026/08/31 10:21:42
2026/08/30,Bairnsdale Power Station,535020,BBGPG,0.000,0.000,0.000,0.000,,,VIC,Regional - VIC,590012,2026/08/31 11:00:53
2026/08/30,BCF,540047,COMPRESSOR,0.000,0.000,74.600,74.600,,,QLD,Regional - QLD,590001,2026/09/04 10:00:01
2026/08/30,Bell Bay CCGT,577016,BBGPG,27.001,0.000,0.000,0.000,,,TAS,Regional - TAS,590014,2026/09/01 12:01:00
2026/08/30,Bell Bay GGT,577014,BBGPG,0.000,0.000,0.000,0.000,,,TAS,Regional - TAS,590014,2026/09/01 12:01:00
2026/08/30,Bell Bay OCGT,577015,BBGPG,0.000,0.000,0.000,0.000,,,TAS,Regional - TAS,590014,2026/09/01 12:01:00
2026/08/30,Bellevue,540083,PROD,0.000,179.718,0.000,0.000,,,QLD,Regional - QLD,590001,2026/09/10 11:36:06
2026/08/30,BGP,580020,PIPE,0.309,0.000,0.000,0.000,,,NT,Regional - NT,590017,2026/08/31 12:47:48
2026/08/30,BlueScope,523204,BBLARGE,9.382,0.000,0.000,0.000,,,NSW,Sydney,520008,2026/08/31 12:01:05
2026/08/30,Bolivar,555008,BBGPG,0.000,0.000,0.000,0.000,,,SA,Regional - SA,590013,2026/08/31 12:06:28
2026/08/30,Bomaderry Gas Pipeline,523202,PIPE,23.255,0.000,23.255,0.000,,,NSW,Regional - NSW,590011,2026/08/31 15:01:52
2026/08/30,BPP,530030,PIPE,2.310,20.040,0.000,17.730,,,VIC,Gippsland,590009,2026/09/04 11:00:04
2026/08/30,Braemar 2 Power Station,544085,BBGPG,0.000,0.000,0.000,0.000,,,QLD,Regional - QLD,590001,2026/08/31 10:21:42
2026/08/30,Braemar Power Station,544252,BBGPG,0.037,0.000,0.000,0.000,,,QLD,Regional - QLD,590001,2026/08/31 11:00:55
2026/08/30,BWP,540096,PIPE,0.000,0.000,0.000,26.398,,,QLD,Wallumbilla Hub,540032,2026/08/31 12:47:48
2026/08/30,BWP,540096,PIPE,0.000,26.844,0.000,0.000,,,QLD,Regional - QLD,590001,2026/08/31 12:47:48
2026/08/30,CGP,540059,PIPE,0.000,0.000,74.608,0.000,,,QLD,Ballera,540078,2026/08/31 12:47:48
2026/08/30,CGP,540059,PIPE,69.899,0.000,0.000,0.000,,,QLD,Regional - QLD,590001,2026/08/31 12:47:48
2026/08/30,Channel Island Power Station,580231,BBGPG,20.786,0.000,0.000,0.000,,,NT,Darwin,580001,2026/08/31 12:47:48
2026/08/30,Colongra,523120,BBGPG,0.000,0.000,0.000,0.000,,,NSW,Regional - NSW,590011,2026/08/31 12:00:05
2026/08/30,ColongraGP,520090,PIPE,0.000,0.000,0.000,0.000,,,NSW,Sydney,520008,2026/08/31 12:00:05
2026/08/30,ColongraGP,520090,PIPE,0.000,0.000,0.000,0.000,,,NSW,Regional - NSW,590011,2026/08/31 12:00:05
2026/08/30,Combabula,540094,PROD,0.000,291.317,0.000,0.000,,,QLD,Regional - QLD,590001,2026/09/04 11:47:18
2026/08/30,Condabri Central,540080,PROD,0.000,138.162,0.000,0.000,,,QLD,Regional - QLD,590001,2026/09/04 11:47:18
2026/08/30,Condabri North,540090,PROD,0.000,161.833,0.000,0.000,,,QLD,Regional - QLD,590001,2026/09/04 11:47:18
2026/08/30,Condabri South,540086,PROD,0.000,157.079,0.000,0.000,,,QLD,Regional - QLD,590001,2026/09/04 11:47:18
2026/08/30,Condamine Power Station,544274,BBGPG,0.002,0.000,0.000,0.000,,,QLD,Regional - QLD,590001,2026/09/10 11:36:04
2026/08/30,CRWP,540098,PIPE,0.000,0.000,270.023,0.000,,,QLD,Wallumbilla Hub,540032,2026/09/02 14:43:06
2026/08/30,CRWP,540098,PIPE,0.000,229.282,39.916,547.413,,,QLD,Regional - QLD,590001,2026/09/02 14:43:06
2026/08/30,CWP,520054,PIPE,3.302,0.000,3.358,0.000,,,NSW,Regional - NSW,590011,2026/08/31 12:47:48
2026/08/30,Daandine,540050,PROD,0.000,54.667,0.000,0.000,,,QLD,Regional - QLD,590001,2026/08/31 10:21:46
2026/08/30,Dandenong LNG,530038,STOR,0.000,0.266,0.000,0.000,605.522,27.889,VIC,Melbourne,590008,2026/08/31 12:47:48
2026/08/30,DDP,540097,PIPE,0.000,0.000,0.000,214.760,,,QLD,Wallumbilla Hub,540032,2026/09/02 11:01:21
2026/08/30,DDP,540097,PIPE,0.002,560.376,143.318,493.556,,,QLD,Regional - QLD,590001,2026/09/02 11:01:21
2026/08/30,DDPS,544027,BBGPG,0.002,0.000,0.000,0.000,,,QLD,Regional - QLD,590001,2026/09/02 11:01:21
2026/08/30,Diamantina Power Station,544077,BBGPG,37.084,0.000,0.000,0.000,,,QLD,Regional - QLD,590001,2026/08/31 12:47:48
2026/08/30,Dry Creek Power Station,555026,BBGPG,0.000,0.000,0.000,0.000,,,SA,Regional - SA,590013,2026/08/31 11:31:05
2026/08/30,EGP,520047,PIPE,109.864,0.000,0.000,0.000,,,NSW,Sydney,520008,2026/08/31 12:01:05
2026/08/30,EGP,520047,PIPE,9.988,0.000,0.000,0.000,,,NSW,Canberra,520009,2026/08/31 12:01:05
2026/08/30,EGP,520047,PIPE,0.000,210.788,0.000,89.535,,,VIC,Longford Hub,530015,2026/08/31 12:01:05
2026/08/30,EGP,520047,PIPE,28.940,0.000,0.000,23.255,,,NSW,Regional - NSW,590011,2026/08/31 12:01:05
2026/08/30,EGP,520047,PIPE,0.711,69.333,0.000,0.000,,,VIC,Regional - VIC,590012,2026/08/31 12:01:05
2026/08/30,EO4PL,540055,PIPE,0.000,0.000,0.000,0.000,,,QLD,Regional - QLD,590001,2026/09/10 11:36:06
2026/08/30,Eurombah Creek,540089,PROD,0.000,145.087,0.000,0.000,,,QLD,Regional - QLD,590001,2026/09/04 11:47:18
2026/08/30,Fairview,540070,PROD,0.000,285.668,0.000,0.000,,,QLD,Regional - QLD,590001,2026/09/02 14:43:09
2026/08/30,GLNG (Curtis Island),544276,LNGEXPORT,1022.733,0.000,0.000,0.000,,,QLD,Curtis Island,540030,2026/09/02 14:43:06
2026/08/30,GLNG Pipeline,540092,PIPE,1022.733,0.000,0.000,0.000,,,QLD,Curtis Island,540030,2026/09/02 14:43:06
2026/08/30,GLNG Pipeline,540092,PIPE,0.000,420.993,562.765,0.000,,,QLD,Regional - QLD,590001,2026/09/10 11:36:06
2026/08/30,Hallett,555029,BBGPG,0.000,0.000,0.000,0.000,,,SA,Regional - SA,590013,2026/08/31 11:31:05
2026/08/30,Hunter Power Station,523210,BBGPG,0.002,0.000,0.000,0.000,,,NSW,Sydney,520008,2026/08/31 12:47:48
2026/08/30,ICF,530071,COMPRESSOR,0.000,0.000,9.700,9.700,,,VIC,Iona Hub,530016,2026/08/31 08:35:03
2026/08/30,Iona UGS,530042,STOR,46.414,64.791,0.000,0.000,12973.242,0.000,VIC,Iona Hub,530016,2026/08/31 08:30:03
2026/08/30,Jeerelang,533161,BBGPG,0.000,0.000,0.000,0.000,,,VIC,Gippsland,590009,2026/09/04 11:00:04
2026/08/30,Jordan,540088,PROD,0.000,282.346,0.000,0.000,,,QLD,Regional - QLD,590001,2026/09/10 11:36:06
2026/08/30,Katherine Power Station,580233,BBGPG,0.449,0.000,0.000,0.000,,,NT,Regional - NT,590017,2026/08/31 12:47:48
2026/08/30,Kenya,540075,PROD,0.000,127.303,0.000,0.000,,,QLD,Regional - QLD,590001,2026/09/10 11:36:06
2026/08/30,Kincora,544253,PROD,0.000,4.000,0.000,0.000,,,QLD,Regional - QLD,590001,2026/08/31 12:47:48
2026/08/30,KKLP,523209,PIPE,0.002,0.000,0.000,0.000,,,NSW,Sydney,520008,2026/08/31 12:47:48
2026/08/30,Kogan North,540061,PROD,0.000,4.313,0.000,0.000,,,QLD,Regional - QLD,590001,2026/08/31 12:47:48
2026/08/30,Ladbroke Grove PS,555086,BBGPG,4.379,0.000,0.000,0.000,,,SA,Regional - SA,590013,2026/08/31 12:47:48
2026/08/30,Lang Lang,530039,PROD,0.000,20.040,0.000,0.000,,,VIC,Gippsland,590009,2026/08/31 09:55:43
2026/08/30,Laverton,533201,BBGPG,0.000,0.000,0.000,0.000,,,VIC,Geelong,590005,2026/09/04 11:00:04
2026/08/30,Longford,530040,PROD,0.000,634.351,0.000,0.000,,,VIC,Longford Hub,530015,2026/08/31 08:14:12
2026/08/30,Loy Yang B,533163,BBGPG,0.000,0.000,0.000,0.000,,,VIC,Gippsland,590009,2026/08/31 11:00:54
2026/08/30,LYB Transmission Pipeline,535023,PIPE,0.036,0.000,0.022,0.000,,,VIC,Gippsland,590009,2026/08/31 11:00:54
2026/08/30,MAPS,550054,PIPE,20.139,0.000,0.000,0.000,,,SA,Adelaide,550016,2026/08/31 11:31:05
2026/08/30,MAPS,550054,PIPE,0.000,40.767,68.394,0.000,,,SA,Moomba Hub,550017,2026/08/31 11:31:05
2026/08/30,MAPS,550054,PIPE,94.217,0.000,15.000,0.000,,,SA,Regional - SA,590013,2026/08/31 11:31:05
2026/08/30,McArthur River Mine,580220,BBGPG,9.430,0.000,0.000,0.000,,,NT,Regional - NT,590017,2026/08/31 09:06:18
2026/08/30,MCF,550050,COMPRESSOR,0.000,0.000,50.649,50.649,,,SA,Moomba Hub,550017,2026/08/31 12:47:48
2026/08/30,Mereenie,580040,PROD,0.000,25.936,0.000,0.000,,,NT,Regional - NT,590017,2026/08/31 11:35:03
2026/08/30,Meridian,540064,PROD,0.000,47.896,0.000,0.000,,,QLD,Regional - QLD,590001,2026/08/31 09:38:51
2026/08/30,Mintaro Power Station,555031,BBGPG,0.000,0.000,0.000,0.000,,,SA,Regional - SA,590013,2026/08/31 11:31:05
2026/08/30,Moomba,550045,PROD,0.000,214.700,0.000,0.000,,,SA,Moomba Hub,550017,2026/09/04 10:00:01
2026/08/30,Moomba Storage,550046,STOR,0.000,0.000,0.000,0.000,6299.600,0.000,SA,Moomba Hub,550017,2026/09/04 10:00:01
2026/08/30,Mortlake PS,530063,BBGPG,14.873,0.000,0.000,0.000,,,VIC,Regional - VIC,590012,2026/08/31 07:20:00
2026/08/30,MPL,530061,PIPE,0.000,0.000,9.612,0.000,,,VIC,Iona Hub,530016,2026/08/31 07:20:00
2026/08/30,MPL,530061,PIPE,14.873,0.000,0.000,0.000,,,VIC,Regional - VIC,590012,2026/08/31 07:20:00
2026/08/30,MRP,580100,PIPE,9.430,0.000,9.431,0.000,,,NT,Regional - NT,590017,2026/08/31 09:06:18
2026/08/30,MSP,520053,PIPE,108.083,0.000,0.000,0.000,,,NSW,Sydney,520008,2026/08/31 12:47:48
2026/08/30,MSP,520053,PIPE,0.000,0.000,62.910,4.933,,,SA,Moomba Hub,550017,2026/08/31 12:47:48
2026/08/30,MSP,520053,PIPE,28.488,0.000,0.000,3.358,,,NSW,Regional - NSW,590011,2026/08/31 12:47:48
2026/08/30,MSP,520053,PIPE,9.403,0.000,0.000,0.000,,,NSW,Regional - ACT,590015,2026/08/31 12:47:48
2026/08/30,MSP,520053,PIPE,0.000,0.000,160.145,0.000,,,NSW,Culcairn,590016,2026/08/31 12:47:48
2026/08/30,Newport,533171,BBGPG,0.003,0.000,0.000,0.000,,,VIC,Melbourne,590008,2026/09/04 11:00:04
2026/08/30,NGP,580050,PIPE,0.000,0.000,0.000,0.000,,,QLD,Regional - QLD,590001,2026/08/31 12:01:13
2026/08/30,NGP,580050,PIPE,0.000,0.000,0.000,0.000,,,NT,Regional - NT,590017,2026/08/31 12:01:13
2026/08/30,NGS,520060,STOR,0.130,0.522,0.000,0.000,667.399,76.828,NSW,Sydney,520008,2026/08/31 09:16:31
2026/08/30,Oakey PS,544095,BBGPG,0.000,0.000,0.000,0.000,,,QLD,Regional - QLD,590001,2026/08/31 12:47:48
2026/08/30,Orana,540084,PROD,0.000,166.610,0.000,0.000,,,QLD,Regional - QLD,590001,2026/09/04 11:47:18
2026/08/30,Orbost,530041,PROD,0.000,69.333,0.000,0.000,,,VIC,Regional - VIC,590012,2026/08/31 12:01:05
2026/08/30,Orica,544011,BBLARGE,9.610,0.000,0.000,0.000,,,QLD,Regional - QLD,590001,2026/08/31 12:01:08
2026/08/30,Orica (Kooragang Island),523206,BBLARGE,38.870,0.000,0.000,0.000,,,NSW,Sydney,520008,2026/08/31 13:00:00
2026/08/30,Osborne,555033,BBGPG,20.737,0.000,0.000,0.000,,,SA,Regional - SA,590013,2026/08/31 11:31:05
2026/08/30,Otway,530044,PROD,0.000,175.071,0.000,0.000,,,VIC,Iona Hub,530016,2026/08/31 13:07:31
2026/08/30,Owen Springs Power Station,580235,BBGPG,0.173,0.000,0.000,0.000,,,NT,Regional - NT,590017,2026/08/31 06:41:02
2026/08/30,Palm Valley,580060,PROD,0.000,5.648,0.000,0.000,,,NT,Regional - NT,590017,2026/08/31 11:35:03
2026/08/30,PCA,550052,PIPE,0.000,14.941,52.358,2.074,,,VIC,Iona Hub,530016,2026/08/31 07:20:01
2026/08/30,PCA,550052,PIPE,30.041,0.000,0.000,0.000,,,SA,Adelaide,550016,2026/08/31 07:20:01
2026/08/30,PCA,550052,PIPE,0.000,0.000,0.000,11.972,,,VIC,Regional - VIC,590012,2026/08/31 07:20:01
2026/08/30,PCA,550052,PIPE,0.294,0.000,0.000,15.007,,,SA,Regional - SA,590013,2026/08/31 07:20:01
2026/08/30,PCI,530060,PIPE,0.000,185.755,2.074,187.829,,,VIC,Iona Hub,530016,2026/08/31 07:20:01
2026/08/30,Peat,540065,PROD,0.000,11.373,0.000,0.000,,,QLD,Regional - QLD,590001,2026/09/04 11:47:18
2026/08/30,Pelican Point Power Station,555089,BBGPG,24.528,0.000,0.000,0.000,,,SA,Regional - SA,590013,2026/08/31 07:20:01
2026/08/30,Phosphate Hill,544081,BBLARGE,22.900,0.000,0.000,0.000,,,QLD,Regional - QLD,590001,2026/08/31 12:47:48
2026/08/30,Pipeline Compression Station,544279,COMPRESSOR,0.000,0.000,0.000,0.000,,,QLD,Regional - QLD,590001,2026/09/02 14:43:06
2026/08/30,PVP,580070,PIPE,0.635,0.000,0.700,0.000,,,NT,Regional - NT,590017,2026/08/31 06:41:02
2026/08/30,QCLNG LNG Plant,544272,LNGEXPORT,1463.292,0.000,0.000,0.000,,,QLD,Curtis Island,540030,2026/09/10 11:36:06
2026/08/30,QGP,540058,PIPE,0.000,0.000,0.000,0.000,,,QLD,Wallumbilla Hub,540032,2026/08/31 12:01:08
2026/08/30,QGP,540058,PIPE,99.117,25.030,79.886,5.784,,,QLD,Regional - QLD,590001,2026/08/31 12:01:08
2026/08/30,Quarantine Power Station,555087,BBGPG,0.000,0.000,0.000,0.000,,,SA,Regional - SA,590013,2026/08/31 11:31:05
2026/08/30,Queensland Aluminia,544012,BBLARGE,25.993,0.000,0.000,0.000,,,QLD,Regional - QLD,590001,2026/08/31 12:01:08
2026/08/30,RBP,540057,PIPE,0.000,0.000,0.000,30.244,,,QLD,Wallumbilla Hub,540032,2026/08/31 12:47:48
2026/08/30,RBP,540057,PIPE,2.259,21.891,43.502,3.011,,,QLD,Regional - QLD,590001,2026/08/31 12:47:48
2026/08/30,RBP,540057,PIPE,37.524,0.000,0.000,0.000,,,QLD,Brisbane,590002,2026/08/31 12:47:48
2026/08/30,RCWP,540102,PIPE,0.000,0.000,0.000,5.803,,,QLD,Wallumbilla Hub,540032,2026/08/31 12:47:48
2026/08/30,RCWP,540102,PIPE,0.000,0.000,32.498,27.266,,,QLD,Regional - QLD,590001,2026/08/31 12:47:48
2026/08/30,Reedy Creek,540085,PROD,0.000,198.665,0.000,0.000,,,QLD,Regional - QLD,590001,2026/09/04 11:47:18
2026/08/30,RMNGPF,640011,PROD,0.000,16.770,0.000,0.000,,,QLD,Regional - QLD,590001,2026/08/31 09:37:38
2026/08/30,RNMGP,640012,PIPE,0.000,16.770,0.000,16.770,,,QLD,Regional - QLD,590001,2026/08/31 09:37:38
2026/08/30,RNP,640009,PIPE,0.000,23.146,0.000,23.146,,,QLD,Regional - QLD,590001,2026/08/31 12:01:09
2026/08/30,Rolleston,540073,PROD,0.000,8.840,0.000,0.000,,,QLD,Regional - QLD,590001,2026/08/31 12:01:08
2026/08/30,Roma,540095,PROD,0.000,229.282,0.000,0.000,,,QLD,Regional - QLD,590001,2026/09/02 14:43:10
2026/08/30,Roma North,544260,PROD,0.000,23.146,0.000,0.000,,,QLD,Regional - QLD,590001,2026/08/31 12:01:15
2026/08/30,Roma Power Station,540120,BBGPG,0.000,0.000,0.000,0.000,,,QLD,Regional - QLD,590001,2026/08/31 12:05:58
2026/08/30,Ron Goodin Power Station,580234,BBGPG,0.000,0.000,0.000,0.000,,,NT,Regional - NT,590017,2026/08/31 06:41:02
2026/08/30,RPL,540110,PIPE,0.047,0.000,0.000,0.000,,,QLD,Regional - QLD,590001,2026/08/31 12:05:58
2026/08/30,Ruby Jo,540082,PROD,0.000,424.731,0.000,0.000,,,QLD,Regional - QLD,590001,2026/09/10 11:36:06
2026/08/30,RUGS,540040,STOR,1.308,1.200,0.000,0.000,15129.653,0.000,QLD,Regional - QLD,590001,2026/09/02 14:43:10
2026/08/30,Scotia,540072,PROD,0.000,98.106,0.000,0.000,,,QLD,Regional - QLD,590001,2026/09/02 14:43:10
2026/08/30,SEPS,550061,PIPE,7.221,0.000,7.262,0.000,,,SA,Regional - SA,590013,2026/08/31 11:32:05
2026/08/30,SESA,550060,PIPE,0.000,0.000,11.971,0.000,,,VIC,Regional - VIC,590012,2026/08/31 12:47:48
2026/08/30,SESA,550060,PIPE,4.379,0.000,0.000,7.267,,,SA,Regional - SA,590013,2026/08/31 12:47:48
2026/08/30,Shoalhaven Starches Cogeneration Plant,523203,BBLARGE,23.255,0.000,0.000,0.000,,,NSW,Regional - NSW,590011,2026/08/31 15:01:52
2026/08/30,Smithfield Energy Facility,522004,BBGPG,0.000,0.000,0.000,0.000,,,NSW,Regional - NSW,590011,2026/08/31 12:06:29
2026/08/30,Snapper Point,555090,BBGPG,0.000,0.000,0.000,0.000,,,SA,Regional - SA,590013,2026/08/31 11:31:05
2026/08/30,Somerton,533174,BBGPG,6.111,0.000,0.000,0.000,,,VIC,Melbourne,590008,2026/09/04 11:00:04
2026/08/30,Spring Gully,540066,PROD,0.000,54.999,0.000,0.000,,,QLD,Regional - QLD,590001,2026/09/04 11:47:18
2026/08/30,SSP,540103,PIPE,0.000,6.300,0.000,6.300,,,QLD,Regional - QLD,590001,2026/08/31 11:26:36
2026/08/30,SSSF,540062,STOR,0.000,7.470,0.000,0.000,8482.692,0.000,QLD,Regional - QLD,590001,2026/08/31 11:26:36
2026/08/30,Strathblane,540067,PROD,0.000,47.250,0.000,0.000,,,QLD,Regional - QLD,590001,2026/09/04 11:47:18
2026/08/30,Swanbank Power Station,544104,BBGPG,0.000,0.000,0.000,0.000,,,QLD,Brisbane,590002,2026/08/31 12:47:48
2026/08/30,SWQP,540060,PIPE,0.000,0.000,282.989,270.023,,,QLD,Wallumbilla Hub,540032,2026/08/31 12:47:48
2026/08/30,SWQP,540060,PIPE,0.000,0.000,0.000,79.517,,,QLD,Ballera,540078,2026/08/31 12:47:48
2026/08/30,SWQP,540060,PIPE,0.000,177.020,4.552,130.923,,,SA,Moomba Hub,550017,2026/08/31 12:47:48
2026/08/30,SWQP,540060,PIPE,0.054,0.000,0.000,0.000,,,QLD,Regional - QLD,590001,2026/08/31 12:47:48
2026/08/30,Talinga,540076,PROD,0.000,78.367,0.000,0.000,,,QLD,Regional - QLD,590001,2026/09/04 11:47:18
2026/08/30,Tallawarra,522002,BBGPG,23.800,0.000,0.000,0.000,,,NSW,Regional - NSW,590011,2026/08/31 11:00:04
2026/08/30,Tallawarra Pipeline,523201,PIPE,23.800,0.000,23.800,0.000,,,NSW,Regional - NSW,590011,2026/08/31 11:00:04
2026/08/30,Taloona,540068,PROD,0.000,39.926,0.000,0.000,,,QLD,Regional - QLD,590001,2026/09/04 11:47:18
2026/08/30,Tanami GP,580210,PIPE,8.814,0.000,8.740,0.000,,,NT,Regional - NT,590017,2026/08/31 12:02:00
2026/08/30,TGP,570050,PIPE,0.000,0.000,82.896,47.500,,,VIC,Longford Hub,530015,2026/09/01 12:01:00
2026/08/30,TGP,570050,PIPE,40.627,0.000,0.000,0.000,,,TAS,Regional - TAS,590014,2026/09/01 12:01:00
2026/08/30,Tipton,540051,PROD,0.000,40.965,0.000,0.000,,,QLD,Regional - QLD,590001,2026/08/31 10:21:45
2026/08/30,Torrens Island PS,555041,BBGPG,25.376,0.000,0.000,0.000,,,SA,Regional - SA,590013,2026/08/31 11:31:05
2026/08/30,Uranquinty Power Station,522047,BBGPG,0.000,0.000,0.000,0.000,,,NSW,Regional - NSW,590011,2026/08/31 12:47:48
2026/08/30,Valley Power GPG,535024,BBGPG,0.036,0.000,0.000,0.000,,,VIC,Gippsland,590009,2026/08/31 11:00:54
2026/08/30,VicHub,532005,PIPE,0.000,0.000,6.639,6.639,,,VIC,Longford Hub,530015,2026/08/31 12:01:17
2026/08/30,Viva Energy Refinery,535018,BBLARGE,9.621,0.000,0.000,0.000,,,VIC,Geelong,590005,2026/08/31 07:30:18
2026/08/30,VTS,530110,PIPE,0.000,421.703,54.155,0.002,,,VIC,Longford Hub,530015,2026/09/04 11:00:04
2026/08/30,VTS,530110,PIPE,11.112,19.871,125.860,0.000,,,VIC,Iona Hub,530016,2026/09/04 11:00:04
2026/08/30,VTS,530110,PIPE,10.637,0.000,0.000,0.000,,,VIC,Western,590004,2026/09/04 11:00:04
2026/08/30,VTS,530110,PIPE,48.475,0.000,0.000,0.000,,,VIC,Geelong,590005,2026/09/04 11:00:04
2026/08/30,VTS,530110,PIPE,30.198,0.000,0.000,0.000,,,VIC,Ballarat,590006,2026/09/04 11:00:04
2026/08/30,VTS,530110,PIPE,45.215,0.000,0.000,0.000,,,VIC,Northern,590007,2026/09/04 11:00:04
2026/08/30,VTS,530110,PIPE,299.893,0.155,0.000,0.000,,,VIC,Melbourne,590008,2026/09/04 11:00:04
2026/08/30,VTS,530110,PIPE,33.563,0.000,17.730,0.022,,,VIC,Gippsland,590009,2026/09/04 11:00:04
2026/08/30,VTS,530110,PIPE,0.000,0.000,0.000,160.144,,,NSW,Culcairn,590016,2026/09/04 11:00:04
2026/08/30,Wallumbilla Compression Station,544280,COMPRESSOR,0.000,0.000,0.000,0.000,,,QLD,Wallumbilla Hub,540032,2026/09/02 14:43:06
2026/08/30,WCFA,540045,COMPRESSOR,0.000,0.000,98.075,98.075,,,QLD,Wallumbilla Hub,540032,2026/08/31 12:47:48
2026/08/30,WCFB,540046,COMPRESSOR,0.000,0.000,171.948,171.948,,,QLD,Wallumbilla Hub,540032,2026/08/31 12:47:48
2026/08/30,Weddell Power Station,580232,BBGPG,10.497,0.000,0.000,0.000,,,NT,Darwin,580001,2026/08/31 12:47:48
2026/08/30,WGP,540091,PIPE,1463.292,0.000,0.000,0.000,,,QLD,Curtis Island,540030,2026/09/10 11:36:06
2026/08/30,WGP,540091,PIPE,0.000,1401.424,60.693,0.000,,,QLD,Regional - QLD,590001,2026/09/10 11:36:06
2026/08/30,Whyalla Steelworks,555085,BBLARGE,6.066,0.000,0.000,0.000,,,SA,Regional - SA,590013,2026/08/31 11:31:05
2026/08/30,Windibri,540069,PROD,0.000,99.871,0.000,0.000,,,QLD,Regional - QLD,590001,2026/09/10 11:36:06
2026/08/30,Woleebee Creek,540087,PROD,0.000,642.445,0.000,0.000,,,QLD,Regional - QLD,590001,2026/09/10 11:36:06
2026/08/30,WPP,580030,PIPE,10.497,26.396,0.000,15.737,,,NT,Darwin,580001,2026/08/31 12:47:48
2026/08/30,Yarwun,544282,BBGPG,49.343,0.000,0.000,0.000,,,QLD,Regional - QLD,590001,2026/08/31 12:01:08
2026/08/30,Yelcherr,580180,PROD,0.000,0.000,0.000,0.000,,,NT,Regional - NT,590017,2026/08/31 12:47:48
2026/08/30,Yellowbank,540074,PROD,0.000,11.940,0.000,0.000,,,QLD,Regional - QLD,590001,2026/08/31 12:01:08
2026/08/31,Adelaide Brighton,555091,BBLARGE,8.990,0.000,0.000,0.000,,,SA,Adelaide,550016,2026/09/01 13:00:01
2026/08/31,AGP,580010,PIPE,20.668,0.000,16.994,0.000,,,NT,Darwin,580001,2026/09/01 12:46:48
2026/08/31,AGP,580010,PIPE,7.376,31.668,0.000,22.373,,,NT,Regional - NT,590017,2026/09/01 12:46:48
2026/08/31,APLNG Pipeline,540093,PIPE,1667.523,0.000,0.000,0.000,,,QLD,Curtis Island,540030,2026/09/05 11:31:41
2026/08/31,APLNG Pipeline,540093,PIPE,0.000,1343.748,485.173,157.586,,,QLD,Regional - QLD,590001,2026/09/05 11:31:41
2026/08/31,Arcadia,540101,PROD,0.000,91.185,0.000,0.000,,,QLD,Regional - QLD,590001,2026/09/01 13:13:17
2026/08/31,ATGP,640013,PIPE,0.000,43.375,0.000,43.375,,,QLD,Regional - QLD,590001,2026/09/01 12:01:13
2026/08/31,ATHENA,535014,PROD,0.000,16.349,0.000,0.000,,,VIC,Iona Hub,530016,2026/09/05 10:08:40
2026/08/31,Atlas,544261,PROD,0.000,43.375,0.000,0.000,,,QLD,Regional - QLD,590001,2026/09/01 12:01:18
2026/08/31,Atlas East Central Processing Facility,640008,PROD,0.000,33.000,0.000,0.000,,,QLD,Regional - QLD,590001,2026/09/01 10:28:58
2026/08/31,Atlas to Reedy Creek Pipeline,640007,PIPE,0.000,33.003,0.000,36.964,,,QLD,Regional - QLD,590001,2026/09/01 12:46:48
2026/08/31,Australia Pacific LNG,544273,LNGEXPORT,1666.953,0.000,0.000,0.000,,,QLD,Curtis Island,540030,2026/09/01 12:00:25
2026/08/31,Australian Paper (Opal),535021,BBLARGE,11.983,0.000,0.000,0.000,,,VIC,Gippsland,590009,2026/09/04 11:00:04
2026/08/31,B1PL,540077,PIPE,0.035,41.089,0.000,42.484,,,QLD,Regional - QLD,590001,2026/09/01 11:00:53
2026/08/31,B2PL,540071,PIPE,0.000,54.816,4.017,60.668,,,QLD,Regional - QLD,590001,2026/09/01 12:30:01
2026/08/31,Bairnsdale Power Station,535020,BBGPG,0.000,0.000,0.000,0.000,,,VIC,Regional - VIC,590012,2026/09/01 11:00:51
2026/08/31,BCF,540047,COMPRESSOR,0.000,0.000,71.800,71.800,,,QLD,Regional - QLD,590001,2026/09/05 21:21:19
2026/08/31,Bell Bay CCGT,577016,BBGPG,3.885,0.000,0.000,0.000,,,TAS,Regional - TAS,590014,2026/09/02 12:01:00
2026/08/31,Bell Bay GGT,577014,BBGPG,0.000,0.000,0.000,0.000,,,TAS,Regional - TAS,590014,2026/09/02 12:01:00
2026/08/31,Bell Bay OCGT,577015,BBGPG,1.821,0.000,0.000,0.000,,,TAS,Regional - TAS,590014,2026/09/02 12:01:00
2026/08/31,Bellevue,540083,PROD,0.000,176.120,0.000,0.000,,,QLD,Regional - QLD,590001,2026/09/10 11:36:06
2026/08/31,BGP,580020,PIPE,0.321,0.000,0.000,0.000,,,NT,Regional - NT,590017,2026/09/01 12:46:48
2026/08/31,BlueScope,523204,BBLARGE,9.770,0.000,0.000,0.000,,,NSW,Sydney,520008,2026/09/01 12:01:05
2026/08/31,Bolivar,555008,BBGPG,0.000,0.000,0.000,0.000,,,SA,Regional - SA,590013,2026/09/01 12:05:07
2026/08/31,Bomaderry Gas Pipeline,523202,PIPE,21.650,0.000,21.860,0.000,,,NSW,Regional - NSW,590011,2026/09/01 13:40:29
2026/08/31,BPP,530030,PIPE,2.260,20.030,0.000,17.775,,,VIC,Gippsland,590009,2026/09/04 11:00:04
2026/08/31,Braemar 2 Power Station,544085,BBGPG,0.000,0.000,0.000,0.000,,,QLD,Regional - QLD,590001,2026/09/01 12:30:01
2026/08/31,Braemar Power Station,544252,BBGPG,0.035,0.000,0.000,0.000,,,QLD,Regional - QLD,590001,2026/09/01 11:00:53
2026/08/31,BWP,540096,PIPE,0.000,0.000,0.000,9.722,,,QLD,Wallumbilla Hub,540032,2026/09/01 12:46:48
2026/08/31,BWP,540096,PIPE,0.000,14.549,0.000,0.000,,,QLD,Regional - QLD,590001,2026/09/01 12:46:48
2026/08/31,CGP,540059,PIPE,0.000,0.000,71.842,0.000,,,QLD,Ballera,540078,2026/09/01 12:46:48
2026/08/31,CGP,540059,PIPE,71.050,0.000,0.000,0.000,,,QLD,Regional - QLD,590001,2026/09/01 12:46:48
2026/08/31,Channel Island Power Station,580231,BBGPG,20.668,0.000,0.000,0.000,,,NT,Darwin,580001,2026/09/01 12:46:48
2026/08/31,Colongra,523120,BBGPG,0.020,0.000,0.000,0.000,,,NSW,Regional - NSW,590011,2026/09/01 12:00:05
2026/08/31,ColongraGP,520090,PIPE,0.000,0.000,0.000,0.000,,,NSW,Sydney,520008,2026/09/01 12:00:05
2026/08/31,ColongraGP,520090,PIPE,0.020,0.000,0.000,0.000,,,NSW,Regional - NSW,590011,2026/09/01 12:00:05
2026/08/31,Combabula,540094,PROD,0.000,291.584,0.000,0.000,,,QLD,Regional - QLD,590001,2026/09/05 11:31:41
2026/08/31,Condabri Central,540080,PROD,0.000,137.714,0.000,0.000,,,QLD,Regional - QLD,590001,2026/09/05 11:31:41
2026/08/31,Condabri North,540090,PROD,0.000,162.064,0.000,0.000,,,QLD,Regional - QLD,590001,2026/09/05 11:31:41
2026/08/31,Condabri South,540086,PROD,0.000,156.938,0.000,0.000,,,QLD,Regional - QLD,590001,2026/09/05 11:31:41
2026/08/31,Condamine Power Station,544274,BBGPG,0.000,0.000,0.000,0.000,,,QLD,Regional - QLD,590001,2026/09/10 11:36:04
2026/08/31,CRWP,540098,PIPE,0.000,0.000,269.496,0.000,,,QLD,Wallumbilla Hub,540032,2026/09/01 13:13:04
2026/08/31,CRWP,540098,PIPE,0.000,234.081,40.023,548.266,,,QLD,Regional - QLD,590001,2026/09/01 13:13:04
2026/08/31,CWP,520054,PIPE,3.750,0.000,3.451,0.000,,,NSW,Regional - NSW,590011,2026/09/01 12:46:48
2026/08/31,Daandine,540050,PROD,0.000,54.816,0.000,0.000,,,QLD,Regional - QLD,590001,2026/09/01 12:30:01
2026/08/31,Dandenong LNG,530038,STOR,0.000,0.339,0.000,0.000,605.103,27.889,VIC,Melbourne,590008,2026/09/01 12:46:48
2026/08/31,DDP,540097,PIPE,0.000,0.000,0.000,183.912,,,QLD,Wallumbilla Hub,540032,2026/09/02 11:01:22
2026/08/31,DDP,540097,PIPE,0.002,551.615,111.572,485.173,,,QLD,Regional - QLD,590001,2026/09/02 11:01:22
2026/08/31,DDPS,544027,BBGPG,0.002,0.000,0.000,0.000,,,QLD,Regional - QLD,590001,2026/09/02 11:01:22
2026/08/31,Diamantina Power Station,544077,BBGPG,36.651,0.000,0.000,0.000,,,QLD,Regional - QLD,590001,2026/09/01 12:46:48
2026/08/31,Dry Creek Power Station,555026,BBGPG,0.000,0.000,0.000,0.000,,,SA,Regional - SA,590013,2026/09/01 11:31:05
2026/08/31,EGP,520047,PIPE,110.264,0.000,0.000,0.000,,,NSW,Sydney,520008,2026/09/01 12:01:05
2026/08/31,EGP,520047,PIPE,9.997,0.000,0.000,0.000,,,NSW,Canberra,520009,2026/09/01 12:01:05
2026/08/31,EGP,520047,PIPE,0.000,214.634,0.000,99.636,,,VIC,Longford Hub,530015,2026/09/01 12:01:05
2026/08/31,EGP,520047,PIPE,25.654,0.000,0.000,21.860,,,NSW,Regional - NSW,590011,2026/09/01 12:01:05
2026/08/31,EGP,520047,PIPE,0.918,69.028,0.000,0.000,,,VIC,Regional - VIC,590012,2026/09/01 12:01:05
2026/08/31,EO4PL,540055,PIPE,0.000,0.000,0.000,0.000,,,QLD,Regional - QLD,590001,2026/09/10 11:36:06
2026/08/31,Eurombah Creek,540089,PROD,0.000,144.937,0.000,0.000,,,QLD,Regional - QLD,590001,2026/09/05 11:31:41
2026/08/31,Fairview,540070,PROD,0.000,285.099,0.000,0.000,,,QLD,Regional - QLD,590001,2026/09/01 13:13:17
2026/08/31,GLNG (Curtis Island),544276,LNGEXPORT,984.952,0.000,0.000,0.000,,,QLD,Curtis Island,540030,2026/09/01 13:13:04
2026/08/31,GLNG Pipeline,540092,PIPE,984.952,0.000,0.000,0.000,,,QLD,Curtis Island,540030,2026/09/01 13:13:04
2026/08/31,GLNG Pipeline,540092,PIPE,0.000,417.698,560.063,0.000,,,QLD,Regional - QLD,590001,2026/09/10 11:36:06
2026/08/31,Hallett,555029,BBGPG,0.000,0.000,0.000,0.000,,,SA,Regional - SA,590013,2026/09/01 11:31:05
2026/08/31,Hunter Power Station,523210,BBGPG,0.384,0.000,0.000,0.000,,,NSW,Sydney,520008,2026/09/01 12:46:48
2026/08/31,ICF,530071,COMPRESSOR,0.000,0.000,5.800,5.800,,,VIC,Iona Hub,530016,2026/09/01 08:35:03
2026/08/31,Iona UGS,530042,STOR,63.017,47.191,0.000,0.000,12989.068,0.000,VIC,Iona Hub,530016,2026/09/01 08:30:03
2026/08/31,Jeerelang,533161,BBGPG,0.000,0.000,0.000,0.000,,,VIC,Gippsland,590009,2026/09/04 11:00:04
2026/08/31,Jordan,540088,PROD,0.000,298.993,0.000,0.000,,,QLD,Regional - QLD,590001,2026/09/10 11:36:06
2026/08/31,Katherine Power Station,580233,BBGPG,0.000,0.000,0.000,0.000,,,NT,Regional - NT,590017,2026/09/01 12:46:48
2026/08/31,Kenya,540075,PROD,0.000,119.647,0.000,0.000,,,QLD,Regional - QLD,590001,2026/09/10 11:36:06
2026/08/31,Kincora,544253,PROD,0.000,4.000,0.000,0.000,,,QLD,Regional - QLD,590001,2026/09/01 12:46:48
2026/08/31,KKLP,523209,PIPE,0.384,0.000,0.000,0.000,,,NSW,Sydney,520008,2026/09/01 12:46:48
2026/08/31,Kogan North,540061,PROD,0.000,4.315,0.000,0.000,,,QLD,Regional - QLD,590001,2026/09/01 12:46:48
2026/08/31,Ladbroke Grove PS,555086,BBGPG,4.394,0.000,0.000,0.000,,,SA,Regional - SA,590013,2026/09/01 12:46:48
2026/08/31,Lang Lang,530039,PROD,0.000,20.030,0.000,0.000,,,VIC,Gippsland,590009,2026/09/01 11:04:21
2026/08/31,Laverton,533201,BBGPG,0.000,0.000,0.000,0.000,,,VIC,Geelong,590005,2026/09/04 11:00:04
2026/08/31,Longford,530040,PROD,0.000,637.416,0.000,0.000,,,VIC,Longford Hub,530015,2026/09/01 07:58:23
2026/08/31,Loy Yang B,533163,BBGPG,0.000,0.000,0.000,0.000,,,VIC,Gippsland,590009,2026/09/01 11:00:44
2026/08/31,LYB Transmission Pipeline,535023,PIPE,0.038,0.000,0.000,0.000,,,VIC,Gippsland,590009,2026/09/01 11:00:44
2026/08/31,MAPS,550054,PIPE,26.224,0.000,0.000,0.000,,,SA,Adelaide,550016,2026/09/01 11:31:05
2026/08/31,MAPS,550054,PIPE,0.000,38.416,58.631,0.000,,,SA,Moomba Hub,550017,2026/09/01 11:31:05
2026/08/31,MAPS,550054,PIPE,73.877,0.000,15.000,0.000,,,SA,Regional - SA,590013,2026/09/01 11:31:05
2026/08/31,McArthur River Mine,580220,BBGPG,9.126,0.000,0.000,0.000,,,NT,Regional - NT,590017,2026/09/01 09:07:03
2026/08/31,MCF,550050,COMPRESSOR,0.000,0.000,0.000,0.000,,,SA,Moomba Hub,550017,2026/09/01 12:46:48
2026/08/31,Mereenie,580040,PROD,0.000,26.043,0.000,0.000,,,NT,Regional - NT,590017,2026/09/01 12:09:42
2026/08/31,Meridian,540064,PROD,0.000,45.664,0.000,0.000,,,QLD,Regional - QLD,590001,2026/09/01 09:39:04
2026/08/31,Mintaro Power Station,555031,BBGPG,0.000,0.000,0.000,0.000,,,SA,Regional - SA,590013,2026/09/01 11:31:05
2026/08/31,Moomba,550045,PROD,0.000,214.200,0.000,0.000,,,SA,Moomba Hub,550017,2026/09/05 21:21:19
2026/08/31,Moomba Storage,550046,STOR,0.000,0.000,0.000,0.000,6299.600,0.000,SA,Moomba Hub,550017,2026/09/05 21:21:19
2026/08/31,Mortlake PS,530063,BBGPG,20.534,0.000,0.000,0.000,,,VIC,Regional - VIC,590012,2026/09/01 07:20:00
2026/08/31,MPL,530061,PIPE,0.000,0.000,0.033,0.000,,,VIC,Iona Hub,530016,2026/09/01 07:20:00
2026/08/31,MPL,530061,PIPE,20.534,0.000,0.000,0.000,,,VIC,Regional - VIC,590012,2026/09/01 07:20:00
2026/08/31,MRP,580100,PIPE,9.126,0.000,9.127,0.000,,,NT,Regional - NT,590017,2026/09/01 09:07:03
2026/08/31,MSP,520053,PIPE,118.303,0.000,0.000,0.000,,,NSW,Sydney,520008,2026/09/01 12:46:48
2026/08/31,MSP,520053,PIPE,0.000,0.000,117.990,0.500,,,SA,Moomba Hub,550017,2026/09/01 12:46:48
2026/08/31,MSP,520053,PIPE,32.357,0.000,0.000,3.451,,,NSW,Regional - NSW,590011,2026/09/01 12:46:48
2026/08/31,MSP,520053,PIPE,10.956,0.000,0.000,0.000,,,NSW,Regional - ACT,590015,2026/09/01 12:46:48
2026/08/31,MSP,520053,PIPE,0.000,0.000,163.776,0.000,,,NSW,Culcairn,590016,2026/09/01 12:46:48
2026/08/31,Newport,533171,BBGPG,0.002,0.000,0.000,0.000,,,VIC,Melbourne,590008,2026/09/04 11:00:04
2026/08/31,NGP,580050,PIPE,0.000,0.000,0.000,0.000,,,QLD,Regional - QLD,590001,2026/09/01 12:01:16
2026/08/31,NGP,580050,PIPE,0.000,0.000,0.000,0.000,,,NT,Regional - NT,590017,2026/09/01 12:01:16
2026/08/31,NGS,520060,STOR,0.110,0.598,0.000,0.000,666.596,76.810,NSW,Sydney,520008,2026/09/01 08:04:39
2026/08/31,Oakey PS,544095,BBGPG,0.002,0.000,0.000,0.000,,,QLD,Regional - QLD,590001,2026/09/01 12:46:48
2026/08/31,Orana,540084,PROD,0.000,166.716,0.000,0.000,,,QLD,Regional - QLD,590001,2026/09/05 11:31:41
2026/08/31,Orbost,530041,PROD,0.000,69.028,0.000,0.000,,,VIC,Regional - VIC,590012,2026/09/01 12:01:05
2026/08/31,Orica,544011,BBLARGE,9.543,0.000,0.000,0.000,,,QLD,Regional - QLD,590001,2026/09/01 12:01:09
2026/08/31,Orica (Kooragang Island),523206,BBLARGE,31.603,0.000,0.000,0.000,,,NSW,Sydney,520008,2026/09/01 13:00:00
2026/08/31,Osborne,555033,BBGPG,3.999,0.000,0.000,0.000,,,SA,Regional - SA,590013,2026/09/01 11:31:05
2026/08/31,Otway,530044,PROD,0.000,175.099,0.000,0.000,,,VIC,Iona Hub,530016,2026/09/01 11:02:15
2026/08/31,Owen Springs Power Station,580235,BBGPG,3.287,0.000,0.000,0.000,,,NT,Regional - NT,590017,2026/09/01 06:41:02
2026/08/31,Palm Valley,580060,PROD,0.000,5.625,0.000,0.000,,,NT,Regional - NT,590017,2026/09/01 12:09:42
2026/08/31,PCA,550052,PIPE,0.000,11.231,31.836,2.021,,,VIC,Iona Hub,530016,2026/09/01 07:20:01
2026/08/31,PCA,550052,PIPE,28.597,0.000,0.000,0.000,,,SA,Adelaide,550016,2026/09/01 07:20:01
2026/08/31,PCA,550052,PIPE,0.000,0.000,0.000,11.407,,,VIC,Regional - VIC,590012,2026/09/01 07:20:01
2026/08/31,PCA,550052,PIPE,3.541,0.000,0.000,15.007,,,SA,Regional - SA,590013,2026/09/01 07:20:01
2026/08/31,PCI,530060,PIPE,0.000,186.027,2.021,188.048,,,VIC,Iona Hub,530016,2026/09/01 07:20:01
2026/08/31,Peat,540065,PROD,0.000,11.369,0.000,0.000,,,QLD,Regional - QLD,590001,2026/09/05 11:31:41
2026/08/31,Pelican Point Power Station,555089,BBGPG,20.609,0.000,0.000,0.000,,,SA,Regional - SA,590013,2026/09/01 07:20:01
2026/08/31,Phosphate Hill,544081,BBLARGE,24.096,0.000,0.000,0.000,,,QLD,Regional - QLD,590001,2026/09/01 12:46:48
2026/08/31,Pipeline Compression Station,544279,COMPRESSOR,0.000,0.000,0.000,0.000,,,QLD,Regional - QLD,590001,2026/09/01 13:13:04
2026/08/31,PVP,580070,PIPE,3.757,0.000,4.506,0.000,,,NT,Regional - NT,590017,2026/09/01 06:41:02
2026/08/31,QCLNG LNG Plant,544272,LNGEXPORT,1469.826,0.000,0.000,0.000,,,QLD,Curtis Island,540030,2026/09/10 11:36:06
2026/08/31,QGP,540058,PIPE,0.000,0.000,6.711,0.000,,,QLD,Wallumbilla Hub,540032,2026/09/01 12:01:09
2026/08/31,QGP,540058,PIPE,103.848,25.077,76.886,0.001,,,QLD,Regional - QLD,590001,2026/09/01 12:01:09
2026/08/31,Quarantine Power Station,555087,BBGPG,3.616,0.000,0.000,0.000,,,SA,Regional - SA,590013,2026/09/01 11:31:05
2026/08/31,Queensland Aluminia,544012,BBLARGE,27.900,0.000,0.000,0.000,,,QLD,Regional - QLD,590001,2026/09/01 12:01:09
2026/08/31,RBP,540057,PIPE,0.000,0.000,0.000,17.588,,,QLD,Wallumbilla Hub,540032,2026/09/01 12:46:48
2026/08/31,RBP,540057,PIPE,3.874,28.894,48.784,4.017,,,QLD,Regional - QLD,590001,2026/09/01 12:46:48
2026/08/31,RBP,540057,PIPE,51.410,0.000,0.000,0.000,,,QLD,Brisbane,590002,2026/09/01 12:46:48
2026/08/31,RCWP,540102,PIPE,0.000,0.000,0.000,44.057,,,QLD,Wallumbilla Hub,540032,2026/09/01 12:46:48
2026/08/31,RCWP,540102,PIPE,0.000,0.000,36.964,0.000,,,QLD,Regional - QLD,590001,2026/09/01 12:46:48
2026/08/31,Reedy Creek,540085,PROD,0.000,198.695,0.000,0.000,,,QLD,Regional - QLD,590001,2026/09/05 11:31:41
2026/08/31,RMNGPF,640011,PROD,0.000,16.920,0.000,0.000,,,QLD,Regional - QLD,590001,2026/09/01 10:28:16
2026/08/31,RNMGP,640012,PIPE,0.000,16.920,0.000,16.920,,,QLD,Regional - QLD,590001,2026/09/01 10:28:16
2026/08/31,RNP,640009,PIPE,0.000,23.103,0.000,23.103,,,QLD,Regional - QLD,590001,2026/09/01 12:01:10
2026/08/31,Rolleston,540073,PROD,0.000,9.005,0.000,0.000,,,QLD,Regional - QLD,590001,2026/09/01 12:01:09
2026/08/31,Roma,540095,PROD,0.000,234.081,0.000,0.000,,,QLD,Regional - QLD,590001,2026/09/01 13:13:22
2026/08/31,Roma North,544260,PROD,0.000,23.103,0.000,0.000,,,QLD,Regional - QLD,590001,2026/09/01 12:01:17
2026/08/31,Roma Power Station,540120,BBGPG,0.000,0.000,0.000,0.000,,,QLD,Regional - QLD,590001,2026/09/01 11:48:58
2026/08/31,Ron Goodin Power Station,580234,BBGPG,0.000,0.000,0.000,0.000,,,NT,Regional - NT,590017,2026/09/01 06:41:02
2026/08/31,RPL,540110,PIPE,0.052,0.000,0.000,0.000,,,QLD,Regional - QLD,590001,2026/09/01 11:48:58
2026/08/31,Ruby Jo,540082,PROD,0.000,424.111,0.000,0.000,,,QLD,Regional - QLD,590001,2026/09/10 11:36:06
2026/08/31,RUGS,540040,STOR,0.000,3.930,0.000,0.000,15129.664,0.000,QLD,Regional - QLD,590001,2026/09/01 13:13:22
2026/08/31,Scotia,540072,PROD,0.000,100.985,0.000,0.000,,,QLD,Regional - QLD,590001,2026/09/01 13:13:22
2026/08/31,SEPS,550061,PIPE,6.922,0.000,6.920,0.000,,,SA,Regional - SA,590013,2026/09/01 11:32:05
2026/08/31,SESA,550060,PIPE,0.000,0.000,11.408,0.000,,,VIC,Regional - VIC,590012,2026/09/01 12:46:48
2026/08/31,SESA,550060,PIPE,4.394,0.000,0.000,6.916,,,SA,Regional - SA,590013,2026/09/01 12:46:48
2026/08/31,Shoalhaven Starches Cogeneration Plant,523203,BBLARGE,21.650,0.000,0.000,0.000,,,NSW,Regional - NSW,590011,2026/09/01 13:40:29
2026/08/31,Smithfield Energy Facility,522004,BBGPG,0.000,0.000,0.000,0.000,,,NSW,Regional - NSW,590011,2026/09/01 12:05:15
2026/08/31,Snapper Point,555090,BBGPG,0.000,0.000,0.000,0.000,,,SA,Regional - SA,590013,2026/09/01 11:31:05
2026/08/31,Somerton,533174,BBGPG,6.161,0.000,0.000,0.000,,,VIC,Melbourne,590008,2026/09/04 11:00:04
2026/08/31,Spring Gully,540066,PROD,0.000,55.033,0.000,0.000,,,QLD,Regional - QLD,590001,2026/09/05 11:31:41
2026/08/31,SSP,540103,PIPE,0.000,7.550,0.000,7.550,,,QLD,Regional - QLD,590001,2026/09/01 09:28:00
2026/08/31,SSSF,540062,STOR,0.000,6.300,0.000,0.000,8475.142,0.000,QLD,Regional - QLD,590001,2026/09/01 09:28:00
2026/08/31,Strathblane,540067,PROD,0.000,47.317,0.000,0.000,,,QLD,Regional - QLD,590001,2026/09/05 11:31:41
2026/08/31,Swanbank Power Station,544104,BBGPG,0.000,0.000,0.000,0.000,,,QLD,Brisbane,590002,2026/09/01 12:46:48
2026/08/31,SWQP,540060,PIPE,0.000,0.000,255.280,276.207,,,QLD,Wallumbilla Hub,540032,2026/09/01 12:46:48
2026/08/31,SWQP,540060,PIPE,0.000,0.000,0.000,76.837,,,QLD,Ballera,540078,2026/09/01 12:46:48
2026/08/31,SWQP,540060,PIPE,0.000,175.831,0.000,176.121,,,SA,Moomba Hub,550017,2026/09/01 12:46:48
2026/08/31,SWQP,540060,PIPE,0.153,0.000,0.000,0.000,,,QLD,Regional - QLD,590001,2026/09/01 12:46:48
2026/08/31,Talinga,540076,PROD,0.000,78.981,0.000,0.000,,,QLD,Regional - QLD,590001,2026/09/05 11:31:41
2026/08/31,Tallawarra,522002,BBGPG,20.525,0.000,0.000,0.000,,,NSW,Regional - NSW,590011,2026/09/01 11:00:10
2026/08/31,Tallawarra Pipeline,523201,PIPE,20.525,0.000,20.525,0.000,,,NSW,Regional - NSW,590011,2026/09/01 11:00:10
2026/08/31,Taloona,540068,PROD,0.000,39.546,0.000,0.000,,,QLD,Regional - QLD,590001,2026/09/05 11:31:41
2026/08/31,Tanami GP,580210,PIPE,8.667,0.000,8.740,0.000,,,NT,Regional - NT,590017,2026/09/01 12:02:00
2026/08/31,TGP,570050,PIPE,0.000,0.000,74.693,35.968,,,VIC,Longford Hub,530015,2026/09/02 12:01:00
2026/08/31,TGP,570050,PIPE,22.882,0.000,0.000,0.000,,,TAS,Regional - TAS,590014,2026/09/02 12:01:00
2026/08/31,Tipton,540051,PROD,0.000,41.089,0.000,0.000,,,QLD,Regional - QLD,590001,2026/09/01 12:30:01
2026/08/31,Torrens Island PS,555041,BBGPG,23.748,0.000,0.000,0.000,,,SA,Regional - SA,590013,2026/09/01 11:31:05
2026/08/31,Uranquinty Power Station,522047,BBGPG,0.000,0.000,0.000,0.000,,,NSW,Regional - NSW,590011,2026/09/01 12:46:48
2026/08/31,Valley Power GPG,535024,BBGPG,0.038,0.000,0.000,0.000,,,VIC,Gippsland,590009,2026/09/01 11:00:44
2026/08/31,VicHub,532005,PIPE,0.000,0.000,24.944,24.944,,,VIC,Longford Hub,530015,2026/09/01 12:01:19
2026/08/31,Viva Energy Refinery,535018,BBLARGE,8.699,0.000,0.000,0.000,,,VIC,Geelong,590005,2026/09/01 07:30:13
2026/08/31,VTS,530110,PIPE,0.000,420.778,60.928,0.000,,,VIC,Longford Hub,530015,2026/09/04 11:00:04
2026/08/31,VTS,530110,PIPE,30.265,8.728,156.178,0.000,,,VIC,Iona Hub,530016,2026/09/04 11:00:04
2026/08/31,VTS,530110,PIPE,11.509,0.000,0.000,0.000,,,VIC,Western,590004,2026/09/04 11:00:04
2026/08/31,VTS,530110,PIPE,54.225,0.000,0.000,0.000,,,VIC,Geelong,590005,2026/09/04 11:00:04
2026/08/31,VTS,530110,PIPE,27.711,0.000,0.000,0.000,,,VIC,Ballarat,590006,2026/09/04 11:00:04
2026/08/31,VTS,530110,PIPE,47.519,0.000,0.000,0.000,,,VIC,Northern,590007,2026/09/04 11:00:04
2026/08/31,VTS,530110,PIPE,297.344,0.556,0.000,0.000,,,VIC,Melbourne,590008,2026/09/04 11:00:04
2026/08/31,VTS,530110,PIPE,33.094,0.000,17.775,0.000,,,VIC,Gippsland,590009,2026/09/04 11:00:04
2026/08/31,VTS,530110,PIPE,0.000,0.000,0.000,163.775,,,NSW,Culcairn,590016,2026/09/04 11:00:04
2026/08/31,Wallumbilla Compression Station,544280,COMPRESSOR,0.000,0.000,0.000,0.000,,,QLD,Wallumbilla Hub,540032,2026/09/01 13:13:04
2026/08/31,WCFA,540045,COMPRESSOR,0.000,0.000,105.657,105.657,,,QLD,Wallumbilla Hub,540032,2026/09/01 12:46:48
2026/08/31,WCFB,540046,COMPRESSOR,0.000,0.000,170.550,170.550,,,QLD,Wallumbilla Hub,540032,2026/09/01 12:46:48
2026/08/31,Weddell Power Station,580232,BBGPG,12.143,0.000,0.000,0.000,,,NT,Darwin,580001,2026/09/01 12:46:48
2026/08/31,WGP,540091,PIPE,1469.826,0.000,0.000,0.000,,,QLD,Curtis Island,540030,2026/09/10 11:36:06
2026/08/31,WGP,540091,PIPE,0.000,1413.363,60.668,0.000,,,QLD,Regional - QLD,590001,2026/09/10 11:36:06
2026/08/31,Whyalla Steelworks,555085,BBLARGE,7.357,0.000,0.000,0.000,,,SA,Regional - SA,590013,2026/09/01 11:31:05
2026/08/31,Windibri,540069,PROD,0.000,93.343,0.000,0.000,,,QLD,Regional - QLD,590001,2026/09/10 11:36:06
2026/08/31,Woleebee Creek,540087,PROD,0.000,642.463,0.000,0.000,,,QLD,Regional - QLD,590001,2026/09/10 11:36:06
2026/08/31,WPP,580030,PIPE,12.143,29.115,0.000,16.994,,,NT,Darwin,580001,2026/09/01 12:46:48
2026/08/31,Yarwun,544282,BBGPG,49.711,0.000,0.000,0.000,,,QLD,Regional - QLD,590001,2026/09/01 12:01:09
2026/08/31,Yelcherr,580180,PROD,0.000,0.000,0.000,0.000,,,NT,Regional - NT,590017,2026/09/01 12:46:48
2026/08/31,Yellowbank,540074,PROD,0.000,11.822,0.000,0.000,,,QLD,Regional - QLD,590001,2026/09/01 12:01:09
2026/09/01,Adelaide Brighton,555091,BBLARGE,9.219,0.000,0.000,0.000,,,SA,Adelaide,550016,2026/09/02 13:00:00
2026/09/01,AGP,580010,PIPE,20.930,0.000,16.200,0.000,,,NT,Darwin,580001,2026/09/02 12:46:48
2026/09/01,AGP,580010,PIPE,7.311,31.566,0.000,21.853,,,NT,Regional - NT,590017,2026/09/02 12:46:48
2026/09/01,APLNG Pipeline,540093,PIPE,1671.871,0.000,0.000,0.000,,,QLD,Curtis Island,540030,2026/09/06 12:00:50
2026/09/01,APLNG Pipeline,540093,PIPE,0.000,1343.661,493.523,154.192,,,QLD,Regional - QLD,590001,2026/09/06 12:00:50
2026/09/01,Arcadia,540101,PROD,0.000,92.299,0.000,0.000,,,QLD,Regional - QLD,590001,2026/09/02 11:43:30
2026/09/01,ATGP,640013,PIPE,0.000,43.441,0.000,43.441,,,QLD,Regional - QLD,590001,2026/09/02 12:01:12
2026/09/01,ATHENA,535014,PROD,0.000,17.268,0.000,0.000,,,VIC,Iona Hub,530016,2026/09/06 09:30:09
2026/09/01,Atlas,544261,PROD,0.000,43.441,0.000,0.000,,,QLD,Regional - QLD,590001,2026/09/02 12:01:22
2026/09/01,Atlas East Central Processing Facility,640008,PROD,0.000,32.790,0.000,0.000,,,QLD,Regional - QLD,590001,2026/09/03 08:00:06
2026/09/01,Atlas to Reedy Creek Pipeline,640007,PIPE,0.000,32.790,0.000,32.583,,,QLD,Regional - QLD,590001,2026/09/02 12:46:48
2026/09/01,Australia Pacific LNG,544273,LNGEXPORT,1671.928,0.000,0.000,0.000,,,QLD,Curtis Island,540030,2026/09/02 12:00:25
2026/09/01,Australian Paper (Opal),535021,BBLARGE,11.672,0.000,0.000,0.000,,,VIC,Gippsland,590009,2026/09/04 11:00:04
2026/09/01,B1PL,540077,PIPE,0.033,38.553,0.000,40.033,,,QLD,Regional - QLD,590001,2026/09/02 11:01:09
2026/09/01,B2PL,540071,PIPE,0.000,54.528,3.007,56.666,,,QLD,Regional - QLD,590001,2026/09/02 10:18:51
2026/09/01,Bairnsdale Power Station,535020,BBGPG,0.000,0.000,0.000,0.000,,,VIC,Regional - VIC,590012,2026/09/02 11:01:10
2026/09/01,BCF,540047,COMPRESSOR,0.000,0.000,73.100,73.100,,,QLD,Regional - QLD,590001,2026/09/06 20:51:05
2026/09/01,Bell Bay CCGT,577016,BBGPG,0.000,0.000,0.000,0.000,,,TAS,Regional - TAS,590014,2026/09/03 12:01:00
2026/09/01,Bell Bay GGT,577014,BBGPG,0.000,0.000,0.000,0.000,,,TAS,Regional - TAS,590014,2026/09/03 12:01:00
2026/09/01,Bell Bay OCGT,577015,BBGPG,0.000,0.000,0.000,0.000,,,TAS,Regional - TAS,590014,2026/09/03 12:01:00
2026/09/01,Bellevue,540083,PROD,0.000,167.368,0.000,0.000,,,QLD,Regional - QLD,590001,2026/09/02 10:36:10
2026/09/01,BGP,580020,PIPE,0.318,0.000,0.000,0.000,,,NT,Regional - NT,590017,2026/09/02 12:46:48
2026/09/01,BlueScope,523204,BBLARGE,17.753,0.000,0.000,0.000,,,NSW,Sydney,520008,2026/09/02 12:01:05
2026/09/01,Bolivar,555008,BBGPG,0.000,0.000,0.000,0.000,,,SA,Regional - SA,590013,2026/09/02 12:05:15
2026/09/01,Bomaderry Gas Pipeline,523202,PIPE,21.531,0.000,21.531,0.000,,,NSW,Regional - NSW,590011,2026/09/02 12:54:39
2026/09/01,BPP,530030,PIPE,2.330,19.000,0.000,16.662,,,VIC,Gippsland,590009,2026/09/04 11:00:04
2026/09/01,Braemar 2 Power Station,544085,BBGPG,0.000,0.000,0.000,0.000,,,QLD,Regional - QLD,590001,2026/09/02 10:18:51
2026/09/01,Braemar Power Station,544252,BBGPG,0.033,0.000,0.000,0.000,,,QLD,Regional - QLD,590001,2026/09/02 11:01:09
2026/09/01,BWP,540096,PIPE,0.000,0.000,0.000,28.588,,,QLD,Wallumbilla Hub,540032,2026/09/02 12:46:48
2026/09/01,BWP,540096,PIPE,0.000,24.345,0.000,0.000,,,QLD,Regional - QLD,590001,2026/09/02 12:46:48
2026/09/01,CGP,540059,PIPE,0.000,0.000,73.131,0.000,,,QLD,Ballera,540078,2026/09/02 12:46:48
2026/09/01,CGP,540059,PIPE,67.364,0.000,0.000,0.000,,,QLD,Regional - QLD,590001,2026/09/02 12:46:48
2026/09/01,Channel Island Power Station,580231,BBGPG,20.930,0.000,0.000,0.000,,,NT,Darwin,580001,2026/09/02 12:46:48
2026/09/01,Colongra,523120,BBGPG,0.021,0.000,0.000,0.000,,,NSW,Regional - NSW,590011,2026/09/02 12:00:05
2026/09/01,ColongraGP,520090,PIPE,0.000,0.000,0.000,0.000,,,NSW,Sydney,520008,2026/09/02 12:00:05
2026/09/01,ColongraGP,520090,PIPE,0.021,0.000,0.000,0.000,,,NSW,Regional - NSW,590011,2026/09/02 12:00:05
2026/09/01,Combabula,540094,PROD,0.000,291.454,0.000,0.000,,,QLD,Regional - QLD,590001,2026/09/06 12:00:50
2026/09/01,Condabri Central,540080,PROD,0.000,138.191,0.000,0.000,,,QLD,Regional - QLD,590001,2026/09/06 12:00:50
2026/09/01,Condabri North,540090,PROD,0.000,161.820,0.000,0.000,,,QLD,Regional - QLD,590001,2026/09/06 12:00:50
2026/09/01,Condabri South,540086,PROD,0.000,156.964,0.000,0.000,,,QLD,Regional - QLD,590001,2026/09/06 12:00:50
2026/09/01,Condamine Power Station,544274,BBGPG,0.000,0.000,0.000,0.000,,,QLD,Regional - QLD,590001,2026/09/02 10:35:52
2026/09/01,CRWP,540098,PIPE,0.000,0.000,305.593,0.000,,,QLD,Wallumbilla Hub,540032,2026/09/02 11:43:09
2026/09/01,CRWP,540098,PIPE,0.000,234.492,40.096,582.634,,,QLD,Regional - QLD,590001,2026/09/02 11:43:09
2026/09/01,CWP,520054,PIPE,5.441,0.000,6.291,0.000,,,NSW,Regional - NSW,590011,2026/09/02 12:46:48
2026/09/01,Daandine,540050,PROD,0.000,54.528,0.000,0.000,,,QLD,Regional - QLD,590001,2026/09/02 10:18:57
2026/09/01,Dandenong LNG,530038,STOR,0.000,0.328,0.000,0.000,604.716,27.889,VIC,Melbourne,590008,2026/09/02 12:46:48
2026/09/01,DDP,540097,PIPE,0.000,0.000,0.000,167.800,,,QLD,Wallumbilla Hub,540032,2026/09/06 21:00:05
2026/09/01,DDP,540097,PIPE,0.002,552.935,100.840,486.084,,,QLD,Regional - QLD,590001,2026/09/06 21:00:05
2026/09/01,DDPS,544027,BBGPG,0.002,0.000,0.000,0.000,,,QLD,Regional - QLD,590001,2026/09/06 21:00:05
2026/09/01,Diamantina Power Station,544077,BBGPG,34.338,0.000,0.000,0.000,,,QLD,Regional - QLD,590001,2026/09/02 12:46:48
2026/09/01,Dry Creek Power Station,555026,BBGPG,0.000,0.000,0.000,0.000,,,SA,Regional - SA,590013,2026/09/02 11:31:05
2026/09/01,EGP,520047,PIPE,141.352,0.000,0.000,0.000,,,NSW,Sydney,520008,2026/09/02 12:01:05
2026/09/01,EGP,520047,PIPE,7.507,0.000,0.000,0.000,,,NSW,Canberra,520009,2026/09/02 12:01:05
2026/09/01,EGP,520047,PIPE,0.000,180.453,0.000,68.389,,,VIC,Longford Hub,530015,2026/09/02 12:01:05
2026/09/01,EGP,520047,PIPE,5.238,0.000,0.000,21.531,,,NSW,Regional - NSW,590011,2026/09/02 12:01:05
2026/09/01,EGP,520047,PIPE,0.805,64.687,0.000,0.000,,,VIC,Regional - VIC,590012,2026/09/02 12:01:05
2026/09/01,EO4PL,540055,PIPE,0.000,0.000,0.000,0.000,,,QLD,Regional - QLD,590001,2026/09/02 10:36:10
2026/09/01,Eurombah Creek,540089,PROD,0.000,144.131,0.000,0.000,,,QLD,Regional - QLD,590001,2026/09/06 12:00:50
2026/09/01,Fairview,540070,PROD,0.000,282.135,0.000,0.000,,,QLD,Regional - QLD,590001,2026/09/02 11:43:30
2026/09/01,GLNG (Curtis Island),544276,LNGEXPORT,986.348,0.000,0.000,0.000,,,QLD,Curtis Island,540030,2026/09/02 11:43:09
2026/09/01,GLNG Pipeline,540092,PIPE,986.348,0.000,0.000,0.000,,,QLD,Curtis Island,540030,2026/09/02 11:43:09
2026/09/01,GLNG Pipeline,540092,PIPE,0.000,418.004,582.733,7.538,,,QLD,Regional - QLD,590001,2026/09/02 10:36:10
2026/09/01,Hallett,555029,BBGPG,0.000,0.000,0.000,0.000,,,SA,Regional - SA,590013,2026/09/02 11:31:05
2026/09/01,Hunter Power Station,523210,BBGPG,1.244,0.000,0.000,0.000,,,NSW,Sydney,520008,2026/09/02 12:46:48
2026/09/01,ICF,530071,COMPRESSOR,0.000,0.000,11.000,11.000,,,VIC,Iona Hub,530016,2026/09/02 08:35:03
2026/09/01,Iona UGS,530042,STOR,87.775,13.502,0.000,0.000,13063.341,0.000,VIC,Iona Hub,530016,2026/09/02 08:30:04
2026/09/01,Jeerelang,533161,BBGPG,0.000,0.000,0.000,0.000,,,VIC,Gippsland,590009,2026/09/04 11:00:04
2026/09/01,Jordan,540088,PROD,0.000,317.402,0.000,0.000,,,QLD,Regional - QLD,590001,2026/09/02 10:36:10
2026/09/01,Katherine Power Station,580233,BBGPG,0.000,0.000,0.000,0.000,,,NT,Regional - NT,590017,2026/09/02 12:46:48
2026/09/01,Kenya,540075,PROD,0.000,124.720,0.000,0.000,,,QLD,Regional - QLD,590001,2026/09/02 10:36:10
2026/09/01,Kincora,544253,PROD,0.000,4.000,0.000,0.000,,,QLD,Regional - QLD,590001,2026/09/02 12:46:48
2026/09/01,KKLP,523209,PIPE,1.244,0.000,0.000,0.000,,,NSW,Sydney,520008,2026/09/02 12:46:48
2026/09/01,Kogan North,540061,PROD,0.000,4.315,0.000,0.000,,,QLD,Regional - QLD,590001,2026/09/02 12:46:48
2026/09/01,Ladbroke Grove PS,555086,BBGPG,9.303,0.000,0.000,0.000,,,SA,Regional - SA,590013,2026/09/02 12:46:48
2026/09/01,Lang Lang,530039,PROD,0.000,19.000,0.000,0.000,,,VIC,Gippsland,590009,2026/09/02 09:29:33
2026/09/01,Laverton,533201,BBGPG,0.000,0.000,0.000,0.000,,,VIC,Geelong,590005,2026/09/04 11:00:04
2026/09/01,Longford,530040,PROD,0.000,627.667,0.000,0.000,,,VIC,Longford Hub,530015,2026/09/02 08:41:50
2026/09/01,Loy Yang B,533163,BBGPG,0.000,0.000,0.000,0.000,,,VIC,Gippsland,590009,2026/09/02 11:01:11
2026/09/01,LYB Transmission Pipeline,535023,PIPE,0.030,0.000,0.025,0.000,,,VIC,Gippsland,590009,2026/09/02 11:01:11
2026/09/01,MAPS,550054,PIPE,29.072,0.000,0.000,0.000,,,SA,Adelaide,550016,2026/09/02 11:31:05
2026/09/01,MAPS,550054,PIPE,0.000,43.900,8.319,0.000,,,SA,Moomba Hub,550017,2026/09/02 11:31:05
2026/09/01,MAPS,550054,PIPE,51.496,0.000,25.000,0.000,,,SA,Regional - SA,590013,2026/09/02 11:31:05
2026/09/01,McArthur River Mine,580220,BBGPG,8.370,0.000,0.000,0.000,,,NT,Regional - NT,590017,2026/09/02 09:07:03
2026/09/01,MCF,550050,COMPRESSOR,0.000,0.000,162.046,162.046,,,SA,Moomba Hub,550017,2026/09/02 12:46:48
2026/09/01,Mereenie,580040,PROD,0.000,25.948,0.000,0.000,,,NT,Regional - NT,590017,2026/09/02 11:17:45
2026/09/01,Meridian,540064,PROD,0.000,47.820,0.000,0.000,,,QLD,Regional - QLD,590001,2026/09/02 09:39:17
2026/09/01,Mintaro Power Station,555031,BBGPG,0.000,0.000,0.000,0.000,,,SA,Regional - SA,590013,2026/09/02 11:31:05
2026/09/01,Moomba,550045,PROD,0.000,225.200,0.000,0.000,,,SA,Moomba Hub,550017,2026/09/06 20:51:05
2026/09/01,Moomba Storage,550046,STOR,0.000,0.000,0.000,0.000,6299.600,0.000,SA,Moomba Hub,550017,2026/09/06 20:51:05
2026/09/01,Mortlake PS,530063,BBGPG,0.000,0.000,0.000,0.000,,,VIC,Regional - VIC,590012,2026/09/02 07:20:00
2026/09/01,MPL,530061,PIPE,0.000,0.000,0.000,0.000,,,VIC,Iona Hub,530016,2026/09/02 07:20:00
2026/09/01,MPL,530061,PIPE,0.000,0.000,0.000,0.000,,,VIC,Regional - VIC,590012,2026/09/02 07:20:00
2026/09/01,MRP,580100,PIPE,8.370,0.000,8.371,0.000,,,NT,Regional - NT,590017,2026/09/02 09:07:03
2026/09/01,MSP,520053,PIPE,94.332,0.000,0.000,0.000,,,NSW,Sydney,520008,2026/09/02 12:46:48
2026/09/01,MSP,520053,PIPE,0.000,0.000,14.040,1.200,,,SA,Moomba Hub,550017,2026/09/02 12:46:48
2026/09/01,MSP,520053,PIPE,29.593,0.000,0.000,6.291,,,NSW,Regional - NSW,590011,2026/09/02 12:46:48
2026/09/01,MSP,520053,PIPE,11.323,0.000,0.000,0.000,,,NSW,Regional - ACT,590015,2026/09/02 12:46:48
2026/09/01,MSP,520053,PIPE,0.000,0.000,172.651,0.000,,,NSW,Culcairn,590016,2026/09/02 12:46:48
2026/09/01,Newport,533171,BBGPG,0.002,0.000,0.000,0.000,,,VIC,Melbourne,590008,2026/09/04 11:00:04
2026/09/01,NGP,580050,PIPE,0.000,0.000,0.000,0.000,,,QLD,Regional - QLD,590001,2026/09/02 12:01:18
2026/09/01,NGP,580050,PIPE,0.000,0.000,0.000,0.000,,,NT,Regional - NT,590017,2026/09/02 12:01:18
2026/09/01,NGS,520060,STOR,0.100,0.907,0.000,0.000,665.415,76.810,NSW,Sydney,520008,2026/09/02 07:22:11
2026/09/01,Oakey PS,544095,BBGPG,0.000,0.000,0.000,0.000,,,QLD,Regional - QLD,590001,2026/09/02 12:46:48
2026/09/01,Orana,540084,PROD,0.000,166.660,0.000,0.000,,,QLD,Regional - QLD,590001,2026/09/06 12:00:50
2026/09/01,Orbost,530041,PROD,0.000,64.687,0.000,0.000,,,VIC,Regional - VIC,590012,2026/09/02 12:01:05
2026/09/01,Orica,544011,BBLARGE,8.578,0.000,0.000,0.000,,,QLD,Regional - QLD,590001,2026/09/07 12:01:08
2026/09/01,Orica (Kooragang Island),523206,BBLARGE,38.645,0.000,0.000,0.000,,,NSW,Sydney,520008,2026/09/02 13:00:00
2026/09/01,Osborne,555033,BBGPG,0.000,0.000,0.000,0.000,,,SA,Regional - SA,590013,2026/09/02 11:31:05
2026/09/01,Otway,530044,PROD,0.000,169.122,0.000,0.000,,,VIC,Iona Hub,530016,2026/09/02 13:20:56
2026/09/01,Owen Springs Power Station,580235,BBGPG,3.305,0.000,0.000,0.000,,,NT,Regional - NT,590017,2026/09/02 06:41:03
2026/09/01,Palm Valley,580060,PROD,0.000,5.618,0.000,0.000,,,NT,Regional - NT,590017,2026/09/02 11:17:45
2026/09/01,PCA,550052,PIPE,0.000,17.043,47.908,2.043,,,VIC,Iona Hub,530016,2026/09/02 07:20:01
2026/09/01,PCA,550052,PIPE,28.023,0.000,0.000,0.000,,,SA,Adelaide,550016,2026/09/02 07:20:01
2026/09/01,PCA,550052,PIPE,0.000,0.000,0.000,15.699,,,VIC,Regional - VIC,590012,2026/09/02 07:20:01
2026/09/01,PCA,550052,PIPE,4.512,0.000,0.000,25.008,,,SA,Regional - SA,590013,2026/09/02 07:20:01
2026/09/01,PCI,530060,PIPE,0.000,180.348,2.043,182.391,,,VIC,Iona Hub,530016,2026/09/02 07:20:01
2026/09/01,Peat,540065,PROD,0.000,11.363,0.000,0.000,,,QLD,Regional - QLD,590001,2026/09/06 12:00:50
2026/09/01,Pelican Point Power Station,555089,BBGPG,14.908,0.000,0.000,0.000,,,SA,Regional - SA,590013,2026/09/02 07:20:01
2026/09/01,Phosphate Hill,544081,BBLARGE,22.810,0.000,0.000,0.000,,,QLD,Regional - QLD,590001,2026/09/02 12:46:48
2026/09/01,Pipeline Compression Station,544279,COMPRESSOR,0.000,0.000,0.000,0.000,,,QLD,Regional - QLD,590001,2026/09/02 11:43:09
2026/09/01,PVP,580070,PIPE,3.736,0.000,4.742,0.000,,,NT,Regional - NT,590017,2026/09/02 06:41:03
2026/09/01,QCLNG LNG Plant,544272,LNGEXPORT,1471.173,0.000,0.000,0.000,,,QLD,Curtis Island,540030,2026/09/02 10:36:10
2026/09/01,QGP,540058,PIPE,0.000,0.000,8.118,0.000,,,QLD,Wallumbilla Hub,540032,2026/09/07 12:01:08
2026/09/01,QGP,540058,PIPE,109.996,24.789,76.885,0.000,,,QLD,Regional - QLD,590001,2026/09/07 12:01:08
2026/09/01,Quarantine Power Station,555087,BBGPG,3.817,0.000,0.000,0.000,,,SA,Regional - SA,590013,2026/09/02 11:31:05
2026/09/01,Queensland Aluminia,544012,BBLARGE,32.834,0.000,0.000,0.000,,,QLD,Regional - QLD,590001,2026/09/07 12:01:08
2026/09/01,RBP,540057,PIPE,0.000,0.000,0.000,10.300,,,QLD,Wallumbilla Hub,540032,2026/09/02 12:46:48
2026/09/01,RBP,540057,PIPE,3.898,23.123,46.333,3.007,,,QLD,Regional - QLD,590001,2026/09/02 12:46:48
2026/09/01,RBP,540057,PIPE,51.393,0.000,0.000,0.000,,,QLD,Brisbane,590002,2026/09/02 12:46:48
2026/09/01,RCWP,540102,PIPE,0.000,0.000,0.000,51.743,,,QLD,Wallumbilla Hub,540032,2026/09/02 12:46:48
2026/09/01,RCWP,540102,PIPE,0.000,0.000,52.464,0.000,,,QLD,Regional - QLD,590001,2026/09/02 12:46:48
2026/09/01,Reedy Creek,540085,PROD,0.000,198.747,0.000,0.000,,,QLD,Regional - QLD,590001,2026/09/06 12:00:50
2026/09/01,RMNGPF,640011,PROD,0.000,17.010,0.000,0.000,,,QLD,Regional - QLD,590001,2026/09/02 08:56:29
2026/09/01,RNMGP,640012,PIPE,0.000,17.010,0.000,17.010,,,QLD,Regional - QLD,590001,2026/09/02 08:56:29
2026/09/01,RNP,640009,PIPE,0.000,23.086,0.000,23.086,,,QLD,Regional - QLD,590001,2026/09/02 12:01:09
2026/09/01,Rolleston,540073,PROD,0.000,8.863,0.000,0.000,,,QLD,Regional - QLD,590001,2026/09/07 12:01:08
2026/09/01,Roma,540095,PROD,0.000,234.492,0.000,0.000,,,QLD,Regional - QLD,590001,2026/09/02 11:43:39
2026/09/01,Roma North,544260,PROD,0.000,23.086,0.000,0.000,,,QLD,Regional - QLD,590001,2026/09/02 12:01:20
2026/09/01,Roma Power Station,540120,BBGPG,0.000,0.000,0.000,0.000,,,QLD,Regional - QLD,590001,2026/09/02 11:32:58
2026/09/01,Ron Goodin Power Station,580234,BBGPG,0.000,0.000,0.000,0.000,,,NT,Regional - NT,590017,2026/09/02 06:41:03
2026/09/01,RPL,540110,PIPE,0.055,0.000,0.000,0.000,,,QLD,Regional - QLD,590001,2026/09/02 11:32:58
2026/09/01,Ruby Jo,540082,PROD,0.000,424.492,0.000,0.000,,,QLD,Regional - QLD,590001,2026/09/02 10:36:10
2026/09/01,RUGS,540040,STOR,0.000,3.954,0.000,0.000,15127.342,0.000,QLD,Regional - QLD,590001,2026/09/02 11:43:39
2026/09/01,Scotia,540072,PROD,0.000,102.957,0.000,0.000,,,QLD,Regional - QLD,590001,2026/09/02 11:43:39
2026/09/01,SEPS,550061,PIPE,6.391,0.000,6.396,0.000,,,SA,Regional - SA,590013,2026/09/02 11:32:05
2026/09/01,SESA,550060,PIPE,0.000,0.000,15.699,0.000,,,VIC,Regional - VIC,590012,2026/09/02 12:46:48
2026/09/01,SESA,550060,PIPE,9.303,0.000,0.000,6.398,,,SA,Regional - SA,590013,2026/09/02 12:46:48
2026/09/01,Shoalhaven Starches Cogeneration Plant,523203,BBLARGE,21.531,0.000,0.000,0.000,,,NSW,Regional - NSW,590011,2026/09/02 12:54:39
2026/09/01,Smithfield Energy Facility,522004,BBGPG,0.000,0.000,0.000,0.000,,,NSW,Regional - NSW,590011,2026/09/02 12:05:15
2026/09/01,Snapper Point,555090,BBGPG,0.000,0.000,0.000,0.000,,,SA,Regional - SA,590013,2026/09/02 11:31:05
2026/09/01,Somerton,533174,BBGPG,0.001,0.000,0.000,0.000,,,VIC,Melbourne,590008,2026/09/04 11:00:04
2026/09/01,SPCF,580236,PROD,0.000,0.000,0.000,0.000,,,NT,Regional - NT,590017,2026/09/02 10:49:41
2026/09/01,SPP,580237,PIPE,0.000,0.000,0.000,0.000,,,NT,Regional - NT,590017,2026/09/02 12:46:48
2026/09/01,Spring Gully,540066,PROD,0.000,54.766,0.000,0.000,,,QLD,Regional - QLD,590001,2026/09/06 12:00:50
2026/09/01,SSP,540103,PIPE,0.000,7.540,0.000,7.540,,,QLD,Regional - QLD,590001,2026/09/02 10:41:27
2026/09/01,SSSF,540062,STOR,0.000,6.300,0.000,0.000,8467.602,0.000,QLD,Regional - QLD,590001,2026/09/02 10:41:27
2026/09/01,Strathblane,540067,PROD,0.000,45.844,0.000,0.000,,,QLD,Regional - QLD,590001,2026/09/06 12:00:50
2026/09/01,Swanbank Power Station,544104,BBGPG,0.000,0.000,0.000,0.000,,,QLD,Brisbane,590002,2026/09/02 12:46:48
2026/09/01,SWQP,540060,PIPE,0.000,0.000,258.431,313.711,,,QLD,Wallumbilla Hub,540032,2026/09/02 12:46:48
2026/09/01,SWQP,540060,PIPE,0.000,0.000,0.000,78.087,,,QLD,Ballera,540078,2026/09/02 12:46:48
2026/09/01,SWQP,540060,PIPE,0.000,184.405,0.000,22.359,,,SA,Moomba Hub,550017,2026/09/02 12:46:48
2026/09/01,SWQP,540060,PIPE,0.112,0.000,0.000,0.000,,,QLD,Regional - QLD,590001,2026/09/02 12:46:48
2026/09/01,Talinga,540076,PROD,0.000,79.676,0.000,0.000,,,QLD,Regional - QLD,590001,2026/09/06 12:00:50
2026/09/01,Tallawarra,522002,BBGPG,0.000,0.000,0.000,0.000,,,NSW,Regional - NSW,590011,2026/09/02 11:00:10
2026/09/01,Tallawarra Pipeline,523201,PIPE,0.000,0.000,0.000,0.000,,,NSW,Regional - NSW,590011,2026/09/02 11:00:10
2026/09/01,Taloona,540068,PROD,0.000,39.134,0.000,0.000,,,QLD,Regional - QLD,590001,2026/09/06 12:00:50
2026/09/01,Tanami GP,580210,PIPE,8.088,0.000,8.740,0.000,,,NT,Regional - NT,590017,2026/09/02 12:02:00
2026/09/01,TGP,570050,PIPE,0.000,0.000,51.911,47.548,,,VIC,Longford Hub,530015,2026/09/03 12:01:00
2026/09/01,TGP,570050,PIPE,18.342,0.000,0.000,0.000,,,TAS,Regional - TAS,590014,2026/09/03 12:01:00
2026/09/01,Tipton,540051,PROD,0.000,38.553,0.000,0.000,,,QLD,Regional - QLD,590001,2026/09/02 10:18:51
2026/09/01,Torrens Island PS,555041,BBGPG,13.877,0.000,0.000,0.000,,,SA,Regional - SA,590013,2026/09/02 11:31:05
2026/09/01,Uranquinty Power Station,522047,BBGPG,0.000,0.000,0.000,0.000,,,NSW,Regional - NSW,590011,2026/09/02 12:46:48
2026/09/01,Valley Power GPG,535024,BBGPG,0.030,0.000,0.000,0.000,,,VIC,Gippsland,590009,2026/09/02 11:01:11
2026/09/01,VicHub,532005,PIPE,0.000,0.000,16.479,16.479,,,VIC,Longford Hub,530015,2026/09/02 12:01:23
2026/09/01,Viva Energy Refinery,535018,BBLARGE,6.306,0.000,0.000,0.000,,,VIC,Geelong,590005,2026/09/02 07:30:16
2026/09/01,VTS,530110,PIPE,0.000,445.761,64.044,0.000,,,VIC,Longford Hub,530015,2026/09/04 11:00:04
2026/09/01,VTS,530110,PIPE,84.998,0.000,134.429,0.000,,,VIC,Iona Hub,530016,2026/09/04 11:00:04
2026/09/01,VTS,530110,PIPE,12.769,0.000,0.000,0.000,,,VIC,Western,590004,2026/09/04 11:00:04
2026/09/01,VTS,530110,PIPE,44.928,0.000,0.000,0.000,,,VIC,Geelong,590005,2026/09/04 11:00:04
2026/09/01,VTS,530110,PIPE,26.517,0.000,0.000,0.000,,,VIC,Ballarat,590006,2026/09/04 11:00:04
2026/09/01,VTS,530110,PIPE,44.841,0.000,0.000,0.000,,,VIC,Northern,590007,2026/09/04 11:00:04
2026/09/01,VTS,530110,PIPE,242.027,0.685,0.000,0.000,,,VIC,Melbourne,590008,2026/09/04 11:00:04
2026/09/01,VTS,530110,PIPE,29.293,0.000,16.662,0.025,,,VIC,Gippsland,590009,2026/09/04 11:00:04
2026/09/01,VTS,530110,PIPE,0.000,0.000,0.000,172.650,,,NSW,Culcairn,590016,2026/09/04 11:00:04
2026/09/01,Wallumbilla Compression Station,544280,COMPRESSOR,0.000,0.000,0.000,0.000,,,QLD,Wallumbilla Hub,540032,2026/09/02 11:43:09
2026/09/01,WCFA,540045,COMPRESSOR,0.000,0.000,107.708,107.708,,,QLD,Wallumbilla Hub,540032,2026/09/02 12:46:48
2026/09/01,WCFB,540046,COMPRESSOR,0.000,0.000,206.004,206.004,,,QLD,Wallumbilla Hub,540032,2026/09/02 12:46:48
2026/09/01,Weddell Power Station,580232,BBGPG,13.845,0.000,0.000,0.000,,,NT,Darwin,580001,2026/09/02 12:46:48
2026/09/01,WGP,540091,PIPE,1471.173,0.000,0.000,0.000,,,QLD,Curtis Island,540030,2026/09/02 10:36:10
2026/09/01,WGP,540091,PIPE,0.000,1413.630,56.666,0.000,,,QLD,Regional - QLD,590001,2026/09/02 10:36:10
2026/09/01,Whyalla Steelworks,555085,BBLARGE,6.737,0.000,0.000,0.000,,,SA,Regional - SA,590013,2026/09/02 11:31:05
2026/09/01,Windibri,540069,PROD,0.000,83.621,0.000,0.000,,,QLD,Regional - QLD,590001,2026/09/02 10:36:10
2026/09/01,Woleebee Creek,540087,PROD,0.000,642.790,0.000,0.000,,,QLD,Regional - QLD,590001,2026/09/02 10:36:10
2026/09/01,WPP,580030,PIPE,13.845,29.999,0.000,16.200,,,NT,Darwin,580001,2026/09/02 12:46:48
2026/09/01,Yarwun,544282,BBGPG,50.872,0.000,0.000,0.000,,,QLD,Regional - QLD,590001,2026/09/07 12:01:08
2026/09/01,Yelcherr,580180,PROD,0.000,0.000,0.000,0.000,,,NT,Regional - NT,590017,2026/09/02 12:46:48
2026/09/01,Yellowbank,540074,PROD,0.000,11.676,0.000,0.000,,,QLD,Regional - QLD,590001,2026/09/07 12:01:08
2026/09/02,Adelaide Brighton,555091,BBLARGE,7.720,0.000,0.000,0.000,,,SA,Adelaide,550016,2026/09/03 13:00:00
2026/09/02,AGP,580010,PIPE,21.447,0.000,17.239,0.000,,,NT,Darwin,580001,2026/09/03 12:46:47
2026/09/02,AGP,580010,PIPE,7.039,30.484,0.000,21.156,,,NT,Regional - NT,590017,2026/09/03 12:46:47
2026/09/02,APLNG Pipeline,540093,PIPE,1652.996,0.000,0.000,0.000,,,QLD,Curtis Island,540030,2026/09/07 11:42:07
2026/09/02,APLNG Pipeline,540093,PIPE,0.000,1332.384,482.688,126.900,,,QLD,Regional - QLD,590001,2026/09/07 11:42:07
2026/09/02,Arcadia,540101,PROD,0.000,92.106,0.000,0.000,,,QLD,Regional - QLD,590001,2026/09/03 11:28:21
2026/09/02,ATGP,640013,PIPE,0.000,43.611,0.000,43.611,,,QLD,Regional - QLD,590001,2026/09/03 12:01:30
2026/09/02,ATHENA,535014,PROD,0.000,17.362,0.000,0.000,,,VIC,Iona Hub,530016,2026/09/07 09:37:05
2026/09/02,Atlas,544261,PROD,0.000,43.611,0.000,0.000,,,QLD,Regional - QLD,590001,2026/09/03 12:01:34
2026/09/02,Atlas East Central Processing Facility,640008,PROD,0.000,32.650,0.000,0.000,,,QLD,Regional - QLD,590001,2026/09/03 10:12:31
2026/09/02,Atlas to Reedy Creek Pipeline,640007,PIPE,0.000,32.665,0.000,32.276,,,QLD,Regional - QLD,590001,2026/09/03 12:46:47
2026/09/02,Australia Pacific LNG,544273,LNGEXPORT,1652.995,0.000,0.000,0.000,,,QLD,Curtis Island,540030,2026/09/03 12:00:26
2026/09/02,Australian Paper (Opal),535021,BBLARGE,13.016,0.000,0.000,0.000,,,VIC,Gippsland,590009,2026/09/04 11:00:04
2026/09/02,B1PL,540077,PIPE,0.037,40.213,0.000,33.747,,,QLD,Regional - QLD,590001,2026/09/03 11:00:56
2026/09/02,B2PL,540071,PIPE,0.000,54.406,1.506,56.992,,,QLD,Regional - QLD,590001,2026/09/03 12:30:05
2026/09/02,Bairnsdale Power Station,535020,BBGPG,0.000,0.000,0.000,0.000,,,VIC,Regional - VIC,590012,2026/09/03 11:00:55
2026/09/02,BCF,540047,COMPRESSOR,0.000,0.000,66.400,66.400,,,QLD,Regional - QLD,590001,2026/09/07 21:18:07
2026/09/02,Bell Bay CCGT,577016,BBGPG,0.000,0.000,0.000,0.000,,,TAS,Regional - TAS,590014,2026/09/04 12:01:00
2026/09/02,Bell Bay GGT,577014,BBGPG,0.000,0.000,0.000,0.000,,,TAS,Regional - TAS,590014,2026/09/04 12:01:00
2026/09/02,Bell Bay OCGT,577015,BBGPG,0.001,0.000,0.000,0.000,,,TAS,Regional - TAS,590014,2026/09/04 12:01:00
2026/09/02,Bellevue,540083,PROD,0.000,161.076,0.000,0.000,,,QLD,Regional - QLD,590001,2026/09/03 10:36:13
2026/09/02,BGP,580020,PIPE,0.318,0.000,0.000,0.000,,,NT,Regional - NT,590017,2026/09/03 12:46:47
2026/09/02,BlueScope,523204,BBLARGE,19.314,0.000,0.000,0.000,,,NSW,Sydney,520008,2026/09/03 12:01:05
2026/09/02,Bolivar,555008,BBGPG,0.000,0.000,0.000,0.000,,,SA,Regional - SA,590013,2026/09/03 12:03:12
2026/09/02,Bomaderry Gas Pipeline,523202,PIPE,21.223,0.000,21.200,0.000,,,NSW,Regional - NSW,590011,2026/09/04 12:51:31
2026/09/02,BPP,530030,PIPE,2.080,18.990,0.000,16.916,,,VIC,Gippsland,590009,2026/09/04 11:00:04
2026/09/02,Braemar 2 Power Station,544085,BBGPG,0.000,0.000,0.000,0.000,,,QLD,Regional - QLD,590001,2026/09/03 12:30:05
2026/09/02,Braemar Power Station,544252,BBGPG,0.037,0.000,0.000,0.000,,,QLD,Regional - QLD,590001,2026/09/03 11:00:56
2026/09/02,BWP,540096,PIPE,0.000,0.000,0.000,42.230,,,QLD,Wallumbilla Hub,540032,2026/09/03 12:46:47
2026/09/02,BWP,540096,PIPE,0.000,43.345,0.000,0.000,,,QLD,Regional - QLD,590001,2026/09/03 12:46:47
2026/09/02,CGP,540059,PIPE,0.000,0.000,66.396,0.000,,,QLD,Ballera,540078,2026/09/03 12:46:47
2026/09/02,CGP,540059,PIPE,70.001,0.000,0.000,0.000,,,QLD,Regional - QLD,590001,2026/09/03 12:46:47
2026/09/02,Channel Island Power Station,580231,BBGPG,21.447,0.000,0.000,0.000,,,NT,Darwin,580001,2026/09/03 12:46:47
2026/09/02,Colongra,523120,BBGPG,0.020,0.000,0.000,0.000,,,NSW,Regional - NSW,590011,2026/09/03 12:00:05
2026/09/02,ColongraGP,520090,PIPE,0.000,0.000,0.000,0.000,,,NSW,Sydney,520008,2026/09/03 12:00:05
2026/09/02,ColongraGP,520090,PIPE,0.020,0.000,0.000,0.000,,,NSW,Regional - NSW,590011,2026/09/03 12:00:05
2026/09/02,Combabula,540094,PROD,0.000,290.947,0.000,0.000,,,QLD,Regional - QLD,590001,2026/09/07 11:42:07
2026/09/02,Condabri Central,540080,PROD,0.000,125.265,0.000,0.000,,,QLD,Regional - QLD,590001,2026/09/07 11:42:07
2026/09/02,Condabri North,540090,PROD,0.000,166.714,0.000,0.000,,,QLD,Regional - QLD,590001,2026/09/07 11:42:07
2026/09/02,Condabri South,540086,PROD,0.000,157.845,0.000,0.000,,,QLD,Regional - QLD,590001,2026/09/07 11:42:07
2026/09/02,Condamine Power Station,544274,BBGPG,0.008,0.000,0.000,0.000,,,QLD,Regional - QLD,590001,2026/09/03 10:35:39
2026/09/02,CRWP,540098,PIPE,0.000,0.000,311.446,0.000,,,QLD,Wallumbilla Hub,540032,2026/09/03 11:28:07
2026/09/02,CRWP,540098,PIPE,0.000,234.321,40.131,546.137,,,QLD,Regional - QLD,590001,2026/09/03 11:28:07
2026/09/02,CWP,520054,PIPE,5.228,0.000,5.387,0.000,,,NSW,Regional - NSW,590011,2026/09/03 12:46:47
2026/09/02,Daandine,540050,PROD,0.000,54.100,0.000,0.000,,,QLD,Regional - QLD,590001,2026/09/03 12:30:04
2026/09/02,Dandenong LNG,530038,STOR,0.000,0.293,0.000,0.000,604.149,27.889,VIC,Melbourne,590008,2026/09/03 12:46:47
2026/09/02,DDP,540097,PIPE,0.000,0.000,0.000,165.813,,,QLD,Wallumbilla Hub,540032,2026/09/06 21:01:05
2026/09/02,DDP,540097,PIPE,0.001,541.629,93.172,474.090,,,QLD,Regional - QLD,590001,2026/09/06 21:01:05
2026/09/02,DDPS,544027,BBGPG,0.001,0.000,0.000,0.000,,,QLD,Regional - QLD,590001,2026/09/06 21:01:05
2026/09/02,Diamantina Power Station,544077,BBGPG,35.875,0.000,0.000,0.000,,,QLD,Regional - QLD,590001,2026/09/03 12:46:47
2026/09/02,Dry Creek Power Station,555026,BBGPG,3.240,0.000,0.000,0.000,,,SA,Regional - SA,590013,2026/09/03 11:31:05
2026/09/02,EGP,520047,PIPE,140.385,0.000,0.000,0.000,,,NSW,Sydney,520008,2026/09/03 12:01:05
2026/09/02,EGP,520047,PIPE,7.394,0.000,0.000,0.000,,,NSW,Canberra,520009,2026/09/03 12:01:05
2026/09/02,EGP,520047,PIPE,0.000,178.475,0.000,64.329,,,VIC,Longford Hub,530015,2026/09/03 12:01:05
2026/09/02,EGP,520047,PIPE,5.016,0.000,0.000,21.200,,,NSW,Regional - NSW,590011,2026/09/03 12:01:05
2026/09/02,EGP,520047,PIPE,0.820,73.221,0.000,0.000,,,VIC,Regional - VIC,590012,2026/09/03 12:01:05
2026/09/02,EO4PL,540055,PIPE,0.000,0.000,0.000,0.000,,,QLD,Regional - QLD,590001,2026/09/03 10:36:13
2026/09/02,Eurombah Creek,540089,PROD,0.000,143.230,0.000,0.000,,,QLD,Regional - QLD,590001,2026/09/07 11:42:07
2026/09/02,Fairview,540070,PROD,0.000,281.430,0.000,0.000,,,QLD,Regional - QLD,590001,2026/09/03 11:28:21
2026/09/02,GLNG (Curtis Island),544276,LNGEXPORT,944.232,0.000,0.000,0.000,,,QLD,Curtis Island,540030,2026/09/03 11:28:07
2026/09/02,GLNG Pipeline,540092,PIPE,944.232,0.000,0.000,0.000,,,QLD,Curtis Island,540030,2026/09/03 11:28:07
2026/09/02,GLNG Pipeline,540092,PIPE,0.000,417.110,546.261,8.722,,,QLD,Regional - QLD,590001,2026/09/03 10:36:13
2026/09/02,Hallett,555029,BBGPG,0.000,0.000,0.000,0.000,,,SA,Regional - SA,590013,2026/09/03 11:31:05
2026/09/02,Hunter Power Station,523210,BBGPG,0.012,0.000,0.000,0.000,,,NSW,Sydney,520008,2026/09/03 12:46:47
2026/09/02,ICF,530071,COMPRESSOR,0.000,0.000,6.500,6.500,,,VIC,Iona Hub,530016,2026/09/03 08:35:02
2026/09/02,Iona UGS,530042,STOR,65.941,12.001,0.000,0.000,13117.281,0.000,VIC,Iona Hub,530016,2026/09/03 08:30:03
2026/09/02,Jeerelang,533161,BBGPG,0.000,0.000,0.000,0.000,,,VIC,Gippsland,590009,2026/09/04 11:00:04
2026/09/02,Jordan,540088,PROD,0.000,334.219,0.000,0.000,,,QLD,Regional - QLD,590001,2026/09/03 10:36:13
2026/09/02,Katherine Power Station,580233,BBGPG,0.000,0.000,0.000,0.000,,,NT,Regional - NT,590017,2026/09/03 12:46:47
2026/09/02,Kenya,540075,PROD,0.000,115.374,0.000,0.000,,,QLD,Regional - QLD,590001,2026/09/03 10:36:13
2026/09/02,Kincora,544253,PROD,0.000,4.000,0.000,0.000,,,QLD,Regional - QLD,590001,2026/09/03 12:46:47
2026/09/02,KKLP,523209,PIPE,0.012,0.000,0.000,0.000,,,NSW,Sydney,520008,2026/09/03 12:46:47
2026/09/02,Kogan North,540061,PROD,0.000,4.316,0.000,0.000,,,QLD,Regional - QLD,590001,2026/09/03 12:46:47
2026/09/02,Ladbroke Grove PS,555086,BBGPG,5.971,0.000,0.000,0.000,,,SA,Regional - SA,590013,2026/09/03 12:46:47
2026/09/02,Lang Lang,530039,PROD,0.000,18.990,0.000,0.000,,,VIC,Gippsland,590009,2026/09/03 10:31:08
2026/09/02,Laverton,533201,BBGPG,0.000,0.000,0.000,0.000,,,VIC,Geelong,590005,2026/09/04 11:00:04
2026/09/02,Longford,530040,PROD,0.000,621.200,0.000,0.000,,,VIC,Longford Hub,530015,2026/09/03 07:39:24
2026/09/02,Loy Yang B,533163,BBGPG,0.000,0.000,0.000,0.000,,,VIC,Gippsland,590009,2026/09/03 11:00:52
2026/09/02,LYB Transmission Pipeline,535023,PIPE,0.041,0.000,1.375,0.000,,,VIC,Gippsland,590009,2026/09/03 11:00:52
2026/09/02,MAPS,550054,PIPE,38.260,0.000,0.000,0.000,,,SA,Adelaide,550016,2026/09/03 11:31:05
2026/09/02,MAPS,550054,PIPE,0.000,43.366,24.917,0.000,,,SA,Moomba Hub,550017,2026/09/03 11:31:05
2026/09/02,MAPS,550054,PIPE,49.231,0.000,20.000,0.000,,,SA,Regional - SA,590013,2026/09/03 11:31:05
2026/09/02,McArthur River Mine,580220,BBGPG,7.834,0.000,0.000,0.000,,,NT,Regional - NT,590017,2026/09/03 09:16:19
2026/09/02,MCF,550050,COMPRESSOR,0.000,0.000,158.867,158.867,,,SA,Moomba Hub,550017,2026/09/03 12:46:47
2026/09/02,Mereenie,580040,PROD,0.000,24.867,0.000,0.000,,,NT,Regional - NT,590017,2026/09/03 11:34:01
2026/09/02,Meridian,540064,PROD,0.000,47.824,0.000,0.000,,,QLD,Regional - QLD,590001,2026/09/03 09:39:01
2026/09/02,Mintaro Power Station,555031,BBGPG,0.000,0.000,0.000,0.000,,,SA,Regional - SA,590013,2026/09/03 11:31:05
2026/09/02,Moomba,550045,PROD,0.000,227.200,0.000,0.000,,,SA,Moomba Hub,550017,2026/09/07 21:18:07
2026/09/02,Moomba Storage,550046,STOR,0.000,0.000,0.000,0.000,6299.600,0.000,SA,Moomba Hub,550017,2026/09/07 21:18:07
2026/09/02,Mortlake PS,530063,BBGPG,0.000,0.000,0.000,0.000,,,VIC,Regional - VIC,590012,2026/09/03 07:20:00
2026/09/02,MPL,530061,PIPE,0.000,0.000,13.206,6.801,,,VIC,Iona Hub,530016,2026/09/03 07:20:00
2026/09/02,MPL,530061,PIPE,0.000,0.000,0.000,0.000,,,VIC,Regional - VIC,590012,2026/09/03 07:20:00
2026/09/02,MRP,580100,PIPE,7.834,0.000,7.835,0.000,,,NT,Regional - NT,590017,2026/09/03 09:16:19
2026/09/02,MSP,520053,PIPE,88.160,0.000,0.000,0.000,,,NSW,Sydney,520008,2026/09/03 12:46:47
2026/09/02,MSP,520053,PIPE,0.000,0.000,7.229,7.208,,,SA,Moomba Hub,550017,2026/09/03 12:46:47
2026/09/02,MSP,520053,PIPE,25.712,0.000,0.000,5.387,,,NSW,Regional - NSW,590011,2026/09/03 12:46:47
2026/09/02,MSP,520053,PIPE,8.090,0.000,0.000,0.000,,,NSW,Regional - ACT,590015,2026/09/03 12:46:47
2026/09/02,MSP,520053,PIPE,0.000,0.000,135.963,0.000,,,NSW,Culcairn,590016,2026/09/03 12:46:47
2026/09/02,Newport,533171,BBGPG,0.002,0.000,0.000,0.000,,,VIC,Melbourne,590008,2026/09/04 11:00:04
2026/09/02,NGP,580050,PIPE,0.000,0.000,0.000,0.000,,,QLD,Regional - QLD,590001,2026/09/03 12:01:32
2026/09/02,NGP,580050,PIPE,0.000,0.000,0.000,0.000,,,NT,Regional - NT,590017,2026/09/03 12:01:32
2026/09/02,NGS,520060,STOR,0.040,0.920,0.000,0.000,664.385,76.828,NSW,Sydney,520008,2026/09/03 09:07:35
2026/09/02,Oakey PS,544095,BBGPG,0.000,0.000,0.000,0.000,,,QLD,Regional - QLD,590001,2026/09/03 12:46:47
2026/09/02,Orana,540084,PROD,0.000,166.728,0.000,0.000,,,QLD,Regional - QLD,590001,2026/09/07 11:42:07
2026/09/02,Orbost,530041,PROD,0.000,73.221,0.000,0.000,,,VIC,Regional - VIC,590012,2026/09/03 12:01:05
2026/09/02,Orica,544011,BBLARGE,9.515,0.000,0.000,0.000,,,QLD,Regional - QLD,590001,2026/09/07 12:01:09
2026/09/02,Orica (Kooragang Island),523206,BBLARGE,39.280,0.000,0.000,0.000,,,NSW,Sydney,520008,2026/09/03 13:00:00
2026/09/02,Osborne,555033,BBGPG,0.000,0.000,0.000,0.000,,,SA,Regional - SA,590013,2026/09/03 11:31:05
2026/09/02,Otway,530044,PROD,0.000,169.470,0.000,0.000,,,VIC,Iona Hub,530016,2026/09/03 13:14:00
2026/09/02,Owen Springs Power Station,580235,BBGPG,3.112,0.000,0.000,0.000,,,NT,Regional - NT,590017,2026/09/03 06:41:26
2026/09/02,Palm Valley,580060,PROD,0.000,5.617,0.000,0.000,,,NT,Regional - NT,590017,2026/09/03 11:34:01
2026/09/02,PCA,550052,PIPE,0.000,12.548,45.970,1.119,,,VIC,Iona Hub,530016,2026/09/03 07:20:01
2026/09/02,PCA,550052,PIPE,20.730,0.000,0.000,0.000,,,SA,Adelaide,550016,2026/09/03 07:20:01
2026/09/02,PCA,550052,PIPE,0.000,0.000,0.000,12.618,,,VIC,Regional - VIC,590012,2026/09/03 07:20:01
2026/09/02,PCA,550052,PIPE,4.791,0.000,0.000,19.997,,,SA,Regional - SA,590013,2026/09/03 07:20:01
2026/09/02,PCI,530060,PIPE,0.000,180.844,7.920,188.764,,,VIC,Iona Hub,530016,2026/09/03 07:20:01
2026/09/02,Peat,540065,PROD,0.000,11.354,0.000,0.000,,,QLD,Regional - QLD,590001,2026/09/07 11:42:07
2026/09/02,Pelican Point Power Station,555089,BBGPG,14.870,0.000,0.000,0.000,,,SA,Regional - SA,590013,2026/09/03 07:20:01
2026/09/02,Phosphate Hill,544081,BBLARGE,23.711,0.000,0.000,0.000,,,QLD,Regional - QLD,590001,2026/09/03 12:46:47
2026/09/02,Pipeline Compression Station,544279,COMPRESSOR,0.000,0.000,0.000,0.000,,,QLD,Regional - QLD,590001,2026/09/03 11:28:07
2026/09/02,PVP,580070,PIPE,3.533,0.000,4.581,0.000,,,NT,Regional - NT,590017,2026/09/03 06:41:26
2026/09/02,QCLNG LNG Plant,544272,LNGEXPORT,1479.650,0.000,0.000,0.000,,,QLD,Curtis Island,540030,2026/09/03 10:36:13
2026/09/02,QGP,540058,PIPE,0.000,0.000,7.485,0.000,,,QLD,Wallumbilla Hub,540032,2026/09/07 12:01:09
2026/09/02,QGP,540058,PIPE,110.816,26.033,76.887,0.000,,,QLD,Regional - QLD,590001,2026/09/07 12:01:09
2026/09/02,Quarantine Power Station,555087,BBGPG,4.079,0.000,0.000,0.000,,,SA,Regional - SA,590013,2026/09/03 11:31:05
2026/09/02,Queensland Aluminia,544012,BBLARGE,32.770,0.000,0.000,0.000,,,QLD,Regional - QLD,590001,2026/09/07 12:01:09
2026/09/02,RBP,540057,PIPE,0.000,0.000,0.647,10.300,,,QLD,Wallumbilla Hub,540032,2026/09/03 12:46:47
2026/09/02,RBP,540057,PIPE,3.592,20.875,40.047,1.506,,,QLD,Regional - QLD,590001,2026/09/03 12:46:47
2026/09/02,RBP,540057,PIPE,50.670,0.000,0.000,0.000,,,QLD,Brisbane,590002,2026/09/03 12:46:47
2026/09/02,RCWP,540102,PIPE,0.000,0.000,0.000,32.215,,,QLD,Wallumbilla Hub,540032,2026/09/03 12:46:47
2026/09/02,RCWP,540102,PIPE,0.000,0.000,32.276,0.000,,,QLD,Regional - QLD,590001,2026/09/03 12:46:47
2026/09/02,Reedy Creek,540085,PROD,0.000,198.567,0.000,0.000,,,QLD,Regional - QLD,590001,2026/09/07 11:42:07
2026/09/02,RMNGPF,640011,PROD,0.000,17.040,0.000,0.000,,,QLD,Regional - QLD,590001,2026/09/03 10:12:42
2026/09/02,RNMGP,640012,PIPE,0.000,17.040,0.000,17.040,,,QLD,Regional - QLD,590001,2026/09/03 10:12:42
2026/09/02,RNP,640009,PIPE,0.000,23.091,0.000,23.091,,,QLD,Regional - QLD,590001,2026/09/03 12:01:08
2026/09/02,Rolleston,540073,PROD,0.000,9.383,0.000,0.000,,,QLD,Regional - QLD,590001,2026/09/07 12:01:09
2026/09/02,Roma,540095,PROD,0.000,234.321,0.000,0.000,,,QLD,Regional - QLD,590001,2026/09/03 11:28:26
2026/09/02,Roma North,544260,PROD,0.000,23.091,0.000,0.000,,,QLD,Regional - QLD,590001,2026/09/03 12:01:33
2026/09/02,Roma Power Station,540120,BBGPG,0.000,0.000,0.000,0.000,,,QLD,Regional - QLD,590001,2026/09/03 12:33:57
2026/09/02,Ron Goodin Power Station,580234,BBGPG,0.000,0.000,0.000,0.000,,,NT,Regional - NT,590017,2026/09/03 06:41:26
2026/09/02,RPL,540110,PIPE,0.054,0.000,0.000,0.000,,,QLD,Regional - QLD,590001,2026/09/03 12:33:57
2026/09/02,Ruby Jo,540082,PROD,0.000,425.095,0.000,0.000,,,QLD,Regional - QLD,590001,2026/09/03 10:36:13
2026/09/02,RUGS,540040,STOR,0.000,3.970,0.000,0.000,15123.387,0.000,QLD,Regional - QLD,590001,2026/09/03 11:28:26
2026/09/02,Scotia,540072,PROD,0.000,102.366,0.000,0.000,,,QLD,Regional - QLD,590001,2026/09/03 11:28:26
2026/09/02,SEPS,550061,PIPE,6.309,0.000,6.294,0.000,,,SA,Regional - SA,590013,2026/09/03 11:32:05
2026/09/02,SESA,550060,PIPE,0.000,0.000,12.618,0.000,,,VIC,Regional - VIC,590012,2026/09/03 12:46:47
2026/09/02,SESA,550060,PIPE,5.971,0.000,0.000,6.293,,,SA,Regional - SA,590013,2026/09/03 12:46:47
2026/09/02,Shoalhaven Starches Cogeneration Plant,523203,BBLARGE,21.223,0.000,0.000,0.000,,,NSW,Regional - NSW,590011,2026/09/04 12:51:31
2026/09/02,Smithfield Energy Facility,522004,BBGPG,0.000,0.000,0.000,0.000,,,NSW,Regional - NSW,590011,2026/09/03 12:03:12
2026/09/02,Snapper Point,555090,BBGPG,0.000,0.000,0.000,0.000,,,SA,Regional - SA,590013,2026/09/03 11:31:05
2026/09/02,Somerton,533174,BBGPG,0.002,0.000,0.000,0.000,,,VIC,Melbourne,590008,2026/09/04 11:00:04
2026/09/02,SPCF,580236,PROD,0.000,0.000,0.000,0.000,,,NT,Regional - NT,590017,2026/09/03 08:57:08
2026/09/02,SPP,580237,PIPE,0.000,0.000,0.000,0.000,,,NT,Regional - NT,590017,2026/09/03 12:46:47
2026/09/02,Spring Gully,540066,PROD,0.000,55.039,0.000,0.000,,,QLD,Regional - QLD,590001,2026/09/07 11:42:07
2026/09/02,SSP,540103,PIPE,0.000,6.570,0.000,6.570,,,QLD,Regional - QLD,590001,2026/09/03 09:32:54
2026/09/02,SSSF,540062,STOR,0.000,6.300,0.000,0.000,8454.872,0.000,QLD,Regional - QLD,590001,2026/09/03 09:32:54
2026/09/02,Strathblane,540067,PROD,0.000,42.069,0.000,0.000,,,QLD,Regional - QLD,590001,2026/09/07 11:42:07
2026/09/02,Swanbank Power Station,544104,BBGPG,0.000,0.000,0.000,0.000,,,QLD,Brisbane,590002,2026/09/03 12:46:47
2026/09/02,SWQP,540060,PIPE,0.000,0.000,249.912,318.931,,,QLD,Wallumbilla Hub,540032,2026/09/03 12:46:47
2026/09/02,SWQP,540060,PIPE,0.000,0.000,0.000,71.360,,,QLD,Ballera,540078,2026/09/03 12:46:47
2026/09/02,SWQP,540060,PIPE,0.000,183.804,0.000,24.938,,,SA,Moomba Hub,550017,2026/09/03 12:46:47
2026/09/02,SWQP,540060,PIPE,0.113,0.000,0.000,0.000,,,QLD,Regional - QLD,590001,2026/09/03 12:46:47
2026/09/02,Talinga,540076,PROD,0.000,81.394,0.000,0.000,,,QLD,Regional - QLD,590001,2026/09/07 11:42:07
2026/09/02,Tallawarra,522002,BBGPG,0.000,0.000,0.000,0.000,,,NSW,Regional - NSW,590011,2026/09/03 11:00:10
2026/09/02,Tallawarra Pipeline,523201,PIPE,0.000,0.000,0.000,0.000,,,NSW,Regional - NSW,590011,2026/09/03 11:00:10
2026/09/02,Taloona,540068,PROD,0.000,39.021,0.000,0.000,,,QLD,Regional - QLD,590001,2026/09/07 11:42:07
2026/09/02,Tanami GP,580210,PIPE,6.486,0.000,8.740,0.000,,,NT,Regional - NT,590017,2026/09/03 12:02:00
2026/09/02,TGP,570050,PIPE,0.000,0.000,54.228,37.792,,,VIC,Longford Hub,530015,2026/09/04 12:01:00
2026/09/02,TGP,570050,PIPE,18.340,0.000,0.000,0.000,,,TAS,Regional - TAS,590014,2026/09/04 12:01:00
2026/09/02,Tipton,540051,PROD,0.000,40.213,0.000,0.000,,,QLD,Regional - QLD,590001,2026/09/03 12:30:05
2026/09/02,Torrens Island PS,555041,BBGPG,7.586,0.000,0.000,0.000,,,SA,Regional - SA,590013,2026/09/03 11:31:05
2026/09/02,Uranquinty Power Station,522047,BBGPG,0.000,0.000,0.000,0.000,,,NSW,Regional - NSW,590011,2026/09/03 12:46:47
2026/09/02,Valley Power GPG,535024,BBGPG,0.041,0.000,0.000,0.000,,,VIC,Gippsland,590009,2026/09/03 11:00:52
2026/09/02,VicHub,532005,PIPE,0.000,0.000,10.103,10.103,,,VIC,Longford Hub,530015,2026/09/03 12:01:35
2026/09/02,Viva Energy Refinery,535018,BBLARGE,6.693,0.000,0.000,0.000,,,VIC,Geelong,590005,2026/09/03 07:30:15
2026/09/02,VTS,530110,PIPE,0.000,441.342,47.909,0.000,,,VIC,Longford Hub,530015,2026/09/04 11:00:04
2026/09/02,VTS,530110,PIPE,60.437,0.000,129.570,0.000,,,VIC,Iona Hub,530016,2026/09/04 11:00:04
2026/09/02,VTS,530110,PIPE,14.002,0.000,0.000,0.000,,,VIC,Western,590004,2026/09/04 11:00:04
2026/09/02,VTS,530110,PIPE,47.741,0.000,0.000,0.000,,,VIC,Geelong,590005,2026/09/04 11:00:04
2026/09/02,VTS,530110,PIPE,29.633,0.000,0.000,0.000,,,VIC,Ballarat,590006,2026/09/04 11:00:04
2026/09/02,VTS,530110,PIPE,45.913,0.000,0.000,0.000,,,VIC,Northern,590007,2026/09/04 11:00:04
2026/09/02,VTS,530110,PIPE,279.752,5.168,0.000,0.000,,,VIC,Melbourne,590008,2026/09/04 11:00:04
2026/09/02,VTS,530110,PIPE,32.555,0.000,16.916,1.375,,,VIC,Gippsland,590009,2026/09/04 11:00:04
2026/09/02,VTS,530110,PIPE,0.000,0.000,0.000,135.960,,,NSW,Culcairn,590016,2026/09/04 11:00:04
2026/09/02,Wallumbilla Compression Station,544280,COMPRESSOR,0.000,0.000,0.000,0.000,,,QLD,Wallumbilla Hub,540032,2026/09/03 11:28:07
2026/09/02,WCFA,540045,COMPRESSOR,0.000,0.000,107.484,107.484,,,QLD,Wallumbilla Hub,540032,2026/09/03 12:46:47
2026/09/02,WCFB,540046,COMPRESSOR,0.000,0.000,211.447,211.447,,,QLD,Wallumbilla Hub,540032,2026/09/03 12:46:47
2026/09/02,Weddell Power Station,580232,BBGPG,12.769,0.000,0.000,0.000,,,NT,Darwin,580001,2026/09/03 12:46:47
2026/09/02,WGP,540091,PIPE,1479.650,0.000,0.000,0.000,,,QLD,Curtis Island,540030,2026/09/03 10:36:13
2026/09/02,WGP,540091,PIPE,0.000,1406.312,56.992,0.000,,,QLD,Regional - QLD,590001,2026/09/03 10:36:13
2026/09/02,Whyalla Steelworks,555085,BBLARGE,7.202,0.000,0.000,0.000,,,SA,Regional - SA,590013,2026/09/03 11:31:05
2026/09/02,Windibri,540069,PROD,0.000,80.669,0.000,0.000,,,QLD,Regional - QLD,590001,2026/09/03 10:36:13
2026/09/02,Woleebee Creek,540087,PROD,0.000,642.285,0.000,0.000,,,QLD,Regional - QLD,590001,2026/09/03 10:36:13
2026/09/02,WPP,580030,PIPE,12.769,29.951,0.000,17.239,,,NT,Darwin,580001,2026/09/03 12:46:47
2026/09/02,Yarwun,544282,BBGPG,50.674,0.000,0.000,0.000,,,QLD,Regional - QLD,590001,2026/09/07 12:01:09
2026/09/02,Yelcherr,580180,PROD,0.000,0.000,0.000,0.000,,,NT,Regional - NT,590017,2026/09/03 12:46:47
2026/09/02,Yellowbank,540074,PROD,0.000,12.400,0.000,0.000,,,QLD,Regional - QLD,590001,2026/09/07 12:01:09
2026/09/03,Adelaide Brighton,555091,BBLARGE,8.554,0.000,0.000,0.000,,,SA,Adelaide,550016,2026/09/04 13:00:01
2026/09/03,AGP,580010,PIPE,16.555,0.000,10.763,0.000,,,NT,Darwin,580001,2026/09/04 12:46:47
2026/09/03,AGP,580010,PIPE,6.996,30.423,0.000,21.793,,,NT,Regional - NT,590017,2026/09/04 12:46:47
2026/09/03,APLNG Pipeline,540093,PIPE,1665.156,0.000,0.000,0.000,,,QLD,Curtis Island,540030,2026/09/08 11:35:11
2026/09/03,APLNG Pipeline,540093,PIPE,0.000,1332.858,490.023,130.754,,,QLD,Regional - QLD,590001,2026/09/08 11:35:11
2026/09/03,Arcadia,540101,PROD,0.000,91.699,0.000,0.000,,,QLD,Regional - QLD,590001,2026/09/04 10:58:38
2026/09/03,ATGP,640013,PIPE,0.000,43.561,0.000,43.561,,,QLD,Regional - QLD,590001,2026/09/04 12:01:09
2026/09/03,ATHENA,535014,PROD,0.000,17.486,0.000,0.000,,,VIC,Iona Hub,530016,2026/09/08 09:37:33
2026/09/03,Atlas,544261,PROD,0.000,43.561,0.000,0.000,,,QLD,Regional - QLD,590001,2026/09/04 12:01:13
2026/09/03,Atlas East Central Processing Facility,640008,PROD,0.000,32.660,0.000,0.000,,,QLD,Regional - QLD,590001,2026/09/04 09:59:45
2026/09/03,Atlas to Reedy Creek Pipeline,640007,PIPE,0.000,32.665,0.000,28.055,,,QLD,Regional - QLD,590001,2026/09/04 12:46:47
2026/09/03,Australia Pacific LNG,544273,LNGEXPORT,1665.156,0.000,0.000,0.000,,,QLD,Curtis Island,540030,2026/09/04 12:00:25
2026/09/03,Australian Paper (Opal),535021,BBLARGE,11.064,0.000,0.000,0.000,,,VIC,Gippsland,590009,2026/09/04 11:00:04
2026/09/03,B1PL,540077,PIPE,0.037,40.570,0.000,46.455,,,QLD,Regional - QLD,590001,2026/09/04 11:28:45
2026/09/03,B2PL,540071,PIPE,0.000,54.818,5.512,57.862,,,QLD,Regional - QLD,590001,2026/09/04 10:16:20
2026/09/03,Bairnsdale Power Station,535020,BBGPG,0.000,0.000,0.000,0.000,,,VIC,Regional - VIC,590012,2026/09/04 11:28:47
2026/09/03,BCF,540047,COMPRESSOR,0.000,0.000,67.100,67.100,,,QLD,Regional - QLD,590001,2026/09/08 21:03:24
2026/09/03,Bell Bay CCGT,577016,BBGPG,0.000,0.000,0.000,0.000,,,TAS,Regional - TAS,590014,2026/09/05 12:01:00
2026/09/03,Bell Bay GGT,577014,BBGPG,0.000,0.000,0.000,0.000,,,TAS,Regional - TAS,590014,2026/09/05 12:01:00
2026/09/03,Bell Bay OCGT,577015,BBGPG,0.000,0.000,0.000,0.000,,,TAS,Regional - TAS,590014,2026/09/05 12:01:00
2026/09/03,Bellevue,540083,PROD,0.000,157.151,0.000,0.000,,,QLD,Regional - QLD,590001,2026/09/04 10:35:36
2026/09/03,BGP,580020,PIPE,0.331,0.000,0.000,0.000,,,NT,Regional - NT,590017,2026/09/04 12:46:47
2026/09/03,BlueScope,523204,BBLARGE,15.223,0.000,0.000,0.000,,,NSW,Sydney,520008,2026/09/04 12:01:05
2026/09/03,Bolivar,555008,BBGPG,0.000,0.000,0.000,0.000,,,SA,Regional - SA,590013,2026/09/04 12:03:27
2026/09/03,Bomaderry Gas Pipeline,523202,PIPE,0.000,0.000,21.223,0.000,,,NSW,Regional - NSW,590011,2026/09/04 12:01:05
2026/09/03,BPP,530030,PIPE,2.640,19.020,0.000,16.377,,,VIC,Gippsland,590009,2026/09/04 11:00:04
2026/09/03,Braemar 2 Power Station,544085,BBGPG,0.000,0.000,0.000,0.000,,,QLD,Regional - QLD,590001,2026/09/04 10:16:20
2026/09/03,Braemar Power Station,544252,BBGPG,0.037,0.000,0.000,0.000,,,QLD,Regional - QLD,590001,2026/09/04 11:28:45
2026/09/03,BWP,540096,PIPE,0.000,0.000,0.000,70.535,,,QLD,Wallumbilla Hub,540032,2026/09/04 12:46:47
2026/09/03,BWP,540096,PIPE,0.000,70.348,0.000,0.000,,,QLD,Regional - QLD,590001,2026/09/04 12:46:47
2026/09/03,CGP,540059,PIPE,0.000,0.000,67.053,0.000,,,QLD,Ballera,540078,2026/09/04 12:46:47
2026/09/03,CGP,540059,PIPE,70.592,0.000,0.000,0.000,,,QLD,Regional - QLD,590001,2026/09/04 12:46:47
2026/09/03,Channel Island Power Station,580231,BBGPG,16.555,0.000,0.000,0.000,,,NT,Darwin,580001,2026/09/04 12:46:47
2026/09/03,Colongra,523120,BBGPG,0.013,0.000,0.000,0.000,,,NSW,Regional - NSW,590011,2026/09/04 12:00:05
2026/09/03,ColongraGP,520090,PIPE,0.000,0.000,0.000,0.000,,,NSW,Sydney,520008,2026/09/04 12:00:05
2026/09/03,ColongraGP,520090,PIPE,0.013,0.000,0.000,0.000,,,NSW,Regional - NSW,590011,2026/09/04 12:00:05
2026/09/03,Combabula,540094,PROD,0.000,290.799,0.000,0.000,,,QLD,Regional - QLD,590001,2026/09/08 11:35:11
2026/09/03,Condabri Central,540080,PROD,0.000,138.061,0.000,0.000,,,QLD,Regional - QLD,590001,2026/09/08 11:35:11
2026/09/03,Condabri North,540090,PROD,0.000,160.906,0.000,0.000,,,QLD,Regional - QLD,590001,2026/09/08 11:35:11
2026/09/03,Condabri South,540086,PROD,0.000,157.727,0.000,0.000,,,QLD,Regional - QLD,590001,2026/09/08 11:35:11
2026/09/03,Condamine Power Station,544274,BBGPG,0.000,0.000,0.000,0.000,,,QLD,Regional - QLD,590001,2026/09/04 10:36:04
2026/09/03,CRWP,540098,PIPE,0.000,0.000,322.909,0.000,,,QLD,Wallumbilla Hub,540032,2026/09/04 10:58:08
2026/09/03,CRWP,540098,PIPE,0.000,233.937,24.656,588.770,,,QLD,Regional - QLD,590001,2026/09/04 10:58:08
2026/09/03,CWP,520054,PIPE,4.831,0.000,4.993,0.000,,,NSW,Regional - NSW,590011,2026/09/04 12:46:47
2026/09/03,Daandine,540050,PROD,0.000,53.624,0.000,0.000,,,QLD,Regional - QLD,590001,2026/09/04 10:16:21
2026/09/03,Dandenong LNG,530038,STOR,0.000,0.286,0.000,0.000,603.988,27.889,VIC,Melbourne,590008,2026/09/04 12:46:47
2026/09/03,DDP,540097,PIPE,0.000,0.000,0.000,161.045,,,QLD,Wallumbilla Hub,540032,2026/09/09 11:00:05
2026/09/03,DDP,540097,PIPE,12.993,534.283,96.834,458.809,,,QLD,Regional - QLD,590001,2026/09/09 11:00:05
2026/09/03,DDPS,544027,BBGPG,12.993,0.000,0.000,0.000,,,QLD,Regional - QLD,590001,2026/09/09 11:00:05
2026/09/03,Diamantina Power Station,544077,BBGPG,35.889,0.000,0.000,0.000,,,QLD,Regional - QLD,590001,2026/09/04 12:46:47
2026/09/03,Dry Creek Power Station,555026,BBGPG,0.000,0.000,0.000,0.000,,,SA,Regional - SA,590013,2026/09/04 11:31:05
2026/09/03,EGP,520047,PIPE,146.434,0.000,0.000,0.000,,,NSW,Sydney,520008,2026/09/04 12:01:05
2026/09/03,EGP,520047,PIPE,7.667,0.000,0.000,0.000,,,NSW,Canberra,520009,2026/09/04 12:01:05
2026/09/03,EGP,520047,PIPE,0.000,184.784,0.000,66.790,,,VIC,Longford Hub,530015,2026/09/04 12:01:05
2026/09/03,EGP,520047,PIPE,4.689,0.000,0.000,21.223,,,NSW,Regional - NSW,590011,2026/09/04 12:01:05
2026/09/03,EGP,520047,PIPE,0.873,73.640,0.000,0.000,,,VIC,Regional - VIC,590012,2026/09/04 12:01:05
2026/09/03,EO4PL,540055,PIPE,0.000,0.000,0.000,0.000,,,QLD,Regional - QLD,590001,2026/09/04 10:35:36
2026/09/03,Eurombah Creek,540089,PROD,0.000,141.368,0.000,0.000,,,QLD,Regional - QLD,590001,2026/09/08 11:35:11
2026/09/03,Fairview,540070,PROD,0.000,277.266,0.000,0.000,,,QLD,Regional - QLD,590001,2026/09/04 10:58:38
2026/09/03,GLNG (Curtis Island),544276,LNGEXPORT,981.461,0.000,0.000,0.000,,,QLD,Curtis Island,540030,2026/09/04 10:58:08
2026/09/03,GLNG Pipeline,540092,PIPE,981.461,0.000,0.000,0.000,,,QLD,Curtis Island,540030,2026/09/04 10:58:08
2026/09/03,GLNG Pipeline,540092,PIPE,0.000,413.495,589.346,9.075,,,QLD,Regional - QLD,590001,2026/09/04 10:35:36
2026/09/03,Hallett,555029,BBGPG,0.432,0.000,0.000,0.000,,,SA,Regional - SA,590013,2026/09/04 11:31:05
2026/09/03,Hunter Power Station,523210,BBGPG,0.002,0.000,0.000,0.000,,,NSW,Sydney,520008,2026/09/04 12:46:47
2026/09/03,ICF,530071,COMPRESSOR,0.000,0.000,10.879,10.879,,,VIC,Iona Hub,530016,2026/09/04 08:35:03
2026/09/03,Iona UGS,530042,STOR,26.460,65.623,0.000,0.000,13078.118,0.000,VIC,Iona Hub,530016,2026/09/04 08:30:03
2026/09/03,Jeerelang,533161,BBGPG,0.000,0.000,0.000,0.000,,,VIC,Gippsland,590009,2026/09/04 11:00:04
2026/09/03,Jordan,540088,PROD,0.000,335.279,0.000,0.000,,,QLD,Regional - QLD,590001,2026/09/04 10:35:36
2026/09/03,Katherine Power Station,580233,BBGPG,0.000,0.000,0.000,0.000,,,NT,Regional - NT,590017,2026/09/04 12:46:47
2026/09/03,Kenya,540075,PROD,0.000,111.945,0.000,0.000,,,QLD,Regional - QLD,590001,2026/09/04 10:35:36
2026/09/03,Kincora,544253,PROD,0.000,4.000,0.000,0.000,,,QLD,Regional - QLD,590001,2026/09/04 12:46:47
2026/09/03,KKLP,523209,PIPE,0.002,0.000,0.000,0.000,,,NSW,Sydney,520008,2026/09/04 12:46:47
2026/09/03,Kogan North,540061,PROD,0.000,4.316,0.000,0.000,,,QLD,Regional - QLD,590001,2026/09/04 12:46:47
2026/09/03,Ladbroke Grove PS,555086,BBGPG,7.565,0.000,0.000,0.000,,,SA,Regional - SA,590013,2026/09/04 12:46:47
2026/09/03,Lang Lang,530039,PROD,0.000,19.020,0.000,0.000,,,VIC,Gippsland,590009,2026/09/04 09:57:10
2026/09/03,Laverton,533201,BBGPG,0.000,0.000,0.000,0.000,,,VIC,Geelong,590005,2026/09/04 11:00:04
2026/09/03,Longford,530040,PROD,0.000,622.126,0.000,0.000,,,VIC,Longford Hub,530015,2026/09/04 08:15:15
2026/09/03,Loy Yang B,533163,BBGPG,0.000,0.000,0.000,0.000,,,VIC,Gippsland,590009,2026/09/04 23:45:15
2026/09/03,LYB Transmission Pipeline,535023,PIPE,0.570,0.000,0.000,0.000,,,VIC,Gippsland,590009,2026/09/04 23:45:15
2026/09/03,MAPS,550054,PIPE,34.689,0.000,0.000,0.000,,,SA,Adelaide,550016,2026/09/04 11:31:05
2026/09/03,MAPS,550054,PIPE,0.000,43.323,62.593,0.000,,,SA,Moomba Hub,550017,2026/09/04 11:31:05
2026/09/03,MAPS,550054,PIPE,82.376,0.000,11.004,0.000,,,SA,Regional - SA,590013,2026/09/04 11:31:05
2026/09/03,McArthur River Mine,580220,BBGPG,8.387,0.000,0.000,0.000,,,NT,Regional - NT,590017,2026/09/04 09:08:48
2026/09/03,MCF,550050,COMPRESSOR,0.000,0.000,124.708,124.708,,,SA,Moomba Hub,550017,2026/09/04 12:46:47
2026/09/03,Mereenie,580040,PROD,0.000,24.813,0.000,0.000,,,NT,Regional - NT,590017,2026/09/09 12:41:25
2026/09/03,Meridian,540064,PROD,0.000,48.780,0.000,0.000,,,QLD,Regional - QLD,590001,2026/09/04 09:39:06
2026/09/03,Mintaro Power Station,555031,BBGPG,0.000,0.000,0.000,0.000,,,SA,Regional - SA,590013,2026/09/04 11:31:05
2026/09/03,Moomba,550045,PROD,0.000,225.600,0.000,0.000,,,SA,Moomba Hub,550017,2026/09/08 21:03:24
2026/09/03,Moomba Storage,550046,STOR,0.000,3.600,0.000,0.000,6296.000,0.000,SA,Moomba Hub,550017,2026/09/08 21:03:24
2026/09/03,Mortlake PS,530063,BBGPG,45.615,0.000,0.000,0.000,,,VIC,Regional - VIC,590012,2026/09/04 07:20:00
2026/09/03,MPL,530061,PIPE,0.000,0.000,29.210,0.028,,,VIC,Iona Hub,530016,2026/09/04 07:20:00
2026/09/03,MPL,530061,PIPE,45.615,0.000,0.000,0.000,,,VIC,Regional - VIC,590012,2026/09/04 07:20:00
2026/09/03,MRP,580100,PIPE,8.387,0.000,8.388,0.000,,,NT,Regional - NT,590017,2026/09/04 09:08:48
2026/09/03,MSP,520053,PIPE,74.949,0.000,0.000,0.000,,,NSW,Sydney,520008,2026/09/04 12:46:47
2026/09/03,MSP,520053,PIPE,0.000,0.000,8.200,8.200,,,SA,Moomba Hub,550017,2026/09/04 12:46:47
2026/09/03,MSP,520053,PIPE,29.766,0.000,0.000,4.993,,,NSW,Regional - NSW,590011,2026/09/04 12:46:47
2026/09/03,MSP,520053,PIPE,9.586,0.000,0.000,0.000,,,NSW,Regional - ACT,590015,2026/09/04 12:46:47
2026/09/03,MSP,520053,PIPE,0.000,0.000,107.581,0.000,,,NSW,Culcairn,590016,2026/09/04 12:46:47
2026/09/03,Newport,533171,BBGPG,0.002,0.000,0.000,0.000,,,VIC,Melbourne,590008,2026/09/04 11:00:04
2026/09/03,NGP,580050,PIPE,0.000,0.000,0.000,0.000,,,QLD,Regional - QLD,590001,2026/09/04 12:01:11
2026/09/03,NGP,580050,PIPE,0.000,0.000,0.000,0.000,,,NT,Regional - NT,590017,2026/09/04 12:01:11
2026/09/03,NGS,520060,STOR,0.130,0.612,0.000,0.000,663.794,76.828,NSW,Sydney,520008,2026/09/04 08:04:39
2026/09/03,Oakey PS,544095,BBGPG,0.000,0.000,0.000,0.000,,,QLD,Regional - QLD,590001,2026/09/04 12:46:47
2026/09/03,Orana,540084,PROD,0.000,166.173,0.000,0.000,,,QLD,Regional - QLD,590001,2026/09/08 11:35:11
2026/09/03,Orbost,530041,PROD,0.000,73.640,0.000,0.000,,,VIC,Regional - VIC,590012,2026/09/04 12:01:05
2026/09/03,Orica,544011,BBLARGE,9.208,0.000,0.000,0.000,,,QLD,Regional - QLD,590001,2026/09/09 14:00:05
2026/09/03,Orica (Kooragang Island),523206,BBLARGE,38.774,0.000,0.000,0.000,,,NSW,Sydney,520008,2026/09/04 13:00:00
2026/09/03,Osborne,555033,BBGPG,0.000,0.000,0.000,0.000,,,SA,Regional - SA,590013,2026/09/04 11:31:05
2026/09/03,Otway,530044,PROD,0.000,162.910,0.000,0.000,,,VIC,Iona Hub,530016,2026/09/04 15:13:57
2026/09/03,Owen Springs Power Station,580235,BBGPG,3.096,0.000,0.000,0.000,,,NT,Regional - NT,590017,2026/09/04 06:41:53
2026/09/03,Palm Valley,580060,PROD,0.000,5.610,0.000,0.000,,,NT,Regional - NT,590017,2026/09/09 12:41:25
2026/09/03,PCA,550052,PIPE,0.000,12.899,33.264,0.000,,,VIC,Iona Hub,530016,2026/09/04 07:20:01
2026/09/03,PCA,550052,PIPE,24.653,0.000,0.000,0.000,,,SA,Adelaide,550016,2026/09/04 07:20:01
2026/09/03,PCA,550052,PIPE,0.000,0.000,0.000,15.441,,,VIC,Regional - VIC,590012,2026/09/04 07:20:01
2026/09/03,PCA,550052,PIPE,18.735,0.000,0.000,10.975,,,SA,Regional - SA,590013,2026/09/04 07:20:01
2026/09/03,PCI,530060,PIPE,0.000,174.377,0.028,174.405,,,VIC,Iona Hub,530016,2026/09/04 07:20:01
2026/09/03,Peat,540065,PROD,0.000,11.076,0.000,0.000,,,QLD,Regional - QLD,590001,2026/09/08 11:35:11
2026/09/03,Pelican Point Power Station,555089,BBGPG,27.049,0.000,0.000,0.000,,,SA,Regional - SA,590013,2026/09/04 07:20:01
2026/09/03,Phosphate Hill,544081,BBLARGE,24.232,0.000,0.000,0.000,,,QLD,Regional - QLD,590001,2026/09/04 12:46:47
2026/09/03,Pipeline Compression Station,544279,COMPRESSOR,0.000,0.000,0.000,0.000,,,QLD,Regional - QLD,590001,2026/09/04 10:58:08
2026/09/03,PVP,580070,PIPE,3.502,0.000,4.665,0.000,,,NT,Regional - NT,590017,2026/09/04 06:41:53
2026/09/03,QCLNG LNG Plant,544272,LNGEXPORT,1445.974,0.000,0.000,0.000,,,QLD,Curtis Island,540030,2026/09/04 10:35:36
2026/09/03,QGP,540058,PIPE,0.000,0.000,6.900,0.000,,,QLD,Wallumbilla Hub,540032,2026/09/09 14:00:05
2026/09/03,QGP,540058,PIPE,112.003,24.205,76.888,0.000,,,QLD,Regional - QLD,590001,2026/09/09 14:00:05
2026/09/03,Quarantine Power Station,555087,BBGPG,13.018,0.000,0.000,0.000,,,SA,Regional - SA,590013,2026/09/04 11:31:05
2026/09/03,Queensland Aluminia,544012,BBLARGE,34.598,0.000,0.000,0.000,,,QLD,Regional - QLD,590001,2026/09/09 14:00:05
2026/09/03,RBP,540057,PIPE,0.000,0.000,0.647,10.300,,,QLD,Wallumbilla Hub,540032,2026/09/04 12:46:47
2026/09/03,RBP,540057,PIPE,3.374,20.599,52.755,5.512,,,QLD,Regional - QLD,590001,2026/09/04 12:46:47
2026/09/03,RBP,540057,PIPE,49.626,0.000,0.000,0.000,,,QLD,Brisbane,590002,2026/09/04 12:46:47
2026/09/03,RCWP,540102,PIPE,0.000,0.000,17.920,15.685,,,QLD,Wallumbilla Hub,540032,2026/09/04 12:46:47
2026/09/03,RCWP,540102,PIPE,0.000,0.000,28.069,22.716,,,QLD,Regional - QLD,590001,2026/09/04 12:46:47
2026/09/03,Reedy Creek,540085,PROD,0.000,197.422,0.000,0.000,,,QLD,Regional - QLD,590001,2026/09/08 11:35:11
2026/09/03,RMNGPF,640011,PROD,0.000,0.590,0.000,0.000,,,QLD,Regional - QLD,590001,2026/09/04 10:00:24
2026/09/03,RNMGP,640012,PIPE,0.000,0.590,0.000,0.590,,,QLD,Regional - QLD,590001,2026/09/04 10:00:24
2026/09/03,RNP,640009,PIPE,0.000,24.066,0.000,24.066,,,QLD,Regional - QLD,590001,2026/09/04 12:01:07
2026/09/03,Rolleston,540073,PROD,0.000,8.673,0.000,0.000,,,QLD,Regional - QLD,590001,2026/09/09 14:00:05
2026/09/03,Roma,540095,PROD,0.000,230.107,0.000,0.000,,,QLD,Regional - QLD,590001,2026/09/04 10:59:08
2026/09/03,Roma North,544260,PROD,0.000,24.066,0.000,0.000,,,QLD,Regional - QLD,590001,2026/09/04 12:01:12
2026/09/03,Roma Power Station,540120,BBGPG,0.000,0.000,0.000,0.000,,,QLD,Regional - QLD,590001,2026/09/04 11:59:57
2026/09/03,Ron Goodin Power Station,580234,BBGPG,0.000,0.000,0.000,0.000,,,NT,Regional - NT,590017,2026/09/04 06:41:53
2026/09/03,RPL,540110,PIPE,0.050,0.000,0.000,0.000,,,QLD,Regional - QLD,590001,2026/09/04 11:59:57
2026/09/03,Ruby Jo,540082,PROD,0.000,424.561,0.000,0.000,,,QLD,Regional - QLD,590001,2026/09/04 10:35:36
2026/09/03,RUGS,540040,STOR,0.000,0.000,0.000,0.000,15123.387,0.000,QLD,Regional - QLD,590001,2026/09/04 10:59:08
2026/09/03,Scotia,540072,PROD,0.000,101.703,0.000,0.000,,,QLD,Regional - QLD,590001,2026/09/04 10:59:08
2026/09/03,SEPS,550061,PIPE,7.718,0.000,7.700,0.000,,,SA,Regional - SA,590013,2026/09/04 11:32:05
2026/09/03,SESA,550060,PIPE,0.000,0.000,15.440,0.000,,,VIC,Regional - VIC,590012,2026/09/04 12:46:47
2026/09/03,SESA,550060,PIPE,7.565,0.000,0.000,7.692,,,SA,Regional - SA,590013,2026/09/04 12:46:47
2026/09/03,Smithfield Energy Facility,522004,BBGPG,0.032,0.000,0.000,0.000,,,NSW,Regional - NSW,590011,2026/09/04 12:03:34
2026/09/03,Snapper Point,555090,BBGPG,0.000,0.000,0.000,0.000,,,SA,Regional - SA,590013,2026/09/04 11:31:05
2026/09/03,Somerton,533174,BBGPG,14.032,0.000,0.000,0.000,,,VIC,Melbourne,590008,2026/09/04 11:00:04
2026/09/03,SPCF,580236,PROD,0.000,0.000,0.000,0.000,,,NT,Regional - NT,590017,2026/09/04 09:58:30
2026/09/03,SPP,580237,PIPE,0.000,0.000,0.000,0.000,,,NT,Regional - NT,590017,2026/09/04 12:46:47
2026/09/03,Spring Gully,540066,PROD,0.000,53.268,0.000,0.000,,,QLD,Regional - QLD,590001,2026/09/08 11:35:11
2026/09/03,SSP,540103,PIPE,0.000,6.160,0.000,6.160,,,QLD,Regional - QLD,590001,2026/09/04 10:32:58
2026/09/03,SSSF,540062,STOR,0.000,6.300,0.000,0.000,8454.872,0.000,QLD,Regional - QLD,590001,2026/09/04 10:32:58
2026/09/03,Strathblane,540067,PROD,0.000,49.754,0.000,0.000,,,QLD,Regional - QLD,590001,2026/09/08 11:35:11
2026/09/03,Swanbank Power Station,544104,BBGPG,0.000,0.000,0.000,0.000,,,QLD,Brisbane,590002,2026/09/04 12:46:47
2026/09/03,SWQP,540060,PIPE,0.000,0.000,256.920,347.729,,,QLD,Wallumbilla Hub,540032,2026/09/04 12:46:47
2026/09/03,SWQP,540060,PIPE,0.000,0.000,0.000,71.936,,,QLD,Ballera,540078,2026/09/04 12:46:47
2026/09/03,SWQP,540060,PIPE,0.000,187.301,0.000,62.593,,,SA,Moomba Hub,550017,2026/09/04 12:46:47
2026/09/03,SWQP,540060,PIPE,0.112,0.000,0.000,0.000,,,QLD,Regional - QLD,590001,2026/09/04 12:46:47
2026/09/03,Talinga,540076,PROD,0.000,82.501,0.000,0.000,,,QLD,Regional - QLD,590001,2026/09/08 11:35:11
2026/09/03,Tallawarra,522002,BBGPG,0.000,0.000,0.000,0.000,,,NSW,Regional - NSW,590011,2026/09/04 11:00:04
2026/09/03,Tallawarra Pipeline,523201,PIPE,0.000,0.000,0.000,0.000,,,NSW,Regional - NSW,590011,2026/09/04 11:00:04
2026/09/03,Taloona,540068,PROD,0.000,37.423,0.000,0.000,,,QLD,Regional - QLD,590001,2026/09/08 11:35:11
2026/09/03,Tanami GP,580210,PIPE,6.724,0.000,8.740,0.000,,,NT,Regional - NT,590017,2026/09/04 12:02:00
2026/09/03,TGP,570050,PIPE,0.000,0.000,61.249,37.959,,,VIC,Longford Hub,530015,2026/09/05 12:01:00
2026/09/03,TGP,570050,PIPE,19.803,0.000,0.000,0.000,,,TAS,Regional - TAS,590014,2026/09/05 12:01:00
2026/09/03,Tipton,540051,PROD,0.000,40.570,0.000,0.000,,,QLD,Regional - QLD,590001,2026/09/04 10:16:20
2026/09/03,Torrens Island PS,555041,BBGPG,36.779,0.000,0.000,0.000,,,SA,Regional - SA,590013,2026/09/04 11:31:05
2026/09/03,Uranquinty Power Station,522047,BBGPG,0.000,0.000,0.000,0.000,,,NSW,Regional - NSW,590011,2026/09/04 12:46:47
2026/09/03,Valley Power GPG,535024,BBGPG,0.570,0.000,0.000,0.000,,,VIC,Gippsland,590009,2026/09/04 23:45:15
2026/09/03,VicHub,532005,PIPE,0.000,0.000,5.542,5.542,,,VIC,Longford Hub,530015,2026/09/04 12:01:14
2026/09/03,Viva Energy Refinery,535018,BBLARGE,11.046,0.000,0.000,0.000,,,VIC,Geelong,590005,2026/09/04 07:30:17
2026/09/03,VTS,530110,PIPE,0.000,435.458,43.512,0.001,,,VIC,Longford Hub,530015,2026/09/04 11:00:04
2026/09/03,VTS,530110,PIPE,0.000,32.326,111.841,0.000,,,VIC,Iona Hub,530016,2026/09/04 11:00:04
2026/09/03,VTS,530110,PIPE,13.356,0.000,0.000,0.000,,,VIC,Western,590004,2026/09/04 11:00:04
2026/09/03,VTS,530110,PIPE,57.854,0.000,0.000,0.000,,,VIC,Geelong,590005,2026/09/04 11:00:04
2026/09/03,VTS,530110,PIPE,35.704,0.000,0.000,0.000,,,VIC,Ballarat,590006,2026/09/04 11:00:04
2026/09/03,VTS,530110,PIPE,54.332,0.000,0.000,0.000,,,VIC,Northern,590007,2026/09/04 11:00:04
2026/09/03,VTS,530110,PIPE,353.167,8.063,0.000,0.000,,,VIC,Melbourne,590008,2026/09/04 11:00:04
2026/09/03,VTS,530110,PIPE,33.867,0.000,16.377,0.000,,,VIC,Gippsland,590009,2026/09/04 11:00:04
2026/09/03,VTS,530110,PIPE,0.000,0.000,0.000,107.580,,,NSW,Culcairn,590016,2026/09/04 11:00:04
2026/09/03,Wallumbilla Compression Station,544280,COMPRESSOR,0.000,0.000,0.000,0.000,,,QLD,Wallumbilla Hub,540032,2026/09/04 10:58:08
2026/09/03,WCFA,540045,COMPRESSOR,0.000,0.000,124.586,124.586,,,QLD,Wallumbilla Hub,540032,2026/09/04 12:46:47
2026/09/03,WCFB,540046,COMPRESSOR,0.000,0.000,223.142,223.142,,,QLD,Wallumbilla Hub,540032,2026/09/04 12:46:47
2026/09/03,Weddell Power Station,580232,BBGPG,19.049,0.000,0.000,0.000,,,NT,Darwin,580001,2026/09/04 12:46:47
2026/09/03,WGP,540091,PIPE,1445.974,0.000,0.000,0.000,,,QLD,Curtis Island,540030,2026/09/04 10:35:36
2026/09/03,WGP,540091,PIPE,0.000,1389.522,57.862,0.000,,,QLD,Regional - QLD,590001,2026/09/04 10:35:36
2026/09/03,Whyalla Steelworks,555085,BBLARGE,6.732,0.000,0.000,0.000,,,SA,Regional - SA,590013,2026/09/04 11:31:05
2026/09/03,Windibri,540069,PROD,0.000,84.425,0.000,0.000,,,QLD,Regional - QLD,590001,2026/09/04 10:35:36
2026/09/03,Woleebee Creek,540087,PROD,0.000,641.648,0.000,0.000,,,QLD,Regional - QLD,590001,2026/09/04 10:35:36
2026/09/03,WPP,580030,PIPE,19.049,29.796,0.000,10.763,,,NT,Darwin,580001,2026/09/04 12:46:47
2026/09/03,Yarwun,544282,BBGPG,50.785,0.000,0.000,0.000,,,QLD,Regional - QLD,590001,2026/09/09 14:00:05
2026/09/03,Yelcherr,580180,PROD,0.000,0.000,0.000,0.000,,,NT,Regional - NT,590017,2026/09/04 12:46:47
2026/09/03,Yellowbank,540074,PROD,0.000,11.282,0.000,0.000,,,QLD,Regional - QLD,590001,2026/09/09 14:00:05
2026/09/04,Adelaide Brighton,555091,BBLARGE,8.878,0.000,0.000,0.000,,,SA,Adelaide,550016,2026/09/05 13:00:01
2026/09/04,AGP,580010,PIPE,15.551,0.000,6.917,0.000,,,NT,Darwin,580001,2026/09/05 12:46:48
2026/09/04,AGP,580010,PIPE,7.056,30.308,0.000,17.455,,,NT,Regional - NT,590017,2026/09/05 12:46:48
2026/09/04,APLNG Pipeline,540093,PIPE,1357.672,0.000,0.000,0.000,,,QLD,Curtis Island,540030,2026/09/09 11:31:57
2026/09/04,APLNG Pipeline,540093,PIPE,0.000,1253.675,385.127,242.044,,,QLD,Regional - QLD,590001,2026/09/09 11:31:57
2026/09/04,Arcadia,540101,PROD,0.000,91.554,0.000,0.000,,,QLD,Regional - QLD,590001,2026/09/05 10:28:34
2026/09/04,ATGP,640013,PIPE,0.000,43.811,0.000,43.811,,,QLD,Regional - QLD,590001,2026/09/05 12:01:10
2026/09/04,ATHENA,535014,PROD,0.000,17.519,0.000,0.000,,,VIC,Iona Hub,530016,2026/09/09 09:33:31
2026/09/04,Atlas,544261,PROD,0.000,43.811,0.000,0.000,,,QLD,Regional - QLD,590001,2026/09/05 12:01:14
2026/09/04,Atlas East Central Processing Facility,640008,PROD,0.000,32.390,0.000,0.000,,,QLD,Regional - QLD,590001,2026/09/05 08:04:42
2026/09/04,Atlas to Reedy Creek Pipeline,640007,PIPE,0.000,32.392,0.000,33.000,,,QLD,Regional - QLD,590001,2026/09/05 12:46:48
2026/09/04,Australia Pacific LNG,544273,LNGEXPORT,1357.672,0.000,0.000,0.000,,,QLD,Curtis Island,540030,2026/09/05 12:00:25
2026/09/04,Australian Paper (Opal),535021,BBLARGE,11.397,0.000,0.000,0.000,,,VIC,Gippsland,590009,2026/09/05 11:00:01
2026/09/04,B1PL,540077,PIPE,0.033,40.468,0.000,42.066,,,QLD,Regional - QLD,590001,2026/09/05 11:00:43
2026/09/04,B2PL,540071,PIPE,0.000,53.389,3.008,58.673,,,QLD,Regional - QLD,590001,2026/09/05 12:30:08
2026/09/04,Bairnsdale Power Station,535020,BBGPG,0.000,0.000,0.000,0.000,,,VIC,Regional - VIC,590012,2026/09/05 11:00:49
2026/09/04,BCF,540047,COMPRESSOR,0.000,0.000,76.200,76.200,,,QLD,Regional - QLD,590001,2026/09/09 20:53:43
2026/09/04,Bell Bay CCGT,577016,BBGPG,12.614,0.000,0.000,0.000,,,TAS,Regional - TAS,590014,2026/09/06 12:01:00
2026/09/04,Bell Bay GGT,577014,BBGPG,0.000,0.000,0.000,0.000,,,TAS,Regional - TAS,590014,2026/09/06 12:01:00
2026/09/04,Bell Bay OCGT,577015,BBGPG,0.000,0.000,0.000,0.000,,,TAS,Regional - TAS,590014,2026/09/06 12:01:00
2026/09/04,Bellevue,540083,PROD,0.000,157.332,0.000,0.000,,,QLD,Regional - QLD,590001,2026/09/05 10:36:10
2026/09/04,BGP,580020,PIPE,0.324,0.000,0.000,0.000,,,NT,Regional - NT,590017,2026/09/05 12:46:48
2026/09/04,BlueScope,523204,BBLARGE,7.819,0.000,0.000,0.000,,,NSW,Sydney,520008,2026/09/05 12:01:05
2026/09/04,Bolivar,555008,BBGPG,0.000,0.000,0.000,0.000,,,SA,Regional - SA,590013,2026/09/05 12:15:11
2026/09/04,Bomaderry Gas Pipeline,523202,PIPE,21.576,0.000,21.576,0.000,,,NSW,Regional - NSW,590011,2026/09/05 12:42:00
2026/09/04,BPP,530030,PIPE,2.330,19.060,0.000,16.732,,,VIC,Gippsland,590009,2026/09/05 11:00:01
2026/09/04,Braemar 2 Power Station,544085,BBGPG,0.000,0.000,0.000,0.000,,,QLD,Regional - QLD,590001,2026/09/05 12:30:08
2026/09/04,Braemar Power Station,544252,BBGPG,0.033,0.000,0.000,0.000,,,QLD,Regional - QLD,590001,2026/09/05 11:00:43
2026/09/04,BWP,540096,PIPE,0.000,0.000,0.000,44.397,,,QLD,Wallumbilla Hub,540032,2026/09/05 12:46:48
2026/09/04,BWP,540096,PIPE,0.000,43.349,0.000,0.000,,,QLD,Regional - QLD,590001,2026/09/05 12:46:48
2026/09/04,CGP,540059,PIPE,0.000,0.000,76.223,0.000,,,QLD,Ballera,540078,2026/09/05 12:46:48
2026/09/04,CGP,540059,PIPE,73.725,0.000,0.000,0.000,,,QLD,Regional - QLD,590001,2026/09/05 12:46:48
2026/09/04,Channel Island Power Station,580231,BBGPG,15.551,0.000,0.000,0.000,,,NT,Darwin,580001,2026/09/05 12:46:48
2026/09/04,Colongra,523120,BBGPG,0.000,0.000,0.000,0.000,,,NSW,Regional - NSW,590011,2026/09/05 12:00:05
2026/09/04,ColongraGP,520090,PIPE,0.000,0.000,0.000,0.000,,,NSW,Sydney,520008,2026/09/05 12:00:05
2026/09/04,ColongraGP,520090,PIPE,0.000,0.000,0.000,0.000,,,NSW,Regional - NSW,590011,2026/09/05 12:00:05
2026/09/04,Combabula,540094,PROD,0.000,269.443,0.000,0.000,,,QLD,Regional - QLD,590001,2026/09/09 11:31:57
2026/09/04,Condabri Central,540080,PROD,0.000,127.729,0.000,0.000,,,QLD,Regional - QLD,590001,2026/09/09 11:31:57
2026/09/04,Condabri North,540090,PROD,0.000,137.350,0.000,0.000,,,QLD,Regional - QLD,590001,2026/09/09 11:31:57
2026/09/04,Condabri South,540086,PROD,0.000,144.740,0.000,0.000,,,QLD,Regional - QLD,590001,2026/09/09 11:31:57
2026/09/04,Condamine Power Station,544274,BBGPG,0.044,0.000,0.000,0.000,,,QLD,Regional - QLD,590001,2026/09/05 10:35:34
2026/09/04,CRWP,540098,PIPE,0.000,0.000,321.066,0.000,,,QLD,Wallumbilla Hub,540032,2026/09/05 10:28:10
2026/09/04,CRWP,540098,PIPE,0.000,226.191,24.545,576.799,,,QLD,Regional - QLD,590001,2026/09/05 10:28:10
2026/09/04,CWP,520054,PIPE,4.045,0.000,3.812,0.000,,,NSW,Regional - NSW,590011,2026/09/05 12:46:48
2026/09/04,Daandine,540050,PROD,0.000,53.389,0.000,0.000,,,QLD,Regional - QLD,590001,2026/09/05 12:30:08
2026/09/04,Dandenong LNG,530038,STOR,2.473,0.487,0.000,0.000,606.652,27.889,VIC,Melbourne,590008,2026/09/05 12:46:48
2026/09/04,DDP,540097,PIPE,0.000,0.000,0.000,176.184,,,QLD,Wallumbilla Hub,540032,2026/09/06 21:01:10
2026/09/04,DDP,540097,PIPE,0.045,452.169,95.698,380.449,,,QLD,Regional - QLD,590001,2026/09/06 21:01:10
2026/09/04,DDPS,544027,BBGPG,0.045,0.000,0.000,0.000,,,QLD,Regional - QLD,590001,2026/09/06 21:01:10
2026/09/04,Diamantina Power Station,544077,BBGPG,37.245,0.000,0.000,0.000,,,QLD,Regional - QLD,590001,2026/09/05 12:46:48
2026/09/04,Dry Creek Power Station,555026,BBGPG,0.000,0.000,0.000,0.000,,,SA,Regional - SA,590013,2026/09/05 11:31:05
2026/09/04,EGP,520047,PIPE,127.280,0.000,0.000,0.000,,,NSW,Sydney,520008,2026/09/05 12:01:05
2026/09/04,EGP,520047,PIPE,9.572,0.000,0.000,0.000,,,NSW,Canberra,520009,2026/09/05 12:01:05
2026/09/04,EGP,520047,PIPE,0.000,184.206,0.000,72.016,,,VIC,Longford Hub,530015,2026/09/05 12:01:05
2026/09/04,EGP,520047,PIPE,4.828,0.000,0.000,21.576,,,NSW,Regional - NSW,590011,2026/09/05 12:01:05
2026/09/04,EGP,520047,PIPE,0.844,72.677,0.000,0.000,,,VIC,Regional - VIC,590012,2026/09/05 12:01:05
2026/09/04,EO4PL,540055,PIPE,0.000,0.000,0.000,0.000,,,QLD,Regional - QLD,590001,2026/09/05 10:36:10
2026/09/04,Eurombah Creek,540089,PROD,0.000,128.683,0.000,0.000,,,QLD,Regional - QLD,590001,2026/09/09 11:31:57
2026/09/04,Fairview,540070,PROD,0.000,280.438,0.000,0.000,,,QLD,Regional - QLD,590001,2026/09/05 10:28:34
2026/09/04,GLNG (Curtis Island),544276,LNGEXPORT,1007.707,0.000,0.000,0.000,,,QLD,Curtis Island,540030,2026/09/05 10:28:10
2026/09/04,GLNG Pipeline,540092,PIPE,1007.707,0.000,0.000,0.000,,,QLD,Curtis Island,540030,2026/09/05 10:28:10
2026/09/04,GLNG Pipeline,540092,PIPE,0.000,416.889,608.740,2.686,,,QLD,Regional - QLD,590001,2026/09/05 10:36:10
2026/09/04,Hallett,555029,BBGPG,0.000,0.000,0.000,0.000,,,SA,Regional - SA,590013,2026/09/05 11:31:05
2026/09/04,Hunter Power Station,523210,BBGPG,0.001,0.000,0.000,0.000,,,NSW,Sydney,520008,2026/09/05 12:46:48
2026/09/04,ICF,530071,COMPRESSOR,0.000,0.000,11.000,11.000,,,VIC,Iona Hub,530016,2026/09/05 08:35:02
2026/09/04,Iona UGS,530042,STOR,22.202,39.428,0.000,0.000,13060.892,0.000,VIC,Iona Hub,530016,2026/09/05 08:30:03
2026/09/04,Jeerelang,533161,BBGPG,0.000,0.000,0.000,0.000,,,VIC,Gippsland,590009,2026/09/05 11:00:01
2026/09/04,Jordan,540088,PROD,0.000,334.157,0.000,0.000,,,QLD,Regional - QLD,590001,2026/09/05 10:36:10
2026/09/04,Katherine Power Station,580233,BBGPG,0.000,0.000,0.000,0.000,,,NT,Regional - NT,590017,2026/09/05 12:46:48
2026/09/04,Kenya,540075,PROD,0.000,112.342,0.000,0.000,,,QLD,Regional - QLD,590001,2026/09/05 10:36:10
2026/09/04,Kincora,544253,PROD,0.000,4.000,0.000,0.000,,,QLD,Regional - QLD,590001,2026/09/05 12:46:48
2026/09/04,KKLP,523209,PIPE,0.001,0.000,0.000,0.000,,,NSW,Sydney,520008,2026/09/05 12:46:48
2026/09/04,Kogan North,540061,PROD,0.000,4.316,0.000,0.000,,,QLD,Regional - QLD,590001,2026/09/05 12:46:48
2026/09/04,Ladbroke Grove PS,555086,BBGPG,1.519,0.000,0.000,0.000,,,SA,Regional - SA,590013,2026/09/05 12:46:48
2026/09/04,Lang Lang,530039,PROD,0.000,19.060,0.000,0.000,,,VIC,Gippsland,590009,2026/09/05 07:55:10
2026/09/04,Laverton,533201,BBGPG,0.000,0.000,0.000,0.000,,,VIC,Geelong,590005,2026/09/05 11:00:01
2026/09/04,Longford,530040,PROD,0.000,604.685,0.000,0.000,,,VIC,Longford Hub,530015,2026/09/05 07:51:38
2026/09/04,Loy Yang B,533163,BBGPG,0.000,0.000,0.000,0.000,,,VIC,Gippsland,590009,2026/09/05 11:00:55
2026/09/04,LYB Transmission Pipeline,535023,PIPE,0.854,0.000,0.000,0.000,,,VIC,Gippsland,590009,2026/09/05 11:00:55
2026/09/04,MAPS,550054,PIPE,31.796,0.000,0.000,0.000,,,SA,Adelaide,550016,2026/09/05 11:31:05
2026/09/04,MAPS,550054,PIPE,0.000,43.093,24.521,0.000,,,SA,Moomba Hub,550017,2026/09/05 11:31:05
2026/09/04,MAPS,550054,PIPE,47.022,0.000,20.000,0.000,,,SA,Regional - SA,590013,2026/09/05 11:31:05
2026/09/04,McArthur River Mine,580220,BBGPG,8.465,0.000,0.000,0.000,,,NT,Regional - NT,590017,2026/09/05 10:16:03
2026/09/04,MCF,550050,COMPRESSOR,0.000,0.000,209.927,209.927,,,SA,Moomba Hub,550017,2026/09/05 12:46:48
2026/09/04,Mereenie,580040,PROD,0.000,24.676,0.000,0.000,,,NT,Regional - NT,590017,2026/09/09 12:41:38
2026/09/04,Meridian,540064,PROD,0.000,49.147,0.000,0.000,,,QLD,Regional - QLD,590001,2026/09/05 09:39:16
2026/09/04,Mintaro Power Station,555031,BBGPG,0.000,0.000,0.000,0.000,,,SA,Regional - SA,590013,2026/09/05 11:31:05
2026/09/04,Moomba,550045,PROD,0.000,229.700,0.000,0.000,,,SA,Moomba Hub,550017,2026/09/09 20:53:43
2026/09/04,Moomba Storage,550046,STOR,0.000,5.200,0.000,0.000,6290.800,0.000,SA,Moomba Hub,550017,2026/09/09 20:53:43
2026/09/04,Mortlake PS,530063,BBGPG,6.786,0.000,0.000,0.000,,,VIC,Regional - VIC,590012,2026/09/05 07:20:00
2026/09/04,MPL,530061,PIPE,0.000,0.000,6.130,0.000,,,VIC,Iona Hub,530016,2026/09/05 07:20:00
2026/09/04,MPL,530061,PIPE,6.786,0.000,0.000,0.000,,,VIC,Regional - VIC,590012,2026/09/05 07:20:00
2026/09/04,MRP,580100,PIPE,8.465,0.000,8.466,0.000,,,NT,Regional - NT,590017,2026/09/05 10:16:03
2026/09/04,MSP,520053,PIPE,85.174,0.000,0.000,0.000,,,NSW,Sydney,520008,2026/09/05 12:46:48
2026/09/04,MSP,520053,PIPE,0.000,0.000,4.193,49.006,,,SA,Moomba Hub,550017,2026/09/05 12:46:48
2026/09/04,MSP,520053,PIPE,26.711,0.000,0.000,3.812,,,NSW,Regional - NSW,590011,2026/09/05 12:46:48
2026/09/04,MSP,520053,PIPE,10.027,0.000,0.000,0.000,,,NSW,Regional - ACT,590015,2026/09/05 12:46:48
2026/09/04,MSP,520053,PIPE,0.000,0.000,122.973,0.000,,,NSW,Culcairn,590016,2026/09/05 12:46:48
2026/09/04,Newport,533171,BBGPG,0.004,0.000,0.000,0.000,,,VIC,Melbourne,590008,2026/09/05 11:00:01
2026/09/04,NGP,580050,PIPE,0.000,0.000,0.000,0.000,,,QLD,Regional - QLD,590001,2026/09/08 11:00:05
2026/09/04,NGP,580050,PIPE,0.000,0.000,0.000,0.000,,,NT,Regional - NT,590017,2026/09/08 11:00:05
2026/09/04,NGS,520060,STOR,0.130,0.436,0.000,0.000,663.380,76.828,NSW,Sydney,520008,2026/09/05 08:01:34
2026/09/04,Oakey PS,544095,BBGPG,0.000,0.000,0.000,0.000,,,QLD,Regional - QLD,590001,2026/09/05 12:46:48
2026/09/04,Orana,540084,PROD,0.000,132.603,0.000,0.000,,,QLD,Regional - QLD,590001,2026/09/09 11:31:57
2026/09/04,Orbost,530041,PROD,0.000,72.677,0.000,0.000,,,VIC,Regional - VIC,590012,2026/09/05 12:01:05
2026/09/04,Orica,544011,BBLARGE,9.213,0.000,0.000,0.000,,,QLD,Regional - QLD,590001,2026/09/07 12:01:32
2026/09/04,Orica (Kooragang Island),523206,BBLARGE,38.930,0.000,0.000,0.000,,,NSW,Sydney,520008,2026/09/05 13:00:00
2026/09/04,Osborne,555033,BBGPG,0.000,0.000,0.000,0.000,,,SA,Regional - SA,590013,2026/09/05 11:31:05
2026/09/04,Otway,530044,PROD,0.000,173.850,0.000,0.000,,,VIC,Iona Hub,530016,2026/09/05 09:43:21
2026/09/04,Owen Springs Power Station,580235,BBGPG,0.405,0.000,0.000,0.000,,,NT,Regional - NT,590017,2026/09/05 06:41:05
2026/09/04,Palm Valley,580060,PROD,0.000,5.632,0.000,0.000,,,NT,Regional - NT,590017,2026/09/09 12:41:38
2026/09/04,PCA,550052,PIPE,0.000,16.542,48.607,0.982,,,VIC,Iona Hub,530016,2026/09/05 07:20:01
2026/09/04,PCA,550052,PIPE,21.961,0.000,0.000,0.000,,,SA,Adelaide,550016,2026/09/05 07:20:01
2026/09/04,PCA,550052,PIPE,0.000,0.000,0.000,7.941,,,VIC,Regional - VIC,590012,2026/09/05 07:20:01
2026/09/04,PCA,550052,PIPE,0.699,0.000,0.000,20.025,,,SA,Regional - SA,590013,2026/09/05 07:20:01
2026/09/04,PCI,530060,PIPE,0.000,185.828,0.982,186.810,,,VIC,Iona Hub,530016,2026/09/05 07:20:01
2026/09/04,Peat,540065,PROD,0.000,11.058,0.000,0.000,,,QLD,Regional - QLD,590001,2026/09/09 11:31:57
2026/09/04,Pelican Point Power Station,555089,BBGPG,16.441,0.000,0.000,0.000,,,SA,Regional - SA,590013,2026/09/05 07:20:01
2026/09/04,Phosphate Hill,544081,BBLARGE,24.818,0.000,0.000,0.000,,,QLD,Regional - QLD,590001,2026/09/05 12:46:48
2026/09/04,Pipeline Compression Station,544279,COMPRESSOR,0.000,0.000,0.000,0.000,,,QLD,Regional - QLD,590001,2026/09/05 10:28:10
2026/09/04,PVP,580070,PIPE,0.809,0.000,0.989,0.000,,,NT,Regional - NT,590017,2026/09/05 06:41:05
2026/09/04,QCLNG LNG Plant,544272,LNGEXPORT,1470.838,0.000,0.000,0.000,,,QLD,Curtis Island,540030,2026/09/05 10:36:10
2026/09/04,QGP,540058,PIPE,0.000,0.000,12.095,0.000,,,QLD,Wallumbilla Hub,540032,2026/09/07 12:01:32
2026/09/04,QGP,540058,PIPE,110.639,25.640,81.887,0.000,,,QLD,Regional - QLD,590001,2026/09/07 12:01:32
2026/09/04,Quarantine Power Station,555087,BBGPG,0.000,0.000,0.000,0.000,,,SA,Regional - SA,590013,2026/09/05 11:31:05
2026/09/04,Queensland Aluminia,544012,BBLARGE,33.004,0.000,0.000,0.000,,,QLD,Regional - QLD,590001,2026/09/07 12:01:32
2026/09/04,RBP,540057,PIPE,0.000,0.000,2.581,19.300,,,QLD,Wallumbilla Hub,540032,2026/09/05 12:46:48
2026/09/04,RBP,540057,PIPE,3.089,19.374,48.366,3.008,,,QLD,Regional - QLD,590001,2026/09/05 12:46:48
2026/09/04,RBP,540057,PIPE,46.023,0.000,0.000,0.000,,,QLD,Brisbane,590002,2026/09/05 12:46:48
2026/09/04,RCWP,540102,PIPE,0.000,0.000,0.065,112.720,,,QLD,Wallumbilla Hub,540032,2026/09/05 12:46:48
2026/09/04,RCWP,540102,PIPE,0.000,0.000,111.437,4.677,,,QLD,Regional - QLD,590001,2026/09/05 12:46:48
2026/09/04,Reedy Creek,540085,PROD,0.000,188.481,0.000,0.000,,,QLD,Regional - QLD,590001,2026/09/09 11:31:57
2026/09/04,RMNGPF,640011,PROD,0.000,0.000,0.000,0.000,,,QLD,Regional - QLD,590001,2026/09/05 08:04:28
2026/09/04,RNMGP,640012,PIPE,0.000,0.000,0.000,0.000,,,QLD,Regional - QLD,590001,2026/09/05 08:04:28
2026/09/04,RNP,640009,PIPE,0.000,24.545,0.000,24.545,,,QLD,Regional - QLD,590001,2026/09/05 12:01:08
2026/09/04,Rolleston,540073,PROD,0.000,9.352,0.000,0.000,,,QLD,Regional - QLD,590001,2026/09/07 12:01:32
2026/09/04,Roma,540095,PROD,0.000,226.191,0.000,0.000,,,QLD,Regional - QLD,590001,2026/09/05 10:29:04
2026/09/04,Roma North,544260,PROD,0.000,24.545,0.000,0.000,,,QLD,Regional - QLD,590001,2026/09/05 12:01:13
2026/09/04,Roma Power Station,540120,BBGPG,0.000,0.000,0.000,0.000,,,QLD,Regional - QLD,590001,2026/09/05 11:29:58
2026/09/04,Ron Goodin Power Station,580234,BBGPG,0.000,0.000,0.000,0.000,,,NT,Regional - NT,590017,2026/09/05 06:41:05
2026/09/04,RPL,540110,PIPE,0.053,0.000,0.000,0.000,,,QLD,Regional - QLD,590001,2026/09/05 11:29:58
2026/09/04,Ruby Jo,540082,PROD,0.000,425.094,0.000,0.000,,,QLD,Regional - QLD,590001,2026/09/05 10:36:10
2026/09/04,RUGS,540040,STOR,0.000,1.910,0.000,0.000,15123.387,0.000,QLD,Regional - QLD,590001,2026/09/05 10:29:04
2026/09/04,Scotia,540072,PROD,0.000,101.472,0.000,0.000,,,QLD,Regional - QLD,590001,2026/09/05 10:29:04
2026/09/04,SEPS,550061,PIPE,6.207,0.000,6.216,0.000,,,SA,Regional - SA,590013,2026/09/05 11:32:05
2026/09/04,SESA,550060,PIPE,0.000,0.000,7.941,0.000,,,VIC,Regional - VIC,590012,2026/09/05 12:46:48
2026/09/04,SESA,550060,PIPE,1.519,0.000,0.000,6.227,,,SA,Regional - SA,590013,2026/09/05 12:46:48
2026/09/04,Shoalhaven Starches Cogeneration Plant,523203,BBLARGE,21.576,0.000,0.000,0.000,,,NSW,Regional - NSW,590011,2026/09/05 12:42:00
2026/09/04,Smithfield Energy Facility,522004,BBGPG,0.000,0.000,0.000,0.000,,,NSW,Regional - NSW,590011,2026/09/05 12:14:53
2026/09/04,Snapper Point,555090,BBGPG,0.000,0.000,0.000,0.000,,,SA,Regional - SA,590013,2026/09/05 11:31:05
2026/09/04,Somerton,533174,BBGPG,0.000,0.000,0.000,0.000,,,VIC,Melbourne,590008,2026/09/05 11:00:01
2026/09/04,SPCF,580236,PROD,0.000,0.000,0.000,0.000,,,NT,Regional - NT,590017,2026/09/05 08:50:58
2026/09/04,SPP,580237,PIPE,0.000,0.000,0.000,0.000,,,NT,Regional - NT,590017,2026/09/05 12:46:48
2026/09/04,Spring Gully,540066,PROD,0.000,55.168,0.000,0.000,,,QLD,Regional - QLD,590001,2026/09/09 11:31:57
2026/09/04,SSP,540103,PIPE,0.000,6.300,0.000,6.300,,,QLD,Regional - QLD,590001,2026/09/05 09:48:36
2026/09/04,SSSF,540062,STOR,0.000,6.070,0.000,0.000,8448.802,0.000,QLD,Regional - QLD,590001,2026/09/05 09:48:36
2026/09/04,Strathblane,540067,PROD,0.000,55.010,0.000,0.000,,,QLD,Regional - QLD,590001,2026/09/09 11:31:57
2026/09/04,Swanbank Power Station,544104,BBGPG,0.000,0.000,0.000,0.000,,,QLD,Brisbane,590002,2026/09/05 12:46:48
2026/09/04,SWQP,540060,PIPE,0.000,0.000,350.022,333.226,,,QLD,Wallumbilla Hub,540032,2026/09/05 12:46:48
2026/09/04,SWQP,540060,PIPE,0.000,0.000,0.000,81.121,,,QLD,Ballera,540078,2026/09/05 12:46:48
2026/09/04,SWQP,540060,PIPE,0.000,189.634,45.006,24.714,,,SA,Moomba Hub,550017,2026/09/05 12:46:48
2026/09/04,SWQP,540060,PIPE,0.116,0.000,0.000,0.000,,,QLD,Regional - QLD,590001,2026/09/05 12:46:48
2026/09/04,Talinga,540076,PROD,0.000,83.154,0.000,0.000,,,QLD,Regional - QLD,590001,2026/09/09 11:31:57
2026/09/04,Tallawarra,522002,BBGPG,0.000,0.000,0.000,0.000,,,NSW,Regional - NSW,590011,2026/09/05 11:00:10
2026/09/04,Tallawarra Pipeline,523201,PIPE,0.000,0.000,0.000,0.000,,,NSW,Regional - NSW,590011,2026/09/05 11:00:10
2026/09/04,Taloona,540068,PROD,0.000,40.526,0.000,0.000,,,QLD,Regional - QLD,590001,2026/09/09 11:31:57
2026/09/04,Tanami GP,580210,PIPE,6.765,0.000,8.000,0.000,,,NT,Regional - NT,590017,2026/09/05 12:02:00
2026/09/04,TGP,570050,PIPE,0.000,0.000,38.921,54.253,,,VIC,Longford Hub,530015,2026/09/06 12:01:00
2026/09/04,TGP,570050,PIPE,30.949,0.000,0.000,0.000,,,TAS,Regional - TAS,590014,2026/09/06 12:01:00
2026/09/04,Tipton,540051,PROD,0.000,40.468,0.000,0.000,,,QLD,Regional - QLD,590001,2026/09/05 12:30:08
2026/09/04,Torrens Island PS,555041,BBGPG,9.312,0.000,0.000,0.000,,,SA,Regional - SA,590013,2026/09/05 11:31:05
2026/09/04,Uranquinty Power Station,522047,BBGPG,0.000,0.000,0.000,0.000,,,NSW,Regional - NSW,590011,2026/09/05 12:46:48
2026/09/04,Valley Power GPG,535024,BBGPG,0.854,0.000,0.000,0.000,,,VIC,Gippsland,590009,2026/09/05 11:00:55
2026/09/04,VicHub,532005,PIPE,0.000,0.000,33.090,33.090,,,VIC,Longford Hub,530015,2026/09/05 12:01:15
2026/09/04,Viva Energy Refinery,535018,BBLARGE,7.185,0.000,0.000,0.000,,,VIC,Geelong,590005,2026/09/05 07:30:15
2026/09/04,VTS,530110,PIPE,0.000,418.865,87.367,0.002,,,VIC,Longford Hub,530015,2026/09/05 11:00:01
2026/09/04,VTS,530110,PIPE,1.722,8.104,132.077,0.000,,,VIC,Iona Hub,530016,2026/09/05 11:00:01
2026/09/04,VTS,530110,PIPE,13.385,0.000,0.000,0.000,,,VIC,Western,590004,2026/09/05 11:00:01
2026/09/04,VTS,530110,PIPE,51.747,0.000,0.000,0.000,,,VIC,Geelong,590005,2026/09/05 11:00:01
2026/09/04,VTS,530110,PIPE,36.142,0.000,0.000,0.000,,,VIC,Ballarat,590006,2026/09/05 11:00:01
2026/09/04,VTS,530110,PIPE,53.906,0.000,0.000,0.000,,,VIC,Northern,590007,2026/09/05 11:00:01
2026/09/04,VTS,530110,PIPE,332.602,6.214,0.000,0.000,,,VIC,Melbourne,590008,2026/09/05 11:00:01
2026/09/04,VTS,530110,PIPE,33.818,0.000,16.732,6.686,,,VIC,Gippsland,590009,2026/09/05 11:00:01
2026/09/04,VTS,530110,PIPE,0.000,0.000,0.000,122.973,,,NSW,Culcairn,590016,2026/09/05 11:00:01
2026/09/04,Wallumbilla Compression Station,544280,COMPRESSOR,0.000,0.000,0.000,0.000,,,QLD,Wallumbilla Hub,540032,2026/09/05 10:28:10
2026/09/04,WCFA,540045,COMPRESSOR,0.000,0.000,112.161,112.161,,,QLD,Wallumbilla Hub,540032,2026/09/05 12:46:48
2026/09/04,WCFB,540046,COMPRESSOR,0.000,0.000,221.065,221.065,,,QLD,Wallumbilla Hub,540032,2026/09/05 12:46:48
2026/09/04,Weddell Power Station,580232,BBGPG,22.132,0.000,0.000,0.000,,,NT,Darwin,580001,2026/09/05 12:46:48
2026/09/04,WGP,540091,PIPE,1470.838,0.000,0.000,0.000,,,QLD,Curtis Island,540030,2026/09/05 10:36:10
2026/09/04,WGP,540091,PIPE,0.000,1472.623,58.673,0.000,,,QLD,Regional - QLD,590001,2026/09/05 10:36:10
2026/09/04,Whyalla Steelworks,555085,BBLARGE,5.728,0.000,0.000,0.000,,,SA,Regional - SA,590013,2026/09/05 11:31:05
2026/09/04,Windibri,540069,PROD,0.000,89.170,0.000,0.000,,,QLD,Regional - QLD,590001,2026/09/05 10:36:10
2026/09/04,Woleebee Creek,540087,PROD,0.000,641.169,0.000,0.000,,,QLD,Regional - QLD,590001,2026/09/05 10:36:10
2026/09/04,WPP,580030,PIPE,22.132,29.016,0.000,6.917,,,NT,Darwin,580001,2026/09/05 12:46:48
2026/09/04,Yarwun,544282,BBGPG,50.743,0.000,0.000,0.000,,,QLD,Regional - QLD,590001,2026/09/07 12:01:32
2026/09/04,Yelcherr,580180,PROD,0.000,0.000,0.000,0.000,,,NT,Regional - NT,590017,2026/09/05 12:46:48
2026/09/04,Yellowbank,540074,PROD,0.000,12.038,0.000,0.000,,,QLD,Regional - QLD,590001,2026/09/07 12:01:32
2026/09/05,Adelaide Brighton,555091,BBLARGE,7.073,0.000,0.000,0.000,,,SA,Adelaide,550016,2026/09/06 13:00:00
2026/09/05,AGP,580010,PIPE,16.779,0.000,6.528,0.000,,,NT,Darwin,580001,2026/09/06 12:47:48
2026/09/05,AGP,580010,PIPE,7.334,30.347,0.000,16.158,,,NT,Regional - NT,590017,2026/09/06 12:47:48
2026/09/05,APLNG Pipeline,540093,PIPE,1147.673,0.000,0.000,0.000,,,QLD,Curtis Island,540030,2026/09/10 11:30:09
2026/09/05,APLNG Pipeline,540093,PIPE,0.000,1129.932,339.285,240.231,,,QLD,Regional - QLD,590001,2026/09/10 11:30:09
2026/09/05,Arcadia,540101,PROD,0.000,90.257,0.000,0.000,,,QLD,Regional - QLD,590001,2026/09/06 11:28:36
2026/09/05,ATGP,640013,PIPE,0.000,43.449,0.000,43.449,,,QLD,Regional - QLD,590001,2026/09/06 12:01:34
2026/09/05,ATHENA,535014,PROD,0.000,17.456,0.000,0.000,,,VIC,Iona Hub,530016,2026/09/10 09:54:49
2026/09/05,Atlas,544261,PROD,0.000,43.449,0.000,0.000,,,QLD,Regional - QLD,590001,2026/09/06 12:01:39
2026/09/05,Atlas East Central Processing Facility,640008,PROD,0.000,32.520,0.000,0.000,,,QLD,Regional - QLD,590001,2026/09/06 12:17:42
2026/09/05,Atlas to Reedy Creek Pipeline,640007,PIPE,0.000,32.524,0.000,32.699,,,QLD,Regional - QLD,590001,2026/09/06 12:47:48
2026/09/05,Australia Pacific LNG,544273,LNGEXPORT,1147.673,0.000,0.000,0.000,,,QLD,Curtis Island,540030,2026/09/06 12:00:25
2026/09/05,Australian Paper (Opal),535021,BBLARGE,10.560,0.000,0.000,0.000,,,VIC,Gippsland,590009,2026/09/06 11:00:01
2026/09/05,B1PL,540077,PIPE,0.037,40.490,0.000,39.650,,,QLD,Regional - QLD,590001,2026/09/06 11:00:55
2026/09/05,B2PL,540071,PIPE,0.000,53.664,5.009,56.711,,,QLD,Regional - QLD,590001,2026/09/06 10:45:13
2026/09/05,Bairnsdale Power Station,535020,BBGPG,0.000,0.000,0.000,0.000,,,VIC,Regional - VIC,590012,2026/09/06 11:00:53
2026/09/05,BCF,540047,COMPRESSOR,0.000,0.000,76.000,76.000,,,QLD,Regional - QLD,590001,2026/09/10 10:00:01
2026/09/05,Bell Bay CCGT,577016,BBGPG,26.902,0.000,0.000,0.000,,,TAS,Regional - TAS,590014,2026/09/07 12:01:00
2026/09/05,Bell Bay GGT,577014,BBGPG,0.000,0.000,0.000,0.000,,,TAS,Regional - TAS,590014,2026/09/07 12:01:00
2026/09/05,Bell Bay OCGT,577015,BBGPG,0.000,0.000,0.000,0.000,,,TAS,Regional - TAS,590014,2026/09/07 12:01:00
2026/09/05,Bellevue,540083,PROD,0.000,153.856,0.000,0.000,,,QLD,Regional - QLD,590001,2026/09/06 10:36:03
2026/09/05,BGP,580020,PIPE,0.321,0.000,0.000,0.000,,,NT,Regional - NT,590017,2026/09/06 12:47:48
2026/09/05,BlueScope,523204,BBLARGE,8.500,0.000,0.000,0.000,,,NSW,Sydney,520008,2026/09/06 12:01:05
2026/09/05,Bolivar,555008,BBGPG,0.000,0.000,0.000,0.000,,,SA,Regional - SA,590013,2026/09/06 12:28:01
2026/09/05,Bomaderry Gas Pipeline,523202,PIPE,20.958,0.000,21.766,0.000,,,NSW,Regional - NSW,590011,2026/09/07 12:53:51
2026/09/05,BPP,530030,PIPE,2.490,20.100,0.000,17.618,,,VIC,Gippsland,590009,2026/09/06 11:00:01
2026/09/05,Braemar 2 Power Station,544085,BBGPG,0.000,0.000,0.000,0.000,,,QLD,Regional - QLD,590001,2026/09/06 10:45:13
2026/09/05,Braemar Power Station,544252,BBGPG,0.037,0.000,0.000,0.000,,,QLD,Regional - QLD,590001,2026/09/06 11:00:55
2026/09/05,BWP,540096,PIPE,0.000,0.000,0.000,17.802,,,QLD,Wallumbilla Hub,540032,2026/09/06 12:47:48
2026/09/05,BWP,540096,PIPE,0.000,16.349,0.000,0.000,,,QLD,Regional - QLD,590001,2026/09/06 12:47:48
2026/09/05,CGP,540059,PIPE,0.000,0.000,75.973,0.000,,,QLD,Ballera,540078,2026/09/06 12:47:48
2026/09/05,CGP,540059,PIPE,74.031,0.000,0.000,0.000,,,QLD,Regional - QLD,590001,2026/09/06 12:47:48
2026/09/05,Channel Island Power Station,580231,BBGPG,16.779,0.000,0.000,0.000,,,NT,Darwin,580001,2026/09/06 12:47:48
2026/09/05,Colongra,523120,BBGPG,0.000,0.000,0.000,0.000,,,NSW,Regional - NSW,590011,2026/09/06 12:00:05
2026/09/05,ColongraGP,520090,PIPE,0.000,0.000,0.000,0.000,,,NSW,Sydney,520008,2026/09/06 12:00:05
2026/09/05,ColongraGP,520090,PIPE,0.000,0.000,0.000,0.000,,,NSW,Regional - NSW,590011,2026/09/06 12:00:05
2026/09/05,Combabula,540094,PROD,0.000,230.596,0.000,0.000,,,QLD,Regional - QLD,590001,2026/09/10 11:30:09
2026/09/05,Condabri Central,540080,PROD,0.000,110.710,0.000,0.000,,,QLD,Regional - QLD,590001,2026/09/10 11:30:09
2026/09/05,Condabri North,540090,PROD,0.000,127.141,0.000,0.000,,,QLD,Regional - QLD,590001,2026/09/10 11:30:09
2026/09/05,Condabri South,540086,PROD,0.000,138.925,0.000,0.000,,,QLD,Regional - QLD,590001,2026/09/10 11:30:09
2026/09/05,Condamine Power Station,544274,BBGPG,0.018,0.000,0.000,0.000,,,QLD,Regional - QLD,590001,2026/09/06 10:35:28
2026/09/05,CRWP,540098,PIPE,0.000,0.000,320.089,0.000,,,QLD,Wallumbilla Hub,540032,2026/09/06 11:28:04
2026/09/05,CRWP,540098,PIPE,0.000,226.509,32.459,591.677,,,QLD,Regional - QLD,590001,2026/09/06 11:28:04
2026/09/05,CWP,520054,PIPE,2.612,0.000,3.198,0.000,,,NSW,Regional - NSW,590011,2026/09/06 12:47:48
2026/09/05,Daandine,540050,PROD,0.000,53.664,0.000,0.000,,,QLD,Regional - QLD,590001,2026/09/06 10:45:22
2026/09/05,Dandenong LNG,530038,STOR,5.905,0.401,0.000,0.000,612.299,27.889,VIC,Melbourne,590008,2026/09/06 12:47:48
2026/09/05,DDP,540097,PIPE,0.000,0.000,0.000,173.380,,,QLD,Wallumbilla Hub,540032,2026/09/06 21:01:12
2026/09/05,DDP,540097,PIPE,0.001,416.543,93.545,339.285,,,QLD,Regional - QLD,590001,2026/09/06 21:01:12
2026/09/05,DDPS,544027,BBGPG,0.001,0.000,0.000,0.000,,,QLD,Regional - QLD,590001,2026/09/06 21:01:12
2026/09/05,Diamantina Power Station,544077,BBGPG,38.332,0.000,0.000,0.000,,,QLD,Regional - QLD,590001,2026/09/06 12:47:48
2026/09/05,Dry Creek Power Station,555026,BBGPG,0.000,0.000,0.000,0.000,,,SA,Regional - SA,590013,2026/09/06 11:31:05
2026/09/05,EGP,520047,PIPE,131.599,0.000,0.000,0.000,,,NSW,Sydney,520008,2026/09/06 12:01:05
2026/09/05,EGP,520047,PIPE,8.491,0.000,0.000,0.000,,,NSW,Canberra,520009,2026/09/06 12:01:05
2026/09/05,EGP,520047,PIPE,0.000,169.467,0.000,62.172,,,VIC,Longford Hub,530015,2026/09/06 12:01:05
2026/09/05,EGP,520047,PIPE,4.541,0.000,0.000,21.766,,,NSW,Regional - NSW,590011,2026/09/06 12:01:05
2026/09/05,EGP,520047,PIPE,0.674,72.601,0.000,0.000,,,VIC,Regional - VIC,590012,2026/09/06 12:01:05
2026/09/05,EO4PL,540055,PIPE,0.000,0.000,0.000,0.000,,,QLD,Regional - QLD,590001,2026/09/06 10:36:03
2026/09/05,Eurombah Creek,540089,PROD,0.000,83.373,0.000,0.000,,,QLD,Regional - QLD,590001,2026/09/10 11:30:09
2026/09/05,Fairview,540070,PROD,0.000,281.872,0.000,0.000,,,QLD,Regional - QLD,590001,2026/09/06 11:28:36
2026/09/05,GLNG (Curtis Island),544276,LNGEXPORT,1083.235,0.000,0.000,0.000,,,QLD,Curtis Island,540030,2026/09/06 11:28:04
2026/09/05,GLNG Pipeline,540092,PIPE,1083.235,0.000,0.000,0.000,,,QLD,Curtis Island,540030,2026/09/06 11:28:04
2026/09/05,GLNG Pipeline,540092,PIPE,0.000,415.369,647.047,0.000,,,QLD,Regional - QLD,590001,2026/09/06 10:36:03
2026/09/05,Hallett,555029,BBGPG,0.000,0.000,0.000,0.000,,,SA,Regional - SA,590013,2026/09/06 11:31:05
2026/09/05,Hunter Power Station,523210,BBGPG,0.000,0.000,0.000,0.000,,,NSW,Sydney,520008,2026/09/06 12:47:48
2026/09/05,ICF,530071,COMPRESSOR,0.000,0.000,11.000,11.000,,,VIC,Iona Hub,530016,2026/09/06 08:35:02
2026/09/05,Iona UGS,530042,STOR,39.730,18.501,0.000,0.000,13082.121,0.000,VIC,Iona Hub,530016,2026/09/06 08:30:03
2026/09/05,Jeerelang,533161,BBGPG,0.000,0.000,0.000,0.000,,,VIC,Gippsland,590009,2026/09/06 11:00:01
2026/09/05,Jordan,540088,PROD,0.000,334.031,0.000,0.000,,,QLD,Regional - QLD,590001,2026/09/06 10:36:03
2026/09/05,Katherine Power Station,580233,BBGPG,0.413,0.000,0.000,0.000,,,NT,Regional - NT,590017,2026/09/06 12:47:48
2026/09/05,Kenya,540075,PROD,0.000,111.955,0.000,0.000,,,QLD,Regional - QLD,590001,2026/09/06 10:36:03
2026/09/05,Kincora,544253,PROD,0.000,4.016,0.000,0.000,,,QLD,Regional - QLD,590001,2026/09/06 12:47:48
2026/09/05,KKLP,523209,PIPE,0.000,0.000,0.000,0.000,,,NSW,Sydney,520008,2026/09/06 12:47:48
2026/09/05,Kogan North,540061,PROD,0.000,4.316,0.000,0.000,,,QLD,Regional - QLD,590001,2026/09/06 12:47:48
2026/09/05,Ladbroke Grove PS,555086,BBGPG,0.000,0.000,0.000,0.000,,,SA,Regional - SA,590013,2026/09/06 12:47:48
2026/09/05,Lang Lang,530039,PROD,0.000,20.100,0.000,0.000,,,VIC,Gippsland,590009,2026/09/06 08:00:23
2026/09/05,Laverton,533201,BBGPG,0.000,0.000,0.000,0.000,,,VIC,Geelong,590005,2026/09/06 11:00:01
2026/09/05,Longford,530040,PROD,0.000,598.850,0.000,0.000,,,VIC,Longford Hub,530015,2026/09/06 08:27:09
2026/09/05,Loy Yang B,533163,BBGPG,0.000,0.000,0.000,0.000,,,VIC,Gippsland,590009,2026/09/06 11:00:54
2026/09/05,LYB Transmission Pipeline,535023,PIPE,0.014,0.000,0.000,0.000,,,VIC,Gippsland,590009,2026/09/06 11:00:54
2026/09/05,MAPS,550054,PIPE,23.196,0.000,0.000,0.000,,,SA,Adelaide,550016,2026/09/06 11:31:05
2026/09/05,MAPS,550054,PIPE,0.000,44.250,30.590,0.000,,,SA,Moomba Hub,550017,2026/09/06 11:31:05
2026/09/05,MAPS,550054,PIPE,41.167,0.000,10.001,0.000,,,SA,Regional - SA,590013,2026/09/06 11:31:05
2026/09/05,McArthur River Mine,580220,BBGPG,8.553,0.000,0.000,0.000,,,NT,Regional - NT,590017,2026/09/06 10:09:49
2026/09/05,MCF,550050,COMPRESSOR,0.000,0.000,48.163,48.163,,,SA,Moomba Hub,550017,2026/09/06 12:47:48
2026/09/05,Mereenie,580040,PROD,0.000,24.714,0.000,0.000,,,NT,Regional - NT,590017,2026/09/09 12:41:49
2026/09/05,Meridian,540064,PROD,0.000,47.490,0.000,0.000,,,QLD,Regional - QLD,590001,2026/09/06 09:38:52
2026/09/05,Mintaro Power Station,555031,BBGPG,0.000,0.000,0.000,0.000,,,SA,Regional - SA,590013,2026/09/06 11:31:05
2026/09/05,Moomba,550045,PROD,0.000,226.200,0.000,0.000,,,SA,Moomba Hub,550017,2026/09/10 10:00:01
2026/09/05,Moomba Storage,550046,STOR,0.000,5.100,0.000,0.000,6285.700,0.000,SA,Moomba Hub,550017,2026/09/10 10:00:01
2026/09/05,Mortlake PS,530063,BBGPG,0.000,0.000,0.000,0.000,,,VIC,Regional - VIC,590012,2026/09/06 07:20:00
2026/09/05,MPL,530061,PIPE,0.000,0.000,0.000,0.000,,,VIC,Iona Hub,530016,2026/09/06 07:20:00
2026/09/05,MPL,530061,PIPE,0.000,0.000,0.000,0.000,,,VIC,Regional - VIC,590012,2026/09/06 07:20:00
2026/09/05,MRP,580100,PIPE,8.553,0.000,8.554,0.000,,,NT,Regional - NT,590017,2026/09/06 10:09:49
2026/09/05,MSP,520053,PIPE,53.066,0.000,0.000,0.000,,,NSW,Sydney,520008,2026/09/06 12:47:48
2026/09/05,MSP,520053,PIPE,0.000,0.000,110.996,7.797,,,SA,Moomba Hub,550017,2026/09/06 12:47:48
2026/09/05,MSP,520053,PIPE,24.287,0.000,0.000,3.198,,,NSW,Regional - NSW,590011,2026/09/06 12:47:48
2026/09/05,MSP,520053,PIPE,11.841,0.000,0.000,0.000,,,NSW,Regional - ACT,590015,2026/09/06 12:47:48
2026/09/05,MSP,520053,PIPE,0.000,0.000,67.608,0.000,,,NSW,Culcairn,590016,2026/09/06 12:47:48
2026/09/05,Newport,533171,BBGPG,0.001,0.000,0.000,0.000,,,VIC,Melbourne,590008,2026/09/06 11:00:01
2026/09/05,NGP,580050,PIPE,0.000,0.000,0.000,0.000,,,QLD,Regional - QLD,590001,2026/09/08 11:01:11
2026/09/05,NGP,580050,PIPE,0.000,0.000,0.000,0.000,,,NT,Regional - NT,590017,2026/09/08 11:01:11
2026/09/05,NGS,520060,STOR,0.100,0.839,0.000,0.000,662.316,76.828,NSW,Sydney,520008,2026/09/06 08:02:16
2026/09/05,Oakey PS,544095,BBGPG,0.000,0.000,0.000,0.000,,,QLD,Regional - QLD,590001,2026/09/06 12:47:48
2026/09/05,Orana,540084,PROD,0.000,66.814,0.000,0.000,,,QLD,Regional - QLD,590001,2026/09/10 11:30:09
2026/09/05,Orbost,530041,PROD,0.000,72.601,0.000,0.000,,,VIC,Regional - VIC,590012,2026/09/06 12:01:05
2026/09/05,Orica,544011,BBLARGE,9.669,0.000,0.000,0.000,,,QLD,Regional - QLD,590001,2026/09/07 12:02:08
2026/09/05,Orica (Kooragang Island),523206,BBLARGE,38.770,0.000,0.000,0.000,,,NSW,Sydney,520008,2026/09/06 13:00:00
2026/09/05,Osborne,555033,BBGPG,0.000,0.000,0.000,0.000,,,SA,Regional - SA,590013,2026/09/06 11:31:05
2026/09/05,Otway,530044,PROD,0.000,140.560,0.000,0.000,,,VIC,Iona Hub,530016,2026/09/06 13:29:20
2026/09/05,Owen Springs Power Station,580235,BBGPG,0.137,0.000,0.000,0.000,,,NT,Regional - NT,590017,2026/09/06 06:41:03
2026/09/05,Palm Valley,580060,PROD,0.000,5.633,0.000,0.000,,,NT,Regional - NT,590017,2026/09/09 12:41:49
2026/09/05,PCA,550052,PIPE,0.001,16.999,63.425,1.010,,,VIC,Iona Hub,530016,2026/09/06 07:20:01
2026/09/05,PCA,550052,PIPE,25.168,0.000,0.000,0.000,,,SA,Adelaide,550016,2026/09/06 07:20:01
2026/09/05,PCA,550052,PIPE,0.000,0.000,0.000,5.898,,,VIC,Regional - VIC,590012,2026/09/06 07:20:01
2026/09/05,PCA,550052,PIPE,0.243,0.000,0.000,9.981,,,SA,Regional - SA,590013,2026/09/06 07:20:01
2026/09/05,PCI,530060,PIPE,0.000,152.018,1.010,153.028,,,VIC,Iona Hub,530016,2026/09/06 07:20:01
2026/09/05,Peat,540065,PROD,0.000,11.299,0.000,0.000,,,QLD,Regional - QLD,590001,2026/09/10 11:30:09
2026/09/05,Pelican Point Power Station,555089,BBGPG,15.034,0.000,0.000,0.000,,,SA,Regional - SA,590013,2026/09/06 07:20:01
2026/09/05,Phosphate Hill,544081,BBLARGE,23.413,0.000,0.000,0.000,,,QLD,Regional - QLD,590001,2026/09/06 12:47:48
2026/09/05,Pipeline Compression Station,544279,COMPRESSOR,0.000,0.000,0.000,0.000,,,QLD,Regional - QLD,590001,2026/09/06 11:28:04
2026/09/05,PVP,580070,PIPE,0.527,0.000,0.604,0.000,,,NT,Regional - NT,590017,2026/09/06 06:41:03
2026/09/05,QCLNG LNG Plant,544272,LNGEXPORT,1515.240,0.000,0.000,0.000,,,QLD,Curtis Island,540030,2026/09/06 10:36:03
2026/09/05,QGP,540058,PIPE,0.000,0.000,7.469,0.000,,,QLD,Wallumbilla Hub,540032,2026/09/07 12:02:08
2026/09/05,QGP,540058,PIPE,111.286,25.277,78.886,0.000,,,QLD,Regional - QLD,590001,2026/09/07 12:02:08
2026/09/05,Quarantine Power Station,555087,BBGPG,0.000,0.000,0.000,0.000,,,SA,Regional - SA,590013,2026/09/06 11:31:05
2026/09/05,Queensland Aluminia,544012,BBLARGE,33.732,0.000,0.000,0.000,,,QLD,Regional - QLD,590001,2026/09/07 12:02:08
2026/09/05,RBP,540057,PIPE,0.000,0.000,0.647,35.316,,,QLD,Wallumbilla Hub,540032,2026/09/06 12:47:48
2026/09/05,RBP,540057,PIPE,1.871,26.636,45.950,5.009,,,QLD,Regional - QLD,590001,2026/09/06 12:47:48
2026/09/05,RBP,540057,PIPE,36.376,0.000,0.000,0.000,,,QLD,Brisbane,590002,2026/09/06 12:47:48
2026/09/05,RCWP,540102,PIPE,0.000,0.000,0.000,91.919,,,QLD,Wallumbilla Hub,540032,2026/09/06 12:47:48
2026/09/05,RCWP,540102,PIPE,0.000,0.000,88.151,0.000,,,QLD,Regional - QLD,590001,2026/09/06 12:47:48
2026/09/05,Reedy Creek,540085,PROD,0.000,172.487,0.000,0.000,,,QLD,Regional - QLD,590001,2026/09/10 11:30:09
2026/09/05,RMNGPF,640011,PROD,0.000,8.230,0.000,0.000,,,QLD,Regional - QLD,590001,2026/09/06 10:23:34
2026/09/05,RNMGP,640012,PIPE,0.000,8.230,0.000,8.230,,,QLD,Regional - QLD,590001,2026/09/06 10:23:34
2026/09/05,RNP,640009,PIPE,0.000,24.229,0.000,24.229,,,QLD,Regional - QLD,590001,2026/09/06 12:01:31
2026/09/05,Rolleston,540073,PROD,0.000,9.020,0.000,0.000,,,QLD,Regional - QLD,590001,2026/09/07 12:02:08
2026/09/05,Roma,540095,PROD,0.000,226.509,0.000,0.000,,,QLD,Regional - QLD,590001,2026/09/06 11:28:43
2026/09/05,Roma North,544260,PROD,0.000,24.229,0.000,0.000,,,QLD,Regional - QLD,590001,2026/09/06 12:01:38
2026/09/05,Roma Power Station,540120,BBGPG,0.000,0.000,0.000,0.000,,,QLD,Regional - QLD,590001,2026/09/06 11:40:57
2026/09/05,Ron Goodin Power Station,580234,BBGPG,0.000,0.000,0.000,0.000,,,NT,Regional - NT,590017,2026/09/06 06:41:03
2026/09/05,RPL,540110,PIPE,0.045,0.000,0.000,0.000,,,QLD,Regional - QLD,590001,2026/09/06 11:40:57
2026/09/05,Ruby Jo,540082,PROD,0.000,424.711,0.000,0.000,,,QLD,Regional - QLD,590001,2026/09/06 10:36:03
2026/09/05,RUGS,540040,STOR,0.000,0.000,0.000,0.000,15123.387,0.000,QLD,Regional - QLD,590001,2026/09/06 11:28:43
2026/09/05,Scotia,540072,PROD,0.000,101.491,0.000,0.000,,,QLD,Regional - QLD,590001,2026/09/06 11:28:43
2026/09/05,SEPS,550061,PIPE,5.793,0.000,5.798,0.000,,,SA,Regional - SA,590013,2026/09/06 11:32:05
2026/09/05,SESA,550060,PIPE,0.000,0.000,5.898,0.000,,,VIC,Regional - VIC,590012,2026/09/06 12:47:48
2026/09/05,SESA,550060,PIPE,0.000,0.000,0.000,5.794,,,SA,Regional - SA,590013,2026/09/06 12:47:48
2026/09/05,Shoalhaven Starches Cogeneration Plant,523203,BBLARGE,20.958,0.000,0.000,0.000,,,NSW,Regional - NSW,590011,2026/09/07 12:53:51
2026/09/05,Smithfield Energy Facility,522004,BBGPG,0.000,0.000,0.000,0.000,,,NSW,Regional - NSW,590011,2026/09/06 12:27:35
2026/09/05,Snapper Point,555090,BBGPG,0.000,0.000,0.000,0.000,,,SA,Regional - SA,590013,2026/09/06 11:31:05
2026/09/05,Somerton,533174,BBGPG,0.002,0.000,0.000,0.000,,,VIC,Melbourne,590008,2026/09/06 11:00:01
2026/09/05,SPCF,580236,PROD,0.000,1.016,0.000,0.000,,,NT,Regional - NT,590017,2026/09/08 16:54:12
2026/09/05,SPP,580237,PIPE,0.000,1.016,0.000,0.000,,,NT,Regional - NT,590017,2026/09/06 12:47:48
2026/09/05,Spring Gully,540066,PROD,0.000,54.239,0.000,0.000,,,QLD,Regional - QLD,590001,2026/09/10 11:30:09
2026/09/05,SSP,540103,PIPE,0.000,6.300,0.000,6.300,,,QLD,Regional - QLD,590001,2026/09/06 12:26:09
2026/09/05,SSSF,540062,STOR,0.000,6.170,0.000,0.000,8442.632,0.000,QLD,Regional - QLD,590001,2026/09/06 12:26:09
2026/09/05,Strathblane,540067,PROD,0.000,57.789,0.000,0.000,,,QLD,Regional - QLD,590001,2026/09/10 11:30:09
2026/09/05,Swanbank Power Station,544104,BBGPG,0.000,0.000,0.000,0.000,,,QLD,Brisbane,590002,2026/09/06 12:47:48
2026/09/05,SWQP,540060,PIPE,0.000,0.000,317.770,327.558,,,QLD,Wallumbilla Hub,540032,2026/09/06 12:47:48
2026/09/05,SWQP,540060,PIPE,0.000,0.000,0.000,80.662,,,QLD,Ballera,540078,2026/09/06 12:47:48
2026/09/05,SWQP,540060,PIPE,0.000,181.952,6.797,140.586,,,SA,Moomba Hub,550017,2026/09/06 12:47:48
2026/09/05,SWQP,540060,PIPE,0.118,0.000,0.000,0.000,,,QLD,Regional - QLD,590001,2026/09/06 12:47:48
2026/09/05,Talinga,540076,PROD,0.000,87.542,0.000,0.000,,,QLD,Regional - QLD,590001,2026/09/10 11:30:09
2026/09/05,Tallawarra,522002,BBGPG,0.000,0.000,0.000,0.000,,,NSW,Regional - NSW,590011,2026/09/06 11:00:10
2026/09/05,Tallawarra Pipeline,523201,PIPE,0.000,0.000,0.000,0.000,,,NSW,Regional - NSW,590011,2026/09/06 11:00:10
2026/09/05,Taloona,540068,PROD,0.000,43.878,0.000,0.000,,,QLD,Regional - QLD,590001,2026/09/10 11:30:09
2026/09/05,Tanami GP,580210,PIPE,7.438,0.000,7.000,0.000,,,NT,Regional - NT,590017,2026/09/06 12:02:00
2026/09/05,TGP,570050,PIPE,0.000,0.000,60.314,0.000,,,VIC,Longford Hub,530015,2026/09/07 12:01:00
2026/09/05,TGP,570050,PIPE,44.385,0.000,0.000,0.000,,,TAS,Regional - TAS,590014,2026/09/07 12:01:00
2026/09/05,Tipton,540051,PROD,0.000,40.490,0.000,0.000,,,QLD,Regional - QLD,590001,2026/09/06 10:45:16
2026/09/05,Torrens Island PS,555041,BBGPG,7.862,0.000,0.000,0.000,,,SA,Regional - SA,590013,2026/09/06 11:31:05
2026/09/05,Uranquinty Power Station,522047,BBGPG,0.000,0.000,0.000,0.000,,,NSW,Regional - NSW,590011,2026/09/06 12:47:48
2026/09/05,Valley Power GPG,535024,BBGPG,0.014,0.000,0.000,0.000,,,VIC,Gippsland,590009,2026/09/06 11:00:54
2026/09/05,VicHub,532005,PIPE,0.000,0.000,1.869,1.869,,,VIC,Longford Hub,530015,2026/09/06 12:02:05
2026/09/05,Viva Energy Refinery,535018,BBLARGE,9.607,0.000,0.000,0.000,,,VIC,Geelong,590005,2026/09/06 07:30:13
2026/09/05,VTS,530110,PIPE,0.000,427.924,1.869,0.001,,,VIC,Longford Hub,530015,2026/09/06 11:00:01
2026/09/05,VTS,530110,PIPE,32.257,0.000,89.512,0.000,,,VIC,Iona Hub,530016,2026/09/06 11:00:01
2026/09/05,VTS,530110,PIPE,12.095,0.000,0.000,0.000,,,VIC,Western,590004,2026/09/06 11:00:01
2026/09/05,VTS,530110,PIPE,48.868,0.000,0.000,0.000,,,VIC,Geelong,590005,2026/09/06 11:00:01
2026/09/05,VTS,530110,PIPE,30.190,0.000,0.000,0.000,,,VIC,Ballarat,590006,2026/09/06 11:00:01
2026/09/05,VTS,530110,PIPE,45.533,0.000,0.000,0.000,,,VIC,Northern,590007,2026/09/06 11:00:01
2026/09/05,VTS,530110,PIPE,277.135,4.375,0.000,0.000,,,VIC,Melbourne,590008,2026/09/06 11:00:01
2026/09/05,VTS,530110,PIPE,32.472,0.000,17.618,0.000,,,VIC,Gippsland,590009,2026/09/06 11:00:01
2026/09/05,VTS,530110,PIPE,0.000,0.000,0.000,67.607,,,NSW,Culcairn,590016,2026/09/06 11:00:01
2026/09/05,Wallumbilla Compression Station,544280,COMPRESSOR,0.000,0.000,0.000,0.000,,,QLD,Wallumbilla Hub,540032,2026/09/06 11:28:04
2026/09/05,WCFA,540045,COMPRESSOR,0.000,0.000,85.470,85.470,,,QLD,Wallumbilla Hub,540032,2026/09/06 12:47:48
2026/09/05,WCFB,540046,COMPRESSOR,0.000,0.000,242.088,242.088,,,QLD,Wallumbilla Hub,540032,2026/09/06 12:47:48
2026/09/05,Weddell Power Station,580232,BBGPG,18.675,0.000,0.000,0.000,,,NT,Darwin,580001,2026/09/06 12:47:48
2026/09/05,WGP,540091,PIPE,1515.240,0.000,0.000,0.000,,,QLD,Curtis Island,540030,2026/09/06 10:36:03
2026/09/05,WGP,540091,PIPE,0.000,1452.801,56.711,0.000,,,QLD,Regional - QLD,590001,2026/09/06 10:36:03
2026/09/05,Whyalla Steelworks,555085,BBLARGE,5.547,0.000,0.000,0.000,,,SA,Regional - SA,590013,2026/09/06 11:31:05
2026/09/05,Windibri,540069,PROD,0.000,89.054,0.000,0.000,,,QLD,Regional - QLD,590001,2026/09/06 10:36:03
2026/09/05,Woleebee Creek,540087,PROD,0.000,637.141,0.000,0.000,,,QLD,Regional - QLD,590001,2026/09/06 10:36:03
2026/09/05,WPP,580030,PIPE,18.675,25.202,0.000,6.528,,,NT,Darwin,580001,2026/09/06 12:47:48
2026/09/05,Yarwun,544282,BBGPG,51.021,0.000,0.000,0.000,,,QLD,Regional - QLD,590001,2026/09/07 12:02:08
2026/09/05,Yelcherr,580180,PROD,0.000,0.000,0.000,0.000,,,NT,Regional - NT,590017,2026/09/06 12:47:48
2026/09/05,Yellowbank,540074,PROD,0.000,12.007,0.000,0.000,,,QLD,Regional - QLD,590001,2026/09/07 12:02:08
2026/09/06,Adelaide Brighton,555091,BBLARGE,0.774,0.000,0.000,0.000,,,SA,Adelaide,550016,2026/09/07 13:00:00
2026/09/06,AGP,580010,PIPE,17.525,0.000,7.442,0.000,,,NT,Darwin,580001,2026/09/07 21:22:48
2026/09/06,AGP,580010,PIPE,6.825,30.946,6.272,15.876,,,NT,Regional - NT,590017,2026/09/07 21:22:48
2026/09/06,APLNG Pipeline,540093,PIPE,1068.633,0.000,0.000,0.000,,,QLD,Curtis Island,540030,2026/09/11 11:30:10
2026/09/06,APLNG Pipeline,540093,PIPE,0.000,1115.991,272.336,317.942,,,QLD,Regional - QLD,590001,2026/09/11 11:30:10
2026/09/06,Arcadia,540101,PROD,0.000,91.744,0.000,0.000,,,QLD,Regional - QLD,590001,2026/09/07 11:28:20
2026/09/06,ATGP,640013,PIPE,0.000,43.522,0.000,43.522,,,QLD,Regional - QLD,590001,2026/09/07 12:01:36
2026/09/06,ATHENA,535014,PROD,0.000,17.466,0.000,0.000,,,VIC,Iona Hub,530016,2026/09/11 09:44:55
2026/09/06,Atlas,544261,PROD,0.000,43.522,0.000,0.000,,,QLD,Regional - QLD,590001,2026/09/07 12:01:40
2026/09/06,Atlas East Central Processing Facility,640008,PROD,0.000,32.890,0.000,0.000,,,QLD,Regional - QLD,590001,2026/09/07 07:53:46
2026/09/06,Atlas to Reedy Creek Pipeline,640007,PIPE,0.000,32.890,0.000,34.972,,,QLD,Regional - QLD,590001,2026/09/07 21:22:48
2026/09/06,Australia Pacific LNG,544273,LNGEXPORT,1068.633,0.000,0.000,0.000,,,QLD,Curtis Island,540030,2026/09/07 12:00:26
2026/09/06,Australian Paper (Opal),535021,BBLARGE,10.976,0.000,0.000,0.000,,,VIC,Gippsland,590009,2026/09/07 11:00:01
2026/09/06,B1PL,540077,PIPE,0.038,40.543,0.000,37.769,,,QLD,Regional - QLD,590001,2026/09/07 11:00:54
2026/09/06,B2PL,540071,PIPE,0.000,52.018,5.003,56.697,,,QLD,Regional - QLD,590001,2026/09/07 12:30:08
2026/09/06,Bairnsdale Power Station,535020,BBGPG,0.000,0.000,0.000,0.000,,,VIC,Regional - VIC,590012,2026/09/07 11:00:53
2026/09/06,BCF,540047,COMPRESSOR,0.000,0.000,72.400,72.400,,,QLD,Regional - QLD,590001,2026/09/11 10:00:01
2026/09/06,Bell Bay CCGT,577016,BBGPG,29.604,0.000,0.000,0.000,,,TAS,Regional - TAS,590014,2026/09/08 12:01:00
2026/09/06,Bell Bay GGT,577014,BBGPG,0.000,0.000,0.000,0.000,,,TAS,Regional - TAS,590014,2026/09/08 12:01:00
2026/09/06,Bell Bay OCGT,577015,BBGPG,0.000,0.000,0.000,0.000,,,TAS,Regional - TAS,590014,2026/09/08 12:01:00
2026/09/06,Bellevue,540083,PROD,0.000,150.619,0.000,0.000,,,QLD,Regional - QLD,590001,2026/09/07 17:44:03
2026/09/06,BGP,580020,PIPE,0.322,0.000,0.000,0.000,,,NT,Regional - NT,590017,2026/09/07 21:22:48
2026/09/06,BlueScope,523204,BBLARGE,8.768,0.000,0.000,0.000,,,NSW,Sydney,520008,2026/09/07 12:01:05
2026/09/06,Bolivar,555008,BBGPG,0.000,0.000,0.000,0.000,,,SA,Regional - SA,590013,2026/09/07 12:40:39
2026/09/06,Bomaderry Gas Pipeline,523202,PIPE,0.000,0.000,20.958,0.000,,,NSW,Regional - NSW,590011,2026/09/07 12:01:05
2026/09/06,BPP,530030,PIPE,2.460,20.030,0.000,17.569,,,VIC,Gippsland,590009,2026/09/07 11:00:01
2026/09/06,Braemar 2 Power Station,544085,BBGPG,0.000,0.000,0.000,0.000,,,QLD,Regional - QLD,590001,2026/09/07 12:30:08
2026/09/06,Braemar Power Station,544252,BBGPG,0.038,0.000,0.000,0.000,,,QLD,Regional - QLD,590001,2026/09/07 11:00:54
2026/09/06,BWP,540096,PIPE,0.000,0.000,0.000,48.013,,,QLD,Wallumbilla Hub,540032,2026/09/07 21:22:48
2026/09/06,BWP,540096,PIPE,0.000,50.850,0.000,0.000,,,QLD,Regional - QLD,590001,2026/09/07 21:22:48
2026/09/06,CGP,540059,PIPE,0.000,0.000,72.376,0.000,,,QLD,Ballera,540078,2026/09/07 21:22:48
2026/09/06,CGP,540059,PIPE,74.783,0.000,0.000,0.000,,,QLD,Regional - QLD,590001,2026/09/07 21:22:48
2026/09/06,Channel Island Power Station,580231,BBGPG,17.525,0.000,0.000,0.000,,,NT,Darwin,580001,2026/09/07 21:22:48
2026/09/06,Colongra,523120,BBGPG,0.000,0.000,0.000,0.000,,,NSW,Regional - NSW,590011,2026/09/07 12:00:05
2026/09/06,ColongraGP,520090,PIPE,0.000,0.000,0.000,0.000,,,NSW,Sydney,520008,2026/09/07 12:00:05
2026/09/06,ColongraGP,520090,PIPE,0.000,0.000,0.000,0.000,,,NSW,Regional - NSW,590011,2026/09/07 12:00:05
2026/09/06,Combabula,540094,PROD,0.000,227.639,0.000,0.000,,,QLD,Regional - QLD,590001,2026/09/11 11:30:10
2026/09/06,Condabri Central,540080,PROD,0.000,107.272,0.000,0.000,,,QLD,Regional - QLD,590001,2026/09/11 11:30:10
2026/09/06,Condabri North,540090,PROD,0.000,131.425,0.000,0.000,,,QLD,Regional - QLD,590001,2026/09/11 11:30:10
2026/09/06,Condabri South,540086,PROD,0.000,139.451,0.000,0.000,,,QLD,Regional - QLD,590001,2026/09/11 11:30:10
2026/09/06,Condamine Power Station,544274,BBGPG,0.000,0.000,0.000,0.000,,,QLD,Regional - QLD,590001,2026/09/07 17:44:03
2026/09/06,CRWP,540098,PIPE,0.000,0.000,409.470,0.000,,,QLD,Wallumbilla Hub,540032,2026/09/07 11:28:04
2026/09/06,CRWP,540098,PIPE,0.000,230.324,41.905,674.656,,,QLD,Regional - QLD,590001,2026/09/07 11:28:04
2026/09/06,CWP,520054,PIPE,3.743,0.000,4.634,0.000,,,NSW,Regional - NSW,590011,2026/09/07 21:22:48
2026/09/06,Daandine,540050,PROD,0.000,52.018,0.000,0.000,,,QLD,Regional - QLD,590001,2026/09/07 12:30:08
2026/09/06,Dandenong LNG,530038,STOR,5.997,0.359,0.000,0.000,617.896,27.889,VIC,Melbourne,590008,2026/09/07 21:22:48
2026/09/06,DDP,540097,PIPE,0.000,0.000,0.000,159.373,,,QLD,Wallumbilla Hub,540032,2026/09/07 12:01:34
2026/09/06,DDP,540097,PIPE,9.871,348.967,92.617,272.336,,,QLD,Regional - QLD,590001,2026/09/07 12:01:34
2026/09/06,DDPS,544027,BBGPG,9.871,0.000,0.000,0.000,,,QLD,Regional - QLD,590001,2026/09/07 12:01:34
2026/09/06,Diamantina Power Station,544077,BBGPG,37.053,0.000,0.000,0.000,,,QLD,Regional - QLD,590001,2026/09/07 21:22:48
2026/09/06,Dry Creek Power Station,555026,BBGPG,0.000,0.000,0.000,0.000,,,SA,Regional - SA,590013,2026/09/07 11:31:05
2026/09/06,EGP,520047,PIPE,118.674,0.000,0.000,0.000,,,NSW,Sydney,520008,2026/09/07 12:01:05
2026/09/06,EGP,520047,PIPE,8.563,0.000,0.000,0.000,,,NSW,Canberra,520009,2026/09/07 12:01:05
2026/09/06,EGP,520047,PIPE,0.000,158.674,0.000,75.984,,,VIC,Longford Hub,530015,2026/09/07 12:01:05
2026/09/06,EGP,520047,PIPE,4.553,0.000,0.000,20.958,,,NSW,Regional - NSW,590011,2026/09/07 12:01:05
2026/09/06,EGP,520047,PIPE,0.668,71.421,0.000,0.000,,,VIC,Regional - VIC,590012,2026/09/07 12:01:05
2026/09/06,EO4PL,540055,PIPE,0.000,0.000,0.000,0.000,,,QLD,Regional - QLD,590001,2026/09/07 17:44:03
2026/09/06,Eurombah Creek,540089,PROD,0.000,76.032,0.000,0.000,,,QLD,Regional - QLD,590001,2026/09/11 11:30:10
2026/09/06,Fairview,540070,PROD,0.000,279.841,0.000,0.000,,,QLD,Regional - QLD,590001,2026/09/07 11:28:20
2026/09/06,GLNG (Curtis Island),544276,LNGEXPORT,1127.096,0.000,0.000,0.000,,,QLD,Curtis Island,540030,2026/09/07 11:28:04
2026/09/06,GLNG Pipeline,540092,PIPE,1127.096,0.000,0.000,0.000,,,QLD,Curtis Island,540030,2026/09/07 11:28:04
2026/09/06,GLNG Pipeline,540092,PIPE,0.000,416.544,734.397,0.000,,,QLD,Regional - QLD,590001,2026/09/07 17:44:03
2026/09/06,Hallett,555029,BBGPG,0.000,0.000,0.000,0.000,,,SA,Regional - SA,590013,2026/09/07 11:31:05
2026/09/06,Hunter Power Station,523210,BBGPG,0.001,0.000,0.000,0.000,,,NSW,Sydney,520008,2026/09/07 21:22:48
2026/09/06,ICF,530071,COMPRESSOR,0.000,0.000,7.054,7.054,,,VIC,Iona Hub,530016,2026/09/07 08:35:03
2026/09/06,Iona UGS,530042,STOR,48.855,12.900,0.000,0.000,13118.076,0.000,VIC,Iona Hub,530016,2026/09/07 08:30:03
2026/09/06,Jeerelang,533161,BBGPG,0.000,0.000,0.000,0.000,,,VIC,Gippsland,590009,2026/09/07 11:00:01
2026/09/06,Jordan,540088,PROD,0.000,333.502,0.000,0.000,,,QLD,Regional - QLD,590001,2026/09/07 17:44:03
2026/09/06,Katherine Power Station,580233,BBGPG,0.000,0.000,0.000,0.000,,,NT,Regional - NT,590017,2026/09/07 21:22:48
2026/09/06,Kenya,540075,PROD,0.000,112.983,0.000,0.000,,,QLD,Regional - QLD,590001,2026/09/07 17:44:03
2026/09/06,Kincora,544253,PROD,0.000,2.000,0.000,0.000,,,QLD,Regional - QLD,590001,2026/09/07 21:22:48
2026/09/06,KKLP,523209,PIPE,0.001,0.000,0.000,0.000,,,NSW,Sydney,520008,2026/09/07 21:22:48
2026/09/06,Kogan North,540061,PROD,0.000,4.318,0.000,0.000,,,QLD,Regional - QLD,590001,2026/09/07 21:22:48
2026/09/06,Ladbroke Grove PS,555086,BBGPG,9.609,0.000,0.000,0.000,,,SA,Regional - SA,590013,2026/09/07 21:22:48
2026/09/06,Lang Lang,530039,PROD,0.000,20.030,0.000,0.000,,,VIC,Gippsland,590009,2026/09/07 11:08:34
2026/09/06,Laverton,533201,BBGPG,0.000,0.000,0.000,0.000,,,VIC,Geelong,590005,2026/09/07 11:00:01
2026/09/06,Longford,530040,PROD,0.000,605.899,0.000,0.000,,,VIC,Longford Hub,530015,2026/09/07 08:22:15
2026/09/06,Loy Yang B,533163,BBGPG,0.000,0.000,0.000,0.000,,,VIC,Gippsland,590009,2026/09/07 11:00:52
2026/09/06,LYB Transmission Pipeline,535023,PIPE,0.002,0.000,0.000,0.000,,,VIC,Gippsland,590009,2026/09/07 11:00:52
2026/09/06,MAPS,550054,PIPE,32.820,0.000,0.000,0.000,,,SA,Adelaide,550016,2026/09/07 11:31:05
2026/09/06,MAPS,550054,PIPE,0.000,44.143,60.792,0.000,,,SA,Moomba Hub,550017,2026/09/07 11:31:05
2026/09/06,MAPS,550054,PIPE,69.999,0.000,0.004,0.000,,,SA,Regional - SA,590013,2026/09/07 11:31:05
2026/09/06,McArthur River Mine,580220,BBGPG,9.300,0.000,0.000,0.000,,,NT,Regional - NT,590017,2026/09/07 08:48:03
2026/09/06,MCF,550050,COMPRESSOR,0.000,0.000,10.934,10.934,,,SA,Moomba Hub,550017,2026/09/07 21:22:48
2026/09/06,Mereenie,580040,PROD,0.000,25.318,0.000,0.000,,,NT,Regional - NT,590017,2026/09/09 12:41:57
2026/09/06,Meridian,540064,PROD,0.000,49.208,0.000,0.000,,,QLD,Regional - QLD,590001,2026/09/07 09:38:59
2026/09/06,Mintaro Power Station,555031,BBGPG,0.000,0.000,0.000,0.000,,,SA,Regional - SA,590013,2026/09/07 11:31:05
2026/09/06,Moomba,550045,PROD,0.000,217.100,0.000,0.000,,,SA,Moomba Hub,550017,2026/09/11 10:00:01
2026/09/06,Moomba Storage,550046,STOR,0.000,5.100,0.000,0.000,6280.600,0.000,SA,Moomba Hub,550017,2026/09/11 10:00:01
2026/09/06,Mortlake PS,530063,BBGPG,0.000,0.000,0.000,0.000,,,VIC,Regional - VIC,590012,2026/09/07 07:20:00
2026/09/06,MPL,530061,PIPE,0.000,0.000,0.000,0.000,,,VIC,Iona Hub,530016,2026/09/07 07:20:00
2026/09/06,MPL,530061,PIPE,0.000,0.000,0.000,0.000,,,VIC,Regional - VIC,590012,2026/09/07 07:20:00
2026/09/06,MRP,580100,PIPE,9.300,0.000,9.301,0.000,,,NT,Regional - NT,590017,2026/09/07 08:48:03
2026/09/06,MSP,520053,PIPE,83.784,0.000,0.000,0.000,,,NSW,Sydney,520008,2026/09/07 21:22:48
2026/09/06,MSP,520053,PIPE,0.000,0.000,103.253,0.000,,,SA,Moomba Hub,550017,2026/09/07 21:22:48
2026/09/06,MSP,520053,PIPE,26.215,0.000,0.000,4.634,,,NSW,Regional - NSW,590011,2026/09/07 21:22:48
2026/09/06,MSP,520053,PIPE,9.003,0.000,0.000,0.000,,,NSW,Regional - ACT,590015,2026/09/07 21:22:48
2026/09/06,MSP,520053,PIPE,0.000,0.000,110.452,0.000,,,NSW,Culcairn,590016,2026/09/07 21:22:48
2026/09/06,Newport,533171,BBGPG,0.001,0.000,0.000,0.000,,,VIC,Melbourne,590008,2026/09/07 11:00:01
2026/09/06,NGP,580050,PIPE,0.000,0.000,0.000,0.000,,,QLD,Regional - QLD,590001,2026/09/08 11:01:13
2026/09/06,NGP,580050,PIPE,0.000,0.000,0.000,0.000,,,NT,Regional - NT,590017,2026/09/08 11:01:13
2026/09/06,NGS,520060,STOR,0.100,0.337,0.000,0.000,662.198,76.828,NSW,Sydney,520008,2026/09/07 07:56:29
2026/09/06,Oakey PS,544095,BBGPG,0.000,0.000,0.000,0.000,,,QLD,Regional - QLD,590001,2026/09/07 21:22:48
2026/09/06,Orana,540084,PROD,0.000,59.972,0.000,0.000,,,QLD,Regional - QLD,590001,2026/09/11 11:30:10
2026/09/06,Orbost,530041,PROD,0.000,71.421,0.000,0.000,,,VIC,Regional - VIC,590012,2026/09/07 12:01:05
2026/09/06,Orica,544011,BBLARGE,9.703,0.000,0.000,0.000,,,QLD,Regional - QLD,590001,2026/09/08 11:01:05
2026/09/06,Orica (Kooragang Island),523206,BBLARGE,39.075,0.000,0.000,0.000,,,NSW,Sydney,520008,2026/09/07 13:00:00
2026/09/06,Osborne,555033,BBGPG,0.000,0.000,0.000,0.000,,,SA,Regional - SA,590013,2026/09/07 11:31:05
2026/09/06,Otway,530044,PROD,0.000,160.600,0.000,0.000,,,VIC,Iona Hub,530016,2026/09/07 15:14:53
2026/09/06,Owen Springs Power Station,580235,BBGPG,0.127,0.000,0.000,0.000,,,NT,Regional - NT,590017,2026/09/07 06:41:23
2026/09/06,Palm Valley,580060,PROD,0.000,5.628,0.000,0.000,,,NT,Regional - NT,590017,2026/09/09 12:41:57
2026/09/06,PCA,550052,PIPE,0.001,13.061,48.513,1.006,,,VIC,Iona Hub,530016,2026/09/07 07:20:01
2026/09/06,PCA,550052,PIPE,11.498,0.000,0.000,0.000,,,SA,Adelaide,550016,2026/09/07 07:20:01
2026/09/06,PCA,550052,PIPE,0.000,0.000,0.000,16.300,,,VIC,Regional - VIC,590012,2026/09/07 07:20:01
2026/09/06,PCA,550052,PIPE,14.678,0.000,0.000,0.000,,,SA,Regional - SA,590013,2026/09/07 07:20:01
2026/09/06,PCI,530060,PIPE,0.000,172.059,1.006,173.072,,,VIC,Iona Hub,530016,2026/09/07 07:20:01
2026/09/06,Peat,540065,PROD,0.000,11.304,0.000,0.000,,,QLD,Regional - QLD,590001,2026/09/11 11:30:10
2026/09/06,Pelican Point Power Station,555089,BBGPG,23.658,0.000,0.000,0.000,,,SA,Regional - SA,590013,2026/09/07 07:20:01
2026/09/06,Phosphate Hill,544081,BBLARGE,23.612,0.000,0.000,0.000,,,QLD,Regional - QLD,590001,2026/09/07 21:22:48
2026/09/06,Pipeline Compression Station,544279,COMPRESSOR,0.000,0.000,0.000,0.000,,,QLD,Regional - QLD,590001,2026/09/07 11:28:04
2026/09/06,PVP,580070,PIPE,0.516,0.000,0.575,0.000,,,NT,Regional - NT,590017,2026/09/07 06:41:23
2026/09/06,QCLNG LNG Plant,544272,LNGEXPORT,1498.054,0.000,0.000,0.000,,,QLD,Curtis Island,540030,2026/09/07 17:44:03
2026/09/06,QGP,540058,PIPE,0.000,0.000,15.393,0.000,,,QLD,Wallumbilla Hub,540032,2026/09/08 11:01:05
2026/09/06,QGP,540058,PIPE,112.640,24.187,76.886,0.000,,,QLD,Regional - QLD,590001,2026/09/08 11:01:05
2026/09/06,Quarantine Power Station,555087,BBGPG,14.383,0.000,0.000,0.000,,,SA,Regional - SA,590013,2026/09/07 11:31:05
2026/09/06,Queensland Aluminia,544012,BBLARGE,36.400,0.000,0.000,0.000,,,QLD,Regional - QLD,590001,2026/09/08 11:01:05
2026/09/06,RBP,540057,PIPE,0.000,0.000,0.648,23.300,,,QLD,Wallumbilla Hub,540032,2026/09/07 21:22:48
2026/09/06,RBP,540057,PIPE,1.641,18.827,44.069,5.003,,,QLD,Regional - QLD,590001,2026/09/07 21:22:48
2026/09/06,RBP,540057,PIPE,35.139,0.000,0.000,0.000,,,QLD,Brisbane,590002,2026/09/07 21:22:48
2026/09/06,RCWP,540102,PIPE,0.000,0.000,0.049,168.116,,,QLD,Wallumbilla Hub,540032,2026/09/07 21:22:48
2026/09/06,RCWP,540102,PIPE,0.000,0.000,166.822,0.000,,,QLD,Regional - QLD,590001,2026/09/07 21:22:48
2026/09/06,Reedy Creek,540085,PROD,0.000,169.820,0.000,0.000,,,QLD,Regional - QLD,590001,2026/09/11 11:30:10
2026/09/06,RMNGPF,640011,PROD,0.000,17.460,0.000,0.000,,,QLD,Regional - QLD,590001,2026/09/07 07:53:59
2026/09/06,RNMGP,640012,PIPE,0.000,17.460,0.000,17.460,,,QLD,Regional - QLD,590001,2026/09/07 07:53:59
2026/09/06,RNP,640009,PIPE,0.000,24.445,0.000,24.445,,,QLD,Regional - QLD,590001,2026/09/07 12:01:33
2026/09/06,Rolleston,540073,PROD,0.000,8.692,0.000,0.000,,,QLD,Regional - QLD,590001,2026/09/08 11:01:05
2026/09/06,Roma,540095,PROD,0.000,230.324,0.000,0.000,,,QLD,Regional - QLD,590001,2026/09/07 11:28:25
2026/09/06,Roma North,544260,PROD,0.000,24.445,0.000,0.000,,,QLD,Regional - QLD,590001,2026/09/07 12:01:39
2026/09/06,Roma Power Station,540120,BBGPG,0.000,0.000,0.000,0.000,,,QLD,Regional - QLD,590001,2026/09/07 11:58:57
2026/09/06,Ron Goodin Power Station,580234,BBGPG,0.000,0.000,0.000,0.000,,,NT,Regional - NT,590017,2026/09/07 06:41:23
2026/09/06,RPL,540110,PIPE,0.042,0.000,0.000,0.000,,,QLD,Regional - QLD,590001,2026/09/07 11:58:57
2026/09/06,Ruby Jo,540082,PROD,0.000,425.671,0.000,0.000,,,QLD,Regional - QLD,590001,2026/09/07 17:44:03
2026/09/06,RUGS,540040,STOR,0.000,0.000,0.000,0.000,15123.387,0.000,QLD,Regional - QLD,590001,2026/09/07 11:28:25
2026/09/06,Scotia,540072,PROD,0.000,101.225,0.000,0.000,,,QLD,Regional - QLD,590001,2026/09/07 11:28:25
2026/09/06,SEPS,550061,PIPE,6.558,0.000,6.562,0.000,,,SA,Regional - SA,590013,2026/09/07 11:32:05
2026/09/06,SESA,550060,PIPE,0.000,0.000,16.301,0.000,,,VIC,Regional - VIC,590012,2026/09/07 21:22:48
2026/09/06,SESA,550060,PIPE,9.609,0.000,0.000,6.564,,,SA,Regional - SA,590013,2026/09/07 21:22:48
2026/09/06,Smithfield Energy Facility,522004,BBGPG,0.000,0.000,0.000,0.000,,,NSW,Regional - NSW,590011,2026/09/07 12:40:06
2026/09/06,Snapper Point,555090,BBGPG,0.000,0.000,0.000,0.000,,,SA,Regional - SA,590013,2026/09/07 11:31:05
2026/09/06,Somerton,533174,BBGPG,11.607,0.000,0.000,0.000,,,VIC,Melbourne,590008,2026/09/07 11:00:01
2026/09/06,SPCF,580236,PROD,0.000,6.373,0.000,0.000,,,NT,Regional - NT,590017,2026/09/08 16:52:27
2026/09/06,SPP,580237,PIPE,0.000,6.373,0.000,6.272,,,NT,Regional - NT,590017,2026/09/07 21:22:48
2026/09/06,Spring Gully,540066,PROD,0.000,53.799,0.000,0.000,,,QLD,Regional - QLD,590001,2026/09/11 11:30:10
2026/09/06,SSP,540103,PIPE,0.000,6.110,0.000,6.110,,,QLD,Regional - QLD,590001,2026/09/07 10:29:24
2026/09/06,SSSF,540062,STOR,0.000,6.300,0.000,0.000,8436.522,0.000,QLD,Regional - QLD,590001,2026/09/07 10:29:24
2026/09/06,Strathblane,540067,PROD,0.000,54.947,0.000,0.000,,,QLD,Regional - QLD,590001,2026/09/11 11:30:10
2026/09/06,Swanbank Power Station,544104,BBGPG,0.000,0.000,0.000,0.000,,,QLD,Brisbane,590002,2026/09/07 21:22:48
2026/09/06,SWQP,540060,PIPE,0.000,0.000,398.156,424.913,,,QLD,Wallumbilla Hub,540032,2026/09/07 21:22:48
2026/09/06,SWQP,540060,PIPE,0.000,0.000,0.000,77.092,,,QLD,Ballera,540078,2026/09/07 21:22:48
2026/09/06,SWQP,540060,PIPE,0.000,174.978,0.000,164.045,,,SA,Moomba Hub,550017,2026/09/07 21:22:48
2026/09/06,SWQP,540060,PIPE,0.135,0.000,0.000,0.000,,,QLD,Regional - QLD,590001,2026/09/07 21:22:48
2026/09/06,Talinga,540076,PROD,0.000,88.023,0.000,0.000,,,QLD,Regional - QLD,590001,2026/09/11 11:30:10
2026/09/06,Tallawarra,522002,BBGPG,0.000,0.000,0.000,0.000,,,NSW,Regional - NSW,590011,2026/09/07 11:00:10
2026/09/06,Tallawarra Pipeline,523201,PIPE,0.000,0.000,0.000,0.000,,,NSW,Regional - NSW,590011,2026/09/07 11:00:10
2026/09/06,Taloona,540068,PROD,0.000,44.431,0.000,0.000,,,QLD,Regional - QLD,590001,2026/09/11 11:30:10
2026/09/06,Tanami GP,580210,PIPE,8.484,0.000,6.000,0.000,,,NT,Regional - NT,590017,2026/09/07 12:02:00
2026/09/06,TGP,570050,PIPE,0.000,0.000,75.983,1.078,,,VIC,Longford Hub,530015,2026/09/08 12:01:00
2026/09/06,TGP,570050,PIPE,47.389,0.000,0.000,0.000,,,TAS,Regional - TAS,590014,2026/09/08 12:01:00
2026/09/06,Tipton,540051,PROD,0.000,40.544,0.000,0.000,,,QLD,Regional - QLD,590001,2026/09/07 12:30:08
2026/09/06,Torrens Island PS,555041,BBGPG,25.976,0.000,0.000,0.000,,,SA,Regional - SA,590013,2026/09/07 11:31:05
2026/09/06,Uranquinty Power Station,522047,BBGPG,0.000,0.000,0.000,0.000,,,NSW,Regional - NSW,590011,2026/09/07 21:22:48
2026/09/06,Valley Power GPG,535024,BBGPG,0.002,0.000,0.000,0.000,,,VIC,Gippsland,590009,2026/09/07 11:00:52
2026/09/06,VicHub,532005,PIPE,0.000,0.000,0.001,0.001,,,VIC,Longford Hub,530015,2026/09/07 12:02:10
2026/09/06,Viva Energy Refinery,535018,BBLARGE,8.706,0.000,0.000,0.000,,,VIC,Geelong,590005,2026/09/07 07:30:14
2026/09/06,VTS,530110,PIPE,0.000,445.920,1.079,0.000,,,VIC,Longford Hub,530015,2026/09/07 11:00:01
2026/09/06,VTS,530110,PIPE,43.621,0.821,124.530,0.000,,,VIC,Iona Hub,530016,2026/09/07 11:00:01
2026/09/06,VTS,530110,PIPE,11.779,0.000,0.000,0.000,,,VIC,Western,590004,2026/09/07 11:00:01
2026/09/06,VTS,530110,PIPE,47.220,0.000,0.000,0.000,,,VIC,Geelong,590005,2026/09/07 11:00:01
2026/09/06,VTS,530110,PIPE,30.681,0.000,0.000,0.000,,,VIC,Ballarat,590006,2026/09/07 11:00:01
2026/09/06,VTS,530110,PIPE,44.296,0.000,0.000,0.000,,,VIC,Northern,590007,2026/09/07 11:00:01
2026/09/06,VTS,530110,PIPE,274.302,4.533,0.000,0.000,,,VIC,Melbourne,590008,2026/09/07 11:00:01
2026/09/06,VTS,530110,PIPE,30.309,0.000,17.569,0.049,,,VIC,Gippsland,590009,2026/09/07 11:00:01
2026/09/06,VTS,530110,PIPE,0.000,0.000,0.000,110.452,,,NSW,Culcairn,590016,2026/09/07 11:00:01
2026/09/06,Wallumbilla Compression Station,544280,COMPRESSOR,0.000,0.000,0.000,0.000,,,QLD,Wallumbilla Hub,540032,2026/09/07 11:28:04
2026/09/06,WCFA,540045,COMPRESSOR,0.000,0.000,110.444,110.444,,,QLD,Wallumbilla Hub,540032,2026/09/07 21:22:48
2026/09/06,WCFB,540046,COMPRESSOR,0.000,0.000,314.469,314.469,,,QLD,Wallumbilla Hub,540032,2026/09/07 21:22:48
2026/09/06,Weddell Power Station,580232,BBGPG,18.864,0.000,0.000,0.000,,,NT,Darwin,580001,2026/09/07 21:22:48
2026/09/06,WGP,540091,PIPE,1498.054,0.000,0.000,0.000,,,QLD,Curtis Island,540030,2026/09/07 17:44:03
2026/09/06,WGP,540091,PIPE,0.000,1483.850,56.697,0.000,,,QLD,Regional - QLD,590001,2026/09/07 17:44:03
2026/09/06,Whyalla Steelworks,555085,BBLARGE,6.358,0.000,0.000,0.000,,,SA,Regional - SA,590013,2026/09/07 11:31:05
2026/09/06,Windibri,540069,PROD,0.000,91.925,0.000,0.000,,,QLD,Regional - QLD,590001,2026/09/07 17:44:03
2026/09/06,Woleebee Creek,540087,PROD,0.000,635.226,0.000,0.000,,,QLD,Regional - QLD,590001,2026/09/07 17:44:03
2026/09/06,WPP,580030,PIPE,18.864,26.292,0.000,7.442,,,NT,Darwin,580001,2026/09/07 21:22:48
2026/09/06,Yarwun,544282,BBGPG,50.289,0.000,0.000,0.000,,,QLD,Regional - QLD,590001,2026/09/08 11:01:05
2026/09/06,Yelcherr,580180,PROD,0.000,0.000,0.000,0.000,,,NT,Regional - NT,590017,2026/09/07 21:22:48
2026/09/06,Yellowbank,540074,PROD,0.000,11.246,0.000,0.000,,,QLD,Regional - QLD,590001,2026/09/08 11:01:05
2026/09/07,Adelaide Brighton,555091,BBLARGE,7.349,0.000,0.000,0.000,,,SA,Adelaide,550016,2026/09/08 13:00:01
2026/09/07,AGP,580010,PIPE,20.317,0.000,6.476,0.000,,,NT,Darwin,580001,2026/09/08 12:46:49
2026/09/07,AGP,580010,PIPE,7.154,31.443,12.681,15.964,,,NT,Regional - NT,590017,2026/09/08 12:46:49
2026/09/07,APLNG Pipeline,540093,PIPE,1600.827,0.000,0.000,0.000,,,QLD,Curtis Island,540030,2026/09/12 11:30:09
2026/09/07,APLNG Pipeline,540093,PIPE,0.000,1310.951,467.421,167.857,,,QLD,Regional - QLD,590001,2026/09/12 11:30:09
2026/09/07,Arcadia,540101,PROD,0.000,91.365,0.000,0.000,,,QLD,Regional - QLD,590001,2026/09/08 10:58:39
2026/09/07,ATGP,640013,PIPE,0.000,43.208,0.000,43.208,,,QLD,Regional - QLD,590001,2026/09/08 12:01:10
2026/09/07,ATHENA,535014,PROD,0.000,17.309,0.000,0.000,,,VIC,Iona Hub,530016,2026/09/12 09:41:16
2026/09/07,Atlas,544261,PROD,0.000,43.208,0.000,0.000,,,QLD,Regional - QLD,590001,2026/09/08 12:01:15
2026/09/07,Atlas East Central Processing Facility,640008,PROD,0.000,32.530,0.000,0.000,,,QLD,Regional - QLD,590001,2026/09/08 10:41:03
2026/09/07,Atlas to Reedy Creek Pipeline,640007,PIPE,0.000,32.531,0.000,32.202,,,QLD,Regional - QLD,590001,2026/09/08 12:46:49
2026/09/07,Australia Pacific LNG,544273,LNGEXPORT,1600.828,0.000,0.000,0.000,,,QLD,Curtis Island,540030,2026/09/08 12:00:25
2026/09/07,Australian Paper (Opal),535021,BBLARGE,11.762,0.000,0.000,0.000,,,VIC,Gippsland,590009,2026/09/08 11:00:01
2026/09/07,B1PL,540077,PIPE,0.034,23.142,0.000,26.392,,,QLD,Regional - QLD,590001,2026/09/08 11:01:10
2026/09/07,B2PL,540071,PIPE,0.000,53.865,2.337,56.697,,,QLD,Regional - QLD,590001,2026/09/08 12:30:09
2026/09/07,Bairnsdale Power Station,535020,BBGPG,0.020,0.000,0.000,0.000,,,VIC,Regional - VIC,590012,2026/09/08 11:01:14
2026/09/07,BCF,540047,COMPRESSOR,0.000,0.000,78.600,78.600,,,QLD,Regional - QLD,590001,2026/09/12 10:00:01
2026/09/07,Bell Bay CCGT,577016,BBGPG,34.274,0.000,0.000,0.000,,,TAS,Regional - TAS,590014,2026/09/09 12:01:00
2026/09/07,Bell Bay GGT,577014,BBGPG,0.000,0.000,0.000,0.000,,,TAS,Regional - TAS,590014,2026/09/09 12:01:00
2026/09/07,Bell Bay OCGT,577015,BBGPG,0.000,0.000,0.000,0.000,,,TAS,Regional - TAS,590014,2026/09/09 12:01:00
2026/09/07,Bellevue,540083,PROD,0.000,149.369,0.000,0.000,,,QLD,Regional - QLD,590001,2026/09/08 10:35:40
2026/09/07,BGP,580020,PIPE,0.354,0.000,0.000,0.000,,,NT,Regional - NT,590017,2026/09/08 12:46:49
2026/09/07,BlueScope,523204,BBLARGE,7.746,0.000,0.000,0.000,,,NSW,Sydney,520008,2026/09/08 12:01:05
2026/09/07,Bolivar,555008,BBGPG,0.000,0.000,0.000,0.000,,,SA,Regional - SA,590013,2026/09/08 12:04:09
2026/09/07,Bomaderry Gas Pipeline,523202,PIPE,21.101,0.000,21.101,0.000,,,NSW,Regional - NSW,590011,2026/09/08 12:51:46
2026/09/07,BPP,530030,PIPE,2.590,20.050,0.000,17.453,,,VIC,Gippsland,590009,2026/09/08 11:00:01
2026/09/07,Braemar 2 Power Station,544085,BBGPG,0.000,0.000,0.000,0.000,,,QLD,Regional - QLD,590001,2026/09/08 12:30:09
2026/09/07,Braemar Power Station,544252,BBGPG,0.034,0.000,0.000,0.000,,,QLD,Regional - QLD,590001,2026/09/08 11:01:10
2026/09/07,BWP,540096,PIPE,0.000,0.000,0.000,36.054,,,QLD,Wallumbilla Hub,540032,2026/09/08 12:46:49
2026/09/07,BWP,540096,PIPE,0.000,36.000,0.000,0.000,,,QLD,Regional - QLD,590001,2026/09/08 12:46:49
2026/09/07,CGP,540059,PIPE,0.000,0.000,78.586,0.000,,,QLD,Ballera,540078,2026/09/08 12:46:49
2026/09/07,CGP,540059,PIPE,71.110,0.000,0.000,0.000,,,QLD,Regional - QLD,590001,2026/09/08 12:46:49
2026/09/07,Channel Island Power Station,580231,BBGPG,20.317,0.000,0.000,0.000,,,NT,Darwin,580001,2026/09/08 12:46:49
2026/09/07,Colongra,523120,BBGPG,0.000,0.000,0.000,0.000,,,NSW,Regional - NSW,590011,2026/09/08 12:00:05
2026/09/07,ColongraGP,520090,PIPE,0.000,0.000,0.000,0.000,,,NSW,Sydney,520008,2026/09/08 12:00:05
2026/09/07,ColongraGP,520090,PIPE,0.000,0.000,0.000,0.000,,,NSW,Regional - NSW,590011,2026/09/08 12:00:05
2026/09/07,Combabula,540094,PROD,0.000,287.720,0.000,0.000,,,QLD,Regional - QLD,590001,2026/09/12 11:30:09
2026/09/07,Condabri Central,540080,PROD,0.000,140.222,0.000,0.000,,,QLD,Regional - QLD,590001,2026/09/12 11:30:09
2026/09/07,Condabri North,540090,PROD,0.000,163.536,0.000,0.000,,,QLD,Regional - QLD,590001,2026/09/12 11:30:09
2026/09/07,Condabri South,540086,PROD,0.000,144.082,0.000,0.000,,,QLD,Regional - QLD,590001,2026/09/12 11:30:09
2026/09/07,Condamine Power Station,544274,BBGPG,0.000,0.000,0.000,0.000,,,QLD,Regional - QLD,590001,2026/09/08 10:35:42
2026/09/07,CRWP,540098,PIPE,0.000,0.000,315.361,0.000,,,QLD,Wallumbilla Hub,540032,2026/09/08 10:58:04
2026/09/07,CRWP,540098,PIPE,0.000,234.056,41.225,611.983,,,QLD,Regional - QLD,590001,2026/09/08 10:58:04
2026/09/07,CWP,520054,PIPE,4.441,0.000,4.108,0.000,,,NSW,Regional - NSW,590011,2026/09/08 12:46:49
2026/09/07,Daandine,540050,PROD,0.000,53.865,0.000,0.000,,,QLD,Regional - QLD,590001,2026/09/08 12:30:09
2026/09/07,Dandenong LNG,530038,STOR,6.258,0.330,0.000,0.000,624.027,27.889,VIC,Melbourne,590008,2026/09/08 12:46:49
2026/09/07,DDP,540097,PIPE,0.000,0.000,0.000,154.488,,,QLD,Wallumbilla Hub,540032,2026/09/08 12:01:09
2026/09/07,DDP,540097,PIPE,14.921,544.650,90.534,467.422,,,QLD,Regional - QLD,590001,2026/09/08 12:01:09
2026/09/07,DDPS,544027,BBGPG,14.921,0.000,0.000,0.000,,,QLD,Regional - QLD,590001,2026/09/08 12:01:09
2026/09/07,Diamantina Power Station,544077,BBGPG,38.182,0.000,0.000,0.000,,,QLD,Regional - QLD,590001,2026/09/08 12:46:49
2026/09/07,Dry Creek Power Station,555026,BBGPG,0.000,0.000,0.000,0.000,,,SA,Regional - SA,590013,2026/09/08 11:31:05
2026/09/07,EGP,520047,PIPE,133.051,0.000,0.000,0.000,,,NSW,Sydney,520008,2026/09/08 12:01:05
2026/09/07,EGP,520047,PIPE,9.666,0.000,0.000,0.000,,,NSW,Canberra,520009,2026/09/08 12:01:05
2026/09/07,EGP,520047,PIPE,0.000,201.378,0.000,98.369,,,VIC,Longford Hub,530015,2026/09/08 12:01:05
2026/09/07,EGP,520047,PIPE,4.413,0.000,0.000,21.101,,,NSW,Regional - NSW,590011,2026/09/08 12:01:05
2026/09/07,EGP,520047,PIPE,0.944,71.599,0.000,0.000,,,VIC,Regional - VIC,590012,2026/09/08 12:01:05
2026/09/07,EO4PL,540055,PIPE,0.000,0.000,0.000,0.000,,,QLD,Regional - QLD,590001,2026/09/08 10:35:40
2026/09/07,Eurombah Creek,540089,PROD,0.000,137.899,0.000,0.000,,,QLD,Regional - QLD,590001,2026/09/12 11:30:09
2026/09/07,Fairview,540070,PROD,0.000,280.484,0.000,0.000,,,QLD,Regional - QLD,590001,2026/09/08 10:58:39
2026/09/07,GLNG (Curtis Island),544276,LNGEXPORT,1079.203,0.000,0.000,0.000,,,QLD,Curtis Island,540030,2026/09/08 10:58:04
2026/09/07,GLNG Pipeline,540092,PIPE,1079.203,0.000,0.000,0.000,,,QLD,Curtis Island,540030,2026/09/08 10:58:04
2026/09/07,GLNG Pipeline,540092,PIPE,0.000,416.807,630.482,0.000,,,QLD,Regional - QLD,590001,2026/09/08 10:35:40
2026/09/07,Hallett,555029,BBGPG,0.000,0.000,0.000,0.000,,,SA,Regional - SA,590013,2026/09/08 11:31:05
2026/09/07,Hunter Power Station,523210,BBGPG,0.660,0.000,0.000,0.000,,,NSW,Sydney,520008,2026/09/08 12:46:49
2026/09/07,ICF,530071,COMPRESSOR,0.000,0.000,9.024,9.024,,,VIC,Iona Hub,530016,2026/09/08 08:35:03
2026/09/07,Iona UGS,530042,STOR,21.297,110.437,0.000,0.000,13028.936,0.000,VIC,Iona Hub,530016,2026/09/08 08:30:03
2026/09/07,Jeerelang,533161,BBGPG,0.000,0.000,0.000,0.000,,,VIC,Gippsland,590009,2026/09/08 11:00:01
2026/09/07,Jordan,540088,PROD,0.000,333.712,0.000,0.000,,,QLD,Regional - QLD,590001,2026/09/08 10:35:40
2026/09/07,Katherine Power Station,580233,BBGPG,0.000,0.000,0.000,0.000,,,NT,Regional - NT,590017,2026/09/08 12:46:49
2026/09/07,Kenya,540075,PROD,0.000,112.928,0.000,0.000,,,QLD,Regional - QLD,590001,2026/09/08 10:35:40
2026/09/07,Kincora,544253,PROD,0.000,4.000,0.000,0.000,,,QLD,Regional - QLD,590001,2026/09/08 12:46:49
2026/09/07,KKLP,523209,PIPE,0.660,0.000,0.000,0.000,,,NSW,Sydney,520008,2026/09/08 12:46:49
2026/09/07,Kogan North,540061,PROD,0.000,4.317,0.000,0.000,,,QLD,Regional - QLD,590001,2026/09/08 12:46:49
2026/09/07,Ladbroke Grove PS,555086,BBGPG,5.964,0.000,0.000,0.000,,,SA,Regional - SA,590013,2026/09/08 12:46:49
2026/09/07,Lang Lang,530039,PROD,0.000,20.050,0.000,0.000,,,VIC,Gippsland,590009,2026/09/08 10:44:24
2026/09/07,Laverton,533201,BBGPG,0.000,0.000,0.000,0.000,,,VIC,Geelong,590005,2026/09/08 11:00:01
2026/09/07,Longford,530040,PROD,0.000,620.512,0.000,0.000,,,VIC,Longford Hub,530015,2026/09/08 08:19:20
2026/09/07,Loy Yang B,533163,BBGPG,0.000,0.000,0.000,0.000,,,VIC,Gippsland,590009,2026/09/08 11:00:49
2026/09/07,LYB Transmission Pipeline,535023,PIPE,0.012,0.000,0.000,0.000,,,VIC,Gippsland,590009,2026/09/08 11:00:49
2026/09/07,MAPS,550054,PIPE,46.119,0.000,0.000,0.000,,,SA,Adelaide,550016,2026/09/08 11:31:05
2026/09/07,MAPS,550054,PIPE,0.000,42.236,80.435,0.000,,,SA,Moomba Hub,550017,2026/09/08 11:31:05
2026/09/07,MAPS,550054,PIPE,81.385,0.000,0.000,0.000,,,SA,Regional - SA,590013,2026/09/08 11:31:05
2026/09/07,McArthur River Mine,580220,BBGPG,9.483,0.000,0.000,0.000,,,NT,Regional - NT,590017,2026/09/08 09:05:48
2026/09/07,MCF,550050,COMPRESSOR,0.000,0.000,147.018,147.018,,,SA,Moomba Hub,550017,2026/09/08 12:46:49
2026/09/07,Mereenie,580040,PROD,0.000,25.850,0.000,0.000,,,NT,Regional - NT,590017,2026/09/09 12:42:18
2026/09/07,Meridian,540064,PROD,0.000,49.208,0.000,0.000,,,QLD,Regional - QLD,590001,2026/09/08 09:39:10
2026/09/07,Mintaro Power Station,555031,BBGPG,0.000,0.000,0.000,0.000,,,SA,Regional - SA,590013,2026/09/08 11:31:05
2026/09/07,Moomba,550045,PROD,0.000,242.000,0.000,0.000,,,SA,Moomba Hub,550017,2026/09/12 10:00:01
2026/09/07,Moomba Storage,550046,STOR,0.000,5.000,0.000,0.000,6275.600,0.000,SA,Moomba Hub,550017,2026/09/12 10:00:01
2026/09/07,Mortlake PS,530063,BBGPG,70.639,0.000,0.000,0.000,,,VIC,Regional - VIC,590012,2026/09/08 07:20:00
2026/09/07,MPL,530061,PIPE,0.000,0.000,71.141,0.000,,,VIC,Iona Hub,530016,2026/09/08 07:20:00
2026/09/07,MPL,530061,PIPE,70.639,0.000,0.000,0.000,,,VIC,Regional - VIC,590012,2026/09/08 07:20:00
2026/09/07,MRP,580100,PIPE,9.483,0.000,9.484,0.000,,,NT,Regional - NT,590017,2026/09/08 09:05:48
2026/09/07,MSP,520053,PIPE,84.091,0.000,0.000,0.000,,,NSW,Sydney,520008,2026/09/08 12:46:49
2026/09/07,MSP,520053,PIPE,0.000,0.000,28.487,51.222,,,SA,Moomba Hub,550017,2026/09/08 12:46:49
2026/09/07,MSP,520053,PIPE,32.424,0.000,0.000,4.108,,,NSW,Regional - NSW,590011,2026/09/08 12:46:49
2026/09/07,MSP,520053,PIPE,11.248,0.000,0.000,0.000,,,NSW,Regional - ACT,590015,2026/09/08 12:46:49
2026/09/07,MSP,520053,PIPE,0.000,0.000,130.793,0.000,,,NSW,Culcairn,590016,2026/09/08 12:46:49
2026/09/07,Newport,533171,BBGPG,0.005,0.000,0.000,0.000,,,VIC,Melbourne,590008,2026/09/08 11:00:01
2026/09/07,NGP,580050,PIPE,0.000,0.000,0.000,0.000,,,QLD,Regional - QLD,590001,2026/09/08 12:01:13
2026/09/07,NGP,580050,PIPE,0.000,0.000,0.000,0.000,,,NT,Regional - NT,590017,2026/09/08 12:01:13
2026/09/07,NGS,520060,STOR,0.100,0.407,0.000,0.000,662.146,76.863,NSW,Sydney,520008,2026/09/08 09:14:32
2026/09/07,Oakey PS,544095,BBGPG,0.000,0.000,0.000,0.000,,,QLD,Regional - QLD,590001,2026/09/08 12:46:49
2026/09/07,Orana,540084,PROD,0.000,164.836,0.000,0.000,,,QLD,Regional - QLD,590001,2026/09/12 11:30:09
2026/09/07,Orbost,530041,PROD,0.000,71.599,0.000,0.000,,,VIC,Regional - VIC,590012,2026/09/08 12:01:05
2026/09/07,Orica,544011,BBLARGE,9.046,0.000,0.000,0.000,,,QLD,Regional - QLD,590001,2026/09/08 12:01:06
2026/09/07,Orica (Kooragang Island),523206,BBLARGE,39.170,0.000,0.000,0.000,,,NSW,Sydney,520008,2026/09/08 13:00:00
2026/09/07,Osborne,555033,BBGPG,0.000,0.000,0.000,0.000,,,SA,Regional - SA,590013,2026/09/08 11:31:05
2026/09/07,Otway,530044,PROD,0.000,160.260,0.000,0.000,,,VIC,Iona Hub,530016,2026/09/08 11:27:48
2026/09/07,Owen Springs Power Station,580235,BBGPG,0.046,0.000,0.000,0.000,,,NT,Regional - NT,590017,2026/09/08 06:41:03
2026/09/07,Palm Valley,580060,PROD,0.000,5.593,0.000,0.000,,,NT,Regional - NT,590017,2026/09/09 12:42:18
2026/09/07,PCA,550052,PIPE,0.000,14.866,20.496,49.443,,,VIC,Iona Hub,530016,2026/09/08 07:20:01
2026/09/07,PCA,550052,PIPE,11.585,0.000,0.000,0.000,,,SA,Adelaide,550016,2026/09/08 07:20:01
2026/09/07,PCA,550052,PIPE,0.000,0.000,0.000,13.892,,,VIC,Regional - VIC,590012,2026/09/08 07:20:01
2026/09/07,PCA,550052,PIPE,11.554,0.000,0.000,0.000,,,SA,Regional - SA,590013,2026/09/08 07:20:01
2026/09/07,PCI,530060,PIPE,0.000,171.712,49.443,221.163,,,VIC,Iona Hub,530016,2026/09/08 07:20:01
2026/09/07,Peat,540065,PROD,0.000,11.222,0.000,0.000,,,QLD,Regional - QLD,590001,2026/09/12 11:30:09
2026/09/07,Pelican Point Power Station,555089,BBGPG,22.450,0.000,0.000,0.000,,,SA,Regional - SA,590013,2026/09/08 07:20:01
2026/09/07,Phosphate Hill,544081,BBLARGE,21.712,0.000,0.000,0.000,,,QLD,Regional - QLD,590001,2026/09/08 12:46:49
2026/09/07,Pipeline Compression Station,544279,COMPRESSOR,0.000,0.000,0.000,0.000,,,QLD,Regional - QLD,590001,2026/09/08 10:58:04
2026/09/07,PVP,580070,PIPE,0.443,0.000,0.480,0.000,,,NT,Regional - NT,590017,2026/09/08 06:41:03
2026/09/07,QCLNG LNG Plant,544272,LNGEXPORT,1515.032,0.000,0.000,0.000,,,QLD,Curtis Island,540030,2026/09/08 10:35:40
2026/09/07,QGP,540058,PIPE,0.000,0.000,12.935,0.000,,,QLD,Wallumbilla Hub,540032,2026/09/08 12:01:06
2026/09/07,QGP,540058,PIPE,111.665,24.602,76.886,0.000,,,QLD,Regional - QLD,590001,2026/09/08 12:01:06
2026/09/07,Quarantine Power Station,555087,BBGPG,10.915,0.000,0.000,0.000,,,SA,Regional - SA,590013,2026/09/08 11:31:05
2026/09/07,Queensland Aluminia,544012,BBLARGE,35.142,0.000,0.000,0.000,,,QLD,Regional - QLD,590001,2026/09/08 12:01:06
2026/09/07,RBP,540057,PIPE,0.000,0.000,4.644,10.305,,,QLD,Wallumbilla Hub,540032,2026/09/08 12:46:49
2026/09/07,RBP,540057,PIPE,3.578,28.343,32.692,2.337,,,QLD,Regional - QLD,590001,2026/09/08 12:46:49
2026/09/07,RBP,540057,PIPE,49.627,0.000,0.000,0.000,,,QLD,Brisbane,590002,2026/09/08 12:46:49
2026/09/07,RCWP,540102,PIPE,0.000,0.000,0.000,56.848,,,QLD,Wallumbilla Hub,540032,2026/09/08 12:46:49
2026/09/07,RCWP,540102,PIPE,0.000,0.000,56.993,0.000,,,QLD,Regional - QLD,590001,2026/09/08 12:46:49
2026/09/07,Reedy Creek,540085,PROD,0.000,184.441,0.000,0.000,,,QLD,Regional - QLD,590001,2026/09/12 11:30:09
2026/09/07,RMNGPF,640011,PROD,0.000,17.730,0.000,0.000,,,QLD,Regional - QLD,590001,2026/09/08 10:40:49
2026/09/07,RNMGP,640012,PIPE,0.000,17.730,0.000,17.730,,,QLD,Regional - QLD,590001,2026/09/08 10:40:49
2026/09/07,RNP,640009,PIPE,0.000,23.495,0.000,23.495,,,QLD,Regional - QLD,590001,2026/09/08 12:01:08
2026/09/07,Rolleston,540073,PROD,0.000,8.995,0.000,0.000,,,QLD,Regional - QLD,590001,2026/09/08 12:01:06
2026/09/07,Roma,540095,PROD,0.000,234.056,0.000,0.000,,,QLD,Regional - QLD,590001,2026/09/08 10:58:44
2026/09/07,Roma North,544260,PROD,0.000,23.495,0.000,0.000,,,QLD,Regional - QLD,590001,2026/09/08 12:01:14
2026/09/07,Roma Power Station,540120,BBGPG,0.000,0.000,0.000,0.000,,,QLD,Regional - QLD,590001,2026/09/08 11:03:57
2026/09/07,Ron Goodin Power Station,580234,BBGPG,0.000,0.000,0.000,0.000,,,NT,Regional - NT,590017,2026/09/08 06:41:03
2026/09/07,RPL,540110,PIPE,0.050,0.000,0.000,0.000,,,QLD,Regional - QLD,590001,2026/09/08 11:03:57
2026/09/07,Ruby Jo,540082,PROD,0.000,423.956,0.000,0.000,,,QLD,Regional - QLD,590001,2026/09/08 10:35:40
2026/09/07,RUGS,540040,STOR,0.000,0.000,0.000,0.000,15125.458,0.000,QLD,Regional - QLD,590001,2026/09/08 10:58:44
2026/09/07,Scotia,540072,PROD,0.000,102.257,0.000,0.000,,,QLD,Regional - QLD,590001,2026/09/08 10:58:44
2026/09/07,SEPS,550061,PIPE,7.676,0.000,7.660,0.000,,,SA,Regional - SA,590013,2026/09/08 11:32:05
2026/09/07,SESA,550060,PIPE,0.000,0.000,13.891,0.000,,,VIC,Regional - VIC,590012,2026/09/08 12:46:49
2026/09/07,SESA,550060,PIPE,5.964,0.000,0.000,7.653,,,SA,Regional - SA,590013,2026/09/08 12:46:49
2026/09/07,Shoalhaven Starches Cogeneration Plant,523203,BBLARGE,21.101,0.000,0.000,0.000,,,NSW,Regional - NSW,590011,2026/09/08 12:51:46
2026/09/07,Smithfield Energy Facility,522004,BBGPG,0.000,0.000,0.000,0.000,,,NSW,Regional - NSW,590011,2026/09/08 12:04:16
2026/09/07,Snapper Point,555090,BBGPG,0.000,0.000,0.000,0.000,,,SA,Regional - SA,590013,2026/09/08 11:31:05
2026/09/07,Somerton,533174,BBGPG,20.436,0.000,0.000,0.000,,,VIC,Melbourne,590008,2026/09/08 11:00:01
2026/09/07,SPCF,580236,PROD,0.000,12.681,0.000,0.000,,,NT,Regional - NT,590017,2026/09/08 16:51:30
2026/09/07,SPP,580237,PIPE,0.000,12.681,0.000,12.681,,,NT,Regional - NT,590017,2026/09/08 12:46:49
2026/09/07,Spring Gully,540066,PROD,0.000,54.226,0.000,0.000,,,QLD,Regional - QLD,590001,2026/09/12 11:30:09
2026/09/07,SSP,540103,PIPE,0.000,6.540,0.000,6.540,,,QLD,Regional - QLD,590001,2026/09/08 10:47:41
2026/09/07,SSSF,540062,STOR,0.000,6.300,0.000,0.000,8429.982,0.000,QLD,Regional - QLD,590001,2026/09/08 10:47:41
2026/09/07,Strathblane,540067,PROD,0.000,48.626,0.000,0.000,,,QLD,Regional - QLD,590001,2026/09/12 11:30:09
2026/09/07,Swanbank Power Station,544104,BBGPG,0.000,0.000,0.000,0.000,,,QLD,Brisbane,590002,2026/09/08 12:46:49
2026/09/07,SWQP,540060,PIPE,0.000,0.000,257.048,332.293,,,QLD,Wallumbilla Hub,540032,2026/09/08 12:46:49
2026/09/07,SWQP,540060,PIPE,0.000,0.000,0.000,83.196,,,QLD,Ballera,540078,2026/09/08 12:46:49
2026/09/07,SWQP,540060,PIPE,0.000,204.719,25.005,82.705,,,SA,Moomba Hub,550017,2026/09/08 12:46:49
2026/09/07,SWQP,540060,PIPE,0.132,0.000,0.000,0.000,,,QLD,Regional - QLD,590001,2026/09/08 12:46:49
2026/09/07,Talinga,540076,PROD,0.000,85.107,0.000,0.000,,,QLD,Regional - QLD,590001,2026/09/12 11:30:09
2026/09/07,Tallawarra,522002,BBGPG,0.000,0.000,0.000,0.000,,,NSW,Regional - NSW,590011,2026/09/08 11:00:10
2026/09/07,Tallawarra Pipeline,523201,PIPE,0.000,0.000,0.000,0.000,,,NSW,Regional - NSW,590011,2026/09/08 11:00:10
2026/09/07,Taloona,540068,PROD,0.000,40.896,0.000,0.000,,,QLD,Regional - QLD,590001,2026/09/12 11:30:09
2026/09/07,Tanami GP,580210,PIPE,8.253,0.000,6.000,0.000,,,NT,Regional - NT,590017,2026/09/08 12:02:00
2026/09/07,TGP,570050,PIPE,0.000,0.000,74.284,18.986,,,VIC,Longford Hub,530015,2026/09/09 12:01:00
2026/09/07,TGP,570050,PIPE,54.656,0.000,0.000,0.000,,,TAS,Regional - TAS,590014,2026/09/09 12:01:00
2026/09/07,Tipton,540051,PROD,0.000,23.141,0.000,0.000,,,QLD,Regional - QLD,590001,2026/09/08 12:30:09
2026/09/07,Torrens Island PS,555041,BBGPG,36.274,0.000,0.000,0.000,,,SA,Regional - SA,590013,2026/09/08 11:31:05
2026/09/07,Uranquinty Power Station,522047,BBGPG,0.000,0.000,0.000,0.000,,,NSW,Regional - NSW,590011,2026/09/08 12:46:49
2026/09/07,Valley Power GPG,535024,BBGPG,0.012,0.000,0.000,0.000,,,VIC,Gippsland,590009,2026/09/08 11:00:49
2026/09/07,VicHub,532005,PIPE,0.000,0.000,24.087,24.087,,,VIC,Longford Hub,530015,2026/09/08 12:01:16
2026/09/07,Viva Energy Refinery,535018,BBLARGE,7.717,0.000,0.000,0.000,,,VIC,Geelong,590005,2026/09/08 07:30:13
2026/09/07,VTS,530110,PIPE,0.000,417.378,43.084,0.000,,,VIC,Longford Hub,530015,2026/09/08 11:00:01
2026/09/07,VTS,530110,PIPE,0.000,81.218,129.515,0.000,,,VIC,Iona Hub,530016,2026/09/08 11:00:01
2026/09/07,VTS,530110,PIPE,13.498,0.000,0.000,0.000,,,VIC,Western,590004,2026/09/08 11:00:01
2026/09/07,VTS,530110,PIPE,55.994,0.000,0.000,0.000,,,VIC,Geelong,590005,2026/09/08 11:00:01
2026/09/07,VTS,530110,PIPE,37.313,0.000,0.000,0.000,,,VIC,Ballarat,590006,2026/09/08 11:00:01
2026/09/07,VTS,530110,PIPE,56.372,0.000,0.000,0.000,,,VIC,Northern,590007,2026/09/08 11:00:01
2026/09/07,VTS,530110,PIPE,373.095,4.638,0.000,0.000,,,VIC,Melbourne,590008,2026/09/08 11:00:01
2026/09/07,VTS,530110,PIPE,35.555,0.000,17.453,0.064,,,VIC,Gippsland,590009,2026/09/08 11:00:01
2026/09/07,VTS,530110,PIPE,0.000,0.000,0.000,130.792,,,NSW,Culcairn,590016,2026/09/08 11:00:01
2026/09/07,Wallumbilla Compression Station,544280,COMPRESSOR,0.000,0.000,0.000,0.000,,,QLD,Wallumbilla Hub,540032,2026/09/08 10:58:04
2026/09/07,WCFA,540045,COMPRESSOR,0.000,0.000,116.917,116.917,,,QLD,Wallumbilla Hub,540032,2026/09/08 12:46:49
2026/09/07,WCFB,540046,COMPRESSOR,0.000,0.000,215.375,215.375,,,QLD,Wallumbilla Hub,540032,2026/09/08 12:46:49
2026/09/07,Weddell Power Station,580232,BBGPG,21.746,0.000,0.000,0.000,,,NT,Darwin,580001,2026/09/08 12:46:49
2026/09/07,WGP,540091,PIPE,1515.032,0.000,0.000,0.000,,,QLD,Curtis Island,540030,2026/09/08 10:35:40
2026/09/07,WGP,540091,PIPE,0.000,1407.124,56.697,0.000,,,QLD,Regional - QLD,590001,2026/09/08 10:35:40
2026/09/07,Whyalla Steelworks,555085,BBLARGE,6.712,0.000,0.000,0.000,,,SA,Regional - SA,590013,2026/09/08 11:31:05
2026/09/07,Windibri,540069,PROD,0.000,96.580,0.000,0.000,,,QLD,Regional - QLD,590001,2026/09/08 10:35:40
2026/09/07,Woleebee Creek,540087,PROD,0.000,639.860,0.000,0.000,,,QLD,Regional - QLD,590001,2026/09/08 10:35:40
2026/09/07,WPP,580030,PIPE,21.746,28.222,0.000,6.476,,,NT,Darwin,580001,2026/09/08 12:46:49
2026/09/07,Yarwun,544282,BBGPG,50.854,0.000,0.000,0.000,,,QLD,Regional - QLD,590001,2026/09/08 12:01:06
2026/09/07,Yelcherr,580180,PROD,0.000,0.000,0.000,0.000,,,NT,Regional - NT,590017,2026/09/08 12:46:49
2026/09/07,Yellowbank,540074,PROD,0.000,11.357,0.000,0.000,,,QLD,Regional - QLD,590001,2026/09/08 12:01:06
2026/09/08,Adelaide Brighton,555091,BBLARGE,7.403,0.000,0.000,0.000,,,SA,Adelaide,550016,2026/09/09 13:00:00
2026/09/08,AGP,580010,PIPE,18.748,0.000,0.000,4.117,,,NT,Darwin,580001,2026/09/09 12:46:48
2026/09/08,AGP,580010,PIPE,7.675,31.323,20.151,17.510,,,NT,Regional - NT,590017,2026/09/09 12:46:48
2026/09/08,APLNG Pipeline,540093,PIPE,1668.372,0.000,0.000,0.000,,,QLD,Curtis Island,540030,2026/09/13 11:30:08
2026/09/08,APLNG Pipeline,540093,PIPE,0.000,1338.928,476.249,157.522,,,QLD,Regional - QLD,590001,2026/09/13 11:30:08
2026/09/08,Arcadia,540101,PROD,0.000,92.003,0.000,0.000,,,QLD,Regional - QLD,590001,2026/09/09 11:43:17
2026/09/08,ATGP,640013,PIPE,0.000,42.893,0.000,42.893,,,QLD,Regional - QLD,590001,2026/09/09 12:01:09
2026/09/08,ATHENA,535014,PROD,0.000,16.629,0.000,0.000,,,VIC,Iona Hub,530016,2026/09/13 09:48:01
2026/09/08,Atlas,544261,PROD,0.000,42.893,0.000,0.000,,,QLD,Regional - QLD,590001,2026/09/09 12:01:16
2026/09/08,Atlas East Central Processing Facility,640008,PROD,0.000,33.510,0.000,0.000,,,QLD,Regional - QLD,590001,2026/09/09 08:38:48
2026/09/08,Atlas to Reedy Creek Pipeline,640007,PIPE,0.000,33.510,0.000,32.700,,,QLD,Regional - QLD,590001,2026/09/09 12:46:48
2026/09/08,Australia Pacific LNG,544273,LNGEXPORT,1668.371,0.000,0.000,0.000,,,QLD,Curtis Island,540030,2026/09/09 12:00:25
2026/09/08,Australian Paper (Opal),535021,BBLARGE,11.794,0.000,0.000,0.000,,,VIC,Gippsland,590009,2026/09/10 11:00:01
2026/09/08,B1PL,540077,PIPE,0.035,0.000,0.000,8.694,,,QLD,Regional - QLD,590001,2026/09/09 12:01:54
2026/09/08,B2PL,540071,PIPE,0.000,54.198,0.000,56.710,,,QLD,Regional - QLD,590001,2026/09/09 11:59:17
2026/09/08,Bairnsdale Power Station,535020,BBGPG,3.160,0.000,0.000,0.000,,,VIC,Regional - VIC,590012,2026/09/09 12:01:56
2026/09/08,BCF,540047,COMPRESSOR,0.000,0.000,72.400,72.400,,,QLD,Regional - QLD,590001,2026/09/13 14:02:14
2026/09/08,Bell Bay CCGT,577016,BBGPG,31.107,0.000,0.000,0.000,,,TAS,Regional - TAS,590014,2026/09/10 12:01:00
2026/09/08,Bell Bay GGT,577014,BBGPG,0.000,0.000,0.000,0.000,,,TAS,Regional - TAS,590014,2026/09/10 12:01:00
2026/09/08,Bell Bay OCGT,577015,BBGPG,0.000,0.000,0.000,0.000,,,TAS,Regional - TAS,590014,2026/09/10 12:01:00
2026/09/08,Bellevue,540083,PROD,0.000,155.114,0.000,0.000,,,QLD,Regional - QLD,590001,2026/09/09 10:35:42
2026/09/08,BGP,580020,PIPE,0.360,0.000,0.000,0.000,,,NT,Regional - NT,590017,2026/09/09 12:46:48
2026/09/08,BlueScope,523204,BBLARGE,9.362,0.000,0.000,0.000,,,NSW,Sydney,520008,2026/09/09 12:01:05
2026/09/08,Bolivar,555008,BBGPG,0.000,0.000,0.000,0.000,,,SA,Regional - SA,590013,2026/09/09 12:05:28
2026/09/08,Bomaderry Gas Pipeline,523202,PIPE,19.817,0.000,19.817,0.000,,,NSW,Regional - NSW,590011,2026/09/09 14:13:43
2026/09/08,BPP,530030,PIPE,2.430,19.120,0.000,16.691,,,VIC,Gippsland,590009,2026/09/10 11:00:01
2026/09/08,Braemar 2 Power Station,544085,BBGPG,0.000,0.000,0.000,0.000,,,QLD,Regional - QLD,590001,2026/09/09 11:59:17
2026/09/08,Braemar Power Station,544252,BBGPG,0.035,0.000,0.000,0.000,,,QLD,Regional - QLD,590001,2026/09/09 12:01:54
2026/09/08,BWP,540096,PIPE,0.000,0.000,0.000,52.636,,,QLD,Wallumbilla Hub,540032,2026/09/09 12:46:48
2026/09/08,BWP,540096,PIPE,0.000,52.190,0.000,0.000,,,QLD,Regional - QLD,590001,2026/09/09 12:46:48
2026/09/08,CGP,540059,PIPE,0.000,0.000,72.388,0.000,,,QLD,Ballera,540078,2026/09/09 12:46:48
2026/09/08,CGP,540059,PIPE,69.923,0.000,0.000,0.000,,,QLD,Regional - QLD,590001,2026/09/09 12:46:48
2026/09/08,Channel Island Power Station,580231,BBGPG,18.748,0.000,0.000,0.000,,,NT,Darwin,580001,2026/09/09 12:46:48
2026/09/08,Colongra,523120,BBGPG,0.000,0.000,0.000,0.000,,,NSW,Regional - NSW,590011,2026/09/09 12:00:05
2026/09/08,ColongraGP,520090,PIPE,0.000,0.000,0.000,0.000,,,NSW,Sydney,520008,2026/09/09 12:00:05
2026/09/08,ColongraGP,520090,PIPE,0.000,0.000,0.000,0.000,,,NSW,Regional - NSW,590011,2026/09/09 12:00:05
2026/09/08,Combabula,540094,PROD,0.000,291.681,0.000,0.000,,,QLD,Regional - QLD,590001,2026/09/13 11:30:08
2026/09/08,Condabri Central,540080,PROD,0.000,139.832,0.000,0.000,,,QLD,Regional - QLD,590001,2026/09/13 11:30:08
2026/09/08,Condabri North,540090,PROD,0.000,163.944,0.000,0.000,,,QLD,Regional - QLD,590001,2026/09/13 11:30:08
2026/09/08,Condabri South,540086,PROD,0.000,155.761,0.000,0.000,,,QLD,Regional - QLD,590001,2026/09/13 11:30:08
2026/09/08,Condamine Power Station,544274,BBGPG,0.000,0.000,0.000,0.000,,,QLD,Regional - QLD,590001,2026/09/09 10:36:19
2026/09/08,CRWP,540098,PIPE,0.000,0.000,305.283,0.000,,,QLD,Wallumbilla Hub,540032,2026/09/09 11:43:04
2026/09/08,CRWP,540098,PIPE,0.000,233.598,41.350,589.643,,,QLD,Regional - QLD,590001,2026/09/09 11:43:04
2026/09/08,CWP,520054,PIPE,4.687,0.000,4.108,0.000,,,NSW,Regional - NSW,590011,2026/09/09 12:46:48
2026/09/08,Daandine,540050,PROD,0.000,54.198,0.000,0.000,,,QLD,Regional - QLD,590001,2026/09/09 11:59:25
2026/09/08,Dandenong LNG,530038,STOR,5.936,0.350,0.000,0.000,629.739,27.889,VIC,Melbourne,590008,2026/09/09 12:46:48
2026/09/08,DDP,540097,PIPE,0.000,0.000,0.000,161.380,,,QLD,Wallumbilla Hub,540032,2026/09/09 12:01:08
2026/09/08,DDP,540097,PIPE,9.610,552.425,92.387,475.280,,,QLD,Regional - QLD,590001,2026/09/09 12:01:08
2026/09/08,DDPS,544027,BBGPG,9.610,0.000,0.000,0.000,,,QLD,Regional - QLD,590001,2026/09/09 12:01:08
2026/09/08,Diamantina Power Station,544077,BBGPG,37.558,0.000,0.000,0.000,,,QLD,Regional - QLD,590001,2026/09/09 12:46:48
2026/09/08,Dry Creek Power Station,555026,BBGPG,0.000,0.000,0.000,0.000,,,SA,Regional - SA,590013,2026/09/09 11:31:05
2026/09/08,EGP,520047,PIPE,123.809,0.000,0.000,0.000,,,NSW,Sydney,520008,2026/09/09 12:01:05
2026/09/08,EGP,520047,PIPE,9.910,0.000,0.000,0.000,,,NSW,Canberra,520009,2026/09/09 12:01:05
2026/09/08,EGP,520047,PIPE,0.000,205.873,0.000,111.347,,,VIC,Longford Hub,530015,2026/09/09 12:01:05
2026/09/08,EGP,520047,PIPE,5.205,0.000,0.000,19.817,,,NSW,Regional - NSW,590011,2026/09/09 12:01:05
2026/09/08,EGP,520047,PIPE,4.235,71.863,0.000,0.000,,,VIC,Regional - VIC,590012,2026/09/09 12:01:05
2026/09/08,EO4PL,540055,PIPE,0.000,0.000,0.000,0.000,,,QLD,Regional - QLD,590001,2026/09/09 10:35:42
2026/09/08,Eurombah Creek,540089,PROD,0.000,156.707,0.000,0.000,,,QLD,Regional - QLD,590001,2026/09/13 11:30:08
2026/09/08,Fairview,540070,PROD,0.000,280.522,0.000,0.000,,,QLD,Regional - QLD,590001,2026/09/09 11:43:17
2026/09/08,GLNG (Curtis Island),544276,LNGEXPORT,1015.849,0.000,0.000,0.000,,,QLD,Curtis Island,540030,2026/09/09 11:43:04
2026/09/08,GLNG Pipeline,540092,PIPE,1015.849,0.000,0.000,0.000,,,QLD,Curtis Island,540030,2026/09/09 11:43:04
2026/09/08,GLNG Pipeline,540092,PIPE,0.000,416.691,589.669,0.995,,,QLD,Regional - QLD,590001,2026/09/09 10:35:42
2026/09/08,Hallett,555029,BBGPG,0.000,0.000,0.000,0.000,,,SA,Regional - SA,590013,2026/09/09 11:31:05
2026/09/08,Hunter Power Station,523210,BBGPG,0.018,0.000,0.000,0.000,,,NSW,Sydney,520008,2026/09/09 12:46:48
2026/09/08,ICF,530071,COMPRESSOR,0.000,0.000,6.858,6.858,,,VIC,Iona Hub,530016,2026/09/09 08:35:02
2026/09/08,Iona UGS,530042,STOR,6.858,116.385,0.000,0.000,12919.409,0.000,VIC,Iona Hub,530016,2026/09/09 08:30:03
2026/09/08,Jeerelang,533161,BBGPG,0.000,0.000,0.000,0.000,,,VIC,Gippsland,590009,2026/09/10 11:00:01
2026/09/08,Jordan,540088,PROD,0.000,334.440,0.000,0.000,,,QLD,Regional - QLD,590001,2026/09/09 10:35:42
2026/09/08,Katherine Power Station,580233,BBGPG,0.503,0.000,0.000,0.000,,,NT,Regional - NT,590017,2026/09/09 12:46:48
2026/09/08,Kenya,540075,PROD,0.000,111.168,0.000,0.000,,,QLD,Regional - QLD,590001,2026/09/09 10:35:42
2026/09/08,Kincora,544253,PROD,0.000,4.000,0.000,0.000,,,QLD,Regional - QLD,590001,2026/09/09 12:46:48
2026/09/08,KKLP,523209,PIPE,0.018,0.000,0.000,0.000,,,NSW,Sydney,520008,2026/09/09 12:46:48
2026/09/08,Kogan North,540061,PROD,0.000,4.317,0.000,0.000,,,QLD,Regional - QLD,590001,2026/09/09 12:46:48
2026/09/08,Ladbroke Grove PS,555086,BBGPG,4.789,0.000,0.000,0.000,,,SA,Regional - SA,590013,2026/09/09 12:46:48
2026/09/08,Lang Lang,530039,PROD,0.000,19.120,0.000,0.000,,,VIC,Gippsland,590009,2026/09/09 11:01:52
2026/09/08,Laverton,533201,BBGPG,0.000,0.000,0.000,0.000,,,VIC,Geelong,590005,2026/09/10 11:00:01
2026/09/08,Longford,530040,PROD,0.000,621.031,0.000,0.000,,,VIC,Longford Hub,530015,2026/09/09 09:26:31
2026/09/08,Loy Yang B,533163,BBGPG,0.008,0.000,0.000,0.000,,,VIC,Gippsland,590009,2026/09/09 11:00:52
2026/09/08,LYB Transmission Pipeline,535023,PIPE,0.016,0.000,0.072,0.000,,,VIC,Gippsland,590009,2026/09/09 11:00:52
2026/09/08,MAPS,550054,PIPE,35.190,0.000,0.000,0.000,,,SA,Adelaide,550016,2026/09/09 11:31:05
2026/09/08,MAPS,550054,PIPE,0.000,45.424,59.270,0.000,,,SA,Moomba Hub,550017,2026/09/09 11:31:05
2026/09/08,MAPS,550054,PIPE,69.353,0.000,0.000,0.000,,,SA,Regional - SA,590013,2026/09/09 11:31:05
2026/09/08,McArthur River Mine,580220,BBGPG,8.620,0.000,0.000,0.000,,,NT,Regional - NT,590017,2026/09/09 09:05:47
2026/09/08,MCF,550050,COMPRESSOR,0.000,0.000,162.560,162.560,,,SA,Moomba Hub,550017,2026/09/09 12:46:48
2026/09/08,Mereenie,580040,PROD,0.000,25.729,0.000,0.000,,,NT,Regional - NT,590017,2026/09/09 15:10:01
2026/09/08,Meridian,540064,PROD,0.000,48.416,0.000,0.000,,,QLD,Regional - QLD,590001,2026/09/09 09:39:17
2026/09/08,Mintaro Power Station,555031,BBGPG,0.000,0.000,0.000,0.000,,,SA,Regional - SA,590013,2026/09/09 11:31:05
2026/09/08,Moomba,550045,PROD,0.000,225.800,0.000,0.000,,,SA,Moomba Hub,550017,2026/09/13 14:02:14
2026/09/08,Moomba Storage,550046,STOR,0.000,5.000,0.000,0.000,6270.600,0.000,SA,Moomba Hub,550017,2026/09/13 14:02:14
2026/09/08,Mortlake PS,530063,BBGPG,36.741,0.000,0.000,0.000,,,VIC,Regional - VIC,590012,2026/09/09 07:20:00
2026/09/08,MPL,530061,PIPE,0.000,0.000,37.951,0.000,,,VIC,Iona Hub,530016,2026/09/09 07:20:00
2026/09/08,MPL,530061,PIPE,36.741,0.000,0.000,0.000,,,VIC,Regional - VIC,590012,2026/09/09 07:20:00
2026/09/08,MRP,580100,PIPE,8.620,0.000,8.621,0.000,,,NT,Regional - NT,590017,2026/09/09 09:05:47
2026/09/08,MSP,520053,PIPE,116.105,0.000,0.000,0.000,,,NSW,Sydney,520008,2026/09/09 12:46:48
2026/09/08,MSP,520053,PIPE,0.000,0.000,7.236,43.506,,,SA,Moomba Hub,550017,2026/09/09 12:46:48
2026/09/08,MSP,520053,PIPE,32.161,0.000,0.000,4.108,,,NSW,Regional - NSW,590011,2026/09/09 12:46:48
2026/09/08,MSP,520053,PIPE,11.890,0.000,0.000,0.000,,,NSW,Regional - ACT,590015,2026/09/09 12:46:48
2026/09/08,MSP,520053,PIPE,0.000,0.000,147.367,0.000,,,NSW,Culcairn,590016,2026/09/09 12:46:48
2026/09/08,Newport,533171,BBGPG,0.003,0.000,0.000,0.000,,,VIC,Melbourne,590008,2026/09/10 11:00:01
2026/09/08,NGP,580050,PIPE,0.000,0.000,0.000,0.000,,,QLD,Regional - QLD,590001,2026/09/09 12:01:12
2026/09/08,NGP,580050,PIPE,0.000,0.000,0.000,0.000,,,NT,Regional - NT,590017,2026/09/09 12:01:12
2026/09/08,NGS,520060,STOR,0.160,0.545,0.000,0.000,661.851,76.863,NSW,Sydney,520008,2026/09/09 09:48:07
2026/09/08,Oakey PS,544095,BBGPG,0.000,0.000,0.000,0.000,,,QLD,Regional - QLD,590001,2026/09/09 12:46:48
2026/09/08,Orana,540084,PROD,0.000,171.144,0.000,0.000,,,QLD,Regional - QLD,590001,2026/09/13 11:30:08
2026/09/08,Orbost,530041,PROD,0.000,71.863,0.000,0.000,,,VIC,Regional - VIC,590012,2026/09/09 12:01:05
2026/09/08,Orica,544011,BBLARGE,8.867,0.000,0.000,0.000,,,QLD,Regional - QLD,590001,2026/09/09 12:01:06
2026/09/08,Orica (Kooragang Island),523206,BBLARGE,39.530,0.000,0.000,0.000,,,NSW,Sydney,520008,2026/09/09 13:00:00
2026/09/08,Osborne,555033,BBGPG,0.000,0.000,0.000,0.000,,,SA,Regional - SA,590013,2026/09/09 11:31:05
2026/09/08,Otway,530044,PROD,0.000,164.450,0.000,0.000,,,VIC,Iona Hub,530016,2026/09/09 13:44:21
2026/09/08,Owen Springs Power Station,580235,BBGPG,0.172,0.000,0.000,0.000,,,NT,Regional - NT,590017,2026/09/09 06:41:29
2026/09/08,Palm Valley,580060,PROD,0.000,5.594,0.000,0.000,,,NT,Regional - NT,590017,2026/09/09 15:10:01
2026/09/08,PCA,550052,PIPE,0.000,15.592,49.240,11.731,,,VIC,Iona Hub,530016,2026/09/09 07:20:01
2026/09/08,PCA,550052,PIPE,23.826,0.000,0.000,0.000,,,SA,Adelaide,550016,2026/09/09 07:20:01
2026/09/08,PCA,550052,PIPE,0.000,0.000,0.000,12.408,,,VIC,Regional - VIC,590012,2026/09/09 07:20:01
2026/09/08,PCA,550052,PIPE,19.796,0.000,0.000,0.000,,,SA,Regional - SA,590013,2026/09/09 07:20:01
2026/09/08,PCI,530060,PIPE,0.000,175.484,11.731,187.215,,,VIC,Iona Hub,530016,2026/09/09 07:20:01
2026/09/08,Peat,540065,PROD,0.000,11.199,0.000,0.000,,,QLD,Regional - QLD,590001,2026/09/13 11:30:08
2026/09/08,Pelican Point Power Station,555089,BBGPG,20.277,0.000,0.000,0.000,,,SA,Regional - SA,590013,2026/09/09 07:20:01
2026/09/08,Phosphate Hill,544081,BBLARGE,21.751,0.000,0.000,0.000,,,QLD,Regional - QLD,590001,2026/09/09 12:46:48
2026/09/08,Pipeline Compression Station,544279,COMPRESSOR,0.000,0.000,0.000,0.000,,,QLD,Regional - QLD,590001,2026/09/09 11:43:04
2026/09/08,PVP,580070,PIPE,0.573,0.000,0.689,0.000,,,NT,Regional - NT,590017,2026/09/09 06:41:29
2026/09/08,QCLNG LNG Plant,544272,LNGEXPORT,1483.052,0.000,0.000,0.000,,,QLD,Curtis Island,540030,2026/09/09 10:35:42
2026/09/08,QGP,540058,PIPE,0.000,0.000,4.762,0.000,,,QLD,Wallumbilla Hub,540032,2026/09/09 12:01:06
2026/09/08,QGP,540058,PIPE,111.826,24.704,74.885,0.000,,,QLD,Regional - QLD,590001,2026/09/09 12:01:06
2026/09/08,Quarantine Power Station,555087,BBGPG,8.837,0.000,0.000,0.000,,,SA,Regional - SA,590013,2026/09/09 11:31:05
2026/09/08,Queensland Aluminia,544012,BBLARGE,33.555,0.000,0.000,0.000,,,QLD,Regional - QLD,590001,2026/09/09 12:01:06
2026/09/08,RBP,540057,PIPE,0.000,0.000,37.645,10.300,,,QLD,Wallumbilla Hub,540032,2026/09/09 12:46:48
2026/09/08,RBP,540057,PIPE,3.857,23.119,14.994,0.000,,,QLD,Regional - QLD,590001,2026/09/09 12:46:48
2026/09/08,RBP,540057,PIPE,50.177,0.000,0.000,0.000,,,QLD,Brisbane,590002,2026/09/09 12:46:48
2026/09/08,RCWP,540102,PIPE,0.000,0.000,0.000,65.412,,,QLD,Wallumbilla Hub,540032,2026/09/09 12:46:48
2026/09/08,RCWP,540102,PIPE,0.000,0.000,65.467,0.000,,,QLD,Regional - QLD,590001,2026/09/09 12:46:48
2026/09/08,Reedy Creek,540085,PROD,0.000,183.274,0.000,0.000,,,QLD,Regional - QLD,590001,2026/09/13 11:30:08
2026/09/08,RMNGPF,640011,PROD,0.000,17.960,0.000,0.000,,,QLD,Regional - QLD,590001,2026/09/09 08:38:36
2026/09/08,RNMGP,640012,PIPE,0.000,17.960,0.000,17.960,,,QLD,Regional - QLD,590001,2026/09/09 08:38:36
2026/09/08,RNP,640009,PIPE,0.000,23.390,0.000,23.390,,,QLD,Regional - QLD,590001,2026/09/09 12:01:07
2026/09/08,Rolleston,540073,PROD,0.000,8.812,0.000,0.000,,,QLD,Regional - QLD,590001,2026/09/09 12:01:06
2026/09/08,Roma,540095,PROD,0.000,233.598,0.000,0.000,,,QLD,Regional - QLD,590001,2026/09/09 11:43:21
2026/09/08,Roma North,544260,PROD,0.000,23.390,0.000,0.000,,,QLD,Regional - QLD,590001,2026/09/09 12:01:14
2026/09/08,Roma Power Station,540120,BBGPG,0.000,0.000,0.000,0.000,,,QLD,Regional - QLD,590001,2026/09/09 11:34:57
2026/09/08,Ron Goodin Power Station,580234,BBGPG,0.000,0.000,0.000,0.000,,,NT,Regional - NT,590017,2026/09/09 06:41:29
2026/09/08,RPL,540110,PIPE,0.054,0.000,0.000,0.000,,,QLD,Regional - QLD,590001,2026/09/09 11:34:57
2026/09/08,Ruby Jo,540082,PROD,0.000,423.479,0.000,0.000,,,QLD,Regional - QLD,590001,2026/09/09 10:35:42
2026/09/08,RUGS,540040,STOR,0.000,0.000,0.000,0.000,15125.461,0.000,QLD,Regional - QLD,590001,2026/09/09 11:43:21
2026/09/08,Scotia,540072,PROD,0.000,98.198,0.000,0.000,,,QLD,Regional - QLD,590001,2026/09/09 11:43:21
2026/09/08,SEPS,550061,PIPE,7.497,0.000,7.481,0.000,,,SA,Regional - SA,590013,2026/09/09 11:32:05
2026/09/08,SESA,550060,PIPE,0.000,0.000,12.408,0.000,,,VIC,Regional - VIC,590012,2026/09/09 12:46:48
2026/09/08,SESA,550060,PIPE,4.789,0.000,0.000,7.482,,,SA,Regional - SA,590013,2026/09/09 12:46:48
2026/09/08,Shoalhaven Starches Cogeneration Plant,523203,BBLARGE,19.817,0.000,0.000,0.000,,,NSW,Regional - NSW,590011,2026/09/09 14:13:43
2026/09/08,Smithfield Energy Facility,522004,BBGPG,0.000,0.000,0.000,0.000,,,NSW,Regional - NSW,590011,2026/09/09 12:05:35
2026/09/08,Snapper Point,555090,BBGPG,0.000,0.000,0.000,0.000,,,SA,Regional - SA,590013,2026/09/09 11:31:05
2026/09/08,Somerton,533174,BBGPG,15.523,0.000,0.000,0.000,,,VIC,Melbourne,590008,2026/09/10 11:00:01
2026/09/08,SPCF,580236,PROD,0.000,20.151,0.000,0.000,,,NT,Regional - NT,590017,2026/09/09 10:08:30
2026/09/08,SPP,580237,PIPE,0.000,20.151,0.000,20.151,,,NT,Regional - NT,590017,2026/09/09 12:46:48
2026/09/08,Spring Gully,540066,PROD,0.000,54.945,0.000,0.000,,,QLD,Regional - QLD,590001,2026/09/13 11:30:08
2026/09/08,SSP,540103,PIPE,0.000,6.730,0.000,6.730,,,QLD,Regional - QLD,590001,2026/09/09 10:57:39
2026/09/08,SSSF,540062,STOR,0.000,6.300,0.000,0.000,8423.252,0.000,QLD,Regional - QLD,590001,2026/09/09 10:57:39
2026/09/08,Strathblane,540067,PROD,0.000,50.179,0.000,0.000,,,QLD,Regional - QLD,590001,2026/09/13 11:30:08
2026/09/08,Swanbank Power Station,544104,BBGPG,0.000,0.000,0.000,0.000,,,QLD,Brisbane,590002,2026/09/09 12:46:48
2026/09/08,SWQP,540060,PIPE,0.000,0.000,289.081,347.043,,,QLD,Wallumbilla Hub,540032,2026/09/09 12:46:48
2026/09/08,SWQP,540060,PIPE,0.000,0.000,0.000,76.966,,,QLD,Ballera,540078,2026/09/09 12:46:48
2026/09/08,SWQP,540060,PIPE,0.000,185.561,40.006,63.006,,,SA,Moomba Hub,550017,2026/09/09 12:46:48
2026/09/08,SWQP,540060,PIPE,0.144,0.000,0.000,0.000,,,QLD,Regional - QLD,590001,2026/09/09 12:46:48
2026/09/08,Talinga,540076,PROD,0.000,83.473,0.000,0.000,,,QLD,Regional - QLD,590001,2026/09/13 11:30:08
2026/09/08,Tallawarra,522002,BBGPG,0.000,0.000,0.000,0.000,,,NSW,Regional - NSW,590011,2026/09/09 11:00:04
2026/09/08,Tallawarra Pipeline,523201,PIPE,0.000,0.000,0.000,0.000,,,NSW,Regional - NSW,590011,2026/09/09 11:00:04
2026/09/08,Taloona,540068,PROD,0.000,38.983,0.000,0.000,,,QLD,Regional - QLD,590001,2026/09/13 11:30:08
2026/09/08,Tanami GP,580210,PIPE,8.063,0.000,8.200,0.000,,,NT,Regional - NT,590017,2026/09/09 12:02:00
2026/09/08,TGP,570050,PIPE,0.000,0.000,65.974,17.988,,,VIC,Longford Hub,530015,2026/09/10 12:01:00
2026/09/08,TGP,570050,PIPE,51.357,0.000,0.000,0.000,,,TAS,Regional - TAS,590014,2026/09/10 12:01:00
2026/09/08,Tipton,540051,PROD,0.000,0.000,0.000,0.000,,,QLD,Regional - QLD,590001,2026/09/09 11:59:42
2026/09/08,Torrens Island PS,555041,BBGPG,37.520,0.000,0.000,0.000,,,SA,Regional - SA,590013,2026/09/09 11:31:05
2026/09/08,Uranquinty Power Station,522047,BBGPG,0.000,0.000,0.000,0.000,,,NSW,Regional - NSW,590011,2026/09/09 12:46:48
2026/09/08,Valley Power GPG,535024,BBGPG,0.008,0.000,0.000,0.000,,,VIC,Gippsland,590009,2026/09/09 11:00:52
2026/09/08,VicHub,532005,PIPE,0.000,0.000,45.372,45.372,,,VIC,Longford Hub,530015,2026/09/09 12:01:17
2026/09/08,Viva Energy Refinery,535018,BBLARGE,9.497,0.000,0.000,0.000,,,VIC,Geelong,590005,2026/09/09 07:30:14
2026/09/08,VTS,530110,PIPE,0.000,413.355,63.377,0.000,,,VIC,Longford Hub,530015,2026/09/10 11:00:01
2026/09/08,VTS,530110,PIPE,0.000,101.641,100.026,0.000,,,VIC,Iona Hub,530016,2026/09/10 11:00:01
2026/09/08,VTS,530110,PIPE,12.694,0.000,0.000,0.000,,,VIC,Western,590004,2026/09/10 11:00:01
2026/09/08,VTS,530110,PIPE,56.266,0.000,0.000,0.000,,,VIC,Geelong,590005,2026/09/10 11:00:01
2026/09/08,VTS,530110,PIPE,33.089,0.000,0.000,0.000,,,VIC,Ballarat,590006,2026/09/10 11:00:01
2026/09/08,VTS,530110,PIPE,56.844,0.000,0.000,0.000,,,VIC,Northern,590007,2026/09/10 11:00:01
2026/09/08,VTS,530110,PIPE,352.476,4.681,0.000,0.000,,,VIC,Melbourne,590008,2026/09/10 11:00:01
2026/09/08,VTS,530110,PIPE,34.333,0.000,16.691,0.072,,,VIC,Gippsland,590009,2026/09/10 11:00:01
2026/09/08,VTS,530110,PIPE,0.000,0.000,0.000,147.365,,,NSW,Culcairn,590016,2026/09/10 11:00:01
2026/09/08,Wallumbilla Compression Station,544280,COMPRESSOR,0.000,0.000,0.000,0.000,,,QLD,Wallumbilla Hub,540032,2026/09/09 11:43:04
2026/09/08,WCFA,540045,COMPRESSOR,0.000,0.000,139.785,139.785,,,QLD,Wallumbilla Hub,540032,2026/09/09 12:46:48
2026/09/08,WCFB,540046,COMPRESSOR,0.000,0.000,207.258,207.258,,,QLD,Wallumbilla Hub,540032,2026/09/09 12:46:48
2026/09/08,Weddell Power Station,580232,BBGPG,22.653,0.000,0.000,0.000,,,NT,Darwin,580001,2026/09/09 12:46:48
2026/09/08,WGP,540091,PIPE,1483.052,0.000,0.000,0.000,,,QLD,Curtis Island,540030,2026/09/09 10:35:42
2026/09/08,WGP,540091,PIPE,0.000,1400.547,56.710,0.000,,,QLD,Regional - QLD,590001,2026/09/09 10:35:42
2026/09/08,Whyalla Steelworks,555085,BBLARGE,6.549,0.000,0.000,0.000,,,SA,Regional - SA,590013,2026/09/09 11:31:05
2026/09/08,Windibri,540069,PROD,0.000,96.565,0.000,0.000,,,QLD,Regional - QLD,590001,2026/09/09 10:35:42
2026/09/08,Woleebee Creek,540087,PROD,0.000,641.534,0.000,0.000,,,QLD,Regional - QLD,590001,2026/09/09 10:35:42
2026/09/08,WPP,580030,PIPE,22.653,18.544,4.117,0.000,,,NT,Darwin,580001,2026/09/09 12:46:48
2026/09/08,Yarwun,544282,BBGPG,51.847,0.000,0.000,0.000,,,QLD,Regional - QLD,590001,2026/09/09 12:01:06
2026/09/08,Yelcherr,580180,PROD,0.000,0.000,0.000,0.000,,,NT,Regional - NT,590017,2026/09/09 12:46:48
2026/09/08,Yellowbank,540074,PROD,0.000,11.642,0.000,0.000,,,QLD,Regional - QLD,590001,2026/09/09 12:01:06
2026/09/09,Adelaide Brighton,555091,BBLARGE,8.221,0.000,0.000,0.000,,,SA,Adelaide,550016,2026/09/10 13:00:01
2026/09/09,AGP,580010,PIPE,16.289,0.000,0.000,9.082,,,NT,Darwin,580001,2026/09/10 12:46:48
2026/09/09,AGP,580010,PIPE,7.183,31.350,22.015,18.123,,,NT,Regional - NT,590017,2026/09/10 12:46:48
2026/09/09,APLNG Pipeline,540093,PIPE,1666.905,0.000,0.000,0.000,,,QLD,Curtis Island,540030,2026/09/14 11:30:09
2026/09/09,APLNG Pipeline,540093,PIPE,0.000,1337.150,479.353,160.734,,,QLD,Regional - QLD,590001,2026/09/14 11:30:09
2026/09/09,Arcadia,540101,PROD,0.000,92.199,0.000,0.000,,,QLD,Regional - QLD,590001,2026/09/10 10:58:45
2026/09/09,ATGP,640013,PIPE,0.000,43.033,0.000,43.033,,,QLD,Regional - QLD,590001,2026/09/10 12:01:10
2026/09/09,ATHENA,535014,PROD,0.000,15.759,0.000,0.000,,,VIC,Iona Hub,530016,2026/09/14 10:50:48
2026/09/09,Atlas,544261,PROD,0.000,43.033,0.000,0.000,,,QLD,Regional - QLD,590001,2026/09/10 12:01:14
2026/09/09,Atlas East Central Processing Facility,640008,PROD,0.000,33.440,0.000,0.000,,,QLD,Regional - QLD,590001,2026/09/10 10:29:41
2026/09/09,Atlas to Reedy Creek Pipeline,640007,PIPE,0.000,33.442,0.000,34.367,,,QLD,Regional - QLD,590001,2026/09/10 12:46:48
2026/09/09,Australia Pacific LNG,544273,LNGEXPORT,1666.906,0.000,0.000,0.000,,,QLD,Curtis Island,540030,2026/09/10 12:00:25
2026/09/09,Australian Paper (Opal),535021,BBLARGE,11.185,0.000,0.000,0.000,,,VIC,Gippsland,590009,2026/09/11 11:00:01
2026/09/09,B1PL,540077,PIPE,0.030,0.000,0.000,0.215,,,QLD,Regional - QLD,590001,2026/09/10 11:00:56
2026/09/09,B2PL,540071,PIPE,0.000,54.301,3.006,56.700,,,QLD,Regional - QLD,590001,2026/09/10 12:30:07
2026/09/09,Bairnsdale Power Station,535020,BBGPG,0.000,0.000,0.000,0.000,,,VIC,Regional - VIC,590012,2026/09/10 11:00:53
2026/09/09,BCF,540047,COMPRESSOR,0.000,0.000,70.800,70.800,,,QLD,Regional - QLD,590001,2026/09/14 14:32:28
2026/09/09,Bell Bay CCGT,577016,BBGPG,29.355,0.000,0.000,0.000,,,TAS,Regional - TAS,590014,2026/09/11 12:01:00
2026/09/09,Bell Bay GGT,577014,BBGPG,0.000,0.000,0.000,0.000,,,TAS,Regional - TAS,590014,2026/09/11 12:01:00
2026/09/09,Bell Bay OCGT,577015,BBGPG,0.000,0.000,0.000,0.000,,,TAS,Regional - TAS,590014,2026/09/11 12:01:00
2026/09/09,Bellevue,540083,PROD,0.000,152.047,0.000,0.000,,,QLD,Regional - QLD,590001,2026/09/10 10:35:44
2026/09/09,BGP,580020,PIPE,0.359,0.000,0.000,0.000,,,NT,Regional - NT,590017,2026/09/10 12:46:48
2026/09/09,BlueScope,523204,BBLARGE,10.320,0.000,0.000,0.000,,,NSW,Sydney,520008,2026/09/10 12:01:05
2026/09/09,Bolivar,555008,BBGPG,0.000,0.000,0.000,0.000,,,SA,Regional - SA,590013,2026/09/10 12:03:50
2026/09/09,Bomaderry Gas Pipeline,523202,PIPE,21.085,0.000,21.085,0.000,,,NSW,Regional - NSW,590011,2026/09/10 14:33:54
2026/09/09,BPP,530030,PIPE,2.480,19.070,0.000,16.590,,,VIC,Gippsland,590009,2026/09/11 11:00:01
2026/09/09,Braemar 2 Power Station,544085,BBGPG,0.000,0.000,0.000,0.000,,,QLD,Regional - QLD,590001,2026/09/10 12:30:07
2026/09/09,Braemar Power Station,544252,BBGPG,0.030,0.000,0.000,0.000,,,QLD,Regional - QLD,590001,2026/09/10 11:00:56
2026/09/09,BWP,540096,PIPE,0.000,0.000,0.000,47.705,,,QLD,Wallumbilla Hub,540032,2026/09/10 12:46:48
2026/09/09,BWP,540096,PIPE,0.000,47.889,0.000,0.000,,,QLD,Regional - QLD,590001,2026/09/10 12:46:48
2026/09/09,CGP,540059,PIPE,0.000,0.000,70.826,0.000,,,QLD,Ballera,540078,2026/09/10 12:46:48
2026/09/09,CGP,540059,PIPE,70.626,0.000,0.000,0.000,,,QLD,Regional - QLD,590001,2026/09/10 12:46:48
2026/09/09,Channel Island Power Station,580231,BBGPG,16.289,0.000,0.000,0.000,,,NT,Darwin,580001,2026/09/10 12:46:48
2026/09/09,Colongra,523120,BBGPG,0.000,0.000,0.000,0.000,,,NSW,Regional - NSW,590011,2026/09/10 12:00:05
2026/09/09,ColongraGP,520090,PIPE,0.000,0.000,0.000,0.000,,,NSW,Sydney,520008,2026/09/10 12:00:05
2026/09/09,ColongraGP,520090,PIPE,0.000,0.000,0.000,0.000,,,NSW,Regional - NSW,590011,2026/09/10 12:00:05
2026/09/09,Combabula,540094,PROD,0.000,290.680,0.000,0.000,,,QLD,Regional - QLD,590001,2026/09/14 11:30:09
2026/09/09,Condabri Central,540080,PROD,0.000,140.004,0.000,0.000,,,QLD,Regional - QLD,590001,2026/09/14 11:30:09
2026/09/09,Condabri North,540090,PROD,0.000,162.950,0.000,0.000,,,QLD,Regional - QLD,590001,2026/09/14 11:30:09
2026/09/09,Condabri South,540086,PROD,0.000,154.337,0.000,0.000,,,QLD,Regional - QLD,590001,2026/09/14 11:30:09
2026/09/09,Condamine Power Station,544274,BBGPG,0.000,0.000,0.000,0.000,,,QLD,Regional - QLD,590001,2026/09/10 10:35:25
2026/09/09,CRWP,540098,PIPE,0.000,0.000,291.680,0.000,,,QLD,Wallumbilla Hub,540032,2026/09/10 10:58:06
2026/09/09,CRWP,540098,PIPE,0.000,232.766,41.579,573.240,,,QLD,Regional - QLD,590001,2026/09/10 10:58:06
2026/09/09,CWP,520054,PIPE,4.304,0.000,3.560,0.000,,,NSW,Regional - NSW,590011,2026/09/10 12:46:48
2026/09/09,Daandine,540050,PROD,0.000,54.301,0.000,0.000,,,QLD,Regional - QLD,590001,2026/09/10 12:30:07
2026/09/09,Dandenong LNG,530038,STOR,3.942,0.285,0.000,0.000,633.579,27.889,VIC,Melbourne,590008,2026/09/10 12:46:48
2026/09/09,DDP,540097,PIPE,0.000,0.000,0.000,163.930,,,QLD,Wallumbilla Hub,540032,2026/09/10 12:01:09
2026/09/09,DDP,540097,PIPE,8.797,554.123,92.619,479.353,,,QLD,Regional - QLD,590001,2026/09/10 12:01:09
2026/09/09,DDPS,544027,BBGPG,8.797,0.000,0.000,0.000,,,QLD,Regional - QLD,590001,2026/09/10 12:01:09
2026/09/09,Diamantina Power Station,544077,BBGPG,36.648,0.000,0.000,0.000,,,QLD,Regional - QLD,590001,2026/09/10 12:46:48
2026/09/09,Dry Creek Power Station,555026,BBGPG,0.000,0.000,0.000,0.000,,,SA,Regional - SA,590013,2026/09/10 11:31:05
2026/09/09,EGP,520047,PIPE,126.104,0.000,0.000,0.000,,,NSW,Sydney,520008,2026/09/10 12:01:05
2026/09/09,EGP,520047,PIPE,10.973,0.000,0.000,0.000,,,NSW,Canberra,520009,2026/09/10 12:01:05
2026/09/09,EGP,520047,PIPE,0.000,210.865,0.000,119.938,,,VIC,Longford Hub,530015,2026/09/10 12:01:05
2026/09/09,EGP,520047,PIPE,5.617,0.000,0.000,21.085,,,NSW,Regional - NSW,590011,2026/09/10 12:01:05
2026/09/09,EGP,520047,PIPE,1.058,71.745,0.000,0.000,,,VIC,Regional - VIC,590012,2026/09/10 12:01:05
2026/09/09,EO4PL,540055,PIPE,0.000,0.000,0.000,0.000,,,QLD,Regional - QLD,590001,2026/09/10 10:35:44
2026/09/09,Eurombah Creek,540089,PROD,0.000,155.432,0.000,0.000,,,QLD,Regional - QLD,590001,2026/09/14 11:30:09
2026/09/09,Fairview,540070,PROD,0.000,280.123,0.000,0.000,,,QLD,Regional - QLD,590001,2026/09/10 10:58:45
2026/09/09,GLNG (Curtis Island),544276,LNGEXPORT,980.924,0.000,0.000,0.000,,,QLD,Curtis Island,540030,2026/09/10 10:58:06
2026/09/09,GLNG Pipeline,540092,PIPE,980.924,0.000,0.000,0.000,,,QLD,Curtis Island,540030,2026/09/10 10:58:06
2026/09/09,GLNG Pipeline,540092,PIPE,0.000,402.761,575.578,0.458,,,QLD,Regional - QLD,590001,2026/09/10 10:35:44
2026/09/09,Hallett,555029,BBGPG,0.000,0.000,0.000,0.000,,,SA,Regional - SA,590013,2026/09/10 11:31:05
2026/09/09,Hunter Power Station,523210,BBGPG,0.000,0.000,0.000,0.000,,,NSW,Sydney,520008,2026/09/10 12:46:48
2026/09/09,ICF,530071,COMPRESSOR,0.000,0.000,10.000,10.000,,,VIC,Iona Hub,530016,2026/09/10 08:35:02
2026/09/09,Iona UGS,530042,STOR,22.872,144.252,0.000,0.000,12798.029,0.000,VIC,Iona Hub,530016,2026/09/10 08:30:03
2026/09/09,Jeerelang,533161,BBGPG,0.000,0.000,0.000,0.000,,,VIC,Gippsland,590009,2026/09/11 11:00:01
2026/09/09,Jordan,540088,PROD,0.000,334.965,0.000,0.000,,,QLD,Regional - QLD,590001,2026/09/10 10:35:44
2026/09/09,Katherine Power Station,580233,BBGPG,0.000,0.000,0.000,0.000,,,NT,Regional - NT,590017,2026/09/10 12:46:48
2026/09/09,Kenya,540075,PROD,0.000,111.157,0.000,0.000,,,QLD,Regional - QLD,590001,2026/09/10 10:35:44
2026/09/09,Kincora,544253,PROD,0.000,4.000,0.000,0.000,,,QLD,Regional - QLD,590001,2026/09/10 12:46:48
2026/09/09,KKLP,523209,PIPE,0.000,0.000,0.000,0.000,,,NSW,Sydney,520008,2026/09/10 12:46:48
2026/09/09,Kogan North,540061,PROD,0.000,4.315,0.000,0.000,,,QLD,Regional - QLD,590001,2026/09/10 12:46:48
2026/09/09,Ladbroke Grove PS,555086,BBGPG,0.000,0.000,0.000,0.000,,,SA,Regional - SA,590013,2026/09/10 12:46:48
2026/09/09,Lang Lang,530039,PROD,0.000,19.070,0.000,0.000,,,VIC,Gippsland,590009,2026/09/10 10:02:51
2026/09/09,Laverton,533201,BBGPG,0.000,0.000,0.000,0.000,,,VIC,Geelong,590005,2026/09/11 11:00:01
2026/09/09,Longford,530040,PROD,0.000,621.090,0.000,0.000,,,VIC,Longford Hub,530015,2026/09/10 08:23:25
2026/09/09,Loy Yang B,533163,BBGPG,0.000,0.000,0.000,0.000,,,VIC,Gippsland,590009,2026/09/10 11:01:01
2026/09/09,LYB Transmission Pipeline,535023,PIPE,0.059,0.000,0.149,0.000,,,VIC,Gippsland,590009,2026/09/10 11:01:01
2026/09/09,MAPS,550054,PIPE,37.591,0.000,0.000,0.000,,,SA,Adelaide,550016,2026/09/10 11:31:05
2026/09/09,MAPS,550054,PIPE,0.000,45.267,44.409,0.000,,,SA,Moomba Hub,550017,2026/09/10 11:31:05
2026/09/09,MAPS,550054,PIPE,49.805,0.000,0.000,0.000,,,SA,Regional - SA,590013,2026/09/10 11:31:05
2026/09/09,McArthur River Mine,580220,BBGPG,8.586,0.000,0.000,0.000,,,NT,Regional - NT,590017,2026/09/10 09:05:48
2026/09/09,MCF,550050,COMPRESSOR,0.000,0.000,202.469,202.469,,,SA,Moomba Hub,550017,2026/09/10 12:46:48
2026/09/09,Mereenie,580040,PROD,0.000,25.730,0.000,0.000,,,NT,Regional - NT,590017,2026/09/10 11:21:40
2026/09/09,Meridian,540064,PROD,0.000,34.689,0.000,0.000,,,QLD,Regional - QLD,590001,2026/09/10 09:38:56
2026/09/09,Mintaro Power Station,555031,BBGPG,0.000,0.000,0.000,0.000,,,SA,Regional - SA,590013,2026/09/10 11:31:05
2026/09/09,Moomba,550045,PROD,0.000,230.100,0.000,0.000,,,SA,Moomba Hub,550017,2026/09/14 14:32:28
2026/09/09,Moomba Storage,550046,STOR,0.000,4.900,0.000,0.000,6265.700,0.000,SA,Moomba Hub,550017,2026/09/14 14:32:28
2026/09/09,Mortlake PS,530063,BBGPG,60.657,0.000,0.000,0.000,,,VIC,Regional - VIC,590012,2026/09/10 07:20:00
2026/09/09,MPL,530061,PIPE,0.000,0.000,61.317,0.000,,,VIC,Iona Hub,530016,2026/09/10 07:20:00
2026/09/09,MPL,530061,PIPE,60.657,0.000,0.000,0.000,,,VIC,Regional - VIC,590012,2026/09/10 07:20:00
2026/09/09,MRP,580100,PIPE,8.586,0.000,8.587,0.000,,,NT,Regional - NT,590017,2026/09/10 09:05:48
2026/09/09,MSP,520053,PIPE,117.797,0.000,0.000,0.000,,,NSW,Sydney,520008,2026/09/10 12:46:48
2026/09/09,MSP,520053,PIPE,0.000,0.000,1.400,61.406,,,SA,Moomba Hub,550017,2026/09/10 12:46:48
2026/09/09,MSP,520053,PIPE,33.381,0.000,0.000,3.560,,,NSW,Regional - NSW,590011,2026/09/10 12:46:48
2026/09/09,MSP,520053,PIPE,17.370,0.000,0.000,0.000,,,NSW,Regional - ACT,590015,2026/09/10 12:46:48
2026/09/09,MSP,520053,PIPE,0.000,0.000,125.123,0.000,,,NSW,Culcairn,590016,2026/09/10 12:46:48
2026/09/09,Newport,533171,BBGPG,0.002,0.000,0.000,0.000,,,VIC,Melbourne,590008,2026/09/11 11:00:01
2026/09/09,NGP,580050,PIPE,0.000,0.000,0.000,0.000,,,QLD,Regional - QLD,590001,2026/09/10 12:01:12
2026/09/09,NGP,580050,PIPE,0.000,0.000,0.000,0.000,,,NT,Regional - NT,590017,2026/09/10 12:01:12
2026/09/09,NGS,520060,STOR,0.070,0.492,0.000,0.000,661.378,76.863,NSW,Sydney,520008,2026/09/10 09:11:41
2026/09/09,Oakey PS,544095,BBGPG,0.101,0.000,0.000,0.000,,,QLD,Regional - QLD,590001,2026/09/10 12:46:48
2026/09/09,Orana,540084,PROD,0.000,170.198,0.000,0.000,,,QLD,Regional - QLD,590001,2026/09/14 11:30:09
2026/09/09,Orbost,530041,PROD,0.000,71.745,0.000,0.000,,,VIC,Regional - VIC,590012,2026/09/10 12:01:05
2026/09/09,Orica,544011,BBLARGE,6.860,0.000,0.000,0.000,,,QLD,Regional - QLD,590001,2026/09/10 12:01:06
2026/09/09,Orica (Kooragang Island),523206,BBLARGE,39.020,0.000,0.000,0.000,,,NSW,Sydney,520008,2026/09/10 13:00:00
2026/09/09,Osborne,555033,BBGPG,0.000,0.000,0.000,0.000,,,SA,Regional - SA,590013,2026/09/10 11:31:05
2026/09/09,Otway,530044,PROD,0.000,164.920,0.000,0.000,,,VIC,Iona Hub,530016,2026/09/10 10:06:21
2026/09/09,Owen Springs Power Station,580235,BBGPG,0.201,0.000,0.000,0.000,,,NT,Regional - NT,590017,2026/09/10 06:41:04
2026/09/09,Palm Valley,580060,PROD,0.000,5.620,0.000,0.000,,,NT,Regional - NT,590017,2026/09/10 11:21:40
2026/09/09,PCA,550052,PIPE,0.001,15.110,31.243,27.831,,,VIC,Iona Hub,530016,2026/09/10 07:20:01
2026/09/09,PCA,550052,PIPE,25.381,0.000,0.000,0.000,,,SA,Adelaide,550016,2026/09/10 07:20:01
2026/09/09,PCA,550052,PIPE,0.000,0.000,0.000,7.715,,,VIC,Regional - VIC,590012,2026/09/10 07:20:01
2026/09/09,PCA,550052,PIPE,0.678,0.000,0.000,0.000,,,SA,Regional - SA,590013,2026/09/10 07:20:01
2026/09/09,PCI,530060,PIPE,0.000,175.588,27.831,203.419,,,VIC,Iona Hub,530016,2026/09/10 07:20:01
2026/09/09,Peat,540065,PROD,0.000,8.898,0.000,0.000,,,QLD,Regional - QLD,590001,2026/09/14 11:30:09
2026/09/09,Pelican Point Power Station,555089,BBGPG,15.023,0.000,0.000,0.000,,,SA,Regional - SA,590013,2026/09/10 07:20:01
2026/09/09,Phosphate Hill,544081,BBLARGE,23.274,0.000,0.000,0.000,,,QLD,Regional - QLD,590001,2026/09/10 12:46:48
2026/09/09,Pipeline Compression Station,544279,COMPRESSOR,0.000,0.000,0.000,0.000,,,QLD,Regional - QLD,590001,2026/09/10 10:58:06
2026/09/09,PVP,580070,PIPE,0.645,0.000,0.796,0.000,,,NT,Regional - NT,590017,2026/09/10 06:41:04
2026/09/09,QCLNG LNG Plant,544272,LNGEXPORT,1460.961,0.000,0.000,0.000,,,QLD,Curtis Island,540030,2026/09/10 10:35:44
2026/09/09,QGP,540058,PIPE,0.000,0.000,7.187,0.000,,,QLD,Wallumbilla Hub,540032,2026/09/10 12:01:06
2026/09/09,QGP,540058,PIPE,110.138,25.040,74.886,0.000,,,QLD,Regional - QLD,590001,2026/09/10 12:01:06
2026/09/09,Quarantine Power Station,555087,BBGPG,0.000,0.000,0.000,0.000,,,SA,Regional - SA,590013,2026/09/10 11:31:05
2026/09/09,Queensland Aluminia,544012,BBLARGE,33.854,0.000,0.000,0.000,,,QLD,Regional - QLD,590001,2026/09/10 12:01:06
2026/09/09,RBP,540057,PIPE,0.000,0.000,25.645,10.300,,,QLD,Wallumbilla Hub,540032,2026/09/10 12:46:48
2026/09/09,RBP,540057,PIPE,3.900,30.513,6.515,3.006,,,QLD,Regional - QLD,590001,2026/09/10 12:46:48
2026/09/09,RBP,540057,PIPE,48.794,0.000,0.000,0.000,,,QLD,Brisbane,590002,2026/09/10 12:46:48
2026/09/09,RCWP,540102,PIPE,0.000,0.000,0.000,68.309,,,QLD,Wallumbilla Hub,540032,2026/09/10 12:46:48
2026/09/09,RCWP,540102,PIPE,0.000,0.000,68.328,0.000,,,QLD,Regional - QLD,590001,2026/09/10 12:46:48
2026/09/09,Reedy Creek,540085,PROD,0.000,184.735,0.000,0.000,,,QLD,Regional - QLD,590001,2026/09/14 11:30:09
2026/09/09,RMNGPF,640011,PROD,0.000,18.320,0.000,0.000,,,QLD,Regional - QLD,590001,2026/09/10 10:29:55
2026/09/09,RNMGP,640012,PIPE,0.000,18.320,0.000,18.320,,,QLD,Regional - QLD,590001,2026/09/10 10:29:55
2026/09/09,RNP,640009,PIPE,0.000,23.259,0.000,23.259,,,QLD,Regional - QLD,590001,2026/09/10 12:01:08
2026/09/09,Rolleston,540073,PROD,0.000,8.812,0.000,0.000,,,QLD,Regional - QLD,590001,2026/09/10 12:01:06
2026/09/09,Roma,540095,PROD,0.000,232.766,0.000,0.000,,,QLD,Regional - QLD,590001,2026/09/10 10:58:54
2026/09/09,Roma North,544260,PROD,0.000,23.259,0.000,0.000,,,QLD,Regional - QLD,590001,2026/09/10 12:01:13
2026/09/09,Roma Power Station,540120,BBGPG,0.000,0.000,0.000,0.000,,,QLD,Regional - QLD,590001,2026/09/10 11:26:57
2026/09/09,Ron Goodin Power Station,580234,BBGPG,0.000,0.000,0.000,0.000,,,NT,Regional - NT,590017,2026/09/10 06:41:04
2026/09/09,RPL,540110,PIPE,0.053,0.000,0.000,0.000,,,QLD,Regional - QLD,590001,2026/09/10 11:26:57
2026/09/09,Ruby Jo,540082,PROD,0.000,423.097,0.000,0.000,,,QLD,Regional - QLD,590001,2026/09/10 10:35:44
2026/09/09,RUGS,540040,STOR,0.000,0.000,0.000,0.000,15125.464,0.000,QLD,Regional - QLD,590001,2026/09/10 10:58:54
2026/09/09,Scotia,540072,PROD,0.000,102.728,0.000,0.000,,,QLD,Regional - QLD,590001,2026/09/10 10:58:54
2026/09/09,SEPS,550061,PIPE,7.596,0.000,7.585,0.000,,,SA,Regional - SA,590013,2026/09/10 11:32:05
2026/09/09,SESA,550060,PIPE,0.000,0.000,7.712,0.000,,,VIC,Regional - VIC,590012,2026/09/10 12:46:48
2026/09/09,SESA,550060,PIPE,0.000,0.000,0.000,7.592,,,SA,Regional - SA,590013,2026/09/10 12:46:48
2026/09/09,Shoalhaven Starches Cogeneration Plant,523203,BBLARGE,21.085,0.000,0.000,0.000,,,NSW,Regional - NSW,590011,2026/09/10 14:33:54
2026/09/09,Smithfield Energy Facility,522004,BBGPG,0.023,0.000,0.000,0.000,,,NSW,Regional - NSW,590011,2026/09/10 12:03:57
2026/09/09,Snapper Point,555090,BBGPG,0.000,0.000,0.000,0.000,,,SA,Regional - SA,590013,2026/09/10 11:31:05
2026/09/09,Somerton,533174,BBGPG,6.751,0.000,0.000,0.000,,,VIC,Melbourne,590008,2026/09/11 11:00:01
2026/09/09,SPCF,580236,PROD,0.000,22.015,0.000,0.000,,,NT,Regional - NT,590017,2026/09/11 09:57:10
2026/09/09,SPP,580237,PIPE,0.000,22.015,0.000,22.015,,,NT,Regional - NT,590017,2026/09/10 12:46:48
2026/09/09,Spring Gully,540066,PROD,0.000,54.002,0.000,0.000,,,QLD,Regional - QLD,590001,2026/09/14 11:30:09
2026/09/09,SSP,540103,PIPE,0.000,6.740,0.000,6.740,,,QLD,Regional - QLD,590001,2026/09/10 09:33:36
2026/09/09,SSSF,540062,STOR,0.000,6.300,0.000,0.000,8416.512,0.000,QLD,Regional - QLD,590001,2026/09/10 09:33:36
2026/09/09,Strathblane,540067,PROD,0.000,50.216,0.000,0.000,,,QLD,Regional - QLD,590001,2026/09/14 11:30:09
2026/09/09,Swanbank Power Station,544104,BBGPG,0.000,0.000,0.000,0.000,,,QLD,Brisbane,590002,2026/09/10 12:46:48
2026/09/09,SWQP,540060,PIPE,0.000,0.000,286.597,320.865,,,QLD,Wallumbilla Hub,540032,2026/09/10 12:46:48
2026/09/09,SWQP,540060,PIPE,0.000,0.000,0.000,75.439,,,QLD,Ballera,540078,2026/09/10 12:46:48
2026/09/09,SWQP,540060,PIPE,0.000,186.873,60.006,44.409,,,SA,Moomba Hub,550017,2026/09/10 12:46:48
2026/09/09,SWQP,540060,PIPE,0.158,0.000,0.000,0.000,,,QLD,Regional - QLD,590001,2026/09/10 12:46:48
2026/09/09,Talinga,540076,PROD,0.000,81.487,0.000,0.000,,,QLD,Regional - QLD,590001,2026/09/14 11:30:09
2026/09/09,Tallawarra,522002,BBGPG,0.000,0.000,0.000,0.000,,,NSW,Regional - NSW,590011,2026/09/10 11:00:04
2026/09/09,Tallawarra Pipeline,523201,PIPE,0.000,0.000,0.000,0.000,,,NSW,Regional - NSW,590011,2026/09/10 11:00:04
2026/09/09,Taloona,540068,PROD,0.000,38.591,0.000,0.000,,,QLD,Regional - QLD,590001,2026/09/14 11:30:09
2026/09/09,Tanami GP,580210,PIPE,8.451,0.000,8.740,0.000,,,NT,Regional - NT,590017,2026/09/10 12:02:00
2026/09/09,TGP,570050,PIPE,0.000,0.000,67.442,25.988,,,VIC,Longford Hub,530015,2026/09/11 12:01:00
2026/09/09,TGP,570050,PIPE,49.982,0.000,0.000,0.000,,,TAS,Regional - TAS,590014,2026/09/11 12:01:00
2026/09/09,Tipton,540051,PROD,0.000,0.000,0.000,0.000,,,QLD,Regional - QLD,590001,2026/09/10 12:30:07
2026/09/09,Torrens Island PS,555041,BBGPG,12.699,0.000,0.000,0.000,,,SA,Regional - SA,590013,2026/09/10 11:31:05
2026/09/09,Uranquinty Power Station,522047,BBGPG,0.000,0.000,0.000,0.000,,,NSW,Regional - NSW,590011,2026/09/10 12:46:48
2026/09/09,Valley Power GPG,535024,BBGPG,0.059,0.000,0.000,0.000,,,VIC,Gippsland,590009,2026/09/10 11:01:01
2026/09/09,VicHub,532005,PIPE,0.000,0.000,52.499,52.499,,,VIC,Longford Hub,530015,2026/09/10 12:01:15
2026/09/09,Viva Energy Refinery,535018,BBLARGE,11.898,0.000,0.000,0.000,,,VIC,Geelong,590005,2026/09/10 07:30:13
2026/09/09,VTS,530110,PIPE,0.000,408.393,78.508,0.000,,,VIC,Longford Hub,530015,2026/09/11 11:00:01
2026/09/09,VTS,530110,PIPE,0.000,111.547,110.856,0.000,,,VIC,Iona Hub,530016,2026/09/11 11:00:01
2026/09/09,VTS,530110,PIPE,13.190,0.000,0.000,0.000,,,VIC,Western,590004,2026/09/11 11:00:01
2026/09/09,VTS,530110,PIPE,64.149,0.000,0.000,0.000,,,VIC,Geelong,590005,2026/09/11 11:00:01
2026/09/09,VTS,530110,PIPE,41.750,0.000,0.000,0.000,,,VIC,Ballarat,590006,2026/09/11 11:00:01
2026/09/09,VTS,530110,PIPE,64.780,0.000,0.000,0.000,,,VIC,Northern,590007,2026/09/11 11:00:01
2026/09/09,VTS,530110,PIPE,387.303,5.102,0.000,0.000,,,VIC,Melbourne,590008,2026/09/11 11:00:01
2026/09/09,VTS,530110,PIPE,35.609,0.000,16.590,0.149,,,VIC,Gippsland,590009,2026/09/11 11:00:01
2026/09/09,VTS,530110,PIPE,0.000,0.000,0.000,125.123,,,NSW,Culcairn,590016,2026/09/11 11:00:01
2026/09/09,Wallumbilla Compression Station,544280,COMPRESSOR,0.000,0.000,0.000,0.000,,,QLD,Wallumbilla Hub,540032,2026/09/10 10:58:06
2026/09/09,WCFA,540045,COMPRESSOR,0.000,0.000,129.179,129.179,,,QLD,Wallumbilla Hub,540032,2026/09/10 12:46:48
2026/09/09,WCFB,540046,COMPRESSOR,0.000,0.000,191.687,191.687,,,QLD,Wallumbilla Hub,540032,2026/09/10 12:46:48
2026/09/09,Weddell Power Station,580232,BBGPG,21.606,0.000,0.000,0.000,,,NT,Darwin,580001,2026/09/10 12:46:48
2026/09/09,WGP,540091,PIPE,1460.961,0.000,0.000,0.000,,,QLD,Curtis Island,540030,2026/09/10 10:35:44
2026/09/09,WGP,540091,PIPE,0.000,1389.983,56.700,0.000,,,QLD,Regional - QLD,590001,2026/09/10 10:35:44
2026/09/09,Whyalla Steelworks,555085,BBLARGE,5.882,0.000,0.000,0.000,,,SA,Regional - SA,590013,2026/09/10 11:31:05
2026/09/09,Windibri,540069,PROD,0.000,97.085,0.000,0.000,,,QLD,Regional - QLD,590001,2026/09/10 10:35:44
2026/09/09,Woleebee Creek,540087,PROD,0.000,641.414,0.000,0.000,,,QLD,Regional - QLD,590001,2026/09/10 10:35:44
2026/09/09,WPP,580030,PIPE,21.606,12.519,9.082,0.000,,,NT,Darwin,580001,2026/09/10 12:46:48
2026/09/09,Yarwun,544282,BBGPG,51.500,0.000,0.000,0.000,,,QLD,Regional - QLD,590001,2026/09/10 12:01:06
2026/09/09,Yelcherr,580180,PROD,0.000,0.000,0.000,0.000,,,NT,Regional - NT,590017,2026/09/10 12:46:48
2026/09/09,Yellowbank,540074,PROD,0.000,11.978,0.000,0.000,,,QLD,Regional - QLD,590001,2026/09/10 12:01:06
2026/09/10,Adelaide Brighton,555091,BBLARGE,8.605,0.000,0.000,0.000,,,SA,Adelaide,550016,2026/09/11 13:00:00
2026/09/10,AGP,580010,PIPE,15.683,0.000,0.000,10.572,,,NT,Darwin,580001,2026/09/11 12:46:49
2026/09/10,AGP,580010,PIPE,7.491,31.380,19.320,19.161,,,NT,Regional - NT,590017,2026/09/11 12:46:49
2026/09/10,APLNG Pipeline,540093,PIPE,1601.689,0.000,0.000,0.000,,,QLD,Curtis Island,540030,2026/09/14 11:30:09
2026/09/10,APLNG Pipeline,540093,PIPE,0.000,1222.624,474.957,147.047,,,QLD,Regional - QLD,590001,2026/09/14 11:30:09
2026/09/10,Arcadia,540101,PROD,0.000,92.386,0.000,0.000,,,QLD,Regional - QLD,590001,2026/09/11 11:13:16
2026/09/10,ATGP,640013,PIPE,0.000,43.289,0.000,43.289,,,QLD,Regional - QLD,590001,2026/09/11 12:01:11
2026/09/10,ATHENA,535014,PROD,0.000,16.810,0.000,0.000,,,VIC,Iona Hub,530016,2026/09/15 10:44:51
2026/09/10,Atlas,544261,PROD,0.000,43.289,0.000,0.000,,,QLD,Regional - QLD,590001,2026/09/11 12:01:15
2026/09/10,Atlas East Central Processing Facility,640008,PROD,0.000,32.060,0.000,0.000,,,QLD,Regional - QLD,590001,2026/09/11 11:26:34
2026/09/10,Atlas to Reedy Creek Pipeline,640007,PIPE,0.000,32.053,0.000,31.573,,,QLD,Regional - QLD,590001,2026/09/11 12:46:49
2026/09/10,Australia Pacific LNG,544273,LNGEXPORT,1601.688,0.000,0.000,0.000,,,QLD,Curtis Island,540030,2026/09/11 12:00:25
2026/09/10,Australian Paper (Opal),535021,BBLARGE,11.211,0.000,0.000,0.000,,,VIC,Gippsland,590009,2026/09/11 11:00:01
2026/09/10,B1PL,540077,PIPE,0.030,0.650,3.967,0.001,,,QLD,Regional - QLD,590001,2026/09/11 11:00:44
2026/09/10,B2PL,540071,PIPE,0.000,54.710,2.006,56.671,,,QLD,Regional - QLD,590001,2026/09/11 12:30:08
2026/09/10,Bairnsdale Power Station,535020,BBGPG,0.000,0.000,0.000,0.000,,,VIC,Regional - VIC,590012,2026/09/11 11:00:41
2026/09/10,BCF,540047,COMPRESSOR,0.000,0.000,69.900,69.900,,,QLD,Regional - QLD,590001,2026/09/15 10:00:01
2026/09/10,Bell Bay CCGT,577016,BBGPG,34.697,0.000,0.000,0.000,,,TAS,Regional - TAS,590014,2026/09/12 12:01:00
2026/09/10,Bell Bay GGT,577014,BBGPG,0.000,0.000,0.000,0.000,,,TAS,Regional - TAS,590014,2026/09/12 12:01:00
2026/09/10,Bell Bay OCGT,577015,BBGPG,0.001,0.000,0.000,0.000,,,TAS,Regional - TAS,590014,2026/09/12 12:01:00
2026/09/10,Bellevue,540083,PROD,0.000,145.723,0.000,0.000,,,QLD,Regional - QLD,590001,2026/09/11 10:35:43
2026/09/10,BGP,580020,PIPE,0.357,0.000,0.000,0.000,,,NT,Regional - NT,590017,2026/09/11 12:46:49
2026/09/10,BlueScope,523204,BBLARGE,9.870,0.000,0.000,0.000,,,NSW,Sydney,520008,2026/09/11 12:01:05
2026/09/10,Bolivar,555008,BBGPG,0.000,0.000,0.000,0.000,,,SA,Regional - SA,590013,2026/09/11 12:06:36
2026/09/10,Bomaderry Gas Pipeline,523202,PIPE,0.000,0.000,21.608,0.000,,,NSW,Regional - NSW,590011,2026/09/11 12:01:05
2026/09/10,BPP,530030,PIPE,2.430,19.050,0.000,16.620,,,VIC,Gippsland,590009,2026/09/11 11:00:01
2026/09/10,Braemar 2 Power Station,544085,BBGPG,0.000,0.000,0.000,0.000,,,QLD,Regional - QLD,590001,2026/09/11 12:30:08
2026/09/10,Braemar Power Station,544252,BBGPG,0.030,0.000,0.000,0.000,,,QLD,Regional - QLD,590001,2026/09/11 11:00:44
2026/09/10,BWP,540096,PIPE,0.000,0.000,0.000,54.051,,,QLD,Wallumbilla Hub,540032,2026/09/11 12:46:49
2026/09/10,BWP,540096,PIPE,0.000,54.444,0.000,0.000,,,QLD,Regional - QLD,590001,2026/09/11 12:46:49
2026/09/10,CGP,540059,PIPE,0.000,0.000,69.935,0.000,,,QLD,Ballera,540078,2026/09/11 12:46:49
2026/09/10,CGP,540059,PIPE,73.462,0.000,0.000,0.000,,,QLD,Regional - QLD,590001,2026/09/11 12:46:49
2026/09/10,Channel Island Power Station,580231,BBGPG,15.683,0.000,0.000,0.000,,,NT,Darwin,580001,2026/09/11 12:46:49
2026/09/10,Colongra,523120,BBGPG,0.007,0.000,0.000,0.000,,,NSW,Regional - NSW,590011,2026/09/11 12:00:05
2026/09/10,ColongraGP,520090,PIPE,-0.003,0.000,0.000,0.000,,,NSW,Sydney,520008,2026/09/11 12:00:05
2026/09/10,ColongraGP,520090,PIPE,0.007,0.000,0.000,0.000,,,NSW,Regional - NSW,590011,2026/09/11 12:00:05
2026/09/10,Combabula,540094,PROD,0.000,290.009,0.000,0.000,,,QLD,Regional - QLD,590001,2026/09/14 11:30:09
2026/09/10,Condabri Central,540080,PROD,0.000,34.887,0.000,0.000,,,QLD,Regional - QLD,590001,2026/09/14 11:30:09
2026/09/10,Condabri North,540090,PROD,0.000,144.997,0.000,0.000,,,QLD,Regional - QLD,590001,2026/09/14 11:30:09
2026/09/10,Condabri South,540086,PROD,0.000,159.928,0.000,0.000,,,QLD,Regional - QLD,590001,2026/09/14 11:30:09
2026/09/10,Condamine Power Station,544274,BBGPG,0.000,0.000,0.000,0.000,,,QLD,Regional - QLD,590001,2026/09/11 10:36:02
2026/09/10,CRWP,540098,PIPE,0.000,0.000,291.662,0.000,,,QLD,Wallumbilla Hub,540032,2026/09/11 11:13:05
2026/09/10,CRWP,540098,PIPE,0.000,232.729,41.408,574.083,,,QLD,Regional - QLD,590001,2026/09/11 11:13:05
2026/09/10,CWP,520054,PIPE,3.222,0.000,1.748,0.000,,,NSW,Regional - NSW,590011,2026/09/11 12:46:49
2026/09/10,Daandine,540050,PROD,0.000,54.710,0.000,0.000,,,QLD,Regional - QLD,590001,2026/09/11 12:30:08
2026/09/10,Dandenong LNG,530038,STOR,3.154,0.225,0.000,0.000,636.773,27.889,VIC,Melbourne,590008,2026/09/11 12:46:49
2026/09/10,DDP,540097,PIPE,0.000,0.000,0.000,144.428,,,QLD,Wallumbilla Hub,540032,2026/09/11 12:01:10
2026/09/10,DDP,540097,PIPE,28.795,554.235,95.397,474.957,,,QLD,Regional - QLD,590001,2026/09/11 12:01:10
2026/09/10,DDPS,544027,BBGPG,28.795,0.000,0.000,0.000,,,QLD,Regional - QLD,590001,2026/09/11 12:01:10
2026/09/10,Diamantina Power Station,544077,BBGPG,37.074,0.000,0.000,0.000,,,QLD,Regional - QLD,590001,2026/09/11 12:46:49
2026/09/10,Dry Creek Power Station,555026,BBGPG,0.000,0.000,0.000,0.000,,,SA,Regional - SA,590013,2026/09/11 11:31:05
2026/09/10,EGP,520047,PIPE,135.291,0.000,0.000,0.000,,,NSW,Sydney,520008,2026/09/11 12:01:05
2026/09/10,EGP,520047,PIPE,6.865,0.000,0.000,0.000,,,NSW,Canberra,520009,2026/09/11 12:01:05
2026/09/10,EGP,520047,PIPE,0.000,208.295,0.000,111.004,,,VIC,Longford Hub,530015,2026/09/11 12:01:05
2026/09/10,EGP,520047,PIPE,4.220,0.000,0.000,21.608,,,NSW,Regional - NSW,590011,2026/09/11 12:01:05
2026/09/10,EGP,520047,PIPE,0.952,64.622,0.000,0.000,,,VIC,Regional - VIC,590012,2026/09/11 12:01:05
2026/09/10,EO4PL,540055,PIPE,0.000,0.000,0.000,0.000,,,QLD,Regional - QLD,590001,2026/09/11 10:35:43
2026/09/10,Eurombah Creek,540089,PROD,0.000,157.134,0.000,0.000,,,QLD,Regional - QLD,590001,2026/09/14 11:30:09
2026/09/10,Fairview,540070,PROD,0.000,280.868,0.000,0.000,,,QLD,Regional - QLD,590001,2026/09/11 11:13:16
2026/09/10,GLNG (Curtis Island),544276,LNGEXPORT,997.124,0.000,0.000,0.000,,,QLD,Curtis Island,540030,2026/09/11 11:13:05
2026/09/10,GLNG Pipeline,540092,PIPE,997.124,0.000,0.000,0.000,,,QLD,Curtis Island,540030,2026/09/11 11:13:05
2026/09/10,GLNG Pipeline,540092,PIPE,0.000,417.765,576.281,0.117,,,QLD,Regional - QLD,590001,2026/09/11 10:35:43
2026/09/10,Hallett,555029,BBGPG,0.000,0.000,0.000,0.000,,,SA,Regional - SA,590013,2026/09/11 11:31:05
2026/09/10,Hunter Power Station,523210,BBGPG,0.014,0.000,0.000,0.000,,,NSW,Sydney,520008,2026/09/11 12:46:49
2026/09/10,ICF,530071,COMPRESSOR,0.000,0.000,6.237,6.237,,,VIC,Iona Hub,530016,2026/09/11 08:35:02
2026/09/10,Iona UGS,530042,STOR,6.237,94.150,0.000,0.000,12710.116,0.000,VIC,Iona Hub,530016,2026/09/11 08:30:03
2026/09/10,Jeerelang,533161,BBGPG,0.088,0.000,0.000,0.000,,,VIC,Gippsland,590009,2026/09/11 11:00:01
2026/09/10,Jordan,540088,PROD,0.000,335.016,0.000,0.000,,,QLD,Regional - QLD,590001,2026/09/11 10:35:43
2026/09/10,Katherine Power Station,580233,BBGPG,0.412,0.000,0.000,0.000,,,NT,Regional - NT,590017,2026/09/11 12:46:49
2026/09/10,Kenya,540075,PROD,0.000,112.524,0.000,0.000,,,QLD,Regional - QLD,590001,2026/09/11 10:35:43
2026/09/10,Kincora,544253,PROD,0.000,4.000,0.000,0.000,,,QLD,Regional - QLD,590001,2026/09/11 12:46:49
2026/09/10,KKLP,523209,PIPE,0.014,0.000,0.000,0.000,,,NSW,Sydney,520008,2026/09/11 12:46:49
2026/09/10,Kogan North,540061,PROD,0.000,4.316,0.000,0.000,,,QLD,Regional - QLD,590001,2026/09/11 12:46:49
2026/09/10,Ladbroke Grove PS,555086,BBGPG,3.322,0.000,0.000,0.000,,,SA,Regional - SA,590013,2026/09/11 12:46:49
2026/09/10,Lang Lang,530039,PROD,0.000,19.050,0.000,0.000,,,VIC,Gippsland,590009,2026/09/11 10:09:58
2026/09/10,Laverton,533201,BBGPG,0.000,0.000,0.000,0.000,,,VIC,Geelong,590005,2026/09/11 11:00:01
2026/09/10,Longford,530040,PROD,0.000,615.276,0.000,0.000,,,VIC,Longford Hub,530015,2026/09/11 08:23:46
2026/09/10,Loy Yang B,533163,BBGPG,0.000,0.000,0.000,0.000,,,VIC,Gippsland,590009,2026/09/11 11:00:46
2026/09/10,LYB Transmission Pipeline,535023,PIPE,0.764,0.000,0.000,0.000,,,VIC,Gippsland,590009,2026/09/11 11:00:46
2026/09/10,MAPS,550054,PIPE,28.908,0.000,0.000,0.000,,,SA,Adelaide,550016,2026/09/11 11:31:05
2026/09/10,MAPS,550054,PIPE,0.000,43.650,50.591,0.000,,,SA,Moomba Hub,550017,2026/09/11 11:31:05
2026/09/10,MAPS,550054,PIPE,56.067,0.000,0.000,0.000,,,SA,Regional - SA,590013,2026/09/11 11:31:05
2026/09/10,McArthur River Mine,580220,BBGPG,9.257,0.000,0.000,0.000,,,NT,Regional - NT,590017,2026/09/11 09:25:47
2026/09/10,MCF,550050,COMPRESSOR,0.000,0.000,168.587,168.587,,,SA,Moomba Hub,550017,2026/09/11 12:46:49
2026/09/10,Mereenie,580040,PROD,0.000,25.756,0.000,0.000,,,NT,Regional - NT,590017,2026/09/11 11:02:17
2026/09/10,Meridian,540064,PROD,0.000,48.761,0.000,0.000,,,QLD,Regional - QLD,590001,2026/09/11 09:39:06
2026/09/10,Mintaro Power Station,555031,BBGPG,0.000,0.000,0.000,0.000,,,SA,Regional - SA,590013,2026/09/11 11:31:05
2026/09/10,Moomba,550045,PROD,0.000,228.100,0.000,0.000,,,SA,Moomba Hub,550017,2026/09/15 10:00:01
2026/09/10,Moomba Storage,550046,STOR,0.000,5.900,0.000,0.000,6259.800,0.000,SA,Moomba Hub,550017,2026/09/15 10:00:01
2026/09/10,Mortlake PS,530063,BBGPG,21.839,0.000,0.000,0.000,,,VIC,Regional - VIC,590012,2026/09/11 07:20:00
2026/09/10,MPL,530061,PIPE,0.000,0.000,24.120,0.000,,,VIC,Iona Hub,530016,2026/09/11 07:20:00
2026/09/10,MPL,530061,PIPE,21.839,0.000,0.000,0.000,,,VIC,Regional - VIC,590012,2026/09/11 07:20:00
2026/09/10,MRP,580100,PIPE,9.257,0.000,9.258,0.000,,,NT,Regional - NT,590017,2026/09/11 09:25:47
2026/09/10,MSP,520053,PIPE,112.810,0.000,0.000,0.000,,,NSW,Sydney,520008,2026/09/11 12:46:49
2026/09/10,MSP,520053,PIPE,0.000,0.000,37.687,72.443,,,SA,Moomba Hub,550017,2026/09/11 12:46:49
2026/09/10,MSP,520053,PIPE,33.491,0.000,0.000,1.748,,,NSW,Regional - NSW,590011,2026/09/11 12:46:49
2026/09/10,MSP,520053,PIPE,18.675,0.000,0.000,0.000,,,NSW,Regional - ACT,590015,2026/09/11 12:46:49
2026/09/10,MSP,520053,PIPE,0.000,0.000,120.650,0.000,,,NSW,Culcairn,590016,2026/09/11 12:46:49
2026/09/10,Newport,533171,BBGPG,0.002,0.000,0.000,0.000,,,VIC,Melbourne,590008,2026/09/11 11:00:01
2026/09/10,NGP,580050,PIPE,0.000,0.000,0.000,0.000,,,QLD,Regional - QLD,590001,2026/09/11 12:01:13
2026/09/10,NGP,580050,PIPE,0.000,0.000,0.000,0.000,,,NT,Regional - NT,590017,2026/09/11 12:01:13
2026/09/10,NGS,520060,STOR,0.400,0.561,0.000,0.000,661.259,76.863,NSW,Sydney,520008,2026/09/11 07:55:40
2026/09/10,Oakey PS,544095,BBGPG,0.000,0.000,0.000,0.000,,,QLD,Regional - QLD,590001,2026/09/11 12:46:49
2026/09/10,Orana,540084,PROD,0.000,171.136,0.000,0.000,,,QLD,Regional - QLD,590001,2026/09/14 11:30:09
2026/09/10,Orbost,530041,PROD,0.000,64.622,0.000,0.000,,,VIC,Regional - VIC,590012,2026/09/11 12:01:05
2026/09/10,Orica,544011,BBLARGE,9.886,0.000,0.000,0.000,,,QLD,Regional - QLD,590001,2026/09/11 12:01:08
2026/09/10,Orica (Kooragang Island),523206,BBLARGE,39.847,0.000,0.000,0.000,,,NSW,Sydney,520008,2026/09/11 13:00:00
2026/09/10,Osborne,555033,BBGPG,0.000,0.000,0.000,0.000,,,SA,Regional - SA,590013,2026/09/11 11:31:05
2026/09/10,Otway,530044,PROD,0.000,144.966,0.000,0.000,,,VIC,Iona Hub,530016,2026/09/11 13:03:23
2026/09/10,Owen Springs Power Station,580235,BBGPG,0.434,0.000,0.000,0.000,,,NT,Regional - NT,590017,2026/09/11 06:41:03
2026/09/10,Palm Valley,580060,PROD,0.000,5.624,0.000,0.000,,,NT,Regional - NT,590017,2026/09/11 11:02:17
2026/09/10,PCA,550052,PIPE,0.000,16.711,36.052,3.332,,,VIC,Iona Hub,530016,2026/09/11 07:20:01
2026/09/10,PCA,550052,PIPE,30.719,0.000,0.000,0.000,,,SA,Adelaide,550016,2026/09/11 07:20:01
2026/09/10,PCA,550052,PIPE,0.000,0.000,0.000,9.663,,,VIC,Regional - VIC,590012,2026/09/11 07:20:01
2026/09/10,PCA,550052,PIPE,0.646,0.000,0.000,0.001,,,SA,Regional - SA,590013,2026/09/11 07:20:01
2026/09/10,PCI,530060,PIPE,0.000,156.072,3.332,159.404,,,VIC,Iona Hub,530016,2026/09/11 07:20:01
2026/09/10,Peat,540065,PROD,0.000,10.645,0.000,0.000,,,QLD,Regional - QLD,590001,2026/09/14 11:30:09
2026/09/10,Pelican Point Power Station,555089,BBGPG,12.933,0.000,0.000,0.000,,,SA,Regional - SA,590013,2026/09/11 07:20:01
2026/09/10,Phosphate Hill,544081,BBLARGE,24.614,0.000,0.000,0.000,,,QLD,Regional - QLD,590001,2026/09/11 12:46:49
2026/09/10,Pipeline Compression Station,544279,COMPRESSOR,0.000,0.000,0.000,0.000,,,QLD,Regional - QLD,590001,2026/09/11 11:13:05
2026/09/10,PVP,580070,PIPE,0.918,0.000,1.163,0.000,,,NT,Regional - NT,590017,2026/09/11 06:41:03
2026/09/10,QCLNG LNG Plant,544272,LNGEXPORT,1433.812,0.000,0.000,0.000,,,QLD,Curtis Island,540030,2026/09/11 10:35:43
2026/09/10,QGP,540058,PIPE,0.000,0.000,12.222,0.000,,,QLD,Wallumbilla Hub,540032,2026/09/11 12:01:08
2026/09/10,QGP,540058,PIPE,114.750,23.722,76.889,0.000,,,QLD,Regional - QLD,590001,2026/09/11 12:01:08
2026/09/10,Quarantine Power Station,555087,BBGPG,0.000,0.000,0.000,0.000,,,SA,Regional - SA,590013,2026/09/11 11:31:05
2026/09/10,Queensland Aluminia,544012,BBLARGE,34.611,0.000,0.000,0.000,,,QLD,Regional - QLD,590001,2026/09/11 12:01:08
2026/09/10,RBP,540057,PIPE,0.000,0.000,23.911,10.300,,,QLD,Wallumbilla Hub,540032,2026/09/11 12:46:49
2026/09/10,RBP,540057,PIPE,4.014,35.364,6.301,5.973,,,QLD,Regional - QLD,590001,2026/09/11 12:46:49
2026/09/10,RBP,540057,PIPE,50.127,0.000,0.000,0.000,,,QLD,Brisbane,590002,2026/09/11 12:46:49
2026/09/10,RCWP,540102,PIPE,0.000,0.000,0.000,46.843,,,QLD,Wallumbilla Hub,540032,2026/09/11 12:46:49
2026/09/10,RCWP,540102,PIPE,0.000,0.000,47.261,0.000,,,QLD,Regional - QLD,590001,2026/09/11 12:46:49
2026/09/10,Reedy Creek,540085,PROD,0.000,184.716,0.000,0.000,,,QLD,Regional - QLD,590001,2026/09/14 11:30:09
2026/09/10,RMNGPF,640011,PROD,0.000,18.310,0.000,0.000,,,QLD,Regional - QLD,590001,2026/09/11 11:26:25
2026/09/10,RNMGP,640012,PIPE,0.000,18.310,0.000,18.310,,,QLD,Regional - QLD,590001,2026/09/11 11:26:25
2026/09/10,RNP,640009,PIPE,0.000,23.098,0.000,23.098,,,QLD,Regional - QLD,590001,2026/09/11 12:01:09
2026/09/10,Rolleston,540073,PROD,0.000,8.035,0.000,0.000,,,QLD,Regional - QLD,590001,2026/09/11 12:01:08
2026/09/10,Roma,540095,PROD,0.000,232.729,0.000,0.000,,,QLD,Regional - QLD,590001,2026/09/11 11:13:20
2026/09/10,Roma North,544260,PROD,0.000,23.098,0.000,0.000,,,QLD,Regional - QLD,590001,2026/09/11 12:01:14
2026/09/10,Roma Power Station,540120,BBGPG,0.000,0.000,0.000,0.000,,,QLD,Regional - QLD,590001,2026/09/11 11:27:58
2026/09/10,Ron Goodin Power Station,580234,BBGPG,0.000,0.000,0.000,0.000,,,NT,Regional - NT,590017,2026/09/11 06:41:03
2026/09/10,RPL,540110,PIPE,0.054,0.000,0.000,0.000,,,QLD,Regional - QLD,590001,2026/09/11 11:27:58
2026/09/10,Ruby Jo,540082,PROD,0.000,422.296,0.000,0.000,,,QLD,Regional - QLD,590001,2026/09/11 10:35:43
2026/09/10,RUGS,540040,STOR,1.740,0.000,0.000,0.000,15127.157,0.000,QLD,Regional - QLD,590001,2026/09/11 11:13:20
2026/09/10,Scotia,540072,PROD,0.000,102.509,0.000,0.000,,,QLD,Regional - QLD,590001,2026/09/11 11:13:20
2026/09/10,SEPS,550061,PIPE,6.167,0.000,6.183,0.000,,,SA,Regional - SA,590013,2026/09/11 11:32:05
2026/09/10,SESA,550060,PIPE,0.000,0.000,9.662,0.000,,,VIC,Regional - VIC,590012,2026/09/11 12:46:49
2026/09/10,SESA,550060,PIPE,3.322,0.000,0.000,6.180,,,SA,Regional - SA,590013,2026/09/11 12:46:49
2026/09/10,Smithfield Energy Facility,522004,BBGPG,0.000,0.000,0.000,0.000,,,NSW,Regional - NSW,590011,2026/09/11 12:06:37
2026/09/10,Snapper Point,555090,BBGPG,0.000,0.000,0.000,0.000,,,SA,Regional - SA,590013,2026/09/11 11:31:05
2026/09/10,Somerton,533174,BBGPG,7.465,0.000,0.000,0.000,,,VIC,Melbourne,590008,2026/09/11 11:00:01
2026/09/10,SPCF,580236,PROD,0.000,19.320,0.000,0.000,,,NT,Regional - NT,590017,2026/09/11 09:57:45
2026/09/10,SPP,580237,PIPE,0.000,19.320,0.000,19.320,,,NT,Regional - NT,590017,2026/09/11 12:46:49
2026/09/10,Spring Gully,540066,PROD,0.000,54.976,0.000,0.000,,,QLD,Regional - QLD,590001,2026/09/14 11:30:09
2026/09/10,SSP,540103,PIPE,0.000,6.800,0.000,6.800,,,QLD,Regional - QLD,590001,2026/09/11 11:14:15
2026/09/10,SSSF,540062,STOR,0.000,6.300,0.000,0.000,8409.712,0.000,QLD,Regional - QLD,590001,2026/09/11 11:14:15
2026/09/10,Strathblane,540067,PROD,0.000,46.752,0.000,0.000,,,QLD,Regional - QLD,590001,2026/09/14 11:30:09
2026/09/10,Swanbank Power Station,544104,BBGPG,0.000,0.000,0.000,0.000,,,QLD,Brisbane,590002,2026/09/11 12:46:49
2026/09/10,SWQP,540060,PIPE,0.000,0.000,254.975,327.148,,,QLD,Wallumbilla Hub,540032,2026/09/11 12:46:49
2026/09/10,SWQP,540060,PIPE,0.000,0.000,0.000,74.559,,,QLD,Ballera,540078,2026/09/11 12:46:49
2026/09/10,SWQP,540060,PIPE,0.000,184.422,60.006,75.841,,,SA,Moomba Hub,550017,2026/09/11 12:46:49
2026/09/10,SWQP,540060,PIPE,0.155,0.000,0.000,0.000,,,QLD,Regional - QLD,590001,2026/09/11 12:46:49
2026/09/10,Talinga,540076,PROD,0.000,84.870,0.000,0.000,,,QLD,Regional - QLD,590001,2026/09/14 11:30:09
2026/09/10,Tallawarra,522002,BBGPG,0.000,0.000,0.000,0.000,,,NSW,Regional - NSW,590011,2026/09/11 11:00:04
2026/09/10,Tallawarra Pipeline,523201,PIPE,0.000,0.000,0.000,0.000,,,NSW,Regional - NSW,590011,2026/09/11 11:00:04
2026/09/10,Taloona,540068,PROD,0.000,39.931,0.000,0.000,,,QLD,Regional - QLD,590001,2026/09/14 11:30:09
2026/09/10,Tanami GP,580210,PIPE,8.546,0.000,8.740,0.000,,,NT,Regional - NT,590017,2026/09/11 12:02:00
2026/09/10,TGP,570050,PIPE,0.000,0.000,74.207,20.625,,,VIC,Longford Hub,530015,2026/09/12 12:01:00
2026/09/10,TGP,570050,PIPE,54.363,0.000,0.000,0.000,,,TAS,Regional - TAS,590014,2026/09/12 12:01:00
2026/09/10,Tipton,540051,PROD,0.000,0.000,0.000,0.000,,,QLD,Regional - QLD,590001,2026/09/11 12:30:08
2026/09/10,Torrens Island PS,555041,BBGPG,18.717,0.000,0.000,0.000,,,SA,Regional - SA,590013,2026/09/11 11:31:05
2026/09/10,Uranquinty Power Station,522047,BBGPG,0.000,0.000,0.000,0.000,,,NSW,Regional - NSW,590011,2026/09/11 12:46:49
2026/09/10,Valley Power GPG,535024,BBGPG,0.764,0.000,0.000,0.000,,,VIC,Gippsland,590009,2026/09/11 11:00:46
2026/09/10,VicHub,532005,PIPE,0.000,0.000,36.802,36.802,,,VIC,Longford Hub,530015,2026/09/11 12:01:16
2026/09/10,Viva Energy Refinery,535018,BBLARGE,7.839,0.000,0.000,0.000,,,VIC,Geelong,590005,2026/09/11 07:30:14
2026/09/10,VTS,530110,PIPE,0.000,405.159,57.443,0.000,,,VIC,Longford Hub,530015,2026/09/11 11:00:01
2026/09/10,VTS,530110,PIPE,0.000,77.348,99.205,0.000,,,VIC,Iona Hub,530016,2026/09/11 11:00:01
2026/09/10,VTS,530110,PIPE,11.808,0.000,0.000,0.000,,,VIC,Western,590004,2026/09/11 11:00:01
2026/09/10,VTS,530110,PIPE,55.544,0.000,0.000,0.000,,,VIC,Geelong,590005,2026/09/11 11:00:01
2026/09/10,VTS,530110,PIPE,34.590,0.000,0.000,0.000,,,VIC,Ballarat,590006,2026/09/11 11:00:01
2026/09/10,VTS,530110,PIPE,58.919,0.000,0.000,0.000,,,VIC,Northern,590007,2026/09/11 11:00:01
2026/09/10,VTS,530110,PIPE,349.217,6.340,0.000,0.000,,,VIC,Melbourne,590008,2026/09/11 11:00:01
2026/09/10,VTS,530110,PIPE,32.416,0.000,16.620,0.768,,,VIC,Gippsland,590009,2026/09/11 11:00:01
2026/09/10,VTS,530110,PIPE,0.000,0.000,0.000,120.648,,,NSW,Culcairn,590016,2026/09/11 11:00:01
2026/09/10,Wallumbilla Compression Station,544280,COMPRESSOR,0.000,0.000,0.000,0.000,,,QLD,Wallumbilla Hub,540032,2026/09/11 11:13:05
2026/09/10,WCFA,540045,COMPRESSOR,0.000,0.000,132.893,132.893,,,QLD,Wallumbilla Hub,540032,2026/09/11 12:46:49
2026/09/10,WCFB,540046,COMPRESSOR,0.000,0.000,194.255,194.255,,,QLD,Wallumbilla Hub,540032,2026/09/11 12:46:49
2026/09/10,Weddell Power Station,580232,BBGPG,22.484,0.000,0.000,0.000,,,NT,Darwin,580001,2026/09/11 12:46:49
2026/09/10,WGP,540091,PIPE,1433.812,0.000,0.000,0.000,,,QLD,Curtis Island,540030,2026/09/11 10:35:43
2026/09/10,WGP,540091,PIPE,0.000,1371.498,56.671,0.000,,,QLD,Regional - QLD,590001,2026/09/11 10:35:43
2026/09/10,Whyalla Steelworks,555085,BBLARGE,6.607,0.000,0.000,0.000,,,SA,Regional - SA,590013,2026/09/11 11:31:05
2026/09/10,Windibri,540069,PROD,0.000,93.671,0.000,0.000,,,QLD,Regional - QLD,590001,2026/09/11 10:35:43
2026/09/10,Woleebee Creek,540087,PROD,0.000,640.860,0.000,0.000,,,QLD,Regional - QLD,590001,2026/09/11 10:35:43
2026/09/10,WPP,580030,PIPE,22.484,11.909,10.572,0.000,,,NT,Darwin,580001,2026/09/11 12:46:49
2026/09/10,Yarwun,544282,BBGPG,52.204,0.000,0.000,0.000,,,QLD,Regional - QLD,590001,2026/09/11 12:01:08
2026/09/10,Yelcherr,580180,PROD,0.000,0.000,0.000,0.000,,,NT,Regional - NT,590017,2026/09/11 12:46:49
2026/09/10,Yellowbank,540074,PROD,0.000,11.437,0.000,0.000,,,QLD,Regional - QLD,590001,2026/09/11 12:01:08
2026/09/11,Adelaide Brighton,555091,BBLARGE,7.342,0.000,0.000,0.000,,,SA,Adelaide,550016,2026/09/12 13:00:00
2026/09/11,AGP,580010,PIPE,15.656,0.000,0.000,15.101,,,NT,Darwin,580001,2026/09/12 12:48:49
2026/09/11,AGP,580010,PIPE,7.171,31.207,27.000,18.514,,,NT,Regional - NT,590017,2026/09/12 12:48:49
2026/09/11,APLNG Pipeline,540093,PIPE,1601.432,0.000,0.000,0.000,,,QLD,Curtis Island,540030,2026/09/14 11:30:09
2026/09/11,APLNG Pipeline,540093,PIPE,0.000,1182.565,540.514,142.421,,,QLD,Regional - QLD,590001,2026/09/14 11:30:09
2026/09/11,Arcadia,540101,PROD,0.000,92.657,0.000,0.000,,,QLD,Regional - QLD,590001,2026/09/12 10:58:40
2026/09/11,ATGP,640013,PIPE,0.000,42.824,0.000,42.824,,,QLD,Regional - QLD,590001,2026/09/12 12:01:11
2026/09/11,ATHENA,535014,PROD,0.000,17.039,0.000,0.000,,,VIC,Iona Hub,530016,2026/09/15 10:44:51
2026/09/11,Atlas,544261,PROD,0.000,42.824,0.000,0.000,,,QLD,Regional - QLD,590001,2026/09/12 12:01:16
2026/09/11,Atlas East Central Processing Facility,640008,PROD,0.000,33.240,0.000,0.000,,,QLD,Regional - QLD,590001,2026/09/12 08:30:35
2026/09/11,Atlas to Reedy Creek Pipeline,640007,PIPE,0.000,33.254,0.000,27.948,,,QLD,Regional - QLD,590001,2026/09/12 12:48:49
2026/09/11,Australia Pacific LNG,544273,LNGEXPORT,1601.432,0.000,0.000,0.000,,,QLD,Curtis Island,540030,2026/09/12 12:00:25
2026/09/11,Australian Paper (Opal),535021,BBLARGE,10.259,0.000,0.000,0.000,,,VIC,Gippsland,590009,2026/09/12 11:00:01
2026/09/11,B1PL,540077,PIPE,0.190,84.821,0.000,28.141,,,QLD,Regional - QLD,590001,2026/09/12 11:00:51
2026/09/11,B2PL,540071,PIPE,0.000,54.641,1.011,55.672,,,QLD,Regional - QLD,590001,2026/09/12 12:30:08
2026/09/11,Bairnsdale Power Station,535020,BBGPG,0.000,0.000,0.000,0.000,,,VIC,Regional - VIC,590012,2026/09/12 11:00:57
2026/09/11,BCF,540047,COMPRESSOR,0.000,0.000,71.000,71.000,,,QLD,Regional - QLD,590001,2026/09/15 10:00:01
2026/09/11,Bell Bay CCGT,577016,BBGPG,33.086,0.000,0.000,0.000,,,TAS,Regional - TAS,590014,2026/09/13 12:01:00
2026/09/11,Bell Bay GGT,577014,BBGPG,0.000,0.000,0.000,0.000,,,TAS,Regional - TAS,590014,2026/09/13 12:01:00
2026/09/11,Bell Bay OCGT,577015,BBGPG,0.000,0.000,0.000,0.000,,,TAS,Regional - TAS,590014,2026/09/13 12:01:00
2026/09/11,Bellevue,540083,PROD,0.000,149.348,0.000,0.000,,,QLD,Regional - QLD,590001,2026/09/12 10:35:31
2026/09/11,BGP,580020,PIPE,0.352,0.000,0.000,0.000,,,NT,Regional - NT,590017,2026/09/12 12:48:49
2026/09/11,BlueScope,523204,BBLARGE,9.559,0.000,0.000,0.000,,,NSW,Sydney,520008,2026/09/12 12:01:05
2026/09/11,Bolivar,555008,BBGPG,0.000,0.000,0.000,0.000,,,SA,Regional - SA,590013,2026/09/12 12:03:58
2026/09/11,Bomaderry Gas Pipeline,523202,PIPE,0.000,0.000,22.399,0.000,,,NSW,Regional - NSW,590011,2026/09/12 12:01:05
2026/09/11,BPP,530030,PIPE,2.650,19.100,0.000,16.480,,,VIC,Gippsland,590009,2026/09/12 11:00:01
2026/09/11,Braemar 2 Power Station,544085,BBGPG,0.000,0.000,0.000,0.000,,,QLD,Regional - QLD,590001,2026/09/12 12:30:08
2026/09/11,Braemar Power Station,544252,BBGPG,0.190,0.000,0.000,0.000,,,QLD,Regional - QLD,590001,2026/09/12 11:00:51
2026/09/11,BWP,540096,PIPE,0.000,0.000,0.000,41.765,,,QLD,Wallumbilla Hub,540032,2026/09/12 12:48:49
2026/09/11,BWP,540096,PIPE,0.000,39.646,0.000,0.000,,,QLD,Regional - QLD,590001,2026/09/12 12:48:49
2026/09/11,CGP,540059,PIPE,0.000,0.000,70.952,0.000,,,QLD,Ballera,540078,2026/09/12 12:48:49
2026/09/11,CGP,540059,PIPE,74.387,0.000,0.000,0.000,,,QLD,Regional - QLD,590001,2026/09/12 12:48:49
2026/09/11,Channel Island Power Station,580231,BBGPG,15.656,0.000,0.000,0.000,,,NT,Darwin,580001,2026/09/12 12:48:49
2026/09/11,Colongra,523120,BBGPG,0.000,0.000,0.000,0.000,,,NSW,Regional - NSW,590011,2026/09/12 12:00:05
2026/09/11,ColongraGP,520090,PIPE,-0.072,0.000,0.000,0.000,,,NSW,Sydney,520008,2026/09/12 12:00:05
2026/09/11,ColongraGP,520090,PIPE,0.000,0.000,0.000,0.000,,,NSW,Regional - NSW,590011,2026/09/12 12:00:05
2026/09/11,Combabula,540094,PROD,0.000,290.322,0.000,0.000,,,QLD,Regional - QLD,590001,2026/09/14 11:30:09
2026/09/11,Condabri Central,540080,PROD,0.000,0.000,0.000,0.000,,,QLD,Regional - QLD,590001,2026/09/14 11:30:09
2026/09/11,Condabri North,540090,PROD,0.000,137.684,0.000,0.000,,,QLD,Regional - QLD,590001,2026/09/14 11:30:09
2026/09/11,Condabri South,540086,PROD,0.000,161.015,0.000,0.000,,,QLD,Regional - QLD,590001,2026/09/14 11:30:09
2026/09/11,Condamine Power Station,544274,BBGPG,0.000,0.000,0.000,0.000,,,QLD,Regional - QLD,590001,2026/09/12 10:35:38
2026/09/11,CRWP,540098,PIPE,0.000,0.000,292.229,0.000,,,QLD,Wallumbilla Hub,540032,2026/09/12 10:58:05
2026/09/11,CRWP,540098,PIPE,0.000,231.057,41.436,571.304,,,QLD,Regional - QLD,590001,2026/09/12 10:58:05
2026/09/11,CWP,520054,PIPE,3.693,0.000,3.468,0.000,,,NSW,Regional - NSW,590011,2026/09/12 12:48:49
2026/09/11,Daandine,540050,PROD,0.000,54.657,0.000,0.000,,,QLD,Regional - QLD,590001,2026/09/12 12:30:08
2026/09/11,Dandenong LNG,530038,STOR,4.219,0.440,0.000,0.000,640.889,27.889,VIC,Melbourne,590008,2026/09/12 12:48:49
2026/09/11,DDP,540097,PIPE,0.000,0.000,0.000,175.152,,,QLD,Wallumbilla Hub,540032,2026/09/15 09:00:05
2026/09/11,DDP,540097,PIPE,0.004,554.200,94.880,479.897,,,QLD,Regional - QLD,590001,2026/09/15 09:00:05
2026/09/11,DDPS,544027,BBGPG,0.004,0.000,0.000,0.000,,,QLD,Regional - QLD,590001,2026/09/15 09:00:05
2026/09/11,Diamantina Power Station,544077,BBGPG,37.439,0.000,0.000,0.000,,,QLD,Regional - QLD,590001,2026/09/12 12:48:49
2026/09/11,Dry Creek Power Station,555026,BBGPG,0.000,0.000,0.000,0.000,,,SA,Regional - SA,590013,2026/09/12 11:31:05
2026/09/11,EGP,520047,PIPE,135.735,0.000,0.000,0.000,,,NSW,Sydney,520008,2026/09/12 12:01:05
2026/09/11,EGP,520047,PIPE,8.664,0.000,0.000,0.000,,,NSW,Canberra,520009,2026/09/12 12:01:05
2026/09/11,EGP,520047,PIPE,0.000,210.669,0.000,104.634,,,VIC,Longford Hub,530015,2026/09/12 12:01:05
2026/09/11,EGP,520047,PIPE,4.798,0.000,0.000,22.399,,,NSW,Regional - NSW,590011,2026/09/12 12:01:05
2026/09/11,EGP,520047,PIPE,0.894,73.108,0.000,0.000,,,VIC,Regional - VIC,590012,2026/09/12 12:01:05
2026/09/11,EO4PL,540055,PIPE,0.000,0.000,0.000,0.000,,,QLD,Regional - QLD,590001,2026/09/12 10:35:31
2026/09/11,Eurombah Creek,540089,PROD,0.000,157.072,0.000,0.000,,,QLD,Regional - QLD,590001,2026/09/14 11:30:09
2026/09/11,Fairview,540070,PROD,0.000,279.892,0.000,0.000,,,QLD,Regional - QLD,590001,2026/09/12 10:58:40
2026/09/11,GLNG (Curtis Island),544276,LNGEXPORT,1002.254,0.000,0.000,0.000,,,QLD,Curtis Island,540030,2026/09/12 10:58:05
2026/09/11,GLNG Pipeline,540092,PIPE,1002.254,0.000,0.000,0.000,,,QLD,Curtis Island,540030,2026/09/12 10:58:05
2026/09/11,GLNG Pipeline,540092,PIPE,0.000,416.708,583.888,0.000,,,QLD,Regional - QLD,590001,2026/09/12 10:35:31
2026/09/11,Hallett,555029,BBGPG,0.302,0.000,0.000,0.000,,,SA,Regional - SA,590013,2026/09/12 11:31:05
2026/09/11,Hunter Power Station,523210,BBGPG,0.001,0.000,0.000,0.000,,,NSW,Sydney,520008,2026/09/12 12:48:49
2026/09/11,ICF,530071,COMPRESSOR,0.000,0.000,10.000,10.000,,,VIC,Iona Hub,530016,2026/09/12 08:35:02
2026/09/11,Iona UGS,530042,STOR,25.774,51.117,0.000,0.000,12684.773,0.000,VIC,Iona Hub,530016,2026/09/12 08:30:03
2026/09/11,Jeerelang,533161,BBGPG,0.459,0.000,0.000,0.000,,,VIC,Gippsland,590009,2026/09/12 11:00:01
2026/09/11,Jordan,540088,PROD,0.000,335.529,0.000,0.000,,,QLD,Regional - QLD,590001,2026/09/12 10:35:31
2026/09/11,Katherine Power Station,580233,BBGPG,0.000,0.000,0.000,0.000,,,NT,Regional - NT,590017,2026/09/12 12:48:49
2026/09/11,Kenya,540075,PROD,0.000,110.837,0.000,0.000,,,QLD,Regional - QLD,590001,2026/09/12 10:35:31
2026/09/11,Kincora,544253,PROD,0.000,4.000,0.000,0.000,,,QLD,Regional - QLD,590001,2026/09/12 12:48:49
2026/09/11,KKLP,523209,PIPE,0.001,0.000,0.000,0.000,,,NSW,Sydney,520008,2026/09/12 12:48:49
2026/09/11,Kogan North,540061,PROD,0.000,4.317,0.000,0.000,,,QLD,Regional - QLD,590001,2026/09/12 12:48:49
2026/09/11,Ladbroke Grove PS,555086,BBGPG,7.379,0.000,0.000,0.000,,,SA,Regional - SA,590013,2026/09/12 12:48:49
2026/09/11,Lang Lang,530039,PROD,0.000,19.100,0.000,0.000,,,VIC,Gippsland,590009,2026/09/12 11:37:57
2026/09/11,Laverton,533201,BBGPG,0.000,0.000,0.000,0.000,,,VIC,Geelong,590005,2026/09/12 11:00:01
2026/09/11,Longford,530040,PROD,0.000,608.453,0.000,0.000,,,VIC,Longford Hub,530015,2026/09/12 08:02:59
2026/09/11,Loy Yang B,533163,BBGPG,0.000,0.000,0.000,0.000,,,VIC,Gippsland,590009,2026/09/12 11:00:48
2026/09/11,LYB Transmission Pipeline,535023,PIPE,0.016,0.000,0.000,0.000,,,VIC,Gippsland,590009,2026/09/12 11:00:48
2026/09/11,MAPS,550054,PIPE,35.643,0.000,0.000,0.000,,,SA,Adelaide,550016,2026/09/12 11:31:05
2026/09/11,MAPS,550054,PIPE,0.000,44.093,56.002,0.000,,,SA,Moomba Hub,550017,2026/09/12 11:31:05
2026/09/11,MAPS,550054,PIPE,65.612,0.000,10.000,0.000,,,SA,Regional - SA,590013,2026/09/12 11:31:05
2026/09/11,McArthur River Mine,580220,BBGPG,9.612,0.000,0.000,0.000,,,NT,Regional - NT,590017,2026/09/12 10:35:47
2026/09/11,MCF,550050,COMPRESSOR,0.000,0.000,122.511,122.511,,,SA,Moomba Hub,550017,2026/09/12 12:48:49
2026/09/11,Mereenie,580040,PROD,0.000,25.593,0.000,0.000,,,NT,Regional - NT,590017,2026/09/12 11:07:21
2026/09/11,Meridian,540064,PROD,0.000,48.409,0.000,0.000,,,QLD,Regional - QLD,590001,2026/09/12 09:39:14
2026/09/11,Mintaro Power Station,555031,BBGPG,0.000,0.000,0.000,0.000,,,SA,Regional - SA,590013,2026/09/12 11:31:05
2026/09/11,Moomba,550045,PROD,0.000,227.400,0.000,0.000,,,SA,Moomba Hub,550017,2026/09/15 10:00:01
2026/09/11,Moomba Storage,550046,STOR,0.000,5.100,0.000,0.000,6254.700,0.000,SA,Moomba Hub,550017,2026/09/15 10:00:01
2026/09/11,Mortlake PS,530063,BBGPG,0.000,0.000,0.000,0.000,,,VIC,Regional - VIC,590012,2026/09/12 07:20:01
2026/09/11,MPL,530061,PIPE,0.000,0.000,24.984,9.376,,,VIC,Iona Hub,530016,2026/09/12 07:20:01
2026/09/11,MPL,530061,PIPE,0.000,0.000,0.000,0.000,,,VIC,Regional - VIC,590012,2026/09/12 07:20:01
2026/09/11,MRP,580100,PIPE,9.612,0.000,9.613,0.000,,,NT,Regional - NT,590017,2026/09/12 10:35:47
2026/09/11,MSP,520053,PIPE,92.598,0.000,0.000,0.000,,,NSW,Sydney,520008,2026/09/12 12:48:49
2026/09/11,MSP,520053,PIPE,0.000,0.000,25.907,21.074,,,SA,Moomba Hub,550017,2026/09/12 12:48:49
2026/09/11,MSP,520053,PIPE,28.818,0.000,0.000,3.468,,,NSW,Regional - NSW,590011,2026/09/12 12:48:49
2026/09/11,MSP,520053,PIPE,12.112,0.000,0.000,0.000,,,NSW,Regional - ACT,590015,2026/09/12 12:48:49
2026/09/11,MSP,520053,PIPE,0.000,0.000,107.159,0.000,,,NSW,Culcairn,590016,2026/09/12 12:48:49
2026/09/11,Newport,533171,BBGPG,0.002,0.000,0.000,0.000,,,VIC,Melbourne,590008,2026/09/12 11:00:01
2026/09/11,NGP,580050,PIPE,0.000,0.000,0.000,0.000,,,QLD,Regional - QLD,590001,2026/09/12 12:01:14
2026/09/11,NGP,580050,PIPE,0.000,0.000,0.000,0.000,,,NT,Regional - NT,590017,2026/09/12 12:01:14
2026/09/11,NGS,520060,STOR,0.290,0.826,0.000,0.000,660.727,76.863,NSW,Sydney,520008,2026/09/12 07:59:04
2026/09/11,Oakey PS,544095,BBGPG,0.000,0.000,0.000,0.000,,,QLD,Regional - QLD,590001,2026/09/12 12:48:49
2026/09/11,Orana,540084,PROD,0.000,170.794,0.000,0.000,,,QLD,Regional - QLD,590001,2026/09/14 11:30:09
2026/09/11,Orbost,530041,PROD,0.000,73.108,0.000,0.000,,,VIC,Regional - VIC,590012,2026/09/12 12:01:05
2026/09/11,Orica,544011,BBLARGE,9.014,0.000,0.000,0.000,,,QLD,Regional - QLD,590001,2026/09/12 12:01:08
2026/09/11,Orica (Kooragang Island),523206,BBLARGE,38.946,0.000,0.000,0.000,,,NSW,Sydney,520008,2026/09/12 13:00:00
2026/09/11,Osborne,555033,BBGPG,0.000,0.000,0.000,0.000,,,SA,Regional - SA,590013,2026/09/12 11:31:05
2026/09/11,Otway,530044,PROD,0.000,144.960,0.000,0.000,,,VIC,Iona Hub,530016,2026/09/12 08:33:03
2026/09/11,Owen Springs Power Station,580235,BBGPG,0.192,0.000,0.000,0.000,,,NT,Regional - NT,590017,2026/09/12 06:41:44
2026/09/11,Palm Valley,580060,PROD,0.000,5.614,0.000,0.000,,,NT,Regional - NT,590017,2026/09/12 11:07:21
2026/09/11,PCA,550052,PIPE,0.001,15.825,34.186,3.067,,,VIC,Iona Hub,530016,2026/09/12 07:20:02
2026/09/11,PCA,550052,PIPE,16.363,0.000,0.000,0.000,,,SA,Adelaide,550016,2026/09/12 07:20:02
2026/09/11,PCA,550052,PIPE,0.000,0.000,0.000,14.801,,,VIC,Regional - VIC,590012,2026/09/12 07:20:02
2026/09/11,PCA,550052,PIPE,12.705,0.000,0.000,10.014,,,SA,Regional - SA,590013,2026/09/12 07:20:02
2026/09/11,PCI,530060,PIPE,0.000,156.168,12.443,168.611,,,VIC,Iona Hub,530016,2026/09/12 07:20:02
2026/09/11,Peat,540065,PROD,0.000,11.500,0.000,0.000,,,QLD,Regional - QLD,590001,2026/09/14 11:30:09
2026/09/11,Pelican Point Power Station,555089,BBGPG,18.351,0.000,0.000,0.000,,,SA,Regional - SA,590013,2026/09/12 07:20:02
2026/09/11,Phosphate Hill,544081,BBLARGE,24.577,0.000,0.000,0.000,,,QLD,Regional - QLD,590001,2026/09/12 12:48:49
2026/09/11,Pipeline Compression Station,544279,COMPRESSOR,0.000,0.000,0.000,0.000,,,QLD,Regional - QLD,590001,2026/09/12 10:58:05
2026/09/11,PVP,580070,PIPE,0.639,0.000,0.802,0.000,,,NT,Regional - NT,590017,2026/09/12 06:41:44
2026/09/11,QCLNG LNG Plant,544272,LNGEXPORT,1442.712,0.000,0.000,0.000,,,QLD,Curtis Island,540030,2026/09/12 10:35:31
2026/09/11,QGP,540058,PIPE,0.000,0.000,11.285,0.000,,,QLD,Wallumbilla Hub,540032,2026/09/12 12:01:08
2026/09/11,QGP,540058,PIPE,115.218,24.080,76.887,0.000,,,QLD,Regional - QLD,590001,2026/09/12 12:01:08
2026/09/11,Quarantine Power Station,555087,BBGPG,12.023,0.000,0.000,0.000,,,SA,Regional - SA,590013,2026/09/12 11:31:05
2026/09/11,Queensland Aluminia,544012,BBLARGE,37.084,0.000,0.000,0.000,,,QLD,Regional - QLD,590001,2026/09/12 12:01:08
2026/09/11,RBP,540057,PIPE,0.000,0.000,4.392,10.300,,,QLD,Wallumbilla Hub,540032,2026/09/12 12:48:49
2026/09/11,RBP,540057,PIPE,3.597,23.317,34.458,1.011,,,QLD,Regional - QLD,590001,2026/09/12 12:48:49
2026/09/11,RBP,540057,PIPE,46.727,0.000,0.000,0.000,,,QLD,Brisbane,590002,2026/09/12 12:48:49
2026/09/11,RCWP,540102,PIPE,0.000,0.000,46.601,5.489,,,QLD,Wallumbilla Hub,540032,2026/09/12 12:48:49
2026/09/11,RCWP,540102,PIPE,0.000,0.000,28.361,60.617,,,QLD,Regional - QLD,590001,2026/09/12 12:48:49
2026/09/11,Reedy Creek,540085,PROD,0.000,184.807,0.000,0.000,,,QLD,Regional - QLD,590001,2026/09/14 11:30:09
2026/09/11,RMNGPF,640011,PROD,0.000,18.290,0.000,0.000,,,QLD,Regional - QLD,590001,2026/09/12 08:30:03
2026/09/11,RNMGP,640012,PIPE,0.000,18.290,0.000,18.290,,,QLD,Regional - QLD,590001,2026/09/12 08:30:03
2026/09/11,RNP,640009,PIPE,0.000,23.146,0.000,23.146,,,QLD,Regional - QLD,590001,2026/09/12 12:01:09
2026/09/11,Rolleston,540073,PROD,0.000,7.876,0.000,0.000,,,QLD,Regional - QLD,590001,2026/09/12 12:01:08
2026/09/11,Roma,540095,PROD,0.000,231.057,0.000,0.000,,,QLD,Regional - QLD,590001,2026/09/12 10:58:46
2026/09/11,Roma North,544260,PROD,0.000,23.146,0.000,0.000,,,QLD,Regional - QLD,590001,2026/09/12 12:01:15
2026/09/11,Roma Power Station,540120,BBGPG,0.000,0.000,0.000,0.000,,,QLD,Regional - QLD,590001,2026/09/12 15:59:57
2026/09/11,Ron Goodin Power Station,580234,BBGPG,0.000,0.000,0.000,0.000,,,NT,Regional - NT,590017,2026/09/12 06:41:44
2026/09/11,RPL,540110,PIPE,0.052,0.000,0.000,0.000,,,QLD,Regional - QLD,590001,2026/09/12 15:59:57
2026/09/11,Ruby Jo,540082,PROD,0.000,422.536,0.000,0.000,,,QLD,Regional - QLD,590001,2026/09/12 10:35:31
2026/09/11,RUGS,540040,STOR,0.000,0.000,0.000,0.000,15127.296,0.000,QLD,Regional - QLD,590001,2026/09/12 10:58:46
2026/09/11,Scotia,540072,PROD,0.000,102.365,0.000,0.000,,,QLD,Regional - QLD,590001,2026/09/12 10:58:46
2026/09/11,SEPS,550061,PIPE,7.204,0.000,7.193,0.000,,,SA,Regional - SA,590013,2026/09/12 11:32:05
2026/09/11,SESA,550060,PIPE,0.000,0.000,14.803,0.000,,,VIC,Regional - VIC,590012,2026/09/12 12:48:49
2026/09/11,SESA,550060,PIPE,7.379,0.000,0.000,7.185,,,SA,Regional - SA,590013,2026/09/12 12:48:49
2026/09/11,Smithfield Energy Facility,522004,BBGPG,0.000,0.000,0.000,0.000,,,NSW,Regional - NSW,590011,2026/09/12 12:03:58
2026/09/11,Snapper Point,555090,BBGPG,0.000,0.000,0.000,0.000,,,SA,Regional - SA,590013,2026/09/12 11:31:05
2026/09/11,Somerton,533174,BBGPG,6.254,0.000,0.000,0.000,,,VIC,Melbourne,590008,2026/09/12 11:00:01
2026/09/11,SPCF,580236,PROD,0.000,27.000,0.000,0.000,,,NT,Regional - NT,590017,2026/09/12 10:36:06
2026/09/11,SPP,580237,PIPE,0.000,27.000,0.000,27.000,,,NT,Regional - NT,590017,2026/09/12 12:48:49
2026/09/11,Spring Gully,540066,PROD,0.000,55.366,0.000,0.000,,,QLD,Regional - QLD,590001,2026/09/14 11:30:09
2026/09/11,SSP,540103,PIPE,0.000,6.300,0.000,6.300,,,QLD,Regional - QLD,590001,2026/09/12 20:57:01
2026/09/11,SSSF,540062,STOR,0.000,6.300,0.000,0.000,8403.462,0.000,QLD,Regional - QLD,590001,2026/09/12 20:57:01
2026/09/11,Strathblane,540067,PROD,0.000,44.528,0.000,0.000,,,QLD,Regional - QLD,590001,2026/09/14 11:30:09
2026/09/11,Swanbank Power Station,544104,BBGPG,0.000,0.000,0.000,0.000,,,QLD,Brisbane,590002,2026/09/12 12:48:49
2026/09/11,SWQP,540060,PIPE,0.000,0.000,232.059,353.860,,,QLD,Wallumbilla Hub,540032,2026/09/12 12:48:49
2026/09/11,SWQP,540060,PIPE,0.000,0.000,0.000,75.553,,,QLD,Ballera,540078,2026/09/12 12:48:49
2026/09/11,SWQP,540060,PIPE,0.000,183.346,6.898,67.733,,,SA,Moomba Hub,550017,2026/09/12 12:48:49
2026/09/11,SWQP,540060,PIPE,0.102,0.000,0.000,0.000,,,QLD,Regional - QLD,590001,2026/09/12 12:48:49
2026/09/11,Talinga,540076,PROD,0.000,86.885,0.000,0.000,,,QLD,Regional - QLD,590001,2026/09/14 11:30:09
2026/09/11,Tallawarra,522002,BBGPG,0.000,0.000,0.000,0.000,,,NSW,Regional - NSW,590011,2026/09/12 11:00:09
2026/09/11,Tallawarra Pipeline,523201,PIPE,0.000,0.000,0.000,0.000,,,NSW,Regional - NSW,590011,2026/09/12 11:00:09
2026/09/11,Taloona,540068,PROD,0.000,40.896,0.000,0.000,,,QLD,Regional - QLD,590001,2026/09/14 11:30:09
2026/09/11,Tanami GP,580210,PIPE,8.188,0.000,8.099,0.000,,,NT,Regional - NT,590017,2026/09/12 12:02:00
2026/09/11,TGP,570050,PIPE,0.000,0.000,80.807,24.290,,,VIC,Longford Hub,530015,2026/09/13 12:01:00
2026/09/11,TGP,570050,PIPE,51.364,0.000,0.000,0.000,,,TAS,Regional - TAS,590014,2026/09/13 12:01:00
2026/09/11,Tipton,540051,PROD,0.000,32.500,0.000,0.000,,,QLD,Regional - QLD,590001,2026/09/12 12:30:08
2026/09/11,Torrens Island PS,555041,BBGPG,24.640,0.000,0.000,0.000,,,SA,Regional - SA,590013,2026/09/12 11:31:05
2026/09/11,Uranquinty Power Station,522047,BBGPG,0.000,0.000,0.000,0.000,,,NSW,Regional - NSW,590011,2026/09/12 12:48:49
2026/09/11,Valley Power GPG,535024,BBGPG,0.016,0.000,0.000,0.000,,,VIC,Gippsland,590009,2026/09/12 11:00:48
2026/09/11,VicHub,532005,PIPE,0.000,0.000,23.831,23.831,,,VIC,Longford Hub,530015,2026/09/12 12:01:17
2026/09/11,Viva Energy Refinery,535018,BBLARGE,8.957,0.000,0.000,0.000,,,VIC,Geelong,590005,2026/09/12 07:30:15
2026/09/11,VTS,530110,PIPE,0.000,396.060,48.134,0.000,,,VIC,Longford Hub,530015,2026/09/12 11:00:01
2026/09/11,VTS,530110,PIPE,5.787,21.045,109.420,0.000,,,VIC,Iona Hub,530016,2026/09/12 11:00:01
2026/09/11,VTS,530110,PIPE,13.281,0.000,0.000,0.000,,,VIC,Western,590004,2026/09/12 11:00:01
2026/09/11,VTS,530110,PIPE,54.351,0.000,0.000,0.000,,,VIC,Geelong,590005,2026/09/12 11:00:01
2026/09/11,VTS,530110,PIPE,30.380,0.000,0.000,0.000,,,VIC,Ballarat,590006,2026/09/12 11:00:01
2026/09/11,VTS,530110,PIPE,49.300,0.000,0.000,0.000,,,VIC,Northern,590007,2026/09/12 11:00:01
2026/09/11,VTS,530110,PIPE,316.063,5.382,0.000,0.000,,,VIC,Melbourne,590008,2026/09/12 11:00:01
2026/09/11,VTS,530110,PIPE,31.268,0.000,16.480,0.003,,,VIC,Gippsland,590009,2026/09/12 11:00:01
2026/09/11,VTS,530110,PIPE,0.000,0.000,0.000,107.159,,,NSW,Culcairn,590016,2026/09/12 11:00:01
2026/09/11,Wallumbilla Compression Station,544280,COMPRESSOR,0.000,0.000,0.000,0.000,,,QLD,Wallumbilla Hub,540032,2026/09/12 10:58:05
2026/09/11,WCFA,540045,COMPRESSOR,0.000,0.000,161.630,161.630,,,QLD,Wallumbilla Hub,540032,2026/09/12 12:48:49
2026/09/11,WCFB,540046,COMPRESSOR,0.000,0.000,192.230,192.230,,,QLD,Wallumbilla Hub,540032,2026/09/12 12:48:49
2026/09/11,Weddell Power Station,580232,BBGPG,23.327,0.000,0.000,0.000,,,NT,Darwin,580001,2026/09/12 12:48:49
2026/09/11,WGP,540091,PIPE,1442.712,0.000,0.000,0.000,,,QLD,Curtis Island,540030,2026/09/12 10:35:31
2026/09/11,WGP,540091,PIPE,0.000,1403.749,55.655,0.000,,,QLD,Regional - QLD,590001,2026/09/12 10:35:31
2026/09/11,Whyalla Steelworks,555085,BBLARGE,6.258,0.000,0.000,0.000,,,SA,Regional - SA,590013,2026/09/12 11:31:05
2026/09/11,Windibri,540069,PROD,0.000,96.107,0.000,0.000,,,QLD,Regional - QLD,590001,2026/09/12 10:35:31
2026/09/11,Woleebee Creek,540087,PROD,0.000,640.288,0.000,0.000,,,QLD,Regional - QLD,590001,2026/09/12 10:35:31
2026/09/11,WPP,580030,PIPE,23.327,8.237,15.101,0.000,,,NT,Darwin,580001,2026/09/12 12:48:49
2026/09/11,Yarwun,544282,BBGPG,51.488,0.000,0.000,0.000,,,QLD,Regional - QLD,590001,2026/09/12 12:01:08
2026/09/11,Yelcherr,580180,PROD,0.000,0.000,0.000,0.000,,,NT,Regional - NT,590017,2026/09/12 12:48:49
2026/09/11,Yellowbank,540074,PROD,0.000,11.954,0.000,0.000,,,QLD,Regional - QLD,590001,2026/09/12 12:01:08
2026/09/12,Adelaide Brighton,555091,BBLARGE,7.540,0.000,0.000,0.000,,,SA,Adelaide,550016,2026/09/13 13:00:00
2026/09/12,AGP,580010,PIPE,14.824,0.000,0.000,15.315,,,NT,Darwin,580001,2026/09/13 12:45:48
2026/09/12,AGP,580010,PIPE,7.083,30.113,22.136,17.797,,,NT,Regional - NT,590017,2026/09/13 12:45:48
2026/09/12,APLNG Pipeline,540093,PIPE,1630.174,0.000,0.000,0.000,,,QLD,Curtis Island,540030,2026/09/14 11:30:09
2026/09/12,APLNG Pipeline,540093,PIPE,0.000,1173.077,575.989,127.038,,,QLD,Regional - QLD,590001,2026/09/14 11:30:09
2026/09/12,Arcadia,540101,PROD,0.000,92.632,0.000,0.000,,,QLD,Regional - QLD,590001,2026/09/13 14:58:21
2026/09/12,ATGP,640013,PIPE,0.000,42.618,0.000,42.618,,,QLD,Regional - QLD,590001,2026/09/13 12:01:13
2026/09/12,ATHENA,535014,PROD,0.000,16.888,0.000,0.000,,,VIC,Iona Hub,530016,2026/09/15 10:44:51
2026/09/12,Atlas,544261,PROD,0.000,42.618,0.000,0.000,,,QLD,Regional - QLD,590001,2026/09/13 12:01:17
2026/09/12,Atlas East Central Processing Facility,640008,PROD,0.000,33.470,0.000,0.000,,,QLD,Regional - QLD,590001,2026/09/13 08:49:33
2026/09/12,Atlas to Reedy Creek Pipeline,640007,PIPE,0.000,33.475,0.000,32.826,,,QLD,Regional - QLD,590001,2026/09/13 12:45:48
2026/09/12,Australia Pacific LNG,544273,LNGEXPORT,1630.174,0.000,0.000,0.000,,,QLD,Curtis Island,540030,2026/09/13 12:00:25
2026/09/12,Australian Paper (Opal),535021,BBLARGE,9.671,0.000,0.000,0.000,,,VIC,Gippsland,590009,2026/09/13 11:00:01
2026/09/12,B1PL,540077,PIPE,0.037,40.829,0.000,38.296,,,QLD,Regional - QLD,590001,2026/09/13 11:00:51
2026/09/12,B2PL,540071,PIPE,0.000,54.695,2.008,56.722,,,QLD,Regional - QLD,590001,2026/09/13 12:30:08
2026/09/12,Bairnsdale Power Station,535020,BBGPG,0.000,0.000,0.000,0.000,,,VIC,Regional - VIC,590012,2026/09/13 11:00:52
2026/09/12,BCF,540047,COMPRESSOR,0.000,0.000,68.000,68.000,,,QLD,Regional - QLD,590001,2026/09/15 10:00:01
2026/09/12,Bell Bay CCGT,577016,BBGPG,27.228,0.000,0.000,0.000,,,TAS,Regional - TAS,590014,2026/09/14 12:01:00
2026/09/12,Bell Bay GGT,577014,BBGPG,0.000,0.000,0.000,0.000,,,TAS,Regional - TAS,590014,2026/09/14 12:01:00
2026/09/12,Bell Bay OCGT,577015,BBGPG,0.000,0.000,0.000,0.000,,,TAS,Regional - TAS,590014,2026/09/14 12:01:00
2026/09/12,Bellevue,540083,PROD,0.000,149.334,0.000,0.000,,,QLD,Regional - QLD,590001,2026/09/13 10:36:05
2026/09/12,BGP,580020,PIPE,0.333,0.000,0.000,0.000,,,NT,Regional - NT,590017,2026/09/13 12:45:48
2026/09/12,BlueScope,523204,BBLARGE,7.813,0.000,0.000,0.000,,,NSW,Sydney,520008,2026/09/13 12:01:05
2026/09/12,Bolivar,555008,BBGPG,0.000,0.000,0.000,0.000,,,SA,Regional - SA,590013,2026/09/13 12:07:03
2026/09/12,Bomaderry Gas Pipeline,523202,PIPE,0.000,0.000,21.813,0.000,,,NSW,Regional - NSW,590011,2026/09/13 12:01:05
2026/09/12,BPP,530030,PIPE,2.220,19.150,0.000,16.930,,,VIC,Gippsland,590009,2026/09/13 11:00:01
2026/09/12,Braemar 2 Power Station,544085,BBGPG,0.000,0.000,0.000,0.000,,,QLD,Regional - QLD,590001,2026/09/13 12:30:08
2026/09/12,Braemar Power Station,544252,BBGPG,0.037,0.000,0.000,0.000,,,QLD,Regional - QLD,590001,2026/09/13 11:00:51
2026/09/12,BWP,540096,PIPE,0.000,0.000,0.000,5.900,,,QLD,Wallumbilla Hub,540032,2026/09/13 12:45:48
2026/09/12,BWP,540096,PIPE,0.000,6.152,0.000,0.000,,,QLD,Regional - QLD,590001,2026/09/13 12:45:48
2026/09/12,CGP,540059,PIPE,0.000,0.000,68.005,0.000,,,QLD,Ballera,540078,2026/09/13 12:45:48
2026/09/12,CGP,540059,PIPE,60.929,0.000,0.000,0.000,,,QLD,Regional - QLD,590001,2026/09/13 12:45:48
2026/09/12,Channel Island Power Station,580231,BBGPG,14.824,0.000,0.000,0.000,,,NT,Darwin,580001,2026/09/13 12:45:48
2026/09/12,Colongra,523120,BBGPG,0.000,0.000,0.000,0.000,,,NSW,Regional - NSW,590011,2026/09/13 12:00:05
2026/09/12,ColongraGP,520090,PIPE,0.000,0.000,0.000,0.000,,,NSW,Sydney,520008,2026/09/13 12:00:05
2026/09/12,ColongraGP,520090,PIPE,0.000,0.000,0.000,0.000,,,NSW,Regional - NSW,590011,2026/09/13 12:00:05
2026/09/12,Combabula,540094,PROD,0.000,289.950,0.000,0.000,,,QLD,Regional - QLD,590001,2026/09/14 11:30:09
2026/09/12,Condabri Central,540080,PROD,0.000,0.000,0.000,0.000,,,QLD,Regional - QLD,590001,2026/09/14 11:30:09
2026/09/12,Condabri North,540090,PROD,0.000,130.951,0.000,0.000,,,QLD,Regional - QLD,590001,2026/09/14 11:30:09
2026/09/12,Condabri South,540086,PROD,0.000,156.838,0.000,0.000,,,QLD,Regional - QLD,590001,2026/09/14 11:30:09
2026/09/12,Condamine Power Station,544274,BBGPG,0.000,0.000,0.000,0.000,,,QLD,Regional - QLD,590001,2026/09/13 10:36:08
2026/09/12,CRWP,540098,PIPE,0.000,0.000,261.171,2.207,,,QLD,Wallumbilla Hub,540032,2026/09/13 14:58:05
2026/09/12,CRWP,540098,PIPE,0.000,231.040,40.358,545.088,,,QLD,Regional - QLD,590001,2026/09/13 14:58:05
2026/09/12,CWP,520054,PIPE,2.912,0.000,3.048,0.000,,,NSW,Regional - NSW,590011,2026/09/13 12:45:48
2026/09/12,Daandine,540050,PROD,0.000,54.722,0.000,0.000,,,QLD,Regional - QLD,590001,2026/09/13 12:30:08
2026/09/12,Dandenong LNG,530038,STOR,5.159,0.453,0.000,0.000,645.357,27.889,VIC,Melbourne,590008,2026/09/13 12:45:48
2026/09/12,DDP,540097,PIPE,0.000,0.000,0.000,171.432,,,QLD,Wallumbilla Hub,540032,2026/09/14 09:00:05
2026/09/12,DDP,540097,PIPE,0.004,564.866,92.292,489.247,,,QLD,Regional - QLD,590001,2026/09/14 09:00:05
2026/09/12,DDPS,544027,BBGPG,0.004,0.000,0.000,0.000,,,QLD,Regional - QLD,590001,2026/09/14 09:00:05
2026/09/12,Diamantina Power Station,544077,BBGPG,37.045,0.000,0.000,0.000,,,QLD,Regional - QLD,590001,2026/09/13 12:45:48
2026/09/12,Dry Creek Power Station,555026,BBGPG,0.000,0.000,0.000,0.000,,,SA,Regional - SA,590013,2026/09/13 11:31:24
2026/09/12,EGP,520047,PIPE,131.243,0.000,0.000,0.000,,,NSW,Sydney,520008,2026/09/13 12:01:05
2026/09/12,EGP,520047,PIPE,8.399,0.000,0.000,0.000,,,NSW,Canberra,520009,2026/09/13 12:01:05
2026/09/12,EGP,520047,PIPE,0.000,198.848,0.000,92.759,,,VIC,Longford Hub,530015,2026/09/13 12:01:05
2026/09/12,EGP,520047,PIPE,4.625,0.000,0.000,21.813,,,NSW,Regional - NSW,590011,2026/09/13 12:01:05
2026/09/12,EGP,520047,PIPE,0.671,73.351,0.000,0.000,,,VIC,Regional - VIC,590012,2026/09/13 12:01:05
2026/09/12,EO4PL,540055,PIPE,0.000,0.000,0.000,0.000,,,QLD,Regional - QLD,590001,2026/09/13 10:36:05
2026/09/12,Eurombah Creek,540089,PROD,0.000,158.608,0.000,0.000,,,QLD,Regional - QLD,590001,2026/09/14 11:30:09
2026/09/12,Fairview,540070,PROD,0.000,280.191,0.000,0.000,,,QLD,Regional - QLD,590001,2026/09/13 14:58:21
2026/09/12,GLNG (Curtis Island),544276,LNGEXPORT,969.914,0.000,0.000,0.000,,,QLD,Curtis Island,540030,2026/09/13 14:58:05
2026/09/12,GLNG Pipeline,540092,PIPE,969.914,0.000,0.000,0.000,,,QLD,Curtis Island,540030,2026/09/13 14:58:05
2026/09/12,GLNG Pipeline,540092,PIPE,0.000,413.635,545.228,22.720,,,QLD,Regional - QLD,590001,2026/09/13 10:36:05
2026/09/12,Hallett,555029,BBGPG,0.000,0.000,0.000,0.000,,,SA,Regional - SA,590013,2026/09/13 11:31:24
2026/09/12,Hunter Power Station,523210,BBGPG,0.002,0.000,0.000,0.000,,,NSW,Sydney,520008,2026/09/13 12:45:48
2026/09/12,ICF,530071,COMPRESSOR,0.000,0.000,6.300,6.300,,,VIC,Iona Hub,530016,2026/09/13 08:35:02
2026/09/12,Iona UGS,530042,STOR,66.006,11.646,0.000,0.000,12739.133,0.000,VIC,Iona Hub,530016,2026/09/13 08:30:03
2026/09/12,Jeerelang,533161,BBGPG,0.000,0.000,0.000,0.000,,,VIC,Gippsland,590009,2026/09/13 11:00:01
2026/09/12,Jordan,540088,PROD,0.000,335.538,0.000,0.000,,,QLD,Regional - QLD,590001,2026/09/13 10:36:05
2026/09/12,Katherine Power Station,580233,BBGPG,0.000,0.000,0.000,0.000,,,NT,Regional - NT,590017,2026/09/13 12:45:48
2026/09/12,Kenya,540075,PROD,0.000,110.453,0.000,0.000,,,QLD,Regional - QLD,590001,2026/09/13 10:36:05
2026/09/12,Kincora,544253,PROD,0.000,4.000,0.000,0.000,,,QLD,Regional - QLD,590001,2026/09/13 12:45:48
2026/09/12,KKLP,523209,PIPE,0.002,0.000,0.000,0.000,,,NSW,Sydney,520008,2026/09/13 12:45:48
2026/09/12,Kogan North,540061,PROD,0.000,4.313,0.000,0.000,,,QLD,Regional - QLD,590001,2026/09/13 12:45:48
2026/09/12,Ladbroke Grove PS,555086,BBGPG,0.000,0.000,0.000,0.000,,,SA,Regional - SA,590013,2026/09/13 12:45:48
2026/09/12,Lang Lang,530039,PROD,0.000,19.150,0.000,0.000,,,VIC,Gippsland,590009,2026/09/13 08:27:23
2026/09/12,Laverton,533201,BBGPG,0.002,0.000,0.000,0.000,,,VIC,Geelong,590005,2026/09/13 11:00:01
2026/09/12,Longford,530040,PROD,0.000,603.677,0.000,0.000,,,VIC,Longford Hub,530015,2026/09/13 08:38:16
2026/09/12,Loy Yang B,533163,BBGPG,0.000,0.000,0.000,0.000,,,VIC,Gippsland,590009,2026/09/13 11:00:58
2026/09/12,LYB Transmission Pipeline,535023,PIPE,0.006,0.000,0.000,0.000,,,VIC,Gippsland,590009,2026/09/13 11:00:58
2026/09/12,MAPS,550054,PIPE,16.570,0.000,0.000,0.000,,,SA,Adelaide,550016,2026/09/13 11:31:24
2026/09/12,MAPS,550054,PIPE,0.000,42.872,13.370,0.000,,,SA,Moomba Hub,550017,2026/09/13 11:31:24
2026/09/12,MAPS,550054,PIPE,49.064,0.000,10.000,0.000,,,SA,Regional - SA,590013,2026/09/13 11:31:24
2026/09/12,McArthur River Mine,580220,BBGPG,8.664,0.000,0.000,0.000,,,NT,Regional - NT,590017,2026/09/13 09:55:49
2026/09/12,MCF,550050,COMPRESSOR,0.000,0.000,165.590,165.590,,,SA,Moomba Hub,550017,2026/09/13 12:45:48
2026/09/12,Mereenie,580040,PROD,0.000,24.620,0.000,0.000,,,NT,Regional - NT,590017,2026/09/13 11:05:21
2026/09/12,Meridian,540064,PROD,0.000,45.062,0.000,0.000,,,QLD,Regional - QLD,590001,2026/09/13 09:38:51
2026/09/12,Mintaro Power Station,555031,BBGPG,0.000,0.000,0.000,0.000,,,SA,Regional - SA,590013,2026/09/13 11:31:24
2026/09/12,Moomba,550045,PROD,0.000,222.500,0.000,0.000,,,SA,Moomba Hub,550017,2026/09/15 10:00:01
2026/09/12,Moomba Storage,550046,STOR,0.000,4.800,0.000,0.000,6249.900,0.000,SA,Moomba Hub,550017,2026/09/15 10:00:01
2026/09/12,Mortlake PS,530063,BBGPG,0.000,0.000,0.000,0.000,,,VIC,Regional - VIC,590012,2026/09/13 07:20:01
2026/09/12,MPL,530061,PIPE,0.000,0.000,0.015,0.000,,,VIC,Iona Hub,530016,2026/09/13 07:20:01
2026/09/12,MPL,530061,PIPE,0.000,0.000,0.000,0.000,,,VIC,Regional - VIC,590012,2026/09/13 07:20:01
2026/09/12,MRP,580100,PIPE,8.664,0.000,8.665,0.000,,,NT,Regional - NT,590017,2026/09/13 09:55:49
2026/09/12,MSP,520053,PIPE,77.647,0.000,0.000,0.000,,,NSW,Sydney,520008,2026/09/13 12:45:48
2026/09/12,MSP,520053,PIPE,0.000,0.000,3.683,0.000,,,SA,Moomba Hub,550017,2026/09/13 12:45:48
2026/09/12,MSP,520053,PIPE,26.088,0.000,0.000,3.048,,,NSW,Regional - NSW,590011,2026/09/13 12:45:48
2026/09/12,MSP,520053,PIPE,7.223,0.000,0.000,0.000,,,NSW,Regional - ACT,590015,2026/09/13 12:45:48
2026/09/12,MSP,520053,PIPE,0.000,0.000,133.441,0.000,,,NSW,Culcairn,590016,2026/09/13 12:45:48
2026/09/12,Newport,533171,BBGPG,0.006,0.000,0.000,0.000,,,VIC,Melbourne,590008,2026/09/13 11:00:01
2026/09/12,NGP,580050,PIPE,0.000,0.000,0.000,0.000,,,QLD,Regional - QLD,590001,2026/09/13 12:01:15
2026/09/12,NGP,580050,PIPE,0.000,0.000,0.000,0.000,,,NT,Regional - NT,590017,2026/09/13 12:01:15
2026/09/12,NGS,520060,STOR,0.170,0.739,0.000,0.000,659.690,76.846,NSW,Sydney,520008,2026/09/13 12:16:16
2026/09/12,Oakey PS,544095,BBGPG,0.000,0.000,0.000,0.000,,,QLD,Regional - QLD,590001,2026/09/13 12:45:48
2026/09/12,Orana,540084,PROD,0.000,170.233,0.000,0.000,,,QLD,Regional - QLD,590001,2026/09/14 11:30:09
2026/09/12,Orbost,530041,PROD,0.000,73.351,0.000,0.000,,,VIC,Regional - VIC,590012,2026/09/13 12:01:05
2026/09/12,Orica,544011,BBLARGE,9.344,0.000,0.000,0.000,,,QLD,Regional - QLD,590001,2026/09/13 12:01:09
2026/09/12,Orica (Kooragang Island),523206,BBLARGE,40.370,0.000,0.000,0.000,,,NSW,Sydney,520008,2026/09/13 13:00:00
2026/09/12,Osborne,555033,BBGPG,0.000,0.000,0.000,0.000,,,SA,Regional - SA,590013,2026/09/13 11:31:24
2026/09/12,Otway,530044,PROD,0.000,144.850,0.000,0.000,,,VIC,Iona Hub,530016,2026/09/13 09:52:55
2026/09/12,Owen Springs Power Station,580235,BBGPG,0.120,0.000,0.000,0.000,,,NT,Regional - NT,590017,2026/09/13 06:41:03
2026/09/12,Palm Valley,580060,PROD,0.000,5.493,0.000,0.000,,,NT,Regional - NT,590017,2026/09/13 11:05:21
2026/09/12,PCA,550052,PIPE,0.000,11.894,62.629,1.182,,,VIC,Iona Hub,530016,2026/09/13 07:20:02
2026/09/12,PCA,550052,PIPE,24.327,0.000,0.000,0.000,,,SA,Adelaide,550016,2026/09/13 07:20:02
2026/09/12,PCA,550052,PIPE,0.000,0.000,0.000,7.108,,,VIC,Regional - VIC,590012,2026/09/13 07:20:02
2026/09/12,PCA,550052,PIPE,0.698,0.000,0.000,10.003,,,SA,Regional - SA,590013,2026/09/13 07:20:02
2026/09/12,PCI,530060,PIPE,0.000,155.966,1.182,157.148,,,VIC,Iona Hub,530016,2026/09/13 07:20:03
2026/09/12,Peat,540065,PROD,0.000,11.716,0.000,0.000,,,QLD,Regional - QLD,590001,2026/09/14 11:30:09
2026/09/12,Pelican Point Power Station,555089,BBGPG,17.624,0.000,0.000,0.000,,,SA,Regional - SA,590013,2026/09/13 07:20:02
2026/09/12,Phosphate Hill,544081,BBLARGE,11.602,0.000,0.000,0.000,,,QLD,Regional - QLD,590001,2026/09/13 12:45:48
2026/09/12,Pipeline Compression Station,544279,COMPRESSOR,0.000,0.000,0.000,0.000,,,QLD,Regional - QLD,590001,2026/09/13 14:58:05
2026/09/12,PVP,580070,PIPE,0.524,0.000,0.631,0.000,,,NT,Regional - NT,590017,2026/09/13 06:41:03
2026/09/12,QCLNG LNG Plant,544272,LNGEXPORT,1469.015,0.000,0.000,0.000,,,QLD,Curtis Island,540030,2026/09/13 10:36:05
2026/09/12,QGP,540058,PIPE,0.000,0.000,13.436,0.000,,,QLD,Wallumbilla Hub,540032,2026/09/13 12:01:09
2026/09/12,QGP,540058,PIPE,113.453,23.602,76.886,0.000,,,QLD,Regional - QLD,590001,2026/09/13 12:01:09
2026/09/12,Quarantine Power Station,555087,BBGPG,0.530,0.000,0.000,0.000,,,SA,Regional - SA,590013,2026/09/13 11:31:24
2026/09/12,Queensland Aluminia,544012,BBLARGE,36.817,0.000,0.000,0.000,,,QLD,Regional - QLD,590001,2026/09/13 12:01:09
2026/09/12,RBP,540057,PIPE,0.000,0.000,0.648,10.300,,,QLD,Wallumbilla Hub,540032,2026/09/13 12:45:48
2026/09/12,RBP,540057,PIPE,2.555,20.029,44.624,2.008,,,QLD,Regional - QLD,590001,2026/09/13 12:45:48
2026/09/12,RBP,540057,PIPE,31.901,0.000,0.000,0.000,,,QLD,Brisbane,590002,2026/09/13 12:45:48
2026/09/12,RCWP,540102,PIPE,0.000,0.000,31.379,0.002,,,QLD,Wallumbilla Hub,540032,2026/09/13 12:45:48
2026/09/12,RCWP,540102,PIPE,0.000,0.000,32.826,64.161,,,QLD,Regional - QLD,590001,2026/09/13 12:45:48
2026/09/12,Reedy Creek,540085,PROD,0.000,184.431,0.000,0.000,,,QLD,Regional - QLD,590001,2026/09/14 11:30:09
2026/09/12,RMNGPF,640011,PROD,0.000,18.320,0.000,0.000,,,QLD,Regional - QLD,590001,2026/09/13 08:48:55
2026/09/12,RNMGP,640012,PIPE,0.000,18.320,0.000,18.320,,,QLD,Regional - QLD,590001,2026/09/13 08:48:55
2026/09/12,RNP,640009,PIPE,0.000,22.038,0.000,22.038,,,QLD,Regional - QLD,590001,2026/09/13 12:01:11
2026/09/12,Rolleston,540073,PROD,0.000,7.892,0.000,0.000,,,QLD,Regional - QLD,590001,2026/09/13 12:01:09
2026/09/12,Roma,540095,PROD,0.000,231.040,0.000,0.000,,,QLD,Regional - QLD,590001,2026/09/13 14:58:26
2026/09/12,Roma North,544260,PROD,0.000,22.038,0.000,0.000,,,QLD,Regional - QLD,590001,2026/09/13 12:01:16
2026/09/12,Roma Power Station,540120,BBGPG,0.000,0.000,0.000,0.000,,,QLD,Regional - QLD,590001,2026/09/13 16:30:58
2026/09/12,Ron Goodin Power Station,580234,BBGPG,0.000,0.000,0.000,0.000,,,NT,Regional - NT,590017,2026/09/13 06:41:03
2026/09/12,RPL,540110,PIPE,0.045,0.000,0.000,0.000,,,QLD,Regional - QLD,590001,2026/09/13 16:30:58
2026/09/12,Ruby Jo,540082,PROD,0.000,422.548,0.000,0.000,,,QLD,Regional - QLD,590001,2026/09/13 10:36:05
2026/09/12,RUGS,540040,STOR,0.000,0.000,0.000,0.000,15130.760,0.000,QLD,Regional - QLD,590001,2026/09/13 14:58:26
2026/09/12,Scotia,540072,PROD,0.000,101.967,0.000,0.000,,,QLD,Regional - QLD,590001,2026/09/13 14:58:26
2026/09/12,SEPS,550061,PIPE,7.026,0.000,7.019,0.000,,,SA,Regional - SA,590013,2026/09/13 11:32:05
2026/09/12,SESA,550060,PIPE,0.000,0.000,7.107,0.000,,,VIC,Regional - VIC,590012,2026/09/13 12:45:48
2026/09/12,SESA,550060,PIPE,0.000,0.000,0.000,7.028,,,SA,Regional - SA,590013,2026/09/13 12:45:48
2026/09/12,Smithfield Energy Facility,522004,BBGPG,0.000,0.000,0.000,0.000,,,NSW,Regional - NSW,590011,2026/09/13 12:07:09
2026/09/12,Snapper Point,555090,BBGPG,0.000,0.000,0.000,0.000,,,SA,Regional - SA,590013,2026/09/13 11:31:24
2026/09/12,Somerton,533174,BBGPG,0.003,0.000,0.000,0.000,,,VIC,Melbourne,590008,2026/09/13 11:00:01
2026/09/12,SPCF,580236,PROD,0.000,22.136,0.000,0.000,,,NT,Regional - NT,590017,2026/09/13 09:20:05
2026/09/12,SPP,580237,PIPE,0.000,22.136,0.000,22.136,,,NT,Regional - NT,590017,2026/09/13 12:45:48
2026/09/12,Spring Gully,540066,PROD,0.000,56.973,0.000,0.000,,,QLD,Regional - QLD,590001,2026/09/14 11:30:09
2026/09/12,SSP,540103,PIPE,0.000,6.300,0.000,6.300,,,QLD,Regional - QLD,590001,2026/09/13 12:20:20
2026/09/12,SSSF,540062,STOR,0.000,6.300,0.000,0.000,8396.912,0.000,QLD,Regional - QLD,590001,2026/09/13 12:20:20
2026/09/12,Strathblane,540067,PROD,0.000,44.444,0.000,0.000,,,QLD,Regional - QLD,590001,2026/09/14 11:30:09
2026/09/12,Swanbank Power Station,544104,BBGPG,0.000,0.000,0.000,0.000,,,QLD,Brisbane,590002,2026/09/13 12:45:48
2026/09/12,SWQP,540060,PIPE,0.000,0.000,189.194,305.987,,,QLD,Wallumbilla Hub,540032,2026/09/13 12:45:48
2026/09/12,SWQP,540060,PIPE,0.000,0.000,0.000,72.613,,,QLD,Ballera,540078,2026/09/13 12:45:48
2026/09/12,SWQP,540060,PIPE,0.000,182.644,0.000,17.053,,,SA,Moomba Hub,550017,2026/09/13 12:45:48
2026/09/12,SWQP,540060,PIPE,0.080,0.000,0.000,0.000,,,QLD,Regional - QLD,590001,2026/09/13 12:45:48
2026/09/12,Talinga,540076,PROD,0.000,85.869,0.000,0.000,,,QLD,Regional - QLD,590001,2026/09/14 11:30:09
2026/09/12,Tallawarra,522002,BBGPG,0.000,0.000,0.000,0.000,,,NSW,Regional - NSW,590011,2026/09/13 11:00:10
2026/09/12,Tallawarra Pipeline,523201,PIPE,0.000,0.000,0.000,0.000,,,NSW,Regional - NSW,590011,2026/09/13 11:00:10
2026/09/12,Taloona,540068,PROD,0.000,41.115,0.000,0.000,,,QLD,Regional - QLD,590001,2026/09/14 11:30:09
2026/09/12,Tanami GP,580210,PIPE,7.575,0.000,8.501,0.000,,,NT,Regional - NT,590017,2026/09/13 12:02:00
2026/09/12,TGP,570050,PIPE,0.000,0.000,73.514,18.246,,,VIC,Longford Hub,530015,2026/09/14 12:01:00
2026/09/12,TGP,570050,PIPE,44.150,0.000,0.000,0.000,,,TAS,Regional - TAS,590014,2026/09/14 12:01:00
2026/09/12,Tipton,540051,PROD,0.000,40.829,0.000,0.000,,,QLD,Regional - QLD,590001,2026/09/13 12:30:08
2026/09/12,Torrens Island PS,555041,BBGPG,11.913,0.000,0.000,0.000,,,SA,Regional - SA,590013,2026/09/13 11:31:24
2026/09/12,Uranquinty Power Station,522047,BBGPG,0.000,0.000,0.000,0.000,,,NSW,Regional - NSW,590011,2026/09/13 12:45:48
2026/09/12,Valley Power GPG,535024,BBGPG,0.006,0.000,0.000,0.000,,,VIC,Gippsland,590009,2026/09/13 11:00:58
2026/09/12,VicHub,532005,PIPE,0.000,0.000,19.244,19.244,,,VIC,Longford Hub,530015,2026/09/14 10:00:05
2026/09/12,Viva Energy Refinery,535018,BBLARGE,7.559,0.000,0.000,0.000,,,VIC,Geelong,590005,2026/09/13 07:30:15
2026/09/12,VTS,530110,PIPE,0.000,403.037,37.500,0.000,,,VIC,Longford Hub,530015,2026/09/13 11:00:01
2026/09/12,VTS,530110,PIPE,60.466,0.000,94.479,0.000,,,VIC,Iona Hub,530016,2026/09/13 11:00:01
2026/09/12,VTS,530110,PIPE,10.588,0.000,0.000,0.000,,,VIC,Western,590004,2026/09/13 11:00:01
2026/09/12,VTS,530110,PIPE,41.424,0.000,0.000,0.000,,,VIC,Geelong,590005,2026/09/13 11:00:01
2026/09/12,VTS,530110,PIPE,22.038,0.000,0.000,0.000,,,VIC,Ballarat,590006,2026/09/13 11:00:01
2026/09/12,VTS,530110,PIPE,36.734,0.000,0.000,0.000,,,VIC,Northern,590007,2026/09/13 11:00:01
2026/09/12,VTS,530110,PIPE,232.499,4.277,0.000,0.000,,,VIC,Melbourne,590008,2026/09/13 11:00:01
2026/09/12,VTS,530110,PIPE,24.526,0.000,16.930,0.000,,,VIC,Gippsland,590009,2026/09/13 11:00:01
2026/09/12,VTS,530110,PIPE,0.000,0.000,0.000,133.440,,,NSW,Culcairn,590016,2026/09/13 11:00:01
2026/09/12,Wallumbilla Compression Station,544280,COMPRESSOR,0.000,0.000,0.000,0.000,,,QLD,Wallumbilla Hub,540032,2026/09/13 14:58:05
2026/09/12,WCFA,540045,COMPRESSOR,0.000,0.000,144.814,144.814,,,QLD,Wallumbilla Hub,540032,2026/09/13 12:45:48
2026/09/12,WCFB,540046,COMPRESSOR,0.000,0.000,161.172,161.172,,,QLD,Wallumbilla Hub,540032,2026/09/13 12:45:48
2026/09/12,Weddell Power Station,580232,BBGPG,18.116,0.000,0.000,0.000,,,NT,Darwin,580001,2026/09/13 12:45:48
2026/09/12,WGP,540091,PIPE,1469.015,0.000,0.000,0.000,,,QLD,Curtis Island,540030,2026/09/13 10:36:05
2026/09/12,WGP,540091,PIPE,0.000,1428.967,56.694,0.000,,,QLD,Regional - QLD,590001,2026/09/13 10:36:05
2026/09/12,Whyalla Steelworks,555085,BBLARGE,6.610,0.000,0.000,0.000,,,SA,Regional - SA,590013,2026/09/13 11:31:24
2026/09/12,Windibri,540069,PROD,0.000,95.692,0.000,0.000,,,QLD,Regional - QLD,590001,2026/09/13 10:36:05
2026/09/12,Woleebee Creek,540087,PROD,0.000,640.567,0.000,0.000,,,QLD,Regional - QLD,590001,2026/09/13 10:36:05
2026/09/12,WPP,580030,PIPE,18.116,2.804,15.315,0.000,,,NT,Darwin,580001,2026/09/13 12:45:48
2026/09/12,Yarwun,544282,BBGPG,50.922,0.000,0.000,0.000,,,QLD,Regional - QLD,590001,2026/09/13 12:01:09
2026/09/12,Yelcherr,580180,PROD,0.000,0.000,0.000,0.000,,,NT,Regional - NT,590017,2026/09/13 12:45:48
2026/09/12,Yellowbank,540074,PROD,0.000,11.460,0.000,0.000,,,QLD,Regional - QLD,590001,2026/09/13 12:01:09
2026/09/13,Adelaide Brighton,555091,BBLARGE,6.902,0.000,0.000,0.000,,,SA,Adelaide,550016,2026/09/14 13:00:00
2026/09/13,AGP,580010,PIPE,18.054,0.000,0.000,12.835,,,NT,Darwin,580001,2026/09/14 12:46:48
2026/09/13,AGP,580010,PIPE,6.987,30.882,30.011,17.212,,,NT,Regional - NT,590017,2026/09/14 12:46:48
2026/09/13,APLNG Pipeline,540093,PIPE,1650.705,0.000,0.000,0.000,,,QLD,Curtis Island,540030,2026/09/14 11:30:09
2026/09/13,APLNG Pipeline,540093,PIPE,0.000,1237.364,580.433,126.999,,,QLD,Regional - QLD,590001,2026/09/14 11:30:09
2026/09/13,Arcadia,540101,PROD,0.000,91.966,0.000,0.000,,,QLD,Regional - QLD,590001,2026/09/14 10:58:22
2026/09/13,ATGP,640013,PIPE,0.000,42.713,0.000,42.713,,,QLD,Regional - QLD,590001,2026/09/14 12:01:15
2026/09/13,ATHENA,535014,PROD,0.000,15.560,0.000,0.000,,,VIC,Iona Hub,530016,2026/09/15 10:44:51
2026/09/13,Atlas,544261,PROD,0.000,42.713,0.000,0.000,,,QLD,Regional - QLD,590001,2026/09/14 12:01:24
2026/09/13,Atlas East Central Processing Facility,640008,PROD,0.000,33.530,0.000,0.000,,,QLD,Regional - QLD,590001,2026/09/14 09:20:53
2026/09/13,Atlas to Reedy Creek Pipeline,640007,PIPE,0.000,33.527,0.000,32.694,,,QLD,Regional - QLD,590001,2026/09/14 12:46:48
2026/09/13,Australia Pacific LNG,544273,LNGEXPORT,1650.704,0.000,0.000,0.000,,,QLD,Curtis Island,540030,2026/09/14 12:00:26
2026/09/13,Australian Paper (Opal),535021,BBLARGE,9.057,0.000,0.000,0.000,,,VIC,Gippsland,590009,2026/09/14 11:00:01
2026/09/13,B1PL,540077,PIPE,0.038,36.817,0.000,32.296,,,QLD,Regional - QLD,590001,2026/09/14 11:01:09
2026/09/13,B2PL,540071,PIPE,0.000,54.530,3.006,56.723,,,QLD,Regional - QLD,590001,2026/09/14 12:30:09
2026/09/13,Bairnsdale Power Station,535020,BBGPG,0.000,0.000,0.000,0.000,,,VIC,Regional - VIC,590012,2026/09/14 11:01:06
2026/09/13,BCF,540047,COMPRESSOR,0.000,0.000,51.600,51.600,,,QLD,Regional - QLD,590001,2026/09/15 10:00:01
2026/09/13,Bell Bay CCGT,577016,BBGPG,26.909,0.000,0.000,0.000,,,TAS,Regional - TAS,590014,2026/09/14 12:01:01
2026/09/13,Bell Bay GGT,577014,BBGPG,0.000,0.000,0.000,0.000,,,TAS,Regional - TAS,590014,2026/09/14 12:01:01
2026/09/13,Bell Bay OCGT,577015,BBGPG,0.024,0.000,0.000,0.000,,,TAS,Regional - TAS,590014,2026/09/14 12:01:01
2026/09/13,Bellevue,540083,PROD,0.000,148.914,0.000,0.000,,,QLD,Regional - QLD,590001,2026/09/14 10:36:11
2026/09/13,BGP,580020,PIPE,0.332,0.000,0.000,0.000,,,NT,Regional - NT,590017,2026/09/14 12:46:48
2026/09/13,BlueScope,523204,BBLARGE,8.338,0.000,0.000,0.000,,,NSW,Sydney,520008,2026/09/14 12:01:05
2026/09/13,Bolivar,555008,BBGPG,0.000,0.000,0.000,0.000,,,SA,Regional - SA,590013,2026/09/14 12:04:52
2026/09/13,Bomaderry Gas Pipeline,523202,PIPE,22.089,0.000,22.089,0.000,,,NSW,Regional - NSW,590011,2026/09/14 12:48:07
2026/09/13,BPP,530030,PIPE,2.090,19.130,0.000,17.038,,,VIC,Gippsland,590009,2026/09/14 11:00:01
2026/09/13,Braemar 2 Power Station,544085,BBGPG,0.000,0.000,0.000,0.000,,,QLD,Regional - QLD,590001,2026/09/14 12:30:09
2026/09/13,Braemar Power Station,544252,BBGPG,0.038,0.000,0.000,0.000,,,QLD,Regional - QLD,590001,2026/09/14 11:01:09
2026/09/13,BWP,540096,PIPE,0.000,0.000,3.505,0.000,,,QLD,Wallumbilla Hub,540032,2026/09/14 12:46:48
2026/09/13,BWP,540096,PIPE,0.000,5.150,0.000,0.000,,,QLD,Regional - QLD,590001,2026/09/14 12:46:48
2026/09/13,CGP,540059,PIPE,0.000,0.000,51.644,0.000,,,QLD,Ballera,540078,2026/09/14 12:46:48
2026/09/13,CGP,540059,PIPE,57.979,0.000,0.000,0.000,,,QLD,Regional - QLD,590001,2026/09/14 12:46:48
2026/09/13,Channel Island Power Station,580231,BBGPG,18.054,0.000,0.000,0.000,,,NT,Darwin,580001,2026/09/14 12:46:48
2026/09/13,Colongra,523120,BBGPG,0.000,0.000,0.000,0.000,,,NSW,Regional - NSW,590011,2026/09/14 12:00:05
2026/09/13,ColongraGP,520090,PIPE,0.000,0.000,0.000,0.000,,,NSW,Sydney,520008,2026/09/14 12:00:05
2026/09/13,ColongraGP,520090,PIPE,0.000,0.000,0.000,0.000,,,NSW,Regional - NSW,590011,2026/09/14 12:00:05
2026/09/13,Combabula,540094,PROD,0.000,289.375,0.000,0.000,,,QLD,Regional - QLD,590001,2026/09/14 11:30:09
2026/09/13,Condabri Central,540080,PROD,0.000,49.949,0.000,0.000,,,QLD,Regional - QLD,590001,2026/09/14 11:30:09
2026/09/13,Condabri North,540090,PROD,0.000,154.613,0.000,0.000,,,QLD,Regional - QLD,590001,2026/09/14 11:30:09
2026/09/13,Condabri South,540086,PROD,0.000,150.231,0.000,0.000,,,QLD,Regional - QLD,590001,2026/09/14 11:30:09
2026/09/13,Condamine Power Station,544274,BBGPG,0.000,0.000,0.000,0.000,,,QLD,Regional - QLD,590001,2026/09/14 10:36:10
2026/09/13,CRWP,540098,PIPE,0.000,0.000,133.023,0.000,,,QLD,Wallumbilla Hub,540032,2026/09/14 10:58:07
2026/09/13,CRWP,540098,PIPE,0.000,230.908,41.086,423.341,,,QLD,Regional - QLD,590001,2026/09/14 10:58:07
2026/09/13,CWP,520054,PIPE,2.468,0.000,2.763,0.000,,,NSW,Regional - NSW,590011,2026/09/14 12:46:48
2026/09/13,Daandine,540050,PROD,0.000,54.553,0.000,0.000,,,QLD,Regional - QLD,590001,2026/09/14 12:30:09
2026/09/13,Dandenong LNG,530038,STOR,5.454,0.376,0.000,0.000,650.520,27.889,VIC,Melbourne,590008,2026/09/14 12:46:48
2026/09/13,DDP,540097,PIPE,0.000,0.000,0.000,170.975,,,QLD,Wallumbilla Hub,540032,2026/09/14 12:01:13
2026/09/13,DDP,540097,PIPE,0.004,548.234,92.326,473.488,,,QLD,Regional - QLD,590001,2026/09/14 12:01:13
2026/09/13,DDPS,544027,BBGPG,0.004,0.000,0.000,0.000,,,QLD,Regional - QLD,590001,2026/09/14 12:01:13
2026/09/13,Diamantina Power Station,544077,BBGPG,37.471,0.000,0.000,0.000,,,QLD,Regional - QLD,590001,2026/09/14 12:46:48
2026/09/13,Dry Creek Power Station,555026,BBGPG,0.000,0.000,0.000,0.000,,,SA,Regional - SA,590013,2026/09/14 11:31:06
2026/09/13,EGP,520047,PIPE,133.872,0.000,0.000,0.000,,,NSW,Sydney,520008,2026/09/14 12:01:05
2026/09/13,EGP,520047,PIPE,6.284,0.000,0.000,0.000,,,NSW,Canberra,520009,2026/09/14 12:01:05
2026/09/13,EGP,520047,PIPE,0.000,200.212,0.000,88.739,,,VIC,Longford Hub,530015,2026/09/14 12:01:05
2026/09/13,EGP,520047,PIPE,4.561,0.000,0.000,22.089,,,NSW,Regional - NSW,590011,2026/09/14 12:01:05
2026/09/13,EGP,520047,PIPE,0.454,70.648,0.000,0.000,,,VIC,Regional - VIC,590012,2026/09/14 12:01:05
2026/09/13,EO4PL,540055,PIPE,0.000,0.000,0.000,0.000,,,QLD,Regional - QLD,590001,2026/09/14 10:36:11
2026/09/13,Eurombah Creek,540089,PROD,0.000,158.297,0.000,0.000,,,QLD,Regional - QLD,590001,2026/09/14 11:30:09
2026/09/13,Fairview,540070,PROD,0.000,282.975,0.000,0.000,,,QLD,Regional - QLD,590001,2026/09/14 10:58:22
2026/09/13,GLNG (Curtis Island),544276,LNGEXPORT,816.882,0.000,0.000,0.000,,,QLD,Curtis Island,540030,2026/09/14 10:58:07
2026/09/13,GLNG Pipeline,540092,PIPE,816.882,0.000,0.000,0.000,,,QLD,Curtis Island,540030,2026/09/14 10:58:07
2026/09/13,GLNG Pipeline,540092,PIPE,0.000,420.143,423.551,22.518,,,QLD,Regional - QLD,590001,2026/09/14 10:36:11
2026/09/13,Hallett,555029,BBGPG,0.000,0.000,0.000,0.000,,,SA,Regional - SA,590013,2026/09/14 11:31:06
2026/09/13,Hunter Power Station,523210,BBGPG,0.001,0.000,0.000,0.000,,,NSW,Sydney,520008,2026/09/14 12:46:48
2026/09/13,ICF,530071,COMPRESSOR,0.000,0.000,4.000,4.000,,,VIC,Iona Hub,530016,2026/09/14 08:35:02
2026/09/13,Iona UGS,530042,STOR,97.194,6.002,0.000,0.000,12830.325,0.000,VIC,Iona Hub,530016,2026/09/14 08:30:03
2026/09/13,Jeerelang,533161,BBGPG,0.000,0.000,0.000,0.000,,,VIC,Gippsland,590009,2026/09/14 11:00:01
2026/09/13,Jordan,540088,PROD,0.000,337.780,0.000,0.000,,,QLD,Regional - QLD,590001,2026/09/14 10:36:11
2026/09/13,Katherine Power Station,580233,BBGPG,0.000,0.000,0.000,0.000,,,NT,Regional - NT,590017,2026/09/14 12:46:48
2026/09/13,Kenya,540075,PROD,0.000,109.580,0.000,0.000,,,QLD,Regional - QLD,590001,2026/09/14 10:36:11
2026/09/13,Kincora,544253,PROD,0.000,4.000,0.000,0.000,,,QLD,Regional - QLD,590001,2026/09/14 12:46:48
2026/09/13,KKLP,523209,PIPE,0.001,0.000,0.000,0.000,,,NSW,Sydney,520008,2026/09/14 12:46:48
2026/09/13,Kogan North,540061,PROD,0.000,4.310,0.000,0.000,,,QLD,Regional - QLD,590001,2026/09/14 12:46:48
2026/09/13,Ladbroke Grove PS,555086,BBGPG,0.000,0.000,0.000,0.000,,,SA,Regional - SA,590013,2026/09/14 12:46:48
2026/09/13,Lang Lang,530039,PROD,0.000,19.130,0.000,0.000,,,VIC,Gippsland,590009,2026/09/14 09:08:25
2026/09/13,Laverton,533201,BBGPG,0.000,0.000,0.000,0.000,,,VIC,Geelong,590005,2026/09/14 11:00:01
2026/09/13,Longford,530040,PROD,0.000,617.827,0.000,0.000,,,VIC,Longford Hub,530015,2026/09/14 08:58:04
2026/09/13,Loy Yang B,533163,BBGPG,0.000,0.000,0.000,0.000,,,VIC,Gippsland,590009,2026/09/14 11:01:11
2026/09/13,LYB Transmission Pipeline,535023,PIPE,0.001,0.000,0.000,0.000,,,VIC,Gippsland,590009,2026/09/14 11:01:11
2026/09/13,MAPS,550054,PIPE,24.615,0.000,0.000,0.000,,,SA,Adelaide,550016,2026/09/14 11:31:06
2026/09/13,MAPS,550054,PIPE,0.000,42.600,19.999,0.000,,,SA,Moomba Hub,550017,2026/09/14 11:31:06
2026/09/13,MAPS,550054,PIPE,39.738,0.000,14.999,0.000,,,SA,Regional - SA,590013,2026/09/14 11:31:06
2026/09/13,McArthur River Mine,580220,BBGPG,8.024,0.000,0.000,0.000,,,NT,Regional - NT,590017,2026/09/14 09:19:53
2026/09/13,MCF,550050,COMPRESSOR,0.000,0.000,159.428,159.428,,,SA,Moomba Hub,550017,2026/09/14 12:46:48
2026/09/13,Mereenie,580040,PROD,0.000,25.418,0.000,0.000,,,NT,Regional - NT,590017,2026/09/14 12:48:13
2026/09/13,Meridian,540064,PROD,0.000,49.452,0.000,0.000,,,QLD,Regional - QLD,590001,2026/09/14 09:39:00
2026/09/13,Mintaro Power Station,555031,BBGPG,0.000,0.000,0.000,0.000,,,SA,Regional - SA,590013,2026/09/14 11:31:06
2026/09/13,Moomba,550045,PROD,0.000,219.700,0.000,0.000,,,SA,Moomba Hub,550017,2026/09/15 10:00:01
2026/09/13,Moomba Storage,550046,STOR,0.000,3.800,0.000,0.000,6246.000,0.000,SA,Moomba Hub,550017,2026/09/15 10:00:01
2026/09/13,Mortlake PS,530063,BBGPG,0.000,0.000,0.000,0.000,,,VIC,Regional - VIC,590012,2026/09/14 07:20:00
2026/09/13,MPL,530061,PIPE,0.000,0.000,16.535,0.000,,,VIC,Iona Hub,530016,2026/09/14 07:20:00
2026/09/13,MPL,530061,PIPE,0.000,0.000,0.000,0.000,,,VIC,Regional - VIC,590012,2026/09/14 07:20:00
2026/09/13,MRP,580100,PIPE,8.024,0.000,8.025,0.000,,,NT,Regional - NT,590017,2026/09/14 09:19:53
2026/09/13,MSP,520053,PIPE,64.718,0.000,0.000,0.000,,,NSW,Sydney,520008,2026/09/14 12:46:48
2026/09/13,MSP,520053,PIPE,0.000,0.000,2.358,1.700,,,SA,Moomba Hub,550017,2026/09/14 12:46:48
2026/09/13,MSP,520053,PIPE,24.235,0.000,0.000,2.763,,,NSW,Regional - NSW,590011,2026/09/14 12:46:48
2026/09/13,MSP,520053,PIPE,9.171,0.000,0.000,0.000,,,NSW,Regional - ACT,590015,2026/09/14 12:46:48
2026/09/13,MSP,520053,PIPE,0.000,0.000,147.624,0.000,,,NSW,Culcairn,590016,2026/09/14 12:46:48
2026/09/13,Newport,533171,BBGPG,0.001,0.000,0.000,0.000,,,VIC,Melbourne,590008,2026/09/14 11:00:01
2026/09/13,NGP,580050,PIPE,0.000,0.000,0.000,0.000,,,QLD,Regional - QLD,590001,2026/09/14 12:01:20
2026/09/13,NGP,580050,PIPE,0.000,0.000,0.000,0.000,,,NT,Regional - NT,590017,2026/09/14 12:01:20
2026/09/13,NGS,520060,STOR,0.060,0.745,0.000,0.000,658.744,76.846,NSW,Sydney,520008,2026/09/14 10:13:20
2026/09/13,Oakey PS,544095,BBGPG,0.000,0.000,0.000,0.000,,,QLD,Regional - QLD,590001,2026/09/14 12:46:48
2026/09/13,Orana,540084,PROD,0.000,169.741,0.000,0.000,,,QLD,Regional - QLD,590001,2026/09/14 11:30:09
2026/09/13,Orbost,530041,PROD,0.000,70.648,0.000,0.000,,,VIC,Regional - VIC,590012,2026/09/14 12:01:05
2026/09/13,Orica,544011,BBLARGE,9.553,0.000,0.000,0.000,,,QLD,Regional - QLD,590001,2026/09/14 20:00:05
2026/09/13,Orica (Kooragang Island),523206,BBLARGE,39.542,0.000,0.000,0.000,,,NSW,Sydney,520008,2026/09/14 13:00:00
2026/09/13,Osborne,555033,BBGPG,0.000,0.000,0.000,0.000,,,SA,Regional - SA,590013,2026/09/14 11:31:06
2026/09/13,Otway,530044,PROD,0.000,135.724,0.000,0.000,,,VIC,Iona Hub,530016,2026/09/14 13:26:38
2026/09/13,Owen Springs Power Station,580235,BBGPG,0.190,0.000,0.000,0.000,,,NT,Regional - NT,590017,2026/09/14 06:41:13
2026/09/13,Palm Valley,580060,PROD,0.000,5.464,0.000,0.000,,,NT,Regional - NT,590017,2026/09/14 12:48:13
2026/09/13,PCA,550052,PIPE,0.000,9.015,36.535,1.306,,,VIC,Iona Hub,530016,2026/09/14 07:20:01
2026/09/13,PCA,550052,PIPE,17.410,0.000,0.000,0.000,,,SA,Adelaide,550016,2026/09/14 07:20:01
2026/09/13,PCA,550052,PIPE,0.000,0.000,0.000,6.349,,,VIC,Regional - VIC,590012,2026/09/14 07:20:01
2026/09/13,PCA,550052,PIPE,26.020,0.000,0.000,14.991,,,SA,Regional - SA,590013,2026/09/14 07:20:01
2026/09/13,PCI,530060,PIPE,0.000,146.276,1.306,147.584,,,VIC,Iona Hub,530016,2026/09/14 07:20:01
2026/09/13,Peat,540065,PROD,0.000,11.647,0.000,0.000,,,QLD,Regional - QLD,590001,2026/09/14 11:30:09
2026/09/13,Pelican Point Power Station,555089,BBGPG,17.569,0.000,0.000,0.000,,,SA,Regional - SA,590013,2026/09/14 07:20:01
2026/09/13,Phosphate Hill,544081,BBLARGE,8.632,0.000,0.000,0.000,,,QLD,Regional - QLD,590001,2026/09/14 12:46:48
2026/09/13,Pipeline Compression Station,544279,COMPRESSOR,0.000,0.000,0.000,0.000,,,QLD,Regional - QLD,590001,2026/09/14 10:58:07
2026/09/13,PVP,580070,PIPE,0.568,0.000,0.687,0.000,,,NT,Regional - NT,590017,2026/09/14 06:41:13
2026/09/13,QCLNG LNG Plant,544272,LNGEXPORT,1491.332,0.000,0.000,0.000,,,QLD,Curtis Island,540030,2026/09/14 10:36:11
2026/09/13,QGP,540058,PIPE,0.000,0.000,11.570,0.000,,,QLD,Wallumbilla Hub,540032,2026/09/14 20:00:05
2026/09/13,QGP,540058,PIPE,112.207,23.525,76.887,0.000,,,QLD,Regional - QLD,590001,2026/09/14 20:00:05
2026/09/13,Quarantine Power Station,555087,BBGPG,25.783,0.000,0.000,0.000,,,SA,Regional - SA,590013,2026/09/14 11:31:06
2026/09/13,Queensland Aluminia,544012,BBLARGE,35.758,0.000,0.000,0.000,,,QLD,Regional - QLD,590001,2026/09/14 20:00:05
2026/09/13,RBP,540057,PIPE,0.000,0.000,0.647,33.299,,,QLD,Wallumbilla Hub,540032,2026/09/14 12:46:48
2026/09/13,RBP,540057,PIPE,2.318,19.957,38.619,3.006,,,QLD,Regional - QLD,590001,2026/09/14 12:46:48
2026/09/13,RBP,540057,PIPE,33.713,0.000,0.000,0.000,,,QLD,Brisbane,590002,2026/09/14 12:46:48
2026/09/13,RCWP,540102,PIPE,0.000,0.000,53.133,0.091,,,QLD,Wallumbilla Hub,540032,2026/09/14 12:46:48
2026/09/13,RCWP,540102,PIPE,0.000,0.000,32.694,84.637,,,QLD,Regional - QLD,590001,2026/09/14 12:46:48
2026/09/13,Reedy Creek,540085,PROD,0.000,184.093,0.000,0.000,,,QLD,Regional - QLD,590001,2026/09/14 11:30:09
2026/09/13,RMNGPF,640011,PROD,0.000,18.410,0.000,0.000,,,QLD,Regional - QLD,590001,2026/09/14 09:20:40
2026/09/13,RNMGP,640012,PIPE,0.000,18.410,0.000,18.410,,,QLD,Regional - QLD,590001,2026/09/14 09:20:40
2026/09/13,RNP,640009,PIPE,0.000,22.676,0.000,22.676,,,QLD,Regional - QLD,590001,2026/09/14 12:01:11
2026/09/13,Rolleston,540073,PROD,0.000,7.816,0.000,0.000,,,QLD,Regional - QLD,590001,2026/09/14 20:00:05
2026/09/13,Roma,540095,PROD,0.000,230.908,0.000,0.000,,,QLD,Regional - QLD,590001,2026/09/14 10:58:47
2026/09/13,Roma North,544260,PROD,0.000,22.676,0.000,0.000,,,QLD,Regional - QLD,590001,2026/09/14 12:01:21
2026/09/13,Roma Power Station,540120,BBGPG,0.000,0.000,0.000,0.000,,,QLD,Regional - QLD,590001,2026/09/14 12:15:00
2026/09/13,Ron Goodin Power Station,580234,BBGPG,0.000,0.000,0.000,0.000,,,NT,Regional - NT,590017,2026/09/14 06:41:13
2026/09/13,RPL,540110,PIPE,0.042,0.000,0.000,0.000,,,QLD,Regional - QLD,590001,2026/09/14 12:15:00
2026/09/13,Ruby Jo,540082,PROD,0.000,422.786,0.000,0.000,,,QLD,Regional - QLD,590001,2026/09/14 10:36:11
2026/09/13,RUGS,540040,STOR,0.000,0.000,0.000,0.000,15127.079,0.000,QLD,Regional - QLD,590001,2026/09/14 10:58:47
2026/09/13,Scotia,540072,PROD,0.000,101.746,0.000,0.000,,,QLD,Regional - QLD,590001,2026/09/14 10:58:47
2026/09/13,SEPS,550061,PIPE,6.262,0.000,6.258,0.000,,,SA,Regional - SA,590013,2026/09/14 11:32:05
2026/09/13,SESA,550060,PIPE,0.000,0.000,6.349,0.000,,,VIC,Regional - VIC,590012,2026/09/14 12:46:48
2026/09/13,SESA,550060,PIPE,0.000,0.000,0.000,6.252,,,SA,Regional - SA,590013,2026/09/14 12:46:48
2026/09/13,Shoalhaven Starches Cogeneration Plant,523203,BBLARGE,22.089,0.000,0.000,0.000,,,NSW,Regional - NSW,590011,2026/09/14 12:48:07
2026/09/13,Smithfield Energy Facility,522004,BBGPG,0.000,0.000,0.000,0.000,,,NSW,Regional - NSW,590011,2026/09/14 12:04:52
2026/09/13,Snapper Point,555090,BBGPG,0.000,0.000,0.000,0.000,,,SA,Regional - SA,590013,2026/09/14 11:31:06
2026/09/13,Somerton,533174,BBGPG,0.002,0.000,0.000,0.000,,,VIC,Melbourne,590008,2026/09/14 11:00:01
2026/09/13,SPCF,580236,PROD,0.000,30.011,0.000,0.000,,,NT,Regional - NT,590017,2026/09/14 10:18:56
2026/09/13,SPP,580237,PIPE,0.000,30.011,0.000,30.011,,,NT,Regional - NT,590017,2026/09/14 12:46:48
2026/09/13,Spring Gully,540066,PROD,0.000,56.786,0.000,0.000,,,QLD,Regional - QLD,590001,2026/09/14 11:30:09
2026/09/13,SSP,540103,PIPE,0.000,6.760,0.000,6.760,,,QLD,Regional - QLD,590001,2026/09/14 09:31:25
2026/09/13,SSSF,540062,STOR,0.000,6.300,0.000,0.000,8390.152,0.000,QLD,Regional - QLD,590001,2026/09/14 09:31:25
2026/09/13,Strathblane,540067,PROD,0.000,45.720,0.000,0.000,,,QLD,Regional - QLD,590001,2026/09/14 11:30:09
2026/09/13,Swanbank Power Station,544104,BBGPG,0.000,0.000,0.000,0.000,,,QLD,Brisbane,590002,2026/09/14 12:46:48
2026/09/13,SWQP,540060,PIPE,0.000,0.000,203.719,201.231,,,QLD,Wallumbilla Hub,540032,2026/09/14 12:46:48
2026/09/13,SWQP,540060,PIPE,0.000,0.000,0.000,56.097,,,QLD,Ballera,540078,2026/09/14 12:46:48
2026/09/13,SWQP,540060,PIPE,0.000,180.085,0.000,20.657,,,SA,Moomba Hub,550017,2026/09/14 12:46:48
2026/09/13,SWQP,540060,PIPE,0.122,0.000,0.000,0.000,,,QLD,Regional - QLD,590001,2026/09/14 12:46:48
2026/09/13,Talinga,540076,PROD,0.000,84.243,0.000,0.000,,,QLD,Regional - QLD,590001,2026/09/14 11:30:09
2026/09/13,Tallawarra,522002,BBGPG,0.000,0.000,0.000,0.000,,,NSW,Regional - NSW,590011,2026/09/14 11:00:10
2026/09/13,Tallawarra Pipeline,523201,PIPE,0.000,0.000,0.000,0.000,,,NSW,Regional - NSW,590011,2026/09/14 11:00:10
2026/09/13,Taloona,540068,PROD,0.000,40.594,0.000,0.000,,,QLD,Regional - QLD,590001,2026/09/14 11:30:09
2026/09/13,Tanami GP,580210,PIPE,6.480,0.000,8.500,0.000,,,NT,Regional - NT,590017,2026/09/14 12:02:00
2026/09/13,TGP,570050,PIPE,0.000,0.000,81.335,24.913,,,VIC,Longford Hub,530015,2026/09/14 12:01:01
2026/09/13,TGP,570050,PIPE,43.706,0.000,0.000,0.000,,,TAS,Regional - TAS,590014,2026/09/14 12:01:01
2026/09/13,Tipton,540051,PROD,0.000,36.817,0.000,0.000,,,QLD,Regional - QLD,590001,2026/09/14 12:30:09
2026/09/13,Torrens Island PS,555041,BBGPG,3.733,0.000,0.000,0.000,,,SA,Regional - SA,590013,2026/09/14 11:31:06
2026/09/13,Uranquinty Power Station,522047,BBGPG,0.000,0.000,0.000,0.000,,,NSW,Regional - NSW,590011,2026/09/14 12:46:48
2026/09/13,Valley Power GPG,535024,BBGPG,0.001,0.000,0.000,0.000,,,VIC,Gippsland,590009,2026/09/14 11:01:11
2026/09/13,VicHub,532005,PIPE,0.000,0.000,7.354,7.354,,,VIC,Longford Hub,530015,2026/09/14 12:01:26
2026/09/13,Viva Energy Refinery,535018,BBLARGE,6.617,0.000,0.000,0.000,,,VIC,Geelong,590005,2026/09/14 07:30:13
2026/09/13,VTS,530110,PIPE,0.000,415.853,32.275,0.001,,,VIC,Longford Hub,530015,2026/09/14 11:00:01
2026/09/13,VTS,530110,PIPE,95.383,0.000,94.502,0.000,,,VIC,Iona Hub,530016,2026/09/14 11:00:01
2026/09/13,VTS,530110,PIPE,10.619,0.000,0.000,0.000,,,VIC,Western,590004,2026/09/14 11:00:01
2026/09/13,VTS,530110,PIPE,31.382,0.000,0.000,0.000,,,VIC,Geelong,590005,2026/09/14 11:00:01
2026/09/13,VTS,530110,PIPE,18.822,0.000,0.000,0.000,,,VIC,Ballarat,590006,2026/09/14 11:00:01
2026/09/13,VTS,530110,PIPE,33.286,0.000,0.000,0.000,,,VIC,Northern,590007,2026/09/14 11:00:01
2026/09/13,VTS,530110,PIPE,187.569,4.436,0.000,0.000,,,VIC,Melbourne,590008,2026/09/14 11:00:01
2026/09/13,VTS,530110,PIPE,21.314,0.000,17.038,0.121,,,VIC,Gippsland,590009,2026/09/14 11:00:01
2026/09/13,VTS,530110,PIPE,0.000,0.000,0.000,147.623,,,NSW,Culcairn,590016,2026/09/14 11:00:01
2026/09/13,Wallumbilla Compression Station,544280,COMPRESSOR,0.000,0.000,0.000,0.000,,,QLD,Wallumbilla Hub,540032,2026/09/14 10:58:07
2026/09/13,WCFA,540045,COMPRESSOR,0.000,0.000,103.776,103.776,,,QLD,Wallumbilla Hub,540032,2026/09/14 12:46:48
2026/09/13,WCFB,540046,COMPRESSOR,0.000,0.000,97.455,97.455,,,QLD,Wallumbilla Hub,540032,2026/09/14 12:46:48
2026/09/13,Weddell Power Station,580232,BBGPG,15.683,0.000,0.000,0.000,,,NT,Darwin,580001,2026/09/14 12:46:48
2026/09/13,WGP,540091,PIPE,1491.332,0.000,0.000,0.000,,,QLD,Curtis Island,540030,2026/09/14 10:36:11
2026/09/13,WGP,540091,PIPE,0.000,1447.102,56.700,0.000,,,QLD,Regional - QLD,590001,2026/09/14 10:36:11
2026/09/13,Whyalla Steelworks,555085,BBLARGE,6.179,0.000,0.000,0.000,,,SA,Regional - SA,590013,2026/09/14 11:31:06
2026/09/13,Windibri,540069,PROD,0.000,95.949,0.000,0.000,,,QLD,Regional - QLD,590001,2026/09/14 10:36:11
2026/09/13,Woleebee Creek,540087,PROD,0.000,639.886,0.000,0.000,,,QLD,Regional - QLD,590001,2026/09/14 10:36:11
2026/09/13,WPP,580030,PIPE,15.683,2.825,12.835,0.000,,,NT,Darwin,580001,2026/09/14 12:46:48
2026/09/13,Yarwun,544282,BBGPG,50.662,0.000,0.000,0.000,,,QLD,Regional - QLD,590001,2026/09/14 20:00:05
2026/09/13,Yelcherr,580180,PROD,0.000,0.000,0.000,0.000,,,NT,Regional - NT,590017,2026/09/14 12:46:48
2026/09/13,Yellowbank,540074,PROD,0.000,11.459,0.000,0.000,,,QLD,Regional - QLD,590001,2026/09/14 20:00:05
2026/09/14,AGP,580010,PIPE,21.452,0.000,0.000,13.951,,,NT,Darwin,580001,2026/09/15 10:46:48
2026/09/14,AGP,580010,PIPE,7.715,30.874,30.014,15.450,,,NT,Regional - NT,590017,2026/09/15 10:46:48
2026/09/14,ATHENA,535014,PROD,0.000,16.245,0.000,0.000,,,VIC,Iona Hub,530016,2026/09/15 10:44:51
2026/09/14,Atlas East Central Processing Facility,640008,PROD,0.000,33.510,0.000,0.000,,,QLD,Regional - QLD,590001,2026/09/15 08:01:08
2026/09/14,Atlas to Reedy Creek Pipeline,640007,PIPE,0.000,33.505,0.000,33.069,,,QLD,Regional - QLD,590001,2026/09/15 10:46:48
2026/09/14,B1PL,540077,PIPE,0.000,0.000,0.000,33.785,,,QLD,Regional - QLD,590001,2026/09/15 10:17:26
2026/09/14,B2PL,540071,PIPE,0.000,54.423,2.022,56.729,,,QLD,Regional - QLD,590001,2026/09/15 10:17:26
2026/09/14,BCF,540047,COMPRESSOR,0.000,0.000,75.600,75.600,,,QLD,Regional - QLD,590001,2026/09/15 10:00:01
2026/09/14,Bellevue,540083,PROD,0.000,147.887,0.000,0.000,,,QLD,Regional - QLD,590001,2026/09/15 10:35:40
2026/09/14,BGP,580020,PIPE,0.335,0.000,0.000,0.000,,,NT,Regional - NT,590017,2026/09/15 10:46:48
2026/09/14,Braemar 2 Power Station,544085,BBGPG,0.000,0.000,0.000,0.000,,,QLD,Regional - QLD,590001,2026/09/15 10:17:26
2026/09/14,BWP,540096,PIPE,0.000,0.000,0.000,27.557,,,QLD,Wallumbilla Hub,540032,2026/09/15 10:46:48
2026/09/14,BWP,540096,PIPE,0.000,18.110,0.000,0.000,,,QLD,Regional - QLD,590001,2026/09/15 10:46:48
2026/09/14,CGP,540059,PIPE,0.000,0.000,75.588,0.000,,,QLD,Ballera,540078,2026/09/15 10:46:48
2026/09/14,CGP,540059,PIPE,64.208,0.000,0.000,0.000,,,QLD,Regional - QLD,590001,2026/09/15 10:46:48
2026/09/14,Channel Island Power Station,580231,BBGPG,21.452,0.000,0.000,0.000,,,NT,Darwin,580001,2026/09/15 10:46:48
2026/09/14,Condamine Power Station,544274,BBGPG,0.000,0.000,0.000,0.000,,,QLD,Regional - QLD,590001,2026/09/15 10:35:40
2026/09/14,CRWP,540098,PIPE,0.000,0.000,18.200,0.000,,,QLD,Regional - QLD,590001,2026/09/15 08:01:26
2026/09/14,CWP,520054,PIPE,3.805,0.000,3.730,0.000,,,NSW,Regional - NSW,590011,2026/09/15 10:46:48
2026/09/14,Daandine,540050,PROD,0.000,54.450,0.000,0.000,,,QLD,Regional - QLD,590001,2026/09/15 10:17:34
2026/09/14,Dandenong LNG,530038,STOR,3.603,0.306,0.000,0.000,654.102,27.889,VIC,Melbourne,590008,2026/09/15 10:46:48
2026/09/14,Diamantina Power Station,544077,BBGPG,36.641,0.000,0.000,0.000,,,QLD,Regional - QLD,590001,2026/09/15 10:46:48
2026/09/14,EO4PL,540055,PIPE,0.000,0.000,0.000,0.000,,,QLD,Regional - QLD,590001,2026/09/15 10:35:40
2026/09/14,GLNG Pipeline,540092,PIPE,0.000,0.000,0.000,0.000,,,QLD,Regional - QLD,590001,2026/09/15 10:35:40
2026/09/14,Hunter Power Station,523210,BBGPG,0.001,0.000,0.000,0.000,,,NSW,Sydney,520008,2026/09/15 10:46:48
2026/09/14,ICF,530071,COMPRESSOR,0.000,0.000,5.000,5.000,,,VIC,Iona Hub,530016,2026/09/15 08:35:02
2026/09/14,Iona UGS,530042,STOR,100.694,7.501,0.000,0.000,12923.518,0.000,VIC,Iona Hub,530016,2026/09/15 08:30:03
2026/09/14,Jordan,540088,PROD,0.000,335.470,0.000,0.000,,,QLD,Regional - QLD,590001,2026/09/15 10:35:40
2026/09/14,Katherine Power Station,580233,BBGPG,0.397,0.000,0.000,0.000,,,NT,Regional - NT,590017,2026/09/15 10:46:48
2026/09/14,Kenya,540075,PROD,0.000,110.499,0.000,0.000,,,QLD,Regional - QLD,590001,2026/09/15 10:35:40
2026/09/14,Kincora,544253,PROD,0.000,4.000,0.000,0.000,,,QLD,Regional - QLD,590001,2026/09/15 10:46:48
2026/09/14,KKLP,523209,PIPE,0.001,0.000,0.000,0.000,,,NSW,Sydney,520008,2026/09/15 10:46:48
2026/09/14,Kogan North,540061,PROD,0.000,4.311,0.000,0.000,,,QLD,Regional - QLD,590001,2026/09/15 10:46:48
2026/09/14,Ladbroke Grove PS,555086,BBGPG,3.524,0.000,0.000,0.000,,,SA,Regional - SA,590013,2026/09/15 10:46:48
2026/09/14,Longford,530040,PROD,0.000,618.996,0.000,0.000,,,VIC,Longford Hub,530015,2026/09/15 10:32:56
2026/09/14,Loy Yang B,533163,BBGPG,0.000,0.000,0.000,0.000,,,VIC,Gippsland,590009,2026/09/15 09:00:54
2026/09/14,LYB Transmission Pipeline,535023,PIPE,0.002,0.000,0.000,0.000,,,VIC,Gippsland,590009,2026/09/15 09:00:54
2026/09/14,MAPS,550054,PIPE,0.000,0.000,85.466,0.000,,,SA,Moomba Hub,550017,2026/09/15 10:46:48
2026/09/14,McArthur River Mine,580220,BBGPG,6.220,0.000,0.000,0.000,,,NT,Regional - NT,590017,2026/09/15 09:56:18
2026/09/14,MCF,550050,COMPRESSOR,0.000,0.000,94.977,94.977,,,SA,Moomba Hub,550017,2026/09/15 10:46:48
2026/09/14,Meridian,540064,PROD,0.000,49.614,0.000,0.000,,,QLD,Regional - QLD,590001,2026/09/15 09:39:09
2026/09/14,Moomba,550045,PROD,0.000,224.200,0.000,0.000,,,SA,Moomba Hub,550017,2026/09/15 10:00:01
2026/09/14,Moomba Storage,550046,STOR,0.000,3.300,0.000,0.000,6242.700,0.000,SA,Moomba Hub,550017,2026/09/15 10:00:01
2026/09/14,Mortlake PS,530063,BBGPG,0.000,0.000,0.000,0.000,,,VIC,Regional - VIC,590012,2026/09/15 07:20:00
2026/09/14,MPL,530061,PIPE,0.000,0.000,0.000,0.000,,,VIC,Iona Hub,530016,2026/09/15 07:20:00
2026/09/14,MPL,530061,PIPE,0.000,0.000,0.000,0.000,,,VIC,Regional - VIC,590012,2026/09/15 07:20:00
2026/09/14,MRP,580100,PIPE,6.220,0.000,6.222,0.000,,,NT,Regional - NT,590017,2026/09/15 09:56:18
2026/09/14,MSP,520053,PIPE,75.488,0.000,0.000,0.000,,,NSW,Sydney,520008,2026/09/15 10:46:48
2026/09/14,MSP,520053,PIPE,0.000,0.000,4.916,4.200,,,SA,Moomba Hub,550017,2026/09/15 10:46:48
2026/09/14,MSP,520053,PIPE,26.932,0.000,0.000,3.730,,,NSW,Regional - NSW,590011,2026/09/15 10:46:48
2026/09/14,MSP,520053,PIPE,6.071,0.000,0.000,0.000,,,NSW,Regional - ACT,590015,2026/09/15 10:46:48
2026/09/14,MSP,520053,PIPE,0.000,0.000,98.834,0.001,,,NSW,Culcairn,590016,2026/09/15 10:46:48
2026/09/14,NGS,520060,STOR,0.080,0.763,0.000,0.000,658.007,76.863,NSW,Sydney,520008,2026/09/15 10:03:55
2026/09/14,Oakey PS,544095,BBGPG,0.000,0.000,0.000,0.000,,,QLD,Regional - QLD,590001,2026/09/15 10:46:48
2026/09/14,Owen Springs Power Station,580235,BBGPG,0.254,0.000,0.000,0.000,,,NT,Regional - NT,590017,2026/09/15 06:41:42
2026/09/14,PCA,550052,PIPE,0.001,8.375,53.920,1.724,,,VIC,Iona Hub,530016,2026/09/15 07:20:01
2026/09/14,PCA,550052,PIPE,20.391,0.000,0.000,0.000,,,SA,Adelaide,550016,2026/09/15 07:20:01
2026/09/14,PCA,550052,PIPE,0.000,0.000,0.000,10.664,,,VIC,Regional - VIC,590012,2026/09/15 07:20:01
2026/09/14,PCA,550052,PIPE,2.979,0.000,0.000,0.000,,,SA,Regional - SA,590013,2026/09/15 07:20:01
2026/09/14,PCI,530060,PIPE,0.000,122.690,1.724,124.414,,,VIC,Iona Hub,530016,2026/09/15 07:20:02
2026/09/14,Pelican Point Power Station,555089,BBGPG,0.001,0.000,0.000,0.000,,,SA,Regional - SA,590013,2026/09/15 07:20:01
2026/09/14,Phosphate Hill,544081,BBLARGE,16.488,0.000,0.000,0.000,,,QLD,Regional - QLD,590001,2026/09/15 10:46:48
2026/09/14,PVP,580070,PIPE,0.644,0.000,0.828,0.000,,,NT,Regional - NT,590017,2026/09/15 06:41:42
2026/09/14,QCLNG LNG Plant,544272,LNGEXPORT,1491.959,0.000,0.000,0.000,,,QLD,Curtis Island,540030,2026/09/15 10:35:40
2026/09/14,Quarantine Power Station,555087,BBGPG,2.286,0.000,0.000,0.000,,,SA,Regional - SA,590013,2026/09/15 07:20:01
2026/09/14,RBP,540057,PIPE,0.000,0.000,0.647,15.981,,,QLD,Wallumbilla Hub,540032,2026/09/15 10:46:48
2026/09/14,RBP,540057,PIPE,3.850,19.942,40.112,2.022,,,QLD,Regional - QLD,590001,2026/09/15 10:46:48
2026/09/14,RBP,540057,PIPE,46.461,0.000,0.000,0.000,,,QLD,Brisbane,590002,2026/09/15 10:46:48
2026/09/14,RCWP,540102,PIPE,0.000,0.000,80.814,0.000,,,QLD,Wallumbilla Hub,540032,2026/09/15 10:46:48
2026/09/14,RCWP,540102,PIPE,0.000,0.000,33.069,113.650,,,QLD,Regional - QLD,590001,2026/09/15 10:46:48
2026/09/14,RMNGPF,640011,PROD,0.000,18.200,0.000,0.000,,,QLD,Regional - QLD,590001,2026/09/15 08:01:26
2026/09/14,RNMGP,640012,PIPE,0.000,18.200,0.000,18.200,,,QLD,Regional - QLD,590001,2026/09/15 08:01:26
2026/09/14,Ron Goodin Power Station,580234,BBGPG,0.000,0.000,0.000,0.000,,,NT,Regional - NT,590017,2026/09/15 06:41:42
2026/09/14,RPL,540110,PIPE,0.000,0.000,0.000,0.000,,,QLD,Regional - QLD,590001,2026/09/15 10:46:48
2026/09/14,Ruby Jo,540082,PROD,0.000,422.653,0.000,0.000,,,QLD,Regional - QLD,590001,2026/09/15 10:35:40
2026/09/14,SESA,550060,PIPE,0.000,0.000,10.665,0.000,,,VIC,Regional - VIC,590012,2026/09/15 10:46:48
2026/09/14,SESA,550060,PIPE,3.524,0.000,0.000,6.985,,,SA,Regional - SA,590013,2026/09/15 10:46:48
2026/09/14,SPCF,580236,PROD,0.000,30.014,0.000,0.000,,,NT,Regional - NT,590017,2026/09/15 09:24:08
2026/09/14,SPP,580237,PIPE,0.000,30.014,0.000,30.014,,,NT,Regional - NT,590017,2026/09/15 10:46:48
2026/09/14,Swanbank Power Station,544104,BBGPG,0.000,0.000,0.000,0.000,,,QLD,Brisbane,590002,2026/09/15 10:46:48
2026/09/14,SWQP,540060,PIPE,0.000,0.000,224.486,149.436,,,QLD,Wallumbilla Hub,540032,2026/09/15 10:46:48
2026/09/14,SWQP,540060,PIPE,0.000,0.000,0.000,80.219,,,QLD,Ballera,540078,2026/09/15 10:46:48
2026/09/14,SWQP,540060,PIPE,0.000,181.159,0.000,86.182,,,SA,Moomba Hub,550017,2026/09/15 10:46:48
2026/09/14,SWQP,540060,PIPE,0.170,0.000,0.000,0.000,,,QLD,Regional - QLD,590001,2026/09/15 10:46:48
2026/09/14,Tanami GP,580210,PIPE,0.000,0.000,8.400,0.000,,,NT,Regional - NT,590017,2026/09/15 10:46:48
2026/09/14,Tipton,540051,PROD,0.000,39.738,0.000,0.000,,,QLD,Regional - QLD,590001,2026/09/15 10:17:32
2026/09/14,Torrens Island PS,555041,BBGPG,0.001,0.000,0.000,0.000,,,SA,Regional - SA,590013,2026/09/15 07:20:01
2026/09/14,Uranquinty Power Station,522047,BBGPG,0.000,0.000,0.000,0.000,,,NSW,Regional - NSW,590011,2026/09/15 10:46:48
2026/09/14,Valley Power GPG,535024,BBGPG,0.002,0.000,0.000,0.000,,,VIC,Gippsland,590009,2026/09/15 09:00:54
2026/09/14,Viva Energy Refinery,535018,BBLARGE,7.378,0.000,0.000,0.000,,,VIC,Geelong,590005,2026/09/15 07:30:15
2026/09/14,WCFA,540045,COMPRESSOR,0.000,0.000,195.217,195.217,,,QLD,Wallumbilla Hub,540032,2026/09/15 10:46:48
2026/09/14,WCFB,540046,COMPRESSOR,0.000,0.000,18.969,18.969,,,QLD,Wallumbilla Hub,540032,2026/09/15 10:46:48
2026/09/14,Weddell Power Station,580232,BBGPG,16.795,0.000,0.000,0.000,,,NT,Darwin,580001,2026/09/15 10:46:48
2026/09/14,WGP,540091,PIPE,1491.959,0.000,0.000,0.000,,,QLD,Curtis Island,540030,2026/09/15 10:35:40
2026/09/14,WGP,540091,PIPE,0.000,1445.904,56.702,0.000,,,QLD,Regional - QLD,590001,2026/09/15 10:35:40
2026/09/14,Windibri,540069,PROD,0.000,96.276,0.000,0.000,,,QLD,Regional - QLD,590001,2026/09/15 10:35:40
2026/09/14,Woleebee Creek,540087,PROD,0.000,639.998,0.000,0.000,,,QLD,Regional - QLD,590001,2026/09/15 10:35:40
2026/09/14,WPP,580030,PIPE,16.795,2.839,13.951,0.000,,,NT,Darwin,580001,2026/09/15 10:46:48
2026/09/14,Yelcherr,580180,PROD,0.000,0.000,0.000,0.000,,,NT,Regional - NT,590017,2026/09/15 10:46:48
