GasDate,FacilityName,FacilityId,FacilityType,Demand,Supply,TransferIn,TransferOut,HeldInStorage,CushionGasStorage,State,LocationName,LocationId,LastUpdated
2026/07/15,Adelaide Brighton,555091,BBLARGE,0.030,0.000,0.000,0.000,,,SA,Adelaide,550016,2026/08/10 13:00:00
2026/07/15,AGP,580010,PIPE,20.721,0.000,0.000,6.150,,,NT,Darwin,580001,2026/07/16 12:47:33
2026/07/15,AGP,580010,PIPE,9.322,32.437,42.186,33.126,,,NT,Regional - NT,590017,2026/07/16 12:47:33
2026/07/15,APLNG Pipeline,540093,PIPE,1691.306,0.000,0.000,0.000,,,QLD,Curtis Island,540030,2026/07/20 11:33:21
2026/07/15,APLNG Pipeline,540093,PIPE,0.000,1356.925,504.082,165.289,,,QLD,Regional - QLD,590001,2026/07/20 11:33:21
2026/07/15,Arcadia,540101,PROD,0.000,89.748,0.000,0.000,,,QLD,Regional - QLD,590001,2026/07/16 10:58:06
2026/07/15,ATGP,640013,PIPE,0.000,43.482,0.000,43.482,,,QLD,Regional - QLD,590001,2026/07/16 12:01:12
2026/07/15,ATHENA,535014,PROD,0.000,17.471,0.000,0.000,,,VIC,Iona Hub,530016,2026/07/20 10:45:25
2026/07/15,Atlas,544261,PROD,0.000,43.482,0.000,0.000,,,QLD,Regional - QLD,590001,2026/07/16 12:01:17
2026/07/15,Atlas East Central Processing Facility,640008,PROD,0.000,31.220,0.000,0.000,,,QLD,Regional - QLD,590001,2026/07/16 09:54:11
2026/07/15,Atlas to Reedy Creek Pipeline,640007,PIPE,0.000,31.222,0.000,31.400,,,QLD,Regional - QLD,590001,2026/07/16 12:47:33
2026/07/15,Australia Pacific LNG,544273,LNGEXPORT,1691.306,0.000,0.000,0.000,,,QLD,Curtis Island,540030,2026/07/16 12:00:25
2026/07/15,Australian Paper (Opal),535021,BBLARGE,16.543,0.000,0.000,0.000,,,VIC,Gippsland,590009,2026/07/20 11:00:12
2026/07/15,B1PL,540077,PIPE,0.035,41.605,0.000,41.548,,,QLD,Regional - QLD,590001,2026/07/16 11:01:10
2026/07/15,B2PL,540071,PIPE,0.000,52.664,7.846,59.672,,,QLD,Regional - QLD,590001,2026/07/16 12:30:07
2026/07/15,Bairnsdale Power Station,535020,BBGPG,3.000,0.000,0.000,0.000,,,VIC,Regional - VIC,590012,2026/07/16 11:01:11
2026/07/15,BCF,540047,COMPRESSOR,0.000,0.000,81.800,81.800,,,QLD,Regional - QLD,590001,2026/07/20 13:07:18
2026/07/15,Bell Bay CCGT,577016,BBGPG,28.261,0.000,0.000,0.000,,,TAS,Regional - TAS,590014,2026/07/17 12:01:00
2026/07/15,Bell Bay GGT,577014,BBGPG,0.000,0.000,0.000,0.000,,,TAS,Regional - TAS,590014,2026/07/17 12:01:00
2026/07/15,Bell Bay OCGT,577015,BBGPG,2.136,0.000,0.000,0.000,,,TAS,Regional - TAS,590014,2026/07/17 12:01:00
2026/07/15,Bellevue,540083,PROD,0.000,132.418,0.000,0.000,,,QLD,Regional - QLD,590001,2026/08/10 11:36:14
2026/07/15,BGP,580020,PIPE,0.293,0.000,0.000,0.000,,,NT,Regional - NT,590017,2026/07/16 12:47:33
2026/07/15,BlueScope,523204,BBLARGE,11.669,0.000,0.000,0.000,,,NSW,Sydney,520008,2026/07/16 12:01:05
2026/07/15,Bolivar,555008,BBGPG,0.007,0.000,0.000,0.000,,,SA,Regional - SA,590013,2026/07/16 12:04:03
2026/07/15,Bomaderry Gas Pipeline,523202,PIPE,21.349,0.000,21.114,0.000,,,NSW,Regional - NSW,590011,2026/07/16 13:19:25
2026/07/15,BPP,530030,PIPE,2.610,11.020,0.000,8.410,,,VIC,Gippsland,590009,2026/07/20 11:00:12
2026/07/15,Braemar 2 Power Station,544085,BBGPG,0.000,0.000,0.000,0.000,,,QLD,Regional - QLD,590001,2026/07/16 12:30:07
2026/07/15,Braemar Power Station,544252,BBGPG,0.035,0.000,0.000,0.000,,,QLD,Regional - QLD,590001,2026/07/16 11:01:10
2026/07/15,BWP,540096,PIPE,0.000,0.000,0.000,121.069,,,QLD,Wallumbilla Hub,540032,2026/07/16 12:47:33
2026/07/15,BWP,540096,PIPE,0.000,121.050,0.000,0.000,,,QLD,Regional - QLD,590001,2026/07/16 12:47:33
2026/07/15,CGP,540059,PIPE,0.000,0.000,81.752,0.000,,,QLD,Ballera,540078,2026/07/16 12:47:33
2026/07/15,CGP,540059,PIPE,60.436,0.000,0.000,19.693,,,QLD,Regional - QLD,590001,2026/07/16 12:47:33
2026/07/15,Channel Island Power Station,580231,BBGPG,20.721,0.000,0.000,0.000,,,NT,Darwin,580001,2026/07/16 12:47:33
2026/07/15,Colongra,523120,BBGPG,0.000,0.000,0.000,0.000,,,NSW,Regional - NSW,590011,2026/07/16 12:00:05
2026/07/15,ColongraGP,520090,PIPE,0.000,0.000,0.000,0.000,,,NSW,Sydney,520008,2026/07/16 12:00:05
2026/07/15,ColongraGP,520090,PIPE,0.000,0.000,0.000,0.000,,,NSW,Regional - NSW,590011,2026/07/16 12:00:05
2026/07/15,Combabula,540094,PROD,0.000,292.019,0.000,0.000,,,QLD,Regional - QLD,590001,2026/07/20 11:33:21
2026/07/15,Condabri Central,540080,PROD,0.000,143.818,0.000,0.000,,,QLD,Regional - QLD,590001,2026/07/20 11:33:21
2026/07/15,Condabri North,540090,PROD,0.000,165.195,0.000,0.000,,,QLD,Regional - QLD,590001,2026/07/20 11:33:21
2026/07/15,Condabri South,540086,PROD,0.000,156.799,0.000,0.000,,,QLD,Regional - QLD,590001,2026/07/20 11:33:21
2026/07/15,Condamine Power Station,544274,BBGPG,0.000,0.000,0.000,0.000,,,QLD,Regional - QLD,590001,2026/08/10 11:35:25
2026/07/15,CRWP,540098,PIPE,0.000,0.000,138.324,0.000,,,QLD,Wallumbilla Hub,540032,2026/07/16 10:43:06
2026/07/15,CRWP,540098,PIPE,0.000,156.327,41.114,345.721,,,QLD,Regional - QLD,590001,2026/07/16 10:43:06
2026/07/15,CWP,520054,PIPE,4.912,0.000,3.944,0.000,,,NSW,Regional - NSW,590011,2026/07/16 12:47:33
2026/07/15,Daandine,540050,PROD,0.000,55.614,0.000,0.000,,,QLD,Regional - QLD,590001,2026/07/16 12:30:07
2026/07/15,Dandenong LNG,530038,STOR,0.000,0.119,0.000,0.000,619.154,27.889,VIC,Melbourne,590008,2026/07/16 12:47:33
2026/07/15,DDP,540097,PIPE,0.000,0.000,0.000,176.238,,,QLD,Wallumbilla Hub,540032,2026/08/04 11:01:07
2026/07/15,DDP,540097,PIPE,30.695,547.745,129.200,473.236,,,QLD,Regional - QLD,590001,2026/08/04 11:01:07
2026/07/15,DDPS,544027,BBGPG,30.695,0.000,0.000,0.000,,,QLD,Regional - QLD,590001,2026/08/04 11:01:07
2026/07/15,Diamantina Power Station,544077,BBGPG,27.893,0.000,0.000,0.000,,,QLD,Regional - QLD,590001,2026/07/16 12:47:33
2026/07/15,Dry Creek Power Station,555026,BBGPG,0.000,0.000,0.000,0.000,,,SA,Regional - SA,590013,2026/07/16 11:31:05
2026/07/15,EGP,520047,PIPE,132.597,0.000,0.000,0.000,,,NSW,Sydney,520008,2026/07/16 12:01:05
2026/07/15,EGP,520047,PIPE,16.499,0.000,0.000,0.000,,,NSW,Canberra,520009,2026/07/16 12:01:05
2026/07/15,EGP,520047,PIPE,0.000,220.630,0.000,141.819,,,VIC,Longford Hub,530015,2026/07/16 12:01:05
2026/07/15,EGP,520047,PIPE,8.015,0.000,0.000,21.114,,,NSW,Regional - NSW,590011,2026/07/16 12:01:05
2026/07/15,EGP,520047,PIPE,4.116,74.455,0.000,0.000,,,VIC,Regional - VIC,590012,2026/07/16 12:01:05
2026/07/15,EO4PL,540055,PIPE,0.000,0.000,0.000,0.000,,,QLD,Regional - QLD,590001,2026/08/10 11:36:14
2026/07/15,Eurombah Creek,540089,PROD,0.000,145.189,0.000,0.000,,,QLD,Regional - QLD,590001,2026/07/20 11:33:21
2026/07/15,Fairview,540070,PROD,0.000,288.371,0.000,0.000,,,QLD,Regional - QLD,590001,2026/07/16 10:58:06
2026/07/15,GLNG (Curtis Island),544276,LNGEXPORT,760.334,0.000,0.000,0.000,,,QLD,Curtis Island,540030,2026/07/16 10:43:06
2026/07/15,GLNG Pipeline,540092,PIPE,760.334,0.000,0.000,0.000,,,QLD,Curtis Island,540030,2026/07/16 10:43:06
2026/07/15,GLNG Pipeline,540092,PIPE,0.000,419.567,348.525,0.751,,,QLD,Regional - QLD,590001,2026/08/10 11:36:14
2026/07/15,Hallett,555029,BBGPG,0.000,0.000,0.000,0.000,,,SA,Regional - SA,590013,2026/07/16 11:31:05
2026/07/15,Hunter Power Station,523210,BBGPG,0.003,0.000,0.000,0.000,,,NSW,Sydney,520008,2026/07/16 12:47:33
2026/07/15,ICF,530071,COMPRESSOR,0.000,0.000,12.700,12.700,,,VIC,Iona Hub,530016,2026/07/16 08:35:03
2026/07/15,Iona UGS,530042,STOR,31.763,180.140,0.000,0.000,18792.150,0.000,VIC,Iona Hub,530016,2026/07/16 08:30:03
2026/07/15,Jeerelang,533161,BBGPG,0.051,0.000,0.000,0.000,,,VIC,Gippsland,590009,2026/07/20 11:00:12
2026/07/15,Jordan,540088,PROD,0.000,333.181,0.000,0.000,,,QLD,Regional - QLD,590001,2026/08/10 11:36:14
2026/07/15,Katherine Power Station,580233,BBGPG,0.332,0.000,0.000,0.000,,,NT,Regional - NT,590017,2026/07/16 12:47:33
2026/07/15,Kenya,540075,PROD,0.000,126.981,0.000,0.000,,,QLD,Regional - QLD,590001,2026/08/10 11:36:14
2026/07/15,Kincora,544253,PROD,0.000,3.601,0.000,0.000,,,QLD,Regional - QLD,590001,2026/07/16 12:47:33
2026/07/15,KKLP,523209,PIPE,0.003,0.000,0.000,0.000,,,NSW,Sydney,520008,2026/07/16 12:47:33
2026/07/15,Kogan North,540061,PROD,0.000,3.801,0.000,0.000,,,QLD,Regional - QLD,590001,2026/07/16 12:47:33
2026/07/15,Ladbroke Grove PS,555086,BBGPG,9.116,0.000,0.000,0.000,,,SA,Regional - SA,590013,2026/07/16 12:47:33
2026/07/15,Lang Lang,530039,PROD,0.000,11.020,0.000,0.000,,,VIC,Gippsland,590009,2026/07/16 10:34:07
2026/07/15,Laverton,533201,BBGPG,0.001,0.000,0.000,0.000,,,VIC,Geelong,590005,2026/07/20 11:00:12
2026/07/15,Longford,530040,PROD,0.000,605.954,0.000,0.000,,,VIC,Longford Hub,530015,2026/07/16 08:38:24
2026/07/15,Loy Yang B,533163,BBGPG,0.000,0.000,0.000,0.000,,,VIC,Gippsland,590009,2026/07/16 11:01:08
2026/07/15,LYB Transmission Pipeline,535023,PIPE,0.000,0.000,0.018,0.000,,,VIC,Gippsland,590009,2026/07/16 11:01:08
2026/07/15,MAPS,550054,PIPE,35.139,0.000,0.000,0.000,,,SA,Adelaide,550016,2026/07/16 11:31:05
2026/07/15,MAPS,550054,PIPE,0.000,36.488,142.777,0.000,,,SA,Moomba Hub,550017,2026/07/16 11:31:05
2026/07/15,MAPS,550054,PIPE,182.666,0.000,9.603,0.000,,,SA,Regional - SA,590013,2026/07/16 11:31:05
2026/07/15,McArthur River Mine,580220,BBGPG,0.544,0.000,0.000,0.000,,,NT,Regional - NT,590017,2026/07/16 09:59:07
2026/07/15,MCF,550050,COMPRESSOR,0.000,0.000,0.000,0.000,,,SA,Moomba Hub,550017,2026/07/16 12:47:33
2026/07/15,Mereenie,580040,PROD,0.000,26.646,0.000,0.000,,,NT,Regional - NT,590017,2026/07/16 12:18:34
2026/07/15,Meridian,540064,PROD,0.000,44.698,0.000,0.000,,,QLD,Regional - QLD,590001,2026/07/16 09:39:01
2026/07/15,Mintaro Power Station,555031,BBGPG,0.000,0.000,0.000,0.000,,,SA,Regional - SA,590013,2026/07/16 11:31:05
2026/07/15,Moomba,550045,PROD,0.000,230.100,0.000,0.000,,,SA,Moomba Hub,550017,2026/07/20 13:07:18
2026/07/15,Moomba Storage,550046,STOR,0.000,5.500,0.000,0.000,6375.800,0.000,SA,Moomba Hub,550017,2026/07/20 13:07:18
2026/07/15,Mortlake PS,530063,BBGPG,60.830,0.000,0.000,0.000,,,VIC,Regional - VIC,590012,2026/07/16 07:20:00
2026/07/15,MPL,530061,PIPE,0.000,0.000,36.613,0.000,,,VIC,Iona Hub,530016,2026/07/16 07:20:00
2026/07/15,MPL,530061,PIPE,60.830,0.000,0.000,0.000,,,VIC,Regional - VIC,590012,2026/07/16 07:20:00
2026/07/15,MRP,580100,PIPE,0.544,0.000,0.544,0.000,,,NT,Regional - NT,590017,2026/07/16 09:59:07
2026/07/15,MSP,520053,PIPE,141.456,0.000,0.000,0.000,,,NSW,Sydney,520008,2026/07/16 12:47:33
2026/07/15,MSP,520053,PIPE,0.000,0.000,112.174,4.000,,,SA,Moomba Hub,550017,2026/07/16 12:47:33
2026/07/15,MSP,520053,PIPE,49.229,0.000,0.000,3.944,,,NSW,Regional - NSW,590011,2026/07/16 12:47:33
2026/07/15,MSP,520053,PIPE,18.958,0.000,0.000,0.000,,,NSW,Regional - ACT,590015,2026/07/16 12:47:33
2026/07/15,MSP,520053,PIPE,0.000,0.000,26.212,0.000,,,NSW,Culcairn,590016,2026/07/16 12:47:33
2026/07/15,Newport,533171,BBGPG,0.012,0.000,0.000,0.000,,,VIC,Melbourne,590008,2026/07/20 11:00:12
2026/07/15,NGP,580050,PIPE,0.000,0.000,19.693,0.000,,,QLD,Regional - QLD,590001,2026/07/16 12:01:15
2026/07/15,NGP,580050,PIPE,0.000,0.000,24.367,42.186,,,NT,Regional - NT,590017,2026/07/16 12:01:15
2026/07/15,NGS,520060,STOR,0.260,0.426,0.000,0.000,903.852,76.793,NSW,Sydney,520008,2026/07/16 09:14:28
2026/07/15,Oakey PS,544095,BBGPG,0.000,0.000,0.000,0.000,,,QLD,Regional - QLD,590001,2026/07/16 12:47:33
2026/07/15,Orana,540084,PROD,0.000,164.690,0.000,0.000,,,QLD,Regional - QLD,590001,2026/07/20 11:33:21
2026/07/15,Orbost,530041,PROD,0.000,74.455,0.000,0.000,,,VIC,Regional - VIC,590012,2026/07/16 12:01:05
2026/07/15,Orica,544011,BBLARGE,10.186,0.000,0.000,0.000,,,QLD,Regional - QLD,590001,2026/07/16 12:01:08
2026/07/15,Orica (Kooragang Island),523206,BBLARGE,39.680,0.000,0.000,0.000,,,NSW,Sydney,520008,2026/07/16 13:00:00
2026/07/15,Osborne,555033,BBGPG,36.577,0.000,0.000,0.000,,,SA,Regional - SA,590013,2026/07/16 11:31:05
2026/07/15,Otway,530044,PROD,0.000,145.090,0.000,0.000,,,VIC,Iona Hub,530016,2026/07/16 10:35:44
2026/07/15,Owen Springs Power Station,580235,BBGPG,1.302,0.000,0.000,0.000,,,NT,Regional - NT,590017,2026/07/16 06:41:03
2026/07/15,Palm Valley,580060,PROD,0.000,5.791,0.000,0.000,,,NT,Regional - NT,590017,2026/07/16 12:18:34
2026/07/15,PCA,550052,PIPE,0.000,17.236,33.858,0.964,,,VIC,Iona Hub,530016,2026/08/03 17:20:01
2026/07/15,PCA,550052,PIPE,22.087,0.000,0.000,0.000,,,SA,Adelaide,550016,2026/08/03 17:20:01
2026/07/15,PCA,550052,PIPE,0.000,0.000,0.000,16.944,,,VIC,Regional - VIC,590012,2026/08/03 17:20:01
2026/07/15,PCA,550052,PIPE,14.935,0.000,0.000,9.586,,,SA,Regional - SA,590013,2026/08/03 17:20:01
2026/07/15,PCI,530060,PIPE,0.000,158.013,0.964,158.977,,,VIC,Iona Hub,530016,2026/08/03 17:20:03
2026/07/15,Peat,540065,PROD,0.000,11.976,0.000,0.000,,,QLD,Regional - QLD,590001,2026/07/20 11:33:21
2026/07/15,Pelican Point Power Station,555089,BBGPG,41.156,0.000,0.000,0.000,,,SA,Regional - SA,590013,2026/08/03 17:20:01
2026/07/15,Phosphate Hill,544081,BBLARGE,25.645,0.000,0.000,0.000,,,QLD,Regional - QLD,590001,2026/07/16 12:47:33
2026/07/15,Pipeline Compression Station,544279,COMPRESSOR,0.000,0.000,0.000,0.000,,,QLD,Regional - QLD,590001,2026/07/16 10:43:06
2026/07/15,PVP,580070,PIPE,1.828,0.000,2.015,0.000,,,NT,Regional - NT,590017,2026/07/16 06:41:03
2026/07/15,QCLNG LNG Plant,544272,LNGEXPORT,1376.159,0.000,0.000,0.000,,,QLD,Curtis Island,540030,2026/08/10 11:36:14
2026/07/15,QGP,540058,PIPE,0.000,0.000,32.107,0.000,,,QLD,Wallumbilla Hub,540032,2026/07/16 12:01:08
2026/07/15,QGP,540058,PIPE,136.304,24.347,76.874,0.000,,,QLD,Regional - QLD,590001,2026/07/16 12:01:08
2026/07/15,Quarantine Power Station,555087,BBGPG,14.278,0.000,0.000,0.000,,,SA,Regional - SA,590013,2026/07/16 11:31:05
2026/07/15,Queensland Aluminia,544012,BBLARGE,34.466,0.000,0.000,0.000,,,QLD,Regional - QLD,590001,2026/07/16 12:01:08
2026/07/15,RBP,540057,PIPE,0.000,0.000,0.000,10.401,,,QLD,Wallumbilla Hub,540032,2026/07/16 12:47:33
2026/07/15,RBP,540057,PIPE,4.501,31.383,48.348,7.846,,,QLD,Regional - QLD,590001,2026/07/16 12:47:33
2026/07/15,RBP,540057,PIPE,56.219,0.000,0.000,0.000,,,QLD,Brisbane,590002,2026/07/16 12:47:33
2026/07/15,RCWP,540102,PIPE,0.000,0.000,0.198,0.000,,,QLD,Wallumbilla Hub,540032,2026/07/16 12:47:33
2026/07/15,RCWP,540102,PIPE,0.000,0.000,31.400,30.847,,,QLD,Regional - QLD,590001,2026/07/16 12:47:33
2026/07/15,Reedy Creek,540085,PROD,0.000,199.247,0.000,0.000,,,QLD,Regional - QLD,590001,2026/07/20 11:33:21
2026/07/15,RMNGPF,640011,PROD,0.000,16.900,0.000,0.000,,,QLD,Regional - QLD,590001,2026/07/16 09:53:56
2026/07/15,RNMGP,640012,PIPE,0.000,16.900,0.000,16.900,,,QLD,Regional - QLD,590001,2026/07/16 09:53:56
2026/07/15,RNP,640009,PIPE,0.000,24.214,0.000,24.214,,,QLD,Regional - QLD,590001,2026/07/16 12:01:10
2026/07/15,Rolleston,540073,PROD,0.000,8.880,0.000,0.000,,,QLD,Regional - QLD,590001,2026/07/16 12:01:08
2026/07/15,Roma,540095,PROD,0.000,156.327,0.000,0.000,,,QLD,Regional - QLD,590001,2026/07/16 10:58:11
2026/07/15,Roma North,544260,PROD,0.000,24.214,0.000,0.000,,,QLD,Regional - QLD,590001,2026/07/16 12:01:16
2026/07/15,Roma Power Station,540120,BBGPG,0.000,0.000,0.000,0.000,,,QLD,Regional - QLD,590001,2026/07/16 13:15:58
2026/07/15,Ron Goodin Power Station,580234,BBGPG,0.000,0.000,0.000,0.000,,,NT,Regional - NT,590017,2026/07/16 06:41:03
2026/07/15,RPL,540110,PIPE,0.071,0.000,0.000,0.000,,,QLD,Regional - QLD,590001,2026/07/16 13:15:58
2026/07/15,Ruby Jo,540082,PROD,0.000,425.628,0.000,0.000,,,QLD,Regional - QLD,590001,2026/08/10 11:36:14
2026/07/15,RUGS,540040,STOR,0.000,5.138,0.000,0.000,15221.608,0.000,QLD,Regional - QLD,590001,2026/07/16 10:58:11
2026/07/15,Scotia,540072,PROD,0.000,103.536,0.000,0.000,,,QLD,Regional - QLD,590001,2026/07/16 10:58:11
2026/07/15,SEPS,550061,PIPE,7.566,0.000,7.593,0.000,,,SA,Regional - SA,590013,2026/07/16 11:32:05
2026/07/15,SESA,550060,PIPE,0.000,0.000,16.943,0.000,,,VIC,Regional - VIC,590012,2026/07/16 12:47:33
2026/07/15,SESA,550060,PIPE,9.116,0.000,0.000,7.594,,,SA,Regional - SA,590013,2026/07/16 12:47:33
2026/07/15,Shoalhaven Starches Cogeneration Plant,523203,BBLARGE,21.349,0.000,0.000,0.000,,,NSW,Regional - NSW,590011,2026/07/16 13:19:25
2026/07/15,Smithfield Energy Facility,522004,BBGPG,2.206,0.000,0.000,0.000,,,NSW,Regional - NSW,590011,2026/07/16 12:04:10
2026/07/15,Snapper Point,555090,BBGPG,0.001,0.000,0.000,0.000,,,SA,Regional - SA,590013,2026/07/16 11:31:05
2026/07/15,Somerton,533174,BBGPG,9.570,0.000,0.000,0.000,,,VIC,Melbourne,590008,2026/07/20 11:00:12
2026/07/15,Spring Gully,540066,PROD,0.000,53.939,0.000,0.000,,,QLD,Regional - QLD,590001,2026/07/20 11:33:21
2026/07/15,SSP,540103,PIPE,0.000,6.470,0.000,6.470,,,QLD,Regional - QLD,590001,2026/07/16 09:45:20
2026/07/15,SSSF,540062,STOR,0.000,6.300,0.000,0.000,8782.542,0.000,QLD,Regional - QLD,590001,2026/07/16 09:45:20
2026/07/15,Strathblane,540067,PROD,0.000,47.768,0.000,0.000,,,QLD,Regional - QLD,590001,2026/07/20 11:33:21
2026/07/15,Swanbank Power Station,544104,BBGPG,0.000,0.000,0.000,0.000,,,QLD,Brisbane,590002,2026/07/16 12:47:33
2026/07/15,SWQP,540060,PIPE,0.000,0.000,307.708,170.629,,,QLD,Wallumbilla Hub,540032,2026/07/16 12:47:33
2026/07/15,SWQP,540060,PIPE,0.000,0.000,0.000,86.421,,,QLD,Ballera,540078,2026/07/16 12:47:33
2026/07/15,SWQP,540060,PIPE,0.000,193.602,0.000,250.951,,,SA,Moomba Hub,550017,2026/07/16 12:47:33
2026/07/15,SWQP,540060,PIPE,0.115,0.000,0.000,0.000,,,QLD,Regional - QLD,590001,2026/07/16 12:47:33
2026/07/15,Talinga,540076,PROD,0.000,85.969,0.000,0.000,,,QLD,Regional - QLD,590001,2026/07/20 11:33:21
2026/07/15,Tallawarra,522002,BBGPG,0.000,0.000,0.000,0.000,,,NSW,Regional - NSW,590011,2026/07/16 11:00:04
2026/07/15,Tallawarra Pipeline,523201,PIPE,0.000,0.000,0.000,0.000,,,NSW,Regional - NSW,590011,2026/07/16 11:00:04
2026/07/15,Taloona,540068,PROD,0.000,41.509,0.000,0.000,,,QLD,Regional - QLD,590001,2026/07/20 11:33:21
2026/07/15,Tanami GP,580210,PIPE,6.002,0.000,6.200,0.000,,,NT,Regional - NT,590017,2026/07/16 12:02:00
2026/07/15,TGP,570050,PIPE,0.000,0.000,90.556,59.562,,,VIC,Longford Hub,530015,2026/07/17 12:01:00
2026/07/15,TGP,570050,PIPE,48.802,0.000,0.000,0.000,,,TAS,Regional - TAS,590014,2026/07/17 12:01:00
2026/07/15,Tipton,540051,PROD,0.000,38.655,0.000,0.000,,,QLD,Regional - QLD,590001,2026/07/16 12:30:07
2026/07/15,Torrens Island PS,555041,BBGPG,78.786,0.000,0.000,0.000,,,SA,Regional - SA,590013,2026/07/16 11:31:05
2026/07/15,Uranquinty Power Station,522047,BBGPG,3.776,0.000,0.000,0.000,,,NSW,Regional - NSW,590011,2026/07/16 12:47:33
2026/07/15,Valley Power GPG,535024,BBGPG,0.000,0.000,0.000,0.000,,,VIC,Gippsland,590009,2026/07/16 11:01:08
2026/07/15,VicHub,532005,PIPE,0.000,0.000,51.269,51.269,,,VIC,Longford Hub,530015,2026/07/16 12:01:19
2026/07/15,VTS,530110,PIPE,0.000,383.263,110.861,0.001,,,VIC,Longford Hub,530015,2026/07/20 11:00:12
2026/07/15,VTS,530110,PIPE,0.000,137.805,88.506,0.000,,,VIC,Iona Hub,530016,2026/07/20 11:00:12
2026/07/15,VTS,530110,PIPE,12.850,0.000,0.000,0.000,,,VIC,Western,590004,2026/07/20 11:00:12
2026/07/15,VTS,530110,PIPE,67.156,0.000,0.000,0.000,,,VIC,Geelong,590005,2026/07/20 11:00:12
2026/07/15,VTS,530110,PIPE,48.522,0.000,0.000,0.000,,,VIC,Ballarat,590006,2026/07/20 11:00:12
2026/07/15,VTS,530110,PIPE,71.433,0.000,0.000,0.000,,,VIC,Northern,590007,2026/07/20 11:00:12
2026/07/15,VTS,530110,PIPE,444.509,0.028,0.000,0.000,,,VIC,Melbourne,590008,2026/07/20 11:00:12
2026/07/15,VTS,530110,PIPE,51.080,0.000,8.410,0.018,,,VIC,Gippsland,590009,2026/07/20 11:00:12
2026/07/15,VTS,530110,PIPE,0.000,0.000,0.000,26.212,,,NSW,Culcairn,590016,2026/07/20 11:00:12
2026/07/15,Wallumbilla Compression Station,544280,COMPRESSOR,0.000,0.000,0.000,0.000,,,QLD,Wallumbilla Hub,540032,2026/07/16 10:43:06
2026/07/15,WCFA,540045,COMPRESSOR,0.000,0.000,169.083,169.083,,,QLD,Wallumbilla Hub,540032,2026/07/16 12:47:33
2026/07/15,WCFB,540046,COMPRESSOR,0.000,0.000,128.224,128.224,,,QLD,Wallumbilla Hub,540032,2026/07/16 12:47:33
2026/07/15,Weddell Power Station,580232,BBGPG,9.491,0.000,0.000,0.000,,,NT,Darwin,580001,2026/07/16 12:47:33
2026/07/15,WGP,540091,PIPE,1376.159,0.000,0.000,0.000,,,QLD,Curtis Island,540030,2026/08/10 11:36:14
2026/07/15,WGP,540091,PIPE,0.000,1310.581,59.672,0.000,,,QLD,Regional - QLD,590001,2026/08/10 11:36:14
2026/07/15,Whyalla Steelworks,555085,BBLARGE,6.285,0.000,0.000,0.000,,,SA,Regional - SA,590013,2026/07/16 11:31:05
2026/07/15,Windibri,540069,PROD,0.000,98.698,0.000,0.000,,,QLD,Regional - QLD,590001,2026/08/10 11:36:14
2026/07/15,Woleebee Creek,540087,PROD,0.000,634.221,0.000,0.000,,,QLD,Regional - QLD,590001,2026/08/10 11:36:14
2026/07/15,WPP,580030,PIPE,9.491,3.346,6.150,0.000,,,NT,Darwin,580001,2026/07/16 12:47:33
2026/07/15,Yarwun,544282,BBGPG,73.729,0.000,0.000,0.000,,,QLD,Regional - QLD,590001,2026/07/16 12:01:08
2026/07/15,Yelcherr,580180,PROD,0.000,0.000,0.000,0.000,,,NT,Regional - NT,590017,2026/07/16 12:47:33
2026/07/15,Yellowbank,540074,PROD,0.000,12.217,0.000,0.000,,,QLD,Regional - QLD,590001,2026/07/16 12:01:08
2026/07/16,Adelaide Brighton,555091,BBLARGE,0.176,0.000,0.000,0.000,,,SA,Adelaide,550016,2026/08/10 13:00:00
2026/07/16,AGP,580010,PIPE,26.762,0.000,0.000,0.119,,,NT,Darwin,580001,2026/07/17 12:46:32
2026/07/16,AGP,580010,PIPE,9.992,31.982,40.360,35.851,,,NT,Regional - NT,590017,2026/07/17 12:46:32
2026/07/16,APLNG Pipeline,540093,PIPE,1683.116,0.000,0.000,0.000,,,QLD,Curtis Island,540030,2026/07/21 11:36:34
2026/07/16,APLNG Pipeline,540093,PIPE,0.000,1352.733,515.592,173.087,,,QLD,Regional - QLD,590001,2026/07/21 11:36:34
2026/07/16,Arcadia,540101,PROD,0.000,89.676,0.000,0.000,,,QLD,Regional - QLD,590001,2026/07/17 10:13:17
2026/07/16,ATGP,640013,PIPE,0.000,43.409,0.000,43.409,,,QLD,Regional - QLD,590001,2026/07/17 12:01:30
2026/07/16,ATHENA,535014,PROD,0.000,17.340,0.000,0.000,,,VIC,Iona Hub,530016,2026/07/21 10:00:13
2026/07/16,Atlas,544261,PROD,0.000,43.409,0.000,0.000,,,QLD,Regional - QLD,590001,2026/07/17 12:01:34
2026/07/16,Atlas East Central Processing Facility,640008,PROD,0.000,31.360,0.000,0.000,,,QLD,Regional - QLD,590001,2026/07/17 10:04:01
2026/07/16,Atlas to Reedy Creek Pipeline,640007,PIPE,0.000,31.359,0.000,31.901,,,QLD,Regional - QLD,590001,2026/07/17 12:46:32
2026/07/16,Australia Pacific LNG,544273,LNGEXPORT,1683.115,0.000,0.000,0.000,,,QLD,Curtis Island,540030,2026/07/17 12:00:25
2026/07/16,Australian Paper (Opal),535021,BBLARGE,10.617,0.000,0.000,0.000,,,VIC,Gippsland,590009,2026/07/20 11:00:12
2026/07/16,B1PL,540077,PIPE,0.035,40.393,0.000,41.990,,,QLD,Regional - QLD,590001,2026/07/17 11:01:11
2026/07/16,B2PL,540071,PIPE,0.000,55.382,5.007,60.717,,,QLD,Regional - QLD,590001,2026/07/17 12:30:15
2026/07/16,Bairnsdale Power Station,535020,BBGPG,0.000,0.000,0.000,0.000,,,VIC,Regional - VIC,590012,2026/07/17 11:01:13
2026/07/16,BCF,540047,COMPRESSOR,0.000,0.000,78.000,78.000,,,QLD,Regional - QLD,590001,2026/07/21 12:48:06
2026/07/16,Bell Bay CCGT,577016,BBGPG,40.324,0.000,0.000,0.000,,,TAS,Regional - TAS,590014,2026/07/18 12:01:00
2026/07/16,Bell Bay GGT,577014,BBGPG,0.000,0.000,0.000,0.000,,,TAS,Regional - TAS,590014,2026/07/18 12:01:00
2026/07/16,Bell Bay OCGT,577015,BBGPG,0.001,0.000,0.000,0.000,,,TAS,Regional - TAS,590014,2026/07/18 12:01:00
2026/07/16,Bellevue,540083,PROD,0.000,152.512,0.000,0.000,,,QLD,Regional - QLD,590001,2026/08/10 11:36:14
2026/07/16,BGP,580020,PIPE,0.292,0.000,0.000,0.000,,,NT,Regional - NT,590017,2026/07/17 12:46:32
2026/07/16,BlueScope,523204,BBLARGE,11.660,0.000,0.000,0.000,,,NSW,Sydney,520008,2026/07/17 12:01:05
2026/07/16,Bolivar,555008,BBGPG,3.866,0.000,0.000,0.000,,,SA,Regional - SA,590013,2026/07/17 12:05:19
2026/07/16,Bomaderry Gas Pipeline,523202,PIPE,20.830,0.000,20.830,0.000,,,NSW,Regional - NSW,590011,2026/07/17 12:58:30
2026/07/16,BPP,530030,PIPE,2.270,12.150,0.000,9.886,,,VIC,Gippsland,590009,2026/07/20 11:00:12
2026/07/16,Braemar 2 Power Station,544085,BBGPG,0.000,0.000,0.000,0.000,,,QLD,Regional - QLD,590001,2026/07/17 12:30:15
2026/07/16,Braemar Power Station,544252,BBGPG,0.035,0.000,0.000,0.000,,,QLD,Regional - QLD,590001,2026/07/17 11:01:11
2026/07/16,BWP,540096,PIPE,0.000,0.000,0.000,98.727,,,QLD,Wallumbilla Hub,540032,2026/07/17 12:46:32
2026/07/16,BWP,540096,PIPE,0.000,97.939,0.000,0.000,,,QLD,Regional - QLD,590001,2026/07/17 12:46:32
2026/07/16,CGP,540059,PIPE,0.000,0.000,78.005,0.000,,,QLD,Ballera,540078,2026/07/17 12:46:32
2026/07/16,CGP,540059,PIPE,61.002,0.000,0.000,14.722,,,QLD,Regional - QLD,590001,2026/07/17 12:46:32
2026/07/16,Channel Island Power Station,580231,BBGPG,26.762,0.000,0.000,0.000,,,NT,Darwin,580001,2026/07/17 12:46:32
2026/07/16,Colongra,523120,BBGPG,0.016,0.000,0.000,0.000,,,NSW,Regional - NSW,590011,2026/07/17 12:00:05
2026/07/16,ColongraGP,520090,PIPE,-2.526,0.000,0.000,0.000,,,NSW,Sydney,520008,2026/07/17 12:00:05
2026/07/16,ColongraGP,520090,PIPE,0.016,0.000,0.000,0.000,,,NSW,Regional - NSW,590011,2026/07/17 12:00:05
2026/07/16,Combabula,540094,PROD,0.000,292.022,0.000,0.000,,,QLD,Regional - QLD,590001,2026/07/21 11:36:34
2026/07/16,Condabri Central,540080,PROD,0.000,143.986,0.000,0.000,,,QLD,Regional - QLD,590001,2026/07/21 11:36:34
2026/07/16,Condabri North,540090,PROD,0.000,164.890,0.000,0.000,,,QLD,Regional - QLD,590001,2026/07/21 11:36:34
2026/07/16,Condabri South,540086,PROD,0.000,156.633,0.000,0.000,,,QLD,Regional - QLD,590001,2026/07/21 11:36:34
2026/07/16,Condamine Power Station,544274,BBGPG,0.000,0.000,0.000,0.000,,,QLD,Regional - QLD,590001,2026/08/10 11:35:25
2026/07/16,CRWP,540098,PIPE,0.000,0.000,154.513,0.000,,,QLD,Wallumbilla Hub,540032,2026/07/17 10:13:06
2026/07/16,CRWP,540098,PIPE,0.000,0.027,41.272,204.935,,,QLD,Regional - QLD,590001,2026/07/17 10:13:06
2026/07/16,CWP,520054,PIPE,4.662,0.000,4.313,0.000,,,NSW,Regional - NSW,590011,2026/07/17 12:46:32
2026/07/16,Daandine,540050,PROD,0.000,55.382,0.000,0.000,,,QLD,Regional - QLD,590001,2026/07/17 12:30:15
2026/07/16,Dandenong LNG,530038,STOR,0.000,0.199,0.000,0.000,618.961,27.889,VIC,Melbourne,590008,2026/07/17 12:46:32
2026/07/16,DDP,540097,PIPE,0.000,0.000,0.000,204.076,,,QLD,Wallumbilla Hub,540032,2026/08/04 11:01:09
2026/07/16,DDP,540097,PIPE,14.449,594.009,138.796,515.501,,,QLD,Regional - QLD,590001,2026/08/04 11:01:09
2026/07/16,DDPS,544027,BBGPG,14.449,0.000,0.000,0.000,,,QLD,Regional - QLD,590001,2026/08/04 11:01:09
2026/07/16,Diamantina Power Station,544077,BBGPG,27.738,0.000,0.000,0.000,,,QLD,Regional - QLD,590001,2026/07/17 12:46:32
2026/07/16,Dry Creek Power Station,555026,BBGPG,0.000,0.000,0.000,0.000,,,SA,Regional - SA,590013,2026/07/17 11:31:05
2026/07/16,EGP,520047,PIPE,132.720,0.000,0.000,0.000,,,NSW,Sydney,520008,2026/07/17 12:01:05
2026/07/16,EGP,520047,PIPE,16.512,0.000,0.000,0.000,,,NSW,Canberra,520009,2026/07/17 12:01:05
2026/07/16,EGP,520047,PIPE,0.000,224.682,0.000,124.805,,,VIC,Longford Hub,530015,2026/07/17 12:01:05
2026/07/16,EGP,520047,PIPE,5.160,0.000,0.000,20.830,,,NSW,Regional - NSW,590011,2026/07/17 12:01:05
2026/07/16,EGP,520047,PIPE,1.027,74.082,0.000,0.000,,,VIC,Regional - VIC,590012,2026/07/17 12:01:05
2026/07/16,EO4PL,540055,PIPE,0.000,0.000,0.000,0.000,,,QLD,Regional - QLD,590001,2026/08/10 11:36:14
2026/07/16,Eurombah Creek,540089,PROD,0.000,144.438,0.000,0.000,,,QLD,Regional - QLD,590001,2026/07/21 11:36:34
2026/07/16,Fairview,540070,PROD,0.000,288.090,0.000,0.000,,,QLD,Regional - QLD,590001,2026/07/17 10:13:17
2026/07/16,GLNG (Curtis Island),544276,LNGEXPORT,704.226,0.000,0.000,0.000,,,QLD,Curtis Island,540030,2026/07/17 10:13:06
2026/07/16,GLNG Pipeline,540092,PIPE,704.226,0.000,0.000,0.000,,,QLD,Curtis Island,540030,2026/07/17 10:13:06
2026/07/16,GLNG Pipeline,540092,PIPE,0.000,419.356,207.999,0.004,,,QLD,Regional - QLD,590001,2026/08/10 11:36:14
2026/07/16,Hallett,555029,BBGPG,0.253,0.000,0.000,0.000,,,SA,Regional - SA,590013,2026/07/17 11:31:05
2026/07/16,Hunter Power Station,523210,BBGPG,0.004,0.000,0.000,0.000,,,NSW,Sydney,520008,2026/07/17 12:46:32
2026/07/16,ICF,530071,COMPRESSOR,0.000,0.000,10.000,10.000,,,VIC,Iona Hub,530016,2026/07/17 08:35:03
2026/07/16,Iona UGS,530042,STOR,10.000,240.954,0.000,0.000,18557.366,0.000,VIC,Iona Hub,530016,2026/07/17 08:30:04
2026/07/16,Jeerelang,533161,BBGPG,0.156,0.000,0.000,0.000,,,VIC,Gippsland,590009,2026/07/20 11:00:12
2026/07/16,Jordan,540088,PROD,0.000,313.622,0.000,0.000,,,QLD,Regional - QLD,590001,2026/08/10 11:36:14
2026/07/16,Katherine Power Station,580233,BBGPG,0.984,0.000,0.000,0.000,,,NT,Regional - NT,590017,2026/07/17 12:46:32
2026/07/16,Kenya,540075,PROD,0.000,129.857,0.000,0.000,,,QLD,Regional - QLD,590001,2026/08/10 11:36:14
2026/07/16,Kincora,544253,PROD,0.000,4.100,0.000,0.000,,,QLD,Regional - QLD,590001,2026/07/17 12:46:32
2026/07/16,KKLP,523209,PIPE,0.004,0.000,0.000,0.000,,,NSW,Sydney,520008,2026/07/17 12:46:32
2026/07/16,Kogan North,540061,PROD,0.000,3.806,0.000,0.000,,,QLD,Regional - QLD,590001,2026/07/17 12:46:32
2026/07/16,Ladbroke Grove PS,555086,BBGPG,9.037,0.000,0.000,0.000,,,SA,Regional - SA,590013,2026/07/17 12:46:32
2026/07/16,Lang Lang,530039,PROD,0.000,12.150,0.000,0.000,,,VIC,Gippsland,590009,2026/07/17 11:40:22
2026/07/16,Laverton,533201,BBGPG,0.000,0.000,0.000,0.000,,,VIC,Geelong,590005,2026/07/20 11:00:12
2026/07/16,Longford,530040,PROD,0.000,610.943,0.000,0.000,,,VIC,Longford Hub,530015,2026/07/17 07:58:58
2026/07/16,Loy Yang B,533163,BBGPG,0.000,0.000,0.000,0.000,,,VIC,Gippsland,590009,2026/07/17 11:01:10
2026/07/16,LYB Transmission Pipeline,535023,PIPE,0.000,0.000,0.001,0.000,,,VIC,Gippsland,590009,2026/07/17 11:01:10
2026/07/16,MAPS,550054,PIPE,42.282,0.000,0.000,0.000,,,SA,Adelaide,550016,2026/07/17 11:31:05
2026/07/16,MAPS,550054,PIPE,0.000,36.148,180.821,0.000,,,SA,Moomba Hub,550017,2026/07/17 11:31:05
2026/07/16,MAPS,550054,PIPE,172.722,0.000,0.000,0.000,,,SA,Regional - SA,590013,2026/07/17 11:31:05
2026/07/16,McArthur River Mine,580220,BBGPG,0.000,0.000,0.000,0.000,,,NT,Regional - NT,590017,2026/07/17 09:36:17
2026/07/16,MCF,550050,COMPRESSOR,0.000,0.000,0.000,0.000,,,SA,Moomba Hub,550017,2026/07/17 12:46:32
2026/07/16,Mereenie,580040,PROD,0.000,26.643,0.000,0.000,,,NT,Regional - NT,590017,2026/07/17 11:29:26
2026/07/16,Meridian,540064,PROD,0.000,44.840,0.000,0.000,,,QLD,Regional - QLD,590001,2026/07/17 09:39:14
2026/07/16,Mintaro Power Station,555031,BBGPG,0.000,0.000,0.000,0.000,,,SA,Regional - SA,590013,2026/07/17 11:31:05
2026/07/16,Moomba,550045,PROD,0.000,226.300,0.000,0.000,,,SA,Moomba Hub,550017,2026/07/21 12:48:06
2026/07/16,Moomba Storage,550046,STOR,0.000,5.000,0.000,0.000,6370.800,0.000,SA,Moomba Hub,550017,2026/07/21 12:48:06
2026/07/16,Mortlake PS,530063,BBGPG,92.200,0.000,0.000,0.000,,,VIC,Regional - VIC,590012,2026/07/17 07:20:00
2026/07/16,MPL,530061,PIPE,0.000,0.000,81.592,0.000,,,VIC,Iona Hub,530016,2026/07/17 07:20:00
2026/07/16,MPL,530061,PIPE,92.200,0.000,0.000,0.000,,,VIC,Regional - VIC,590012,2026/07/17 07:20:00
2026/07/16,MRP,580100,PIPE,0.000,0.000,0.000,0.000,,,NT,Regional - NT,590017,2026/07/17 09:36:17
2026/07/16,MSP,520053,PIPE,143.448,0.000,0.000,0.000,,,NSW,Sydney,520008,2026/07/17 12:46:32
2026/07/16,MSP,520053,PIPE,0.000,0.000,130.014,5.000,,,SA,Moomba Hub,550017,2026/07/17 12:46:32
2026/07/16,MSP,520053,PIPE,44.695,0.000,0.000,4.313,,,NSW,Regional - NSW,590011,2026/07/17 12:46:32
2026/07/16,MSP,520053,PIPE,16.572,0.000,0.000,0.000,,,NSW,Regional - ACT,590015,2026/07/17 12:46:32
2026/07/16,MSP,520053,PIPE,0.000,0.000,43.204,0.002,,,NSW,Culcairn,590016,2026/07/17 12:46:32
2026/07/16,Newport,533171,BBGPG,0.002,0.000,0.000,0.000,,,VIC,Melbourne,590008,2026/07/20 11:00:12
2026/07/16,NGP,580050,PIPE,0.000,0.000,14.722,0.000,,,QLD,Regional - QLD,590001,2026/07/17 12:01:32
2026/07/16,NGP,580050,PIPE,0.000,0.000,27.352,40.359,,,NT,Regional - NT,590017,2026/07/17 12:01:32
2026/07/16,NGS,520060,STOR,0.260,0.551,0.000,0.000,903.616,76.793,NSW,Sydney,520008,2026/07/17 07:47:38
2026/07/16,Oakey PS,544095,BBGPG,0.000,0.000,0.000,0.000,,,QLD,Regional - QLD,590001,2026/07/17 12:46:32
2026/07/16,Orana,540084,PROD,0.000,164.737,0.000,0.000,,,QLD,Regional - QLD,590001,2026/07/21 11:36:34
2026/07/16,Orbost,530041,PROD,0.000,74.082,0.000,0.000,,,VIC,Regional - VIC,590012,2026/07/17 12:01:05
2026/07/16,Orica,544011,BBLARGE,9.488,0.000,0.000,0.000,,,QLD,Regional - QLD,590001,2026/07/17 12:01:06
2026/07/16,Orica (Kooragang Island),523206,BBLARGE,39.230,0.000,0.000,0.000,,,NSW,Sydney,520008,2026/07/17 13:00:00
2026/07/16,Osborne,555033,BBGPG,36.519,0.000,0.000,0.000,,,SA,Regional - SA,590013,2026/07/17 11:31:05
2026/07/16,Otway,530044,PROD,0.000,62.740,0.000,0.000,,,VIC,Iona Hub,530016,2026/07/17 15:31:02
2026/07/16,Owen Springs Power Station,580235,BBGPG,1.332,0.000,0.000,0.000,,,NT,Regional - NT,590017,2026/07/17 06:41:16
2026/07/16,Palm Valley,580060,PROD,0.000,5.339,0.000,0.000,,,NT,Regional - NT,590017,2026/07/17 11:29:26
2026/07/16,PCA,550052,PIPE,0.000,13.473,18.259,5.352,,,VIC,Iona Hub,530016,2026/08/04 12:20:03
2026/07/16,PCA,550052,PIPE,16.928,0.000,0.000,0.000,,,SA,Adelaide,550016,2026/08/04 12:20:03
2026/07/16,PCA,550052,PIPE,0.000,0.000,0.000,17.204,,,VIC,Regional - VIC,590012,2026/08/04 12:20:03
2026/07/16,PCA,550052,PIPE,32.766,0.000,0.000,0.000,,,SA,Regional - SA,590013,2026/08/04 12:20:03
2026/07/16,PCI,530060,PIPE,0.000,114.543,5.352,119.895,,,VIC,Iona Hub,530016,2026/08/03 17:20:04
2026/07/16,Peat,540065,PROD,0.000,11.964,0.000,0.000,,,QLD,Regional - QLD,590001,2026/07/21 11:36:34
2026/07/16,Pelican Point Power Station,555089,BBGPG,44.032,0.000,0.000,0.000,,,SA,Regional - SA,590013,2026/08/04 12:20:03
2026/07/16,Phosphate Hill,544081,BBLARGE,25.659,0.000,0.000,0.000,,,QLD,Regional - QLD,590001,2026/07/17 12:46:32
2026/07/16,Pipeline Compression Station,544279,COMPRESSOR,0.000,0.000,0.000,0.000,,,QLD,Regional - QLD,590001,2026/07/17 10:13:06
2026/07/16,PVP,580070,PIPE,1.858,0.000,1.998,0.000,,,NT,Regional - NT,590017,2026/07/17 06:41:16
2026/07/16,QCLNG LNG Plant,544272,LNGEXPORT,1360.409,0.000,0.000,0.000,,,QLD,Curtis Island,540030,2026/08/10 11:36:14
2026/07/16,QGP,540058,PIPE,0.000,0.000,28.415,0.000,,,QLD,Wallumbilla Hub,540032,2026/07/17 12:01:06
2026/07/16,QGP,540058,PIPE,116.919,24.075,64.881,0.000,,,QLD,Regional - QLD,590001,2026/07/17 12:01:06
2026/07/16,Quarantine Power Station,555087,BBGPG,23.293,0.000,0.000,0.000,,,SA,Regional - SA,590013,2026/07/17 11:31:05
2026/07/16,Queensland Aluminia,544012,BBLARGE,33.476,0.000,0.000,0.000,,,QLD,Regional - QLD,590001,2026/07/17 12:01:06
2026/07/16,RBP,540057,PIPE,0.000,0.000,9.998,10.900,,,QLD,Wallumbilla Hub,540032,2026/07/17 12:46:32
2026/07/16,RBP,540057,PIPE,4.424,22.475,48.790,5.007,,,QLD,Regional - QLD,590001,2026/07/17 12:46:32
2026/07/16,RBP,540057,PIPE,56.009,0.000,0.000,0.000,,,QLD,Brisbane,590002,2026/07/17 12:46:32
2026/07/16,RCWP,540102,PIPE,0.000,0.000,0.000,51.647,,,QLD,Wallumbilla Hub,540032,2026/07/17 12:46:32
2026/07/16,RCWP,540102,PIPE,0.000,0.000,41.058,0.091,,,QLD,Regional - QLD,590001,2026/07/17 12:46:32
2026/07/16,Reedy Creek,540085,PROD,0.000,199.223,0.000,0.000,,,QLD,Regional - QLD,590001,2026/07/21 11:36:34
2026/07/16,RMNGPF,640011,PROD,0.000,16.990,0.000,0.000,,,QLD,Regional - QLD,590001,2026/07/17 10:03:46
2026/07/16,RNMGP,640012,PIPE,0.000,16.990,0.000,16.990,,,QLD,Regional - QLD,590001,2026/07/17 10:03:46
2026/07/16,RNP,640009,PIPE,0.000,24.282,0.000,24.282,,,QLD,Regional - QLD,590001,2026/07/17 12:01:08
2026/07/16,Rolleston,540073,PROD,0.000,8.667,0.000,0.000,,,QLD,Regional - QLD,590001,2026/07/17 12:01:06
2026/07/16,Roma,540095,PROD,0.000,0.027,0.000,0.000,,,QLD,Regional - QLD,590001,2026/07/17 10:13:21
2026/07/16,Roma North,544260,PROD,0.000,24.282,0.000,0.000,,,QLD,Regional - QLD,590001,2026/07/17 12:01:33
2026/07/16,Roma Power Station,540120,BBGPG,0.000,0.000,0.000,0.000,,,QLD,Regional - QLD,590001,2026/07/17 11:36:58
2026/07/16,Ron Goodin Power Station,580234,BBGPG,0.000,0.000,0.000,0.000,,,NT,Regional - NT,590017,2026/07/17 06:41:16
2026/07/16,RPL,540110,PIPE,0.069,0.000,0.000,0.000,,,QLD,Regional - QLD,590001,2026/07/17 11:36:58
2026/07/16,Ruby Jo,540082,PROD,0.000,426.288,0.000,0.000,,,QLD,Regional - QLD,590001,2026/08/10 11:36:14
2026/07/16,RUGS,540040,STOR,0.000,0.000,0.000,0.000,15221.612,0.000,QLD,Regional - QLD,590001,2026/07/17 10:13:21
2026/07/16,Scotia,540072,PROD,0.000,101.212,0.000,0.000,,,QLD,Regional - QLD,590001,2026/07/17 10:13:21
2026/07/16,SEPS,550061,PIPE,7.987,0.000,8.022,0.000,,,SA,Regional - SA,590013,2026/07/17 11:32:05
2026/07/16,SESA,550060,PIPE,0.000,0.000,17.204,0.000,,,VIC,Regional - VIC,590012,2026/07/17 12:46:32
2026/07/16,SESA,550060,PIPE,9.037,0.000,0.000,8.017,,,SA,Regional - SA,590013,2026/07/17 12:46:32
2026/07/16,Shoalhaven Starches Cogeneration Plant,523203,BBLARGE,20.830,0.000,0.000,0.000,,,NSW,Regional - NSW,590011,2026/07/17 12:58:30
2026/07/16,Smithfield Energy Facility,522004,BBGPG,0.000,0.000,0.000,0.000,,,NSW,Regional - NSW,590011,2026/07/17 12:05:20
2026/07/16,Snapper Point,555090,BBGPG,0.000,0.000,0.000,0.000,,,SA,Regional - SA,590013,2026/07/17 11:31:05
2026/07/16,Somerton,533174,BBGPG,14.553,0.000,0.000,0.000,,,VIC,Melbourne,590008,2026/07/20 11:00:12
2026/07/16,Spring Gully,540066,PROD,0.000,53.875,0.000,0.000,,,QLD,Regional - QLD,590001,2026/07/21 11:36:34
2026/07/16,SSP,540103,PIPE,0.000,7.110,0.000,7.110,,,QLD,Regional - QLD,590001,2026/07/17 08:38:00
2026/07/16,SSSF,540062,STOR,0.000,6.300,0.000,0.000,8775.432,0.000,QLD,Regional - QLD,590001,2026/07/17 08:38:00
2026/07/16,Strathblane,540067,PROD,0.000,47.432,0.000,0.000,,,QLD,Regional - QLD,590001,2026/07/21 11:36:34
2026/07/16,Swanbank Power Station,544104,BBGPG,0.000,0.000,0.000,0.000,,,QLD,Brisbane,590002,2026/07/17 12:46:32
2026/07/16,SWQP,540060,PIPE,0.000,0.000,365.350,192.926,,,QLD,Wallumbilla Hub,540032,2026/07/17 12:46:32
2026/07/16,SWQP,540060,PIPE,0.000,0.000,0.000,82.576,,,QLD,Ballera,540078,2026/07/17 12:46:32
2026/07/16,SWQP,540060,PIPE,0.000,190.131,0.000,305.835,,,SA,Moomba Hub,550017,2026/07/17 12:46:32
2026/07/16,SWQP,540060,PIPE,0.117,0.000,0.000,0.000,,,QLD,Regional - QLD,590001,2026/07/17 12:46:32
2026/07/16,Talinga,540076,PROD,0.000,85.623,0.000,0.000,,,QLD,Regional - QLD,590001,2026/07/21 11:36:34
2026/07/16,Tallawarra,522002,BBGPG,0.000,0.000,0.000,0.000,,,NSW,Regional - NSW,590011,2026/07/17 11:00:10
2026/07/16,Tallawarra Pipeline,523201,PIPE,0.000,0.000,0.000,0.000,,,NSW,Regional - NSW,590011,2026/07/17 11:00:10
2026/07/16,Taloona,540068,PROD,0.000,41.457,0.000,0.000,,,QLD,Regional - QLD,590001,2026/07/21 11:36:34
2026/07/16,Tanami GP,580210,PIPE,6.813,0.000,6.500,0.000,,,NT,Regional - NT,590017,2026/07/17 12:02:00
2026/07/16,TGP,570050,PIPE,0.000,0.000,89.123,13.984,,,VIC,Longford Hub,530015,2026/07/18 12:01:00
2026/07/16,TGP,570050,PIPE,59.617,0.000,0.000,0.000,,,TAS,Regional - TAS,590014,2026/07/18 12:01:00
2026/07/16,Tipton,540051,PROD,0.000,40.393,0.000,0.000,,,QLD,Regional - QLD,590001,2026/07/17 12:30:15
2026/07/16,Torrens Island PS,555041,BBGPG,70.352,0.000,0.000,0.000,,,SA,Regional - SA,590013,2026/07/17 11:31:05
2026/07/16,Uranquinty Power Station,522047,BBGPG,0.000,0.000,0.000,0.000,,,NSW,Regional - NSW,590011,2026/07/17 12:46:32
2026/07/16,Valley Power GPG,535024,BBGPG,0.000,0.000,0.000,0.000,,,VIC,Gippsland,590009,2026/07/17 11:01:10
2026/07/16,VicHub,532005,PIPE,0.000,0.000,35.685,35.685,,,VIC,Longford Hub,530015,2026/07/17 12:01:35
2026/07/16,Viva Energy Refinery,535018,BBLARGE,7.491,0.000,0.000,0.000,,,VIC,Geelong,590005,2026/07/17 13:50:21
2026/07/16,VTS,530110,PIPE,0.000,384.173,49.681,0.000,,,VIC,Longford Hub,530015,2026/07/20 11:00:12
2026/07/16,VTS,530110,PIPE,0.000,183.670,20.046,0.000,,,VIC,Iona Hub,530016,2026/07/20 11:00:12
2026/07/16,VTS,530110,PIPE,11.779,0.000,0.000,0.000,,,VIC,Western,590004,2026/07/20 11:00:12
2026/07/16,VTS,530110,PIPE,57.196,0.000,0.000,0.000,,,VIC,Geelong,590005,2026/07/20 11:00:12
2026/07/16,VTS,530110,PIPE,41.435,0.000,0.000,0.000,,,VIC,Ballarat,590006,2026/07/20 11:00:12
2026/07/16,VTS,530110,PIPE,71.669,0.000,0.000,0.000,,,VIC,Northern,590007,2026/07/20 11:00:12
2026/07/16,VTS,530110,PIPE,385.020,0.107,0.000,0.000,,,VIC,Melbourne,590008,2026/07/20 11:00:12
2026/07/16,VTS,530110,PIPE,37.885,0.000,9.886,0.001,,,VIC,Gippsland,590009,2026/07/20 11:00:12
2026/07/16,VTS,530110,PIPE,0.000,0.000,0.002,43.206,,,NSW,Culcairn,590016,2026/07/20 11:00:12
2026/07/16,Wallumbilla Compression Station,544280,COMPRESSOR,0.000,0.000,0.000,0.000,,,QLD,Wallumbilla Hub,540032,2026/07/17 10:13:06
2026/07/16,WCFA,540045,COMPRESSOR,0.000,0.000,228.058,228.058,,,QLD,Wallumbilla Hub,540032,2026/07/17 12:46:32
2026/07/16,WCFB,540046,COMPRESSOR,0.000,0.000,126.392,126.392,,,QLD,Wallumbilla Hub,540032,2026/07/17 12:46:32
2026/07/16,Weddell Power Station,580232,BBGPG,3.452,0.000,0.000,0.000,,,NT,Darwin,580001,2026/07/17 12:46:32
2026/07/16,WGP,540091,PIPE,1360.409,0.000,0.000,0.000,,,QLD,Curtis Island,540030,2026/08/10 11:36:14
2026/07/16,WGP,540091,PIPE,0.000,1290.996,60.717,0.000,,,QLD,Regional - QLD,590001,2026/08/10 11:36:14
2026/07/16,Whyalla Steelworks,555085,BBLARGE,6.879,0.000,0.000,0.000,,,SA,Regional - SA,590013,2026/07/17 11:31:05
2026/07/16,Windibri,540069,PROD,0.000,97.534,0.000,0.000,,,QLD,Regional - QLD,590001,2026/08/10 11:36:14
2026/07/16,Woleebee Creek,540087,PROD,0.000,625.482,0.000,0.000,,,QLD,Regional - QLD,590001,2026/08/10 11:36:14
2026/07/16,WPP,580030,PIPE,3.452,3.344,0.119,0.000,,,NT,Darwin,580001,2026/07/17 12:46:32
2026/07/16,Yarwun,544282,BBGPG,55.729,0.000,0.000,0.000,,,QLD,Regional - QLD,590001,2026/07/17 12:01:06
2026/07/16,Yelcherr,580180,PROD,0.000,0.000,0.000,0.000,,,NT,Regional - NT,590017,2026/07/17 12:46:32
2026/07/16,Yellowbank,540074,PROD,0.000,12.158,0.000,0.000,,,QLD,Regional - QLD,590001,2026/07/17 12:01:06
2026/07/17,Adelaide Brighton,555091,BBLARGE,0.766,0.000,0.000,0.000,,,SA,Adelaide,550016,2026/08/10 13:00:00
2026/07/17,AGP,580010,PIPE,23.720,0.000,0.000,2.093,,,NT,Darwin,580001,2026/07/18 12:46:32
2026/07/17,AGP,580010,PIPE,9.065,32.414,38.761,43.128,,,NT,Regional - NT,590017,2026/07/18 12:46:32
2026/07/17,APLNG Pipeline,540093,PIPE,1672.904,0.000,0.000,0.000,,,QLD,Curtis Island,540030,2026/07/22 11:47:49
2026/07/17,APLNG Pipeline,540093,PIPE,0.000,1350.481,541.104,205.913,,,QLD,Regional - QLD,590001,2026/07/22 11:47:49
2026/07/17,Arcadia,540101,PROD,0.000,89.298,0.000,0.000,,,QLD,Regional - QLD,590001,2026/07/18 10:28:18
2026/07/17,ATGP,640013,PIPE,0.000,43.430,0.000,43.430,,,QLD,Regional - QLD,590001,2026/07/18 12:01:10
2026/07/17,ATHENA,535014,PROD,0.000,17.663,0.000,0.000,,,VIC,Iona Hub,530016,2026/07/22 10:55:59
2026/07/17,Atlas,544261,PROD,0.000,43.430,0.000,0.000,,,QLD,Regional - QLD,590001,2026/07/18 12:01:14
2026/07/17,Atlas East Central Processing Facility,640008,PROD,0.000,31.320,0.000,0.000,,,QLD,Regional - QLD,590001,2026/07/18 10:46:29
2026/07/17,Atlas to Reedy Creek Pipeline,640007,PIPE,0.000,31.315,0.000,31.403,,,QLD,Regional - QLD,590001,2026/07/18 12:46:32
2026/07/17,Australia Pacific LNG,544273,LNGEXPORT,1672.904,0.000,0.000,0.000,,,QLD,Curtis Island,540030,2026/07/18 12:00:25
2026/07/17,Australian Paper (Opal),535021,BBLARGE,14.296,0.000,0.000,0.000,,,VIC,Gippsland,590009,2026/07/20 11:00:12
2026/07/17,B1PL,540077,PIPE,0.035,40.849,0.000,41.728,,,QLD,Regional - QLD,590001,2026/07/18 11:00:51
2026/07/17,B2PL,540071,PIPE,0.000,55.295,3.008,59.757,,,QLD,Regional - QLD,590001,2026/07/18 12:30:02
2026/07/17,Bairnsdale Power Station,535020,BBGPG,0.000,0.000,0.000,0.000,,,VIC,Regional - VIC,590012,2026/07/18 11:00:52
2026/07/17,BCF,540047,COMPRESSOR,0.000,0.000,75.200,75.200,,,QLD,Regional - QLD,590001,2026/07/22 10:00:01
2026/07/17,Bell Bay CCGT,577016,BBGPG,38.431,0.000,0.000,0.000,,,TAS,Regional - TAS,590014,2026/07/19 12:01:00
2026/07/17,Bell Bay GGT,577014,BBGPG,0.000,0.000,0.000,0.000,,,TAS,Regional - TAS,590014,2026/07/19 12:01:00
2026/07/17,Bell Bay OCGT,577015,BBGPG,0.000,0.000,0.000,0.000,,,TAS,Regional - TAS,590014,2026/07/19 12:01:00
2026/07/17,Bellevue,540083,PROD,0.000,139.827,0.000,0.000,,,QLD,Regional - QLD,590001,2026/08/10 11:36:14
2026/07/17,BGP,580020,PIPE,0.281,0.000,0.000,0.000,,,NT,Regional - NT,590017,2026/07/18 12:46:32
2026/07/17,BlueScope,523204,BBLARGE,11.814,0.000,0.000,0.000,,,NSW,Sydney,520008,2026/07/18 12:01:05
2026/07/17,Bolivar,555008,BBGPG,2.136,0.000,0.000,0.000,,,SA,Regional - SA,590013,2026/07/18 12:04:23
2026/07/17,Bomaderry Gas Pipeline,523202,PIPE,21.677,0.000,21.677,0.000,,,NSW,Regional - NSW,590011,2026/07/18 13:45:48
2026/07/17,BPP,530030,PIPE,2.440,11.930,0.000,9.491,,,VIC,Gippsland,590009,2026/07/20 11:00:12
2026/07/17,Braemar 2 Power Station,544085,BBGPG,0.000,0.000,0.000,0.000,,,QLD,Regional - QLD,590001,2026/07/18 12:30:02
2026/07/17,Braemar Power Station,544252,BBGPG,0.035,0.000,0.000,0.000,,,QLD,Regional - QLD,590001,2026/07/18 11:00:51
2026/07/17,BWP,540096,PIPE,0.000,0.000,0.000,111.627,,,QLD,Wallumbilla Hub,540032,2026/07/18 12:46:32
2026/07/17,BWP,540096,PIPE,0.000,111.650,0.000,0.000,,,QLD,Regional - QLD,590001,2026/07/18 12:46:32
2026/07/17,CGP,540059,PIPE,0.000,0.000,75.191,0.000,,,QLD,Ballera,540078,2026/07/18 12:46:32
2026/07/17,CGP,540059,PIPE,61.944,0.000,0.000,14.701,,,QLD,Regional - QLD,590001,2026/07/18 12:46:32
2026/07/17,Channel Island Power Station,580231,BBGPG,23.720,0.000,0.000,0.000,,,NT,Darwin,580001,2026/07/18 12:46:32
2026/07/17,Colongra,523120,BBGPG,1.808,0.000,0.000,0.000,,,NSW,Regional - NSW,590011,2026/07/18 12:00:05
2026/07/17,ColongraGP,520090,PIPE,0.000,0.000,0.000,0.000,,,NSW,Sydney,520008,2026/07/18 12:00:05
2026/07/17,ColongraGP,520090,PIPE,1.808,0.000,0.000,0.000,,,NSW,Regional - NSW,590011,2026/07/18 12:00:05
2026/07/17,Combabula,540094,PROD,0.000,292.137,0.000,0.000,,,QLD,Regional - QLD,590001,2026/07/22 11:47:49
2026/07/17,Condabri Central,540080,PROD,0.000,144.244,0.000,0.000,,,QLD,Regional - QLD,590001,2026/07/22 11:47:49
2026/07/17,Condabri North,540090,PROD,0.000,164.792,0.000,0.000,,,QLD,Regional - QLD,590001,2026/07/22 11:47:49
2026/07/17,Condabri South,540086,PROD,0.000,156.146,0.000,0.000,,,QLD,Regional - QLD,590001,2026/07/22 11:47:49
2026/07/17,Condamine Power Station,544274,BBGPG,0.000,0.000,0.000,0.000,,,QLD,Regional - QLD,590001,2026/08/10 11:35:25
2026/07/17,CRWP,540098,PIPE,0.000,0.000,192.321,0.000,,,QLD,Wallumbilla Hub,540032,2026/07/18 10:28:05
2026/07/17,CRWP,540098,PIPE,0.000,94.483,41.257,320.693,,,QLD,Regional - QLD,590001,2026/07/18 10:28:05
2026/07/17,CWP,520054,PIPE,4.962,0.000,4.668,0.000,,,NSW,Regional - NSW,590011,2026/07/18 12:46:32
2026/07/17,Daandine,540050,PROD,0.000,55.295,0.000,0.000,,,QLD,Regional - QLD,590001,2026/07/18 12:30:02
2026/07/17,Dandenong LNG,530038,STOR,0.000,0.321,0.000,0.000,618.914,27.889,VIC,Melbourne,590008,2026/07/18 12:46:32
2026/07/17,DDP,540097,PIPE,0.000,0.000,0.000,192.970,,,QLD,Wallumbilla Hub,540032,2026/08/04 11:01:11
2026/07/17,DDP,540097,PIPE,14.790,588.920,129.084,515.119,,,QLD,Regional - QLD,590001,2026/08/04 11:01:11
2026/07/17,DDPS,544027,BBGPG,14.790,0.000,0.000,0.000,,,QLD,Regional - QLD,590001,2026/08/04 11:01:11
2026/07/17,Diamantina Power Station,544077,BBGPG,26.858,0.000,0.000,0.000,,,QLD,Regional - QLD,590001,2026/07/18 12:46:32
2026/07/17,Dry Creek Power Station,555026,BBGPG,0.000,0.000,0.000,0.000,,,SA,Regional - SA,590013,2026/07/18 11:31:05
2026/07/17,EGP,520047,PIPE,129.871,0.000,0.000,0.000,,,NSW,Sydney,520008,2026/07/18 12:01:05
2026/07/17,EGP,520047,PIPE,16.549,0.000,0.000,0.000,,,NSW,Canberra,520009,2026/07/18 12:01:05
2026/07/17,EGP,520047,PIPE,0.000,230.442,0.000,123.137,,,VIC,Longford Hub,530015,2026/07/18 12:01:05
2026/07/17,EGP,520047,PIPE,5.446,0.000,0.000,21.677,,,NSW,Regional - NSW,590011,2026/07/18 12:01:05
2026/07/17,EGP,520047,PIPE,1.078,74.067,0.000,0.000,,,VIC,Regional - VIC,590012,2026/07/18 12:01:05
2026/07/17,EO4PL,540055,PIPE,0.000,0.000,0.000,0.000,,,QLD,Regional - QLD,590001,2026/08/10 11:36:14
2026/07/17,Eurombah Creek,540089,PROD,0.000,147.806,0.000,0.000,,,QLD,Regional - QLD,590001,2026/07/22 11:47:49
2026/07/17,Fairview,540070,PROD,0.000,287.187,0.000,0.000,,,QLD,Regional - QLD,590001,2026/07/18 10:28:18
2026/07/17,GLNG (Curtis Island),544276,LNGEXPORT,719.202,0.000,0.000,0.000,,,QLD,Curtis Island,540030,2026/07/18 10:28:05
2026/07/17,GLNG Pipeline,540092,PIPE,719.202,0.000,0.000,0.000,,,QLD,Curtis Island,540030,2026/07/18 10:28:05
2026/07/17,GLNG Pipeline,540092,PIPE,0.000,418.001,320.693,25.985,,,QLD,Regional - QLD,590001,2026/08/10 11:36:14
2026/07/17,Hallett,555029,BBGPG,0.000,0.000,0.000,0.000,,,SA,Regional - SA,590013,2026/07/18 11:31:05
2026/07/17,Hunter Power Station,523210,BBGPG,0.004,0.000,0.000,0.000,,,NSW,Sydney,520008,2026/07/18 12:46:32
2026/07/17,ICF,530071,COMPRESSOR,0.000,0.000,3.365,3.365,,,VIC,Iona Hub,530016,2026/07/18 08:35:03
2026/07/17,Iona UGS,530042,STOR,3.365,216.932,0.000,0.000,18340.830,0.000,VIC,Iona Hub,530016,2026/07/18 08:30:03
2026/07/17,Jeerelang,533161,BBGPG,0.518,0.000,0.000,0.000,,,VIC,Gippsland,590009,2026/07/20 11:00:12
2026/07/17,Jordan,540088,PROD,0.000,333.820,0.000,0.000,,,QLD,Regional - QLD,590001,2026/08/10 11:36:14
2026/07/17,Katherine Power Station,580233,BBGPG,0.000,0.000,0.000,0.000,,,NT,Regional - NT,590017,2026/07/18 12:46:32
2026/07/17,Kenya,540075,PROD,0.000,129.878,0.000,0.000,,,QLD,Regional - QLD,590001,2026/08/10 11:36:14
2026/07/17,Kincora,544253,PROD,0.000,4.100,0.000,0.000,,,QLD,Regional - QLD,590001,2026/07/18 12:46:32
2026/07/17,KKLP,523209,PIPE,0.004,0.000,0.000,0.000,,,NSW,Sydney,520008,2026/07/18 12:46:32
2026/07/17,Kogan North,540061,PROD,0.000,4.172,0.000,0.000,,,QLD,Regional - QLD,590001,2026/07/18 12:46:32
2026/07/17,Ladbroke Grove PS,555086,BBGPG,10.502,0.000,0.000,0.000,,,SA,Regional - SA,590013,2026/07/18 12:46:32
2026/07/17,Lang Lang,530039,PROD,0.000,11.930,0.000,0.000,,,VIC,Gippsland,590009,2026/07/18 10:44:47
2026/07/17,Laverton,533201,BBGPG,0.003,0.000,0.000,0.000,,,VIC,Geelong,590005,2026/07/20 11:00:12
2026/07/17,Longford,530040,PROD,0.000,621.608,0.000,0.000,,,VIC,Longford Hub,530015,2026/07/18 08:23:55
2026/07/17,Loy Yang B,533163,BBGPG,0.000,0.000,0.000,0.000,,,VIC,Gippsland,590009,2026/07/18 11:00:48
2026/07/17,LYB Transmission Pipeline,535023,PIPE,0.015,0.000,0.000,0.000,,,VIC,Gippsland,590009,2026/07/18 11:00:48
2026/07/17,MAPS,550054,PIPE,39.112,0.000,0.000,0.000,,,SA,Adelaide,550016,2026/07/18 11:31:05
2026/07/17,MAPS,550054,PIPE,0.000,36.935,172.655,0.000,,,SA,Moomba Hub,550017,2026/07/18 11:31:05
2026/07/17,MAPS,550054,PIPE,154.252,0.000,0.000,0.000,,,SA,Regional - SA,590013,2026/07/18 11:31:05
2026/07/17,McArthur River Mine,580220,BBGPG,8.915,0.000,0.000,0.000,,,NT,Regional - NT,590017,2026/07/18 10:16:17
2026/07/17,MCF,550050,COMPRESSOR,0.000,0.000,0.000,0.000,,,SA,Moomba Hub,550017,2026/07/18 12:46:32
2026/07/17,Mereenie,580040,PROD,0.000,26.615,0.000,0.000,,,NT,Regional - NT,590017,2026/07/18 11:03:28
2026/07/17,Meridian,540064,PROD,0.000,45.766,0.000,0.000,,,QLD,Regional - QLD,590001,2026/07/18 09:38:55
2026/07/17,Mintaro Power Station,555031,BBGPG,0.000,0.000,0.000,0.000,,,SA,Regional - SA,590013,2026/07/18 11:31:05
2026/07/17,Moomba,550045,PROD,0.000,231.300,0.000,0.000,,,SA,Moomba Hub,550017,2026/07/22 10:00:01
2026/07/17,Moomba Storage,550046,STOR,0.000,5.300,0.000,0.000,6365.500,0.000,SA,Moomba Hub,550017,2026/07/22 10:00:01
2026/07/17,Mortlake PS,530063,BBGPG,85.799,0.000,0.000,0.000,,,VIC,Regional - VIC,590012,2026/07/18 07:20:00
2026/07/17,MPL,530061,PIPE,0.000,0.000,90.475,0.000,,,VIC,Iona Hub,530016,2026/07/18 07:20:00
2026/07/17,MPL,530061,PIPE,85.799,0.000,0.000,0.000,,,VIC,Regional - VIC,590012,2026/07/18 07:20:00
2026/07/17,MRP,580100,PIPE,8.915,0.000,8.916,0.000,,,NT,Regional - NT,590017,2026/07/18 10:16:17
2026/07/17,MSP,520053,PIPE,96.129,0.000,0.000,0.000,,,NSW,Sydney,520008,2026/07/18 12:46:32
2026/07/17,MSP,520053,PIPE,0.000,0.000,126.477,7.000,,,SA,Moomba Hub,550017,2026/07/18 12:46:32
2026/07/17,MSP,520053,PIPE,43.700,0.000,0.000,4.668,,,NSW,Regional - NSW,590011,2026/07/18 12:46:32
2026/07/17,MSP,520053,PIPE,15.788,0.000,0.000,0.000,,,NSW,Regional - ACT,590015,2026/07/18 12:46:32
2026/07/17,MSP,520053,PIPE,0.000,0.000,20.132,11.521,,,NSW,Culcairn,590016,2026/07/18 12:46:32
2026/07/17,Newport,533171,BBGPG,0.008,0.000,0.000,0.000,,,VIC,Melbourne,590008,2026/07/20 11:00:12
2026/07/17,NGP,580050,PIPE,0.000,0.000,14.701,0.000,,,QLD,Regional - QLD,590001,2026/07/18 12:01:12
2026/07/17,NGP,580050,PIPE,0.000,0.000,25.727,38.761,,,NT,Regional - NT,590017,2026/07/18 12:01:12
2026/07/17,NGS,520060,STOR,0.130,30.474,0.000,0.000,872.072,76.793,NSW,Sydney,520008,2026/07/18 07:55:03
2026/07/17,Oakey PS,544095,BBGPG,0.000,0.000,0.000,0.000,,,QLD,Regional - QLD,590001,2026/07/18 12:46:32
2026/07/17,Orana,540084,PROD,0.000,164.595,0.000,0.000,,,QLD,Regional - QLD,590001,2026/07/22 11:47:49
2026/07/17,Orbost,530041,PROD,0.000,74.067,0.000,0.000,,,VIC,Regional - VIC,590012,2026/07/18 12:01:05
2026/07/17,Orica,544011,BBLARGE,9.683,0.000,0.000,0.000,,,QLD,Regional - QLD,590001,2026/07/18 12:01:06
2026/07/17,Orica (Kooragang Island),523206,BBLARGE,39.001,0.000,0.000,0.000,,,NSW,Sydney,520008,2026/07/18 13:00:00
2026/07/17,Osborne,555033,BBGPG,35.366,0.000,0.000,0.000,,,SA,Regional - SA,590013,2026/07/18 11:31:05
2026/07/17,Otway,530044,PROD,0.000,94.740,0.000,0.000,,,VIC,Iona Hub,530016,2026/07/18 10:44:21
2026/07/17,Owen Springs Power Station,580235,BBGPG,1.370,0.000,0.000,0.000,,,NT,Regional - NT,590017,2026/07/18 06:41:28
2026/07/17,Palm Valley,580060,PROD,0.000,5.799,0.000,0.000,,,NT,Regional - NT,590017,2026/07/18 11:03:28
2026/07/17,PCA,550052,PIPE,0.000,18.142,68.674,0.000,,,VIC,Iona Hub,530016,2026/07/18 07:20:01
2026/07/17,PCA,550052,PIPE,19.898,0.000,0.000,0.000,,,SA,Adelaide,550016,2026/07/18 07:20:01
2026/07/17,PCA,550052,PIPE,0.000,0.000,0.000,18.737,,,VIC,Regional - VIC,590012,2026/07/18 07:20:01
2026/07/17,PCA,550052,PIPE,29.493,0.000,0.000,0.000,,,SA,Regional - SA,590013,2026/07/18 07:20:01
2026/07/17,PCI,530060,PIPE,0.000,159.162,0.000,159.162,,,VIC,Iona Hub,530016,2026/07/18 07:20:01
2026/07/17,Peat,540065,PROD,0.000,11.937,0.000,0.000,,,QLD,Regional - QLD,590001,2026/07/22 11:47:49
2026/07/17,Pelican Point Power Station,555089,BBGPG,42.010,0.000,0.000,0.000,,,SA,Regional - SA,590013,2026/07/18 07:20:01
2026/07/17,Phosphate Hill,544081,BBLARGE,26.452,0.000,0.000,0.000,,,QLD,Regional - QLD,590001,2026/07/18 12:46:32
2026/07/17,Pipeline Compression Station,544279,COMPRESSOR,0.000,0.000,0.000,0.000,,,QLD,Regional - QLD,590001,2026/07/18 10:28:05
2026/07/17,PVP,580070,PIPE,1.910,0.000,1.985,0.000,,,NT,Regional - NT,590017,2026/07/18 06:41:28
2026/07/17,QCLNG LNG Plant,544272,LNGEXPORT,1348.770,0.000,0.000,0.000,,,QLD,Curtis Island,540030,2026/08/10 11:36:14
2026/07/17,QGP,540058,PIPE,0.000,0.000,4.110,0.000,,,QLD,Wallumbilla Hub,540032,2026/07/18 12:01:06
2026/07/17,QGP,540058,PIPE,132.501,24.982,96.377,0.000,,,QLD,Regional - QLD,590001,2026/07/18 12:01:06
2026/07/17,Quarantine Power Station,555087,BBGPG,19.139,0.000,0.000,0.000,,,SA,Regional - SA,590013,2026/07/18 11:31:05
2026/07/17,Queensland Aluminia,544012,BBLARGE,36.568,0.000,0.000,0.000,,,QLD,Regional - QLD,590001,2026/07/18 12:01:06
2026/07/17,RBP,540057,PIPE,0.000,0.000,0.754,10.900,,,QLD,Wallumbilla Hub,540032,2026/07/18 12:46:32
2026/07/17,RBP,540057,PIPE,4.203,20.209,48.528,3.008,,,QLD,Regional - QLD,590001,2026/07/18 12:46:32
2026/07/17,RBP,540057,PIPE,48.874,0.000,0.000,0.000,,,QLD,Brisbane,590002,2026/07/18 12:46:32
2026/07/17,RCWP,540102,PIPE,0.000,0.000,0.000,55.841,,,QLD,Wallumbilla Hub,540032,2026/07/18 12:46:32
2026/07/17,RCWP,540102,PIPE,0.000,0.000,55.165,0.000,,,QLD,Regional - QLD,590001,2026/07/18 12:46:32
2026/07/17,Reedy Creek,540085,PROD,0.000,199.316,0.000,0.000,,,QLD,Regional - QLD,590001,2026/07/22 11:47:49
2026/07/17,RMNGPF,640011,PROD,0.000,17.050,0.000,0.000,,,QLD,Regional - QLD,590001,2026/07/18 10:46:58
2026/07/17,RNMGP,640012,PIPE,0.000,17.050,0.000,17.050,,,QLD,Regional - QLD,590001,2026/07/18 10:46:58
2026/07/17,RNP,640009,PIPE,0.000,24.207,0.000,24.207,,,QLD,Regional - QLD,590001,2026/07/18 12:01:07
2026/07/17,Rolleston,540073,PROD,0.000,8.814,0.000,0.000,,,QLD,Regional - QLD,590001,2026/07/18 12:01:06
2026/07/17,Roma,540095,PROD,0.000,94.483,0.000,0.000,,,QLD,Regional - QLD,590001,2026/07/18 10:28:22
2026/07/17,Roma North,544260,PROD,0.000,24.207,0.000,0.000,,,QLD,Regional - QLD,590001,2026/07/18 12:01:13
2026/07/17,Roma Power Station,540120,BBGPG,0.000,0.000,0.000,0.000,,,QLD,Regional - QLD,590001,2026/07/18 11:03:58
2026/07/17,Ron Goodin Power Station,580234,BBGPG,0.000,0.000,0.000,0.000,,,NT,Regional - NT,590017,2026/07/18 06:41:28
2026/07/17,RPL,540110,PIPE,0.062,0.000,0.000,0.000,,,QLD,Regional - QLD,590001,2026/07/18 11:03:58
2026/07/17,Ruby Jo,540082,PROD,0.000,426.900,0.000,0.000,,,QLD,Regional - QLD,590001,2026/08/10 11:36:14
2026/07/17,RUGS,540040,STOR,4.836,2.315,0.000,0.000,15223.076,0.000,QLD,Regional - QLD,590001,2026/07/18 10:28:22
2026/07/17,Scotia,540072,PROD,0.000,102.537,0.000,0.000,,,QLD,Regional - QLD,590001,2026/07/18 10:28:22
2026/07/17,SEPS,550061,PIPE,7.636,0.000,7.657,0.000,,,SA,Regional - SA,590013,2026/07/18 11:32:24
2026/07/17,SESA,550060,PIPE,0.000,0.000,18.736,0.000,,,VIC,Regional - VIC,590012,2026/07/18 12:46:32
2026/07/17,SESA,550060,PIPE,10.502,0.000,0.000,7.654,,,SA,Regional - SA,590013,2026/07/18 12:46:32
2026/07/17,Shoalhaven Starches Cogeneration Plant,523203,BBLARGE,21.677,0.000,0.000,0.000,,,NSW,Regional - NSW,590011,2026/07/18 13:45:48
2026/07/17,Smithfield Energy Facility,522004,BBGPG,0.000,0.000,0.000,0.000,,,NSW,Regional - NSW,590011,2026/07/18 12:04:23
2026/07/17,Snapper Point,555090,BBGPG,0.000,0.000,0.000,0.000,,,SA,Regional - SA,590013,2026/07/18 11:31:05
2026/07/17,Somerton,533174,BBGPG,0.002,0.000,0.000,0.000,,,VIC,Melbourne,590008,2026/07/20 11:00:12
2026/07/17,Spring Gully,540066,PROD,0.000,54.233,0.000,0.000,,,QLD,Regional - QLD,590001,2026/07/22 11:47:49
2026/07/17,SSP,540103,PIPE,0.000,6.800,0.000,6.800,,,QLD,Regional - QLD,590001,2026/07/18 11:11:12
2026/07/17,SSSF,540062,STOR,0.000,6.810,0.000,0.000,8768.622,0.000,QLD,Regional - QLD,590001,2026/07/18 11:11:12
2026/07/17,Strathblane,540067,PROD,0.000,47.516,0.000,0.000,,,QLD,Regional - QLD,590001,2026/07/22 11:47:49
2026/07/17,Swanbank Power Station,544104,BBGPG,0.000,0.000,0.000,0.000,,,QLD,Brisbane,590002,2026/07/18 12:46:32
2026/07/17,SWQP,540060,PIPE,0.000,0.000,370.649,196.496,,,QLD,Wallumbilla Hub,540032,2026/07/18 12:46:32
2026/07/17,SWQP,540060,PIPE,0.000,0.000,0.002,79.348,,,QLD,Ballera,540078,2026/07/18 12:46:32
2026/07/17,SWQP,540060,PIPE,0.000,194.358,0.000,292.132,,,SA,Moomba Hub,550017,2026/07/18 12:46:32
2026/07/17,SWQP,540060,PIPE,0.119,0.000,0.000,0.000,,,QLD,Regional - QLD,590001,2026/07/18 12:46:32
2026/07/17,Talinga,540076,PROD,0.000,84.568,0.000,0.000,,,QLD,Regional - QLD,590001,2026/07/22 11:47:49
2026/07/17,Tallawarra,522002,BBGPG,0.000,0.000,0.000,0.000,,,NSW,Regional - NSW,590011,2026/07/18 11:00:11
2026/07/17,Tallawarra Pipeline,523201,PIPE,0.000,0.000,0.000,0.000,,,NSW,Regional - NSW,590011,2026/07/18 11:00:11
2026/07/17,Taloona,540068,PROD,0.000,35.240,0.000,0.000,,,QLD,Regional - QLD,590001,2026/07/22 11:47:49
2026/07/17,Tanami GP,580210,PIPE,6.945,0.000,6.500,0.000,,,NT,Regional - NT,590017,2026/07/18 12:02:19
2026/07/17,TGP,570050,PIPE,0.000,0.000,101.628,17.367,,,VIC,Longford Hub,530015,2026/07/19 12:01:00
2026/07/17,TGP,570050,PIPE,56.814,0.000,0.000,0.000,,,TAS,Regional - TAS,590014,2026/07/19 12:01:00
2026/07/17,Tipton,540051,PROD,0.000,40.849,0.000,0.000,,,QLD,Regional - QLD,590001,2026/07/18 12:30:02
2026/07/17,Torrens Island PS,555041,BBGPG,59.020,0.000,0.000,0.000,,,SA,Regional - SA,590013,2026/07/18 11:31:05
2026/07/17,Uranquinty Power Station,522047,BBGPG,0.000,0.000,0.000,0.000,,,NSW,Regional - NSW,590011,2026/07/18 12:46:32
2026/07/17,Valley Power GPG,535024,BBGPG,0.015,0.000,0.000,0.000,,,VIC,Gippsland,590009,2026/07/18 11:00:48
2026/07/17,VicHub,532005,PIPE,0.000,0.000,21.514,21.514,,,VIC,Longford Hub,530015,2026/07/18 12:01:15
2026/07/17,Viva Energy Refinery,535018,BBLARGE,7.315,0.000,0.000,0.000,,,VIC,Geelong,590005,2026/07/18 07:30:11
2026/07/17,VTS,530110,PIPE,0.000,389.130,38.891,0.000,,,VIC,Longford Hub,530015,2026/07/20 11:00:12
2026/07/17,VTS,530110,PIPE,0.000,148.437,0.012,0.000,,,VIC,Iona Hub,530016,2026/07/20 11:00:12
2026/07/17,VTS,530110,PIPE,11.813,0.000,0.000,0.000,,,VIC,Western,590004,2026/07/20 11:00:12
2026/07/17,VTS,530110,PIPE,59.316,0.000,0.000,0.000,,,VIC,Geelong,590005,2026/07/20 11:00:12
2026/07/17,VTS,530110,PIPE,42.935,0.000,0.000,0.000,,,VIC,Ballarat,590006,2026/07/20 11:00:12
2026/07/17,VTS,530110,PIPE,72.414,0.000,0.000,0.000,,,VIC,Northern,590007,2026/07/20 11:00:12
2026/07/17,VTS,530110,PIPE,366.099,0.245,0.000,0.000,,,VIC,Melbourne,590008,2026/07/20 11:00:12
2026/07/17,VTS,530110,PIPE,41.377,0.000,9.491,0.000,,,VIC,Gippsland,590009,2026/07/20 11:00:12
2026/07/17,VTS,530110,PIPE,0.000,0.000,11.522,20.131,,,NSW,Culcairn,590016,2026/07/20 11:00:12
2026/07/17,Wallumbilla Compression Station,544280,COMPRESSOR,0.000,0.000,0.000,0.000,,,QLD,Wallumbilla Hub,540032,2026/07/18 10:28:05
2026/07/17,WCFA,540045,COMPRESSOR,0.000,0.000,228.540,228.540,,,QLD,Wallumbilla Hub,540032,2026/07/18 12:46:32
2026/07/17,WCFB,540046,COMPRESSOR,0.000,0.000,131.201,131.201,,,QLD,Wallumbilla Hub,540032,2026/07/18 12:46:32
2026/07/17,Weddell Power Station,580232,BBGPG,5.439,0.000,0.000,0.000,,,NT,Darwin,580001,2026/07/18 12:46:32
2026/07/17,WGP,540091,PIPE,1348.770,0.000,0.000,0.000,,,QLD,Curtis Island,540030,2026/08/10 11:36:14
2026/07/17,WGP,540091,PIPE,0.000,1290.784,59.757,0.000,,,QLD,Regional - QLD,590001,2026/08/10 11:36:14
2026/07/17,Whyalla Steelworks,555085,BBLARGE,7.188,0.000,0.000,0.000,,,SA,Regional - SA,590013,2026/07/18 11:31:05
2026/07/17,Windibri,540069,PROD,0.000,95.574,0.000,0.000,,,QLD,Regional - QLD,590001,2026/08/10 11:36:14
2026/07/17,Woleebee Creek,540087,PROD,0.000,625.304,0.000,0.000,,,QLD,Regional - QLD,590001,2026/08/10 11:36:14
2026/07/17,WPP,580030,PIPE,5.439,3.352,2.093,0.000,,,NT,Darwin,580001,2026/07/18 12:46:32
2026/07/17,Yarwun,544282,BBGPG,68.341,0.000,0.000,0.000,,,QLD,Regional - QLD,590001,2026/07/18 12:01:06
2026/07/17,Yelcherr,580180,PROD,0.000,0.000,0.000,0.000,,,NT,Regional - NT,590017,2026/07/18 12:46:32
2026/07/17,Yellowbank,540074,PROD,0.000,11.918,0.000,0.000,,,QLD,Regional - QLD,590001,2026/07/18 12:01:06
2026/07/18,Adelaide Brighton,555091,BBLARGE,4.136,0.000,0.000,0.000,,,SA,Adelaide,550016,2026/08/10 13:00:00
2026/07/18,AGP,580010,PIPE,20.831,0.000,0.000,1.670,,,NT,Darwin,580001,2026/07/19 12:48:33
2026/07/18,AGP,580010,PIPE,8.295,32.393,37.814,37.469,,,NT,Regional - NT,590017,2026/07/19 12:48:33
2026/07/18,APLNG Pipeline,540093,PIPE,1684.787,0.000,0.000,0.000,,,QLD,Curtis Island,540030,2026/07/23 11:38:29
2026/07/18,APLNG Pipeline,540093,PIPE,0.000,1351.398,535.620,211.356,,,QLD,Regional - QLD,590001,2026/07/23 11:38:29
2026/07/18,Arcadia,540101,PROD,0.000,89.018,0.000,0.000,,,QLD,Regional - QLD,590001,2026/07/19 10:43:06
2026/07/18,ATGP,640013,PIPE,0.000,43.076,0.000,43.076,,,QLD,Regional - QLD,590001,2026/07/19 12:01:12
2026/07/18,ATHENA,535014,PROD,0.000,17.770,0.000,0.000,,,VIC,Iona Hub,530016,2026/07/23 10:13:34
2026/07/18,Atlas,544261,PROD,0.000,43.076,0.000,0.000,,,QLD,Regional - QLD,590001,2026/07/19 12:01:21
2026/07/18,Atlas East Central Processing Facility,640008,PROD,0.000,31.880,0.000,0.000,,,QLD,Regional - QLD,590001,2026/07/19 09:49:19
2026/07/18,Atlas to Reedy Creek Pipeline,640007,PIPE,0.000,31.881,0.000,31.100,,,QLD,Regional - QLD,590001,2026/07/19 12:48:33
2026/07/18,Australia Pacific LNG,544273,LNGEXPORT,1684.787,0.000,0.000,0.000,,,QLD,Curtis Island,540030,2026/07/19 12:00:25
2026/07/18,Australian Paper (Opal),535021,BBLARGE,13.133,0.000,0.000,0.000,,,VIC,Gippsland,590009,2026/07/20 11:00:12
2026/07/18,B1PL,540077,PIPE,0.032,41.555,0.000,40.800,,,QLD,Regional - QLD,590001,2026/07/19 11:00:45
2026/07/18,B2PL,540071,PIPE,0.000,55.192,3.009,59.774,,,QLD,Regional - QLD,590001,2026/07/19 12:30:04
2026/07/18,Bairnsdale Power Station,535020,BBGPG,0.000,0.000,0.000,0.000,,,VIC,Regional - VIC,590012,2026/07/19 11:00:54
2026/07/18,BCF,540047,COMPRESSOR,0.000,0.000,76.200,76.200,,,QLD,Regional - QLD,590001,2026/07/23 10:00:01
2026/07/18,Bell Bay CCGT,577016,BBGPG,34.422,0.000,0.000,0.000,,,TAS,Regional - TAS,590014,2026/07/20 12:01:00
2026/07/18,Bell Bay GGT,577014,BBGPG,0.000,0.000,0.000,0.000,,,TAS,Regional - TAS,590014,2026/07/20 12:01:00
2026/07/18,Bell Bay OCGT,577015,BBGPG,0.000,0.000,0.000,0.000,,,TAS,Regional - TAS,590014,2026/07/20 12:01:00
2026/07/18,Bellevue,540083,PROD,0.000,130.256,0.000,0.000,,,QLD,Regional - QLD,590001,2026/08/10 11:36:14
2026/07/18,BGP,580020,PIPE,0.262,0.000,0.000,0.000,,,NT,Regional - NT,590017,2026/07/19 12:48:33
2026/07/18,BlueScope,523204,BBLARGE,10.561,0.000,0.000,0.000,,,NSW,Sydney,520008,2026/07/19 12:01:05
2026/07/18,Bolivar,555008,BBGPG,0.000,0.000,0.000,0.000,,,SA,Regional - SA,590013,2026/07/19 12:07:55
2026/07/18,Bomaderry Gas Pipeline,523202,PIPE,21.240,0.000,21.240,0.000,,,NSW,Regional - NSW,590011,2026/07/19 13:56:49
2026/07/18,BPP,530030,PIPE,2.680,12.070,0.000,9.394,,,VIC,Gippsland,590009,2026/07/20 11:00:12
2026/07/18,Braemar 2 Power Station,544085,BBGPG,0.000,0.000,0.000,0.000,,,QLD,Regional - QLD,590001,2026/07/19 12:30:04
2026/07/18,Braemar Power Station,544252,BBGPG,0.032,0.000,0.000,0.000,,,QLD,Regional - QLD,590001,2026/07/19 11:00:45
2026/07/18,BWP,540096,PIPE,0.000,0.000,0.000,77.468,,,QLD,Wallumbilla Hub,540032,2026/07/19 12:48:33
2026/07/18,BWP,540096,PIPE,0.000,75.950,0.000,0.000,,,QLD,Regional - QLD,590001,2026/07/19 12:48:33
2026/07/18,CGP,540059,PIPE,0.000,0.000,76.212,0.000,,,QLD,Ballera,540078,2026/07/19 12:48:33
2026/07/18,CGP,540059,PIPE,60.011,0.000,0.000,14.377,,,QLD,Regional - QLD,590001,2026/07/19 12:48:33
2026/07/18,Channel Island Power Station,580231,BBGPG,20.831,0.000,0.000,0.000,,,NT,Darwin,580001,2026/07/19 12:48:33
2026/07/18,Colongra,523120,BBGPG,0.000,0.000,0.000,0.000,,,NSW,Regional - NSW,590011,2026/07/19 12:00:05
2026/07/18,ColongraGP,520090,PIPE,0.000,0.000,0.000,0.000,,,NSW,Sydney,520008,2026/07/19 12:00:05
2026/07/18,ColongraGP,520090,PIPE,0.000,0.000,0.000,0.000,,,NSW,Regional - NSW,590011,2026/07/19 12:00:05
2026/07/18,Combabula,540094,PROD,0.000,291.908,0.000,0.000,,,QLD,Regional - QLD,590001,2026/07/23 11:38:29
2026/07/18,Condabri Central,540080,PROD,0.000,144.356,0.000,0.000,,,QLD,Regional - QLD,590001,2026/07/23 11:38:29
2026/07/18,Condabri North,540090,PROD,0.000,163.752,0.000,0.000,,,QLD,Regional - QLD,590001,2026/07/23 11:38:29
2026/07/18,Condabri South,540086,PROD,0.000,155.999,0.000,0.000,,,QLD,Regional - QLD,590001,2026/07/23 11:38:29
2026/07/18,Condamine Power Station,544274,BBGPG,0.000,0.000,0.000,0.000,,,QLD,Regional - QLD,590001,2026/08/10 11:35:25
2026/07/18,CRWP,540098,PIPE,0.000,0.000,157.956,0.000,,,QLD,Wallumbilla Hub,540032,2026/07/19 10:28:05
2026/07/18,CRWP,540098,PIPE,0.000,221.905,41.339,424.400,,,QLD,Regional - QLD,590001,2026/07/19 10:28:05
2026/07/18,CWP,520054,PIPE,4.160,0.000,4.348,0.000,,,NSW,Regional - NSW,590011,2026/07/19 12:48:33
2026/07/18,Daandine,540050,PROD,0.000,55.192,0.000,0.000,,,QLD,Regional - QLD,590001,2026/07/19 12:30:04
2026/07/18,Dandenong LNG,530038,STOR,0.000,0.311,0.000,0.000,618.348,27.889,VIC,Melbourne,590008,2026/07/19 12:48:33
2026/07/18,DDP,540097,PIPE,0.000,0.000,0.000,202.075,,,QLD,Wallumbilla Hub,540032,2026/08/04 11:01:12
2026/07/18,DDP,540097,PIPE,12.768,586.050,131.717,509.170,,,QLD,Regional - QLD,590001,2026/08/04 11:01:12
2026/07/18,DDPS,544027,BBGPG,12.768,0.000,0.000,0.000,,,QLD,Regional - QLD,590001,2026/08/04 11:01:12
2026/07/18,Diamantina Power Station,544077,BBGPG,24.301,0.000,0.000,0.000,,,QLD,Regional - QLD,590001,2026/07/19 12:48:33
2026/07/18,Dry Creek Power Station,555026,BBGPG,0.000,0.000,0.000,0.000,,,SA,Regional - SA,590013,2026/07/19 11:31:06
2026/07/18,EGP,520047,PIPE,127.123,0.000,0.000,0.000,,,NSW,Sydney,520008,2026/07/19 12:01:05
2026/07/18,EGP,520047,PIPE,16.411,0.000,0.000,0.000,,,NSW,Canberra,520009,2026/07/19 12:01:05
2026/07/18,EGP,520047,PIPE,0.000,219.537,0.000,104.815,,,VIC,Longford Hub,530015,2026/07/19 12:01:05
2026/07/18,EGP,520047,PIPE,5.231,0.000,0.000,21.240,,,NSW,Regional - NSW,590011,2026/07/19 12:01:05
2026/07/18,EGP,520047,PIPE,1.012,74.240,0.000,0.000,,,VIC,Regional - VIC,590012,2026/07/19 12:01:05
2026/07/18,EO4PL,540055,PIPE,0.000,0.000,0.000,0.000,,,QLD,Regional - QLD,590001,2026/08/10 11:36:14
2026/07/18,Eurombah Creek,540089,PROD,0.000,142.681,0.000,0.000,,,QLD,Regional - QLD,590001,2026/07/23 11:38:29
2026/07/18,Fairview,540070,PROD,0.000,287.243,0.000,0.000,,,QLD,Regional - QLD,590001,2026/07/19 10:43:06
2026/07/18,GLNG (Curtis Island),544276,LNGEXPORT,802.515,0.000,0.000,0.000,,,QLD,Curtis Island,540030,2026/07/19 10:28:05
2026/07/18,GLNG Pipeline,540092,PIPE,802.515,0.000,0.000,0.000,,,QLD,Curtis Island,540030,2026/07/19 10:28:05
2026/07/18,GLNG Pipeline,540092,PIPE,0.000,417.785,424.400,26.450,,,QLD,Regional - QLD,590001,2026/08/10 11:36:14
2026/07/18,Hallett,555029,BBGPG,0.000,0.000,0.000,0.000,,,SA,Regional - SA,590013,2026/07/19 11:31:06
2026/07/18,Hunter Power Station,523210,BBGPG,0.000,0.000,0.000,0.000,,,NSW,Sydney,520008,2026/07/19 12:48:33
2026/07/18,ICF,530071,COMPRESSOR,0.000,0.000,9.384,9.384,,,VIC,Iona Hub,530016,2026/07/19 08:35:03
2026/07/18,Iona UGS,530042,STOR,9.384,193.725,0.000,0.000,18152.893,0.000,VIC,Iona Hub,530016,2026/07/19 08:30:03
2026/07/18,Jeerelang,533161,BBGPG,0.000,0.000,0.000,0.000,,,VIC,Gippsland,590009,2026/07/20 11:00:12
2026/07/18,Jordan,540088,PROD,0.000,331.995,0.000,0.000,,,QLD,Regional - QLD,590001,2026/08/10 11:36:14
2026/07/18,Katherine Power Station,580233,BBGPG,0.000,0.000,0.000,0.000,,,NT,Regional - NT,590017,2026/07/19 12:48:33
2026/07/18,Kenya,540075,PROD,0.000,129.024,0.000,0.000,,,QLD,Regional - QLD,590001,2026/08/10 11:36:14
2026/07/18,Kincora,544253,PROD,0.000,4.000,0.000,0.000,,,QLD,Regional - QLD,590001,2026/07/19 12:48:33
2026/07/18,KKLP,523209,PIPE,0.000,0.000,0.000,0.000,,,NSW,Sydney,520008,2026/07/19 12:48:33
2026/07/18,Kogan North,540061,PROD,0.000,4.173,0.000,0.000,,,QLD,Regional - QLD,590001,2026/07/19 12:48:33
2026/07/18,Ladbroke Grove PS,555086,BBGPG,8.621,0.000,0.000,0.000,,,SA,Regional - SA,590013,2026/07/19 12:48:33
2026/07/18,Lang Lang,530039,PROD,0.000,12.070,0.000,0.000,,,VIC,Gippsland,590009,2026/07/19 10:16:57
2026/07/18,Laverton,533201,BBGPG,0.001,0.000,0.000,0.000,,,VIC,Geelong,590005,2026/07/20 11:00:12
2026/07/18,Longford,530040,PROD,0.000,625.646,0.000,0.000,,,VIC,Longford Hub,530015,2026/07/19 08:30:25
2026/07/18,Loy Yang B,533163,BBGPG,0.000,0.000,0.000,0.000,,,VIC,Gippsland,590009,2026/07/19 11:00:48
2026/07/18,LYB Transmission Pipeline,535023,PIPE,0.000,0.000,0.000,0.000,,,VIC,Gippsland,590009,2026/07/19 11:00:48
2026/07/18,MAPS,550054,PIPE,27.979,0.000,0.000,0.000,,,SA,Adelaide,550016,2026/07/19 11:31:06
2026/07/18,MAPS,550054,PIPE,0.000,35.552,123.616,0.000,,,SA,Moomba Hub,550017,2026/07/19 11:31:06
2026/07/18,MAPS,550054,PIPE,113.218,0.000,0.000,0.000,,,SA,Regional - SA,590013,2026/07/19 11:31:06
2026/07/18,McArthur River Mine,580220,BBGPG,4.884,0.000,0.000,0.000,,,NT,Regional - NT,590017,2026/07/19 09:56:17
2026/07/18,MCF,550050,COMPRESSOR,0.000,0.000,0.000,0.000,,,SA,Moomba Hub,550017,2026/07/19 12:48:33
2026/07/18,Mereenie,580040,PROD,0.000,26.604,0.000,0.000,,,NT,Regional - NT,590017,2026/07/19 10:59:38
2026/07/18,Meridian,540064,PROD,0.000,45.774,0.000,0.000,,,QLD,Regional - QLD,590001,2026/07/19 09:39:06
2026/07/18,Mintaro Power Station,555031,BBGPG,0.000,0.000,0.000,0.000,,,SA,Regional - SA,590013,2026/07/19 11:31:06
2026/07/18,Moomba,550045,PROD,0.000,227.800,0.000,0.000,,,SA,Moomba Hub,550017,2026/07/23 10:00:01
2026/07/18,Moomba Storage,550046,STOR,0.000,5.000,0.000,0.000,6360.500,0.000,SA,Moomba Hub,550017,2026/07/23 10:00:01
2026/07/18,Mortlake PS,530063,BBGPG,34.901,0.000,0.000,0.000,,,VIC,Regional - VIC,590012,2026/07/19 07:20:00
2026/07/18,MPL,530061,PIPE,0.000,0.000,52.029,0.000,,,VIC,Iona Hub,530016,2026/07/19 07:20:00
2026/07/18,MPL,530061,PIPE,34.901,0.000,0.000,0.000,,,VIC,Regional - VIC,590012,2026/07/19 07:20:00
2026/07/18,MRP,580100,PIPE,4.884,0.000,4.884,0.000,,,NT,Regional - NT,590017,2026/07/19 09:56:17
2026/07/18,MSP,520053,PIPE,103.944,0.000,0.000,0.000,,,NSW,Sydney,520008,2026/07/19 12:48:33
2026/07/18,MSP,520053,PIPE,0.000,0.000,104.164,2.500,,,SA,Moomba Hub,550017,2026/07/19 12:48:33
2026/07/18,MSP,520053,PIPE,36.071,0.000,0.000,4.348,,,NSW,Regional - NSW,590011,2026/07/19 12:48:33
2026/07/18,MSP,520053,PIPE,12.223,0.000,0.000,0.000,,,NSW,Regional - ACT,590015,2026/07/19 12:48:33
2026/07/18,MSP,520053,PIPE,0.000,0.000,41.424,0.000,,,NSW,Culcairn,590016,2026/07/19 12:48:33
2026/07/18,Newport,533171,BBGPG,0.006,0.000,0.000,0.000,,,VIC,Melbourne,590008,2026/07/20 11:00:12
2026/07/18,NGP,580050,PIPE,0.000,0.000,14.377,0.000,,,QLD,Regional - QLD,590001,2026/07/19 12:01:17
2026/07/18,NGP,580050,PIPE,0.000,0.000,24.791,37.813,,,NT,Regional - NT,590017,2026/07/19 12:01:17
2026/07/18,NGS,520060,STOR,0.220,0.893,0.000,0.000,871.481,76.793,NSW,Sydney,520008,2026/07/19 07:53:37
2026/07/18,Oakey PS,544095,BBGPG,0.000,0.000,0.000,0.000,,,QLD,Regional - QLD,590001,2026/07/19 12:48:33
2026/07/18,Orana,540084,PROD,0.000,164.437,0.000,0.000,,,QLD,Regional - QLD,590001,2026/07/23 11:38:29
2026/07/18,Orbost,530041,PROD,0.000,74.240,0.000,0.000,,,VIC,Regional - VIC,590012,2026/07/19 12:01:05
2026/07/18,Orica,544011,BBLARGE,9.847,0.000,0.000,0.000,,,QLD,Regional - QLD,590001,2026/07/19 12:01:07
2026/07/18,Orica (Kooragang Island),523206,BBLARGE,39.046,0.000,0.000,0.000,,,NSW,Sydney,520008,2026/07/19 13:00:00
2026/07/18,Osborne,555033,BBGPG,33.882,0.000,0.000,0.000,,,SA,Regional - SA,590013,2026/07/19 11:31:06
2026/07/18,Otway,530044,PROD,0.000,97.370,0.000,0.000,,,VIC,Iona Hub,530016,2026/07/19 10:18:08
2026/07/18,Owen Springs Power Station,580235,BBGPG,1.181,0.000,0.000,0.000,,,NT,Regional - NT,590017,2026/07/19 06:41:29
2026/07/18,Palm Valley,580060,PROD,0.000,5.789,0.000,0.000,,,NT,Regional - NT,590017,2026/07/19 10:59:38
2026/07/18,PCA,550052,PIPE,0.000,16.121,16.995,0.000,,,VIC,Iona Hub,530016,2026/07/19 07:20:01
2026/07/18,PCA,550052,PIPE,23.746,0.000,0.000,0.000,,,SA,Adelaide,550016,2026/07/19 07:20:01
2026/07/18,PCA,550052,PIPE,0.000,0.000,0.000,16.490,,,VIC,Regional - VIC,590012,2026/07/19 07:20:01
2026/07/18,PCA,550052,PIPE,27.381,0.000,0.000,0.000,,,SA,Regional - SA,590013,2026/07/19 07:20:01
2026/07/18,PCI,530060,PIPE,0.000,109.032,0.000,109.032,,,VIC,Iona Hub,530016,2026/07/19 07:20:01
2026/07/18,Peat,540065,PROD,0.000,11.624,0.000,0.000,,,QLD,Regional - QLD,590001,2026/07/23 11:38:29
2026/07/18,Pelican Point Power Station,555089,BBGPG,34.892,0.000,0.000,0.000,,,SA,Regional - SA,590013,2026/07/19 07:20:01
2026/07/18,Phosphate Hill,544081,BBLARGE,26.492,0.000,0.000,0.000,,,QLD,Regional - QLD,590001,2026/07/19 12:48:33
2026/07/18,Pipeline Compression Station,544279,COMPRESSOR,0.000,0.000,0.000,0.000,,,QLD,Regional - QLD,590001,2026/07/19 10:28:05
2026/07/18,PVP,580070,PIPE,1.707,0.000,1.793,0.000,,,NT,Regional - NT,590017,2026/07/19 06:41:29
2026/07/18,QCLNG LNG Plant,544272,LNGEXPORT,1367.030,0.000,0.000,0.000,,,QLD,Curtis Island,540030,2026/08/10 11:36:14
2026/07/18,QGP,540058,PIPE,0.000,0.000,29.378,0.000,,,QLD,Wallumbilla Hub,540032,2026/07/19 12:01:07
2026/07/18,QGP,540058,PIPE,128.234,25.513,76.884,0.000,,,QLD,Regional - QLD,590001,2026/07/19 12:01:07
2026/07/18,Quarantine Power Station,555087,BBGPG,18.821,0.000,0.000,0.000,,,SA,Regional - SA,590013,2026/07/19 11:31:06
2026/07/18,Queensland Aluminia,544012,BBLARGE,32.741,0.000,0.000,0.000,,,QLD,Regional - QLD,590001,2026/07/19 12:01:07
2026/07/18,RBP,540057,PIPE,0.000,0.000,0.000,25.800,,,QLD,Wallumbilla Hub,540032,2026/07/19 12:48:33
2026/07/18,RBP,540057,PIPE,2.922,19.797,47.600,3.009,,,QLD,Regional - QLD,590001,2026/07/19 12:48:33
2026/07/18,RBP,540057,PIPE,41.997,0.000,0.000,0.000,,,QLD,Brisbane,590002,2026/07/19 12:48:33
2026/07/18,RCWP,540102,PIPE,0.000,0.000,0.000,77.101,,,QLD,Wallumbilla Hub,540032,2026/07/19 12:48:33
2026/07/18,RCWP,540102,PIPE,0.000,0.000,76.937,0.000,,,QLD,Regional - QLD,590001,2026/07/19 12:48:33
2026/07/18,Reedy Creek,540085,PROD,0.000,199.078,0.000,0.000,,,QLD,Regional - QLD,590001,2026/07/23 11:38:29
2026/07/18,RMNGPF,640011,PROD,0.000,17.050,0.000,0.000,,,QLD,Regional - QLD,590001,2026/07/19 09:49:04
2026/07/18,RNMGP,640012,PIPE,0.000,17.050,0.000,17.050,,,QLD,Regional - QLD,590001,2026/07/19 09:49:04
2026/07/18,RNP,640009,PIPE,0.000,24.289,0.000,24.289,,,QLD,Regional - QLD,590001,2026/07/19 12:01:09
2026/07/18,Rolleston,540073,PROD,0.000,9.041,0.000,0.000,,,QLD,Regional - QLD,590001,2026/07/19 12:01:07
2026/07/18,Roma,540095,PROD,0.000,221.905,0.000,0.000,,,QLD,Regional - QLD,590001,2026/07/19 10:43:11
2026/07/18,Roma North,544260,PROD,0.000,24.289,0.000,0.000,,,QLD,Regional - QLD,590001,2026/07/19 12:01:19
2026/07/18,Roma Power Station,540120,BBGPG,0.000,0.000,0.000,0.000,,,QLD,Regional - QLD,590001,2026/07/19 10:38:57
2026/07/18,Ron Goodin Power Station,580234,BBGPG,0.000,0.000,0.000,0.000,,,NT,Regional - NT,590017,2026/07/19 06:41:29
2026/07/18,RPL,540110,PIPE,0.060,0.000,0.000,0.000,,,QLD,Regional - QLD,590001,2026/07/19 10:38:57
2026/07/18,Ruby Jo,540082,PROD,0.000,426.581,0.000,0.000,,,QLD,Regional - QLD,590001,2026/08/10 11:36:14
2026/07/18,RUGS,540040,STOR,3.724,0.000,0.000,0.000,15226.676,0.000,QLD,Regional - QLD,590001,2026/07/19 10:43:11
2026/07/18,Scotia,540072,PROD,0.000,103.439,0.000,0.000,,,QLD,Regional - QLD,590001,2026/07/19 10:43:11
2026/07/18,SEPS,550061,PIPE,7.764,0.000,7.763,0.000,,,SA,Regional - SA,590013,2026/07/19 11:32:05
2026/07/18,SESA,550060,PIPE,0.000,0.000,16.490,0.000,,,VIC,Regional - VIC,590012,2026/07/19 12:48:33
2026/07/18,SESA,550060,PIPE,8.621,0.000,0.000,7.770,,,SA,Regional - SA,590013,2026/07/19 12:48:33
2026/07/18,Shoalhaven Starches Cogeneration Plant,523203,BBLARGE,21.240,0.000,0.000,0.000,,,NSW,Regional - NSW,590011,2026/07/19 13:56:49
2026/07/18,Smithfield Energy Facility,522004,BBGPG,0.000,0.000,0.000,0.000,,,NSW,Regional - NSW,590011,2026/07/19 12:08:01
2026/07/18,Snapper Point,555090,BBGPG,0.000,0.000,0.000,0.000,,,SA,Regional - SA,590013,2026/07/19 11:31:06
2026/07/18,Somerton,533174,BBGPG,0.001,0.000,0.000,0.000,,,VIC,Melbourne,590008,2026/07/20 11:00:12
2026/07/18,Spring Gully,540066,PROD,0.000,53.478,0.000,0.000,,,QLD,Regional - QLD,590001,2026/07/23 11:38:29
2026/07/18,SSP,540103,PIPE,0.000,6.800,0.000,6.800,,,QLD,Regional - QLD,590001,2026/07/19 10:17:11
2026/07/18,SSSF,540062,STOR,0.000,6.350,0.000,0.000,8762.272,0.000,QLD,Regional - QLD,590001,2026/07/19 10:17:11
2026/07/18,Strathblane,540067,PROD,0.000,49.488,0.000,0.000,,,QLD,Regional - QLD,590001,2026/07/23 11:38:29
2026/07/18,Swanbank Power Station,544104,BBGPG,0.000,0.000,0.000,0.000,,,QLD,Brisbane,590002,2026/07/19 12:48:33
2026/07/18,SWQP,540060,PIPE,0.000,0.000,382.444,187.334,,,QLD,Wallumbilla Hub,540032,2026/07/19 12:48:33
2026/07/18,SWQP,540060,PIPE,0.000,0.000,0.000,80.347,,,QLD,Ballera,540078,2026/07/19 12:48:33
2026/07/18,SWQP,540060,PIPE,0.000,192.204,0.000,225.280,,,SA,Moomba Hub,550017,2026/07/19 12:48:33
2026/07/18,SWQP,540060,PIPE,0.117,0.000,0.000,0.000,,,QLD,Regional - QLD,590001,2026/07/19 12:48:33
2026/07/18,Talinga,540076,PROD,0.000,85.499,0.000,0.000,,,QLD,Regional - QLD,590001,2026/07/23 11:38:29
2026/07/18,Tallawarra,522002,BBGPG,0.000,0.000,0.000,0.000,,,NSW,Regional - NSW,590011,2026/07/19 11:00:10
2026/07/18,Tallawarra Pipeline,523201,PIPE,0.000,0.000,0.000,0.000,,,NSW,Regional - NSW,590011,2026/07/19 11:00:10
2026/07/18,Taloona,540068,PROD,0.000,39.792,0.000,0.000,,,QLD,Regional - QLD,590001,2026/07/23 11:38:29
2026/07/18,Tanami GP,580210,PIPE,7.569,0.000,6.000,0.000,,,NT,Regional - NT,590017,2026/07/19 12:02:00
2026/07/18,TGP,570050,PIPE,0.000,0.000,96.049,40.294,,,VIC,Longford Hub,530015,2026/07/20 12:01:00
2026/07/18,TGP,570050,PIPE,50.347,0.000,0.000,0.000,,,TAS,Regional - TAS,590014,2026/07/20 12:01:00
2026/07/18,Tipton,540051,PROD,0.000,41.555,0.000,0.000,,,QLD,Regional - QLD,590001,2026/07/19 12:30:04
2026/07/18,Torrens Island PS,555041,BBGPG,29.241,0.000,0.000,0.000,,,SA,Regional - SA,590013,2026/07/19 11:31:06
2026/07/18,Uranquinty Power Station,522047,BBGPG,0.000,0.000,0.000,0.000,,,NSW,Regional - NSW,590011,2026/07/19 12:48:33
2026/07/18,Valley Power GPG,535024,BBGPG,0.000,0.000,0.000,0.000,,,VIC,Gippsland,590009,2026/07/19 11:00:48
2026/07/18,VicHub,532005,PIPE,0.000,0.000,8.770,8.770,,,VIC,Longford Hub,530015,2026/07/19 12:01:22
2026/07/18,Viva Energy Refinery,535018,BBLARGE,7.628,0.000,0.000,0.000,,,VIC,Geelong,590005,2026/07/19 07:30:13
2026/07/18,VTS,530110,PIPE,0.000,404.182,49.077,0.000,,,VIC,Longford Hub,530015,2026/07/20 11:00:12
2026/07/18,VTS,530110,PIPE,0.000,174.707,40.009,0.000,,,VIC,Iona Hub,530016,2026/07/20 11:00:12
2026/07/18,VTS,530110,PIPE,11.892,0.000,0.000,0.000,,,VIC,Western,590004,2026/07/20 11:00:12
2026/07/18,VTS,530110,PIPE,67.384,0.000,0.000,0.000,,,VIC,Geelong,590005,2026/07/20 11:00:12
2026/07/18,VTS,530110,PIPE,46.243,0.000,0.000,0.000,,,VIC,Ballarat,590006,2026/07/20 11:00:12
2026/07/18,VTS,530110,PIPE,66.787,0.000,0.000,0.000,,,VIC,Northern,590007,2026/07/20 11:00:12
2026/07/18,VTS,530110,PIPE,401.008,0.214,0.000,0.000,,,VIC,Melbourne,590008,2026/07/20 11:00:12
2026/07/18,VTS,530110,PIPE,47.102,0.000,9.394,0.000,,,VIC,Gippsland,590009,2026/07/20 11:00:12
2026/07/18,VTS,530110,PIPE,0.000,0.000,0.000,41.423,,,NSW,Culcairn,590016,2026/07/20 11:00:12
2026/07/18,Wallumbilla Compression Station,544280,COMPRESSOR,0.000,0.000,0.000,0.000,,,QLD,Wallumbilla Hub,540032,2026/07/19 10:28:05
2026/07/18,WCFA,540045,COMPRESSOR,0.000,0.000,240.807,240.807,,,QLD,Wallumbilla Hub,540032,2026/07/19 12:48:33
2026/07/18,WCFB,540046,COMPRESSOR,0.000,0.000,130.836,130.836,,,QLD,Wallumbilla Hub,540032,2026/07/19 12:48:33
2026/07/18,Weddell Power Station,580232,BBGPG,5.022,0.000,0.000,0.000,,,NT,Darwin,580001,2026/07/19 12:48:33
2026/07/18,WGP,540091,PIPE,1367.030,0.000,0.000,0.000,,,QLD,Curtis Island,540030,2026/08/10 11:36:14
2026/07/18,WGP,540091,PIPE,0.000,1329.202,59.774,0.000,,,QLD,Regional - QLD,590001,2026/08/10 11:36:14
2026/07/18,Whyalla Steelworks,555085,BBLARGE,7.151,0.000,0.000,0.000,,,SA,Regional - SA,590013,2026/07/19 11:31:06
2026/07/18,Windibri,540069,PROD,0.000,107.324,0.000,0.000,,,QLD,Regional - QLD,590001,2026/08/10 11:36:14
2026/07/18,Woleebee Creek,540087,PROD,0.000,626.102,0.000,0.000,,,QLD,Regional - QLD,590001,2026/08/10 11:36:14
2026/07/18,WPP,580030,PIPE,5.022,3.362,1.670,0.000,,,NT,Darwin,580001,2026/07/19 12:48:33
2026/07/18,Yarwun,544282,BBGPG,68.619,0.000,0.000,0.000,,,QLD,Regional - QLD,590001,2026/07/19 12:01:07
2026/07/18,Yelcherr,580180,PROD,0.000,0.000,0.000,0.000,,,NT,Regional - NT,590017,2026/07/19 12:48:33
2026/07/18,Yellowbank,540074,PROD,0.000,12.222,0.000,0.000,,,QLD,Regional - QLD,590001,2026/07/19 12:01:07
2026/07/19,Adelaide Brighton,555091,BBLARGE,5.416,0.000,0.000,0.000,,,SA,Adelaide,550016,2026/08/10 13:00:00
2026/07/19,AGP,580010,PIPE,18.376,0.000,0.000,3.622,,,NT,Darwin,580001,2026/07/20 12:46:32
2026/07/19,AGP,580010,PIPE,8.499,32.315,37.465,34.633,,,NT,Regional - NT,590017,2026/07/20 12:46:32
2026/07/19,APLNG Pipeline,540093,PIPE,1650.970,0.000,0.000,0.000,,,QLD,Curtis Island,540030,2026/07/24 11:36:33
2026/07/19,APLNG Pipeline,540093,PIPE,0.000,1351.219,524.863,194.664,,,QLD,Regional - QLD,590001,2026/07/24 11:36:33
2026/07/19,Arcadia,540101,PROD,0.000,89.392,0.000,0.000,,,QLD,Regional - QLD,590001,2026/07/20 10:29:11
2026/07/19,ATGP,640013,PIPE,0.000,42.644,0.000,42.644,,,QLD,Regional - QLD,590001,2026/07/20 12:01:29
2026/07/19,ATHENA,535014,PROD,0.000,17.749,0.000,0.000,,,VIC,Iona Hub,530016,2026/07/24 16:06:29
2026/07/19,Atlas,544261,PROD,0.000,42.644,0.000,0.000,,,QLD,Regional - QLD,590001,2026/07/20 12:01:33
2026/07/19,Atlas East Central Processing Facility,640008,PROD,0.000,32.470,0.000,0.000,,,QLD,Regional - QLD,590001,2026/07/20 08:47:53
2026/07/19,Atlas to Reedy Creek Pipeline,640007,PIPE,0.000,32.470,0.000,28.100,,,QLD,Regional - QLD,590001,2026/07/20 12:46:32
2026/07/19,Australia Pacific LNG,544273,LNGEXPORT,1650.970,0.000,0.000,0.000,,,QLD,Curtis Island,540030,2026/07/20 12:00:25
2026/07/19,Australian Paper (Opal),535021,BBLARGE,10.857,0.000,0.000,0.000,,,VIC,Gippsland,590009,2026/07/20 11:00:12
2026/07/19,B1PL,540077,PIPE,0.032,41.366,0.000,41.439,,,QLD,Regional - QLD,590001,2026/07/20 11:01:01
2026/07/19,B2PL,540071,PIPE,0.000,55.208,3.006,59.763,,,QLD,Regional - QLD,590001,2026/07/20 12:30:04
2026/07/19,Bairnsdale Power Station,535020,BBGPG,0.000,0.000,0.000,0.000,,,VIC,Regional - VIC,590012,2026/07/20 11:01:00
2026/07/19,BCF,540047,COMPRESSOR,0.000,0.000,75.200,75.200,,,QLD,Regional - QLD,590001,2026/07/24 10:00:01
2026/07/19,Bell Bay CCGT,577016,BBGPG,29.610,0.000,0.000,0.000,,,TAS,Regional - TAS,590014,2026/07/21 12:01:00
2026/07/19,Bell Bay GGT,577014,BBGPG,0.000,0.000,0.000,0.000,,,TAS,Regional - TAS,590014,2026/07/21 12:01:00
2026/07/19,Bell Bay OCGT,577015,BBGPG,0.000,0.000,0.000,0.000,,,TAS,Regional - TAS,590014,2026/07/21 12:01:00
2026/07/19,Bellevue,540083,PROD,0.000,141.430,0.000,0.000,,,QLD,Regional - QLD,590001,2026/08/10 11:36:14
2026/07/19,BGP,580020,PIPE,0.253,0.000,0.000,0.000,,,NT,Regional - NT,590017,2026/07/20 12:46:32
2026/07/19,BlueScope,523204,BBLARGE,11.530,0.000,0.000,0.000,,,NSW,Sydney,520008,2026/07/20 12:01:24
2026/07/19,Bolivar,555008,BBGPG,0.000,0.000,0.000,0.000,,,SA,Regional - SA,590013,2026/07/20 12:06:30
2026/07/19,Bomaderry Gas Pipeline,523202,PIPE,21.240,0.000,20.812,0.000,,,NSW,Regional - NSW,590011,2026/07/20 13:00:30
2026/07/19,BPP,530030,PIPE,2.510,13.030,0.000,10.522,,,VIC,Gippsland,590009,2026/07/20 11:00:12
2026/07/19,Braemar 2 Power Station,544085,BBGPG,0.000,0.000,0.000,0.000,,,QLD,Regional - QLD,590001,2026/07/20 12:30:04
2026/07/19,Braemar Power Station,544252,BBGPG,0.032,0.000,0.000,0.000,,,QLD,Regional - QLD,590001,2026/07/20 11:01:01
2026/07/19,BWP,540096,PIPE,0.000,0.000,0.000,85.192,,,QLD,Wallumbilla Hub,540032,2026/07/20 12:46:32
2026/07/19,BWP,540096,PIPE,0.000,85.950,0.000,0.000,,,QLD,Regional - QLD,590001,2026/07/20 12:46:32
2026/07/19,CGP,540059,PIPE,0.000,0.000,75.161,0.000,,,QLD,Ballera,540078,2026/07/20 12:46:32
2026/07/19,CGP,540059,PIPE,64.379,0.000,0.000,14.966,,,QLD,Regional - QLD,590001,2026/07/20 12:46:32
2026/07/19,Channel Island Power Station,580231,BBGPG,18.376,0.000,0.000,0.000,,,NT,Darwin,580001,2026/07/20 12:46:32
2026/07/19,Colongra,523120,BBGPG,0.000,0.000,0.000,0.000,,,NSW,Regional - NSW,590011,2026/07/20 12:00:05
2026/07/19,ColongraGP,520090,PIPE,0.000,0.000,0.000,0.000,,,NSW,Sydney,520008,2026/07/20 12:00:05
2026/07/19,ColongraGP,520090,PIPE,0.000,0.000,0.000,0.000,,,NSW,Regional - NSW,590011,2026/07/20 12:00:05
2026/07/19,Combabula,540094,PROD,0.000,292.166,0.000,0.000,,,QLD,Regional - QLD,590001,2026/07/24 11:36:33
2026/07/19,Condabri Central,540080,PROD,0.000,144.421,0.000,0.000,,,QLD,Regional - QLD,590001,2026/07/24 11:36:33
2026/07/19,Condabri North,540090,PROD,0.000,163.556,0.000,0.000,,,QLD,Regional - QLD,590001,2026/07/24 11:36:33
2026/07/19,Condabri South,540086,PROD,0.000,156.131,0.000,0.000,,,QLD,Regional - QLD,590001,2026/07/24 11:36:33
2026/07/19,Condamine Power Station,544274,BBGPG,0.005,0.000,0.000,0.000,,,QLD,Regional - QLD,590001,2026/08/10 11:35:25
2026/07/19,CRWP,540098,PIPE,0.000,0.000,154.356,0.000,,,QLD,Wallumbilla Hub,540032,2026/07/20 10:28:05
2026/07/19,CRWP,540098,PIPE,0.000,234.668,41.278,431.314,,,QLD,Regional - QLD,590001,2026/07/20 10:28:05
2026/07/19,CWP,520054,PIPE,3.266,0.000,3.343,0.000,,,NSW,Regional - NSW,590011,2026/07/20 12:46:32
2026/07/19,Daandine,540050,PROD,0.000,55.208,0.000,0.000,,,QLD,Regional - QLD,590001,2026/07/20 12:30:04
2026/07/19,Dandenong LNG,530038,STOR,0.000,0.348,0.000,0.000,617.960,27.889,VIC,Melbourne,590008,2026/07/20 12:46:32
2026/07/19,DDP,540097,PIPE,0.000,0.000,0.000,206.958,,,QLD,Wallumbilla Hub,540032,2026/08/04 11:01:14
2026/07/19,DDP,540097,PIPE,0.004,572.380,131.807,499.089,,,QLD,Regional - QLD,590001,2026/08/04 11:01:14
2026/07/19,DDPS,544027,BBGPG,0.004,0.000,0.000,0.000,,,QLD,Regional - QLD,590001,2026/08/04 11:01:14
2026/07/19,Diamantina Power Station,544077,BBGPG,27.866,0.000,0.000,0.000,,,QLD,Regional - QLD,590001,2026/07/20 12:46:32
2026/07/19,Dry Creek Power Station,555026,BBGPG,0.000,0.000,0.000,0.000,,,SA,Regional - SA,590013,2026/07/20 11:31:05
2026/07/19,EGP,520047,PIPE,124.569,0.000,0.000,0.000,,,NSW,Sydney,520008,2026/07/20 12:01:24
2026/07/19,EGP,520047,PIPE,16.378,0.000,0.000,0.000,,,NSW,Canberra,520009,2026/07/20 12:01:24
2026/07/19,EGP,520047,PIPE,0.000,220.373,0.000,113.470,,,VIC,Longford Hub,530015,2026/07/20 12:01:24
2026/07/19,EGP,520047,PIPE,5.027,0.000,0.000,20.812,,,NSW,Regional - NSW,590011,2026/07/20 12:01:24
2026/07/19,EGP,520047,PIPE,1.173,74.236,0.000,0.000,,,VIC,Regional - VIC,590012,2026/07/20 12:01:24
2026/07/19,EO4PL,540055,PIPE,0.000,0.000,0.000,0.000,,,QLD,Regional - QLD,590001,2026/08/10 11:36:14
2026/07/19,Eurombah Creek,540089,PROD,0.000,143.709,0.000,0.000,,,QLD,Regional - QLD,590001,2026/07/24 11:36:33
2026/07/19,Fairview,540070,PROD,0.000,287.559,0.000,0.000,,,QLD,Regional - QLD,590001,2026/07/20 10:29:11
2026/07/19,GLNG (Curtis Island),544276,LNGEXPORT,796.246,0.000,0.000,0.000,,,QLD,Curtis Island,540030,2026/07/20 10:28:05
2026/07/19,GLNG Pipeline,540092,PIPE,796.246,0.000,0.000,0.000,,,QLD,Curtis Island,540030,2026/07/20 10:28:05
2026/07/19,GLNG Pipeline,540092,PIPE,0.000,417.942,431.314,25.775,,,QLD,Regional - QLD,590001,2026/08/10 11:36:14
2026/07/19,Hallett,555029,BBGPG,0.000,0.000,0.000,0.000,,,SA,Regional - SA,590013,2026/07/20 11:31:05
2026/07/19,Hunter Power Station,523210,BBGPG,0.000,0.000,0.000,0.000,,,NSW,Sydney,520008,2026/07/20 12:46:32
2026/07/19,ICF,530071,COMPRESSOR,0.000,0.000,1.540,1.540,,,VIC,Iona Hub,530016,2026/07/20 08:35:03
2026/07/19,Iona UGS,530042,STOR,1.540,193.265,0.000,0.000,17953.455,0.000,VIC,Iona Hub,530016,2026/07/20 08:30:03
2026/07/19,Jeerelang,533161,BBGPG,0.000,0.000,0.000,0.000,,,VIC,Gippsland,590009,2026/07/20 11:00:12
2026/07/19,Jordan,540088,PROD,0.000,325.747,0.000,0.000,,,QLD,Regional - QLD,590001,2026/08/10 11:36:14
2026/07/19,Katherine Power Station,580233,BBGPG,0.353,0.000,0.000,0.000,,,NT,Regional - NT,590017,2026/07/20 12:46:32
2026/07/19,Kenya,540075,PROD,0.000,129.235,0.000,0.000,,,QLD,Regional - QLD,590001,2026/08/10 11:36:14
2026/07/19,Kincora,544253,PROD,0.000,4.000,0.000,0.000,,,QLD,Regional - QLD,590001,2026/07/20 12:46:32
2026/07/19,KKLP,523209,PIPE,0.000,0.000,0.000,0.000,,,NSW,Sydney,520008,2026/07/20 12:46:32
2026/07/19,Kogan North,540061,PROD,0.000,4.173,0.000,0.000,,,QLD,Regional - QLD,590001,2026/07/20 12:46:32
2026/07/19,Ladbroke Grove PS,555086,BBGPG,1.612,0.000,0.000,0.000,,,SA,Regional - SA,590013,2026/07/20 12:46:32
2026/07/19,Lang Lang,530039,PROD,0.000,13.030,0.000,0.000,,,VIC,Gippsland,590009,2026/07/20 09:55:23
2026/07/19,Laverton,533201,BBGPG,0.001,0.000,0.000,0.000,,,VIC,Geelong,590005,2026/07/20 11:00:12
2026/07/19,Longford,530040,PROD,0.000,633.892,0.000,0.000,,,VIC,Longford Hub,530015,2026/07/20 08:21:09
2026/07/19,Loy Yang B,533163,BBGPG,0.000,0.000,0.000,0.000,,,VIC,Gippsland,590009,2026/07/20 11:01:04
2026/07/19,LYB Transmission Pipeline,535023,PIPE,0.000,0.000,0.000,0.000,,,VIC,Gippsland,590009,2026/07/20 11:01:04
2026/07/19,MAPS,550054,PIPE,36.731,0.000,0.000,0.000,,,SA,Adelaide,550016,2026/07/20 11:31:05
2026/07/19,MAPS,550054,PIPE,0.000,32.621,113.401,0.000,,,SA,Moomba Hub,550017,2026/07/20 11:31:05
2026/07/19,MAPS,550054,PIPE,82.355,0.000,0.000,0.000,,,SA,Regional - SA,590013,2026/07/20 11:31:05
2026/07/19,McArthur River Mine,580220,BBGPG,2.325,0.000,0.000,0.000,,,NT,Regional - NT,590017,2026/07/20 09:39:22
2026/07/19,MCF,550050,COMPRESSOR,0.000,0.000,0.000,0.000,,,SA,Moomba Hub,550017,2026/07/20 12:46:32
2026/07/19,Mereenie,580040,PROD,0.000,26.517,0.000,0.000,,,NT,Regional - NT,590017,2026/07/20 11:28:27
2026/07/19,Meridian,540064,PROD,0.000,45.241,0.000,0.000,,,QLD,Regional - QLD,590001,2026/07/20 09:39:16
2026/07/19,Mintaro Power Station,555031,BBGPG,0.000,0.000,0.000,0.000,,,SA,Regional - SA,590013,2026/07/20 11:31:05
2026/07/19,Moomba,550045,PROD,0.000,219.300,0.000,0.000,,,SA,Moomba Hub,550017,2026/07/24 10:00:01
2026/07/19,Moomba Storage,550046,STOR,0.000,5.000,0.000,0.000,6355.500,0.000,SA,Moomba Hub,550017,2026/07/24 10:00:01
2026/07/19,Mortlake PS,530063,BBGPG,0.000,0.000,0.000,0.000,,,VIC,Regional - VIC,590012,2026/07/20 07:20:00
2026/07/19,MPL,530061,PIPE,0.000,0.000,11.034,8.001,,,VIC,Iona Hub,530016,2026/07/20 07:20:00
2026/07/19,MPL,530061,PIPE,0.000,0.000,0.000,0.000,,,VIC,Regional - VIC,590012,2026/07/20 07:20:00
2026/07/19,MRP,580100,PIPE,2.325,0.000,2.325,0.000,,,NT,Regional - NT,590017,2026/07/20 09:39:22
2026/07/19,MSP,520053,PIPE,102.962,0.000,0.000,0.000,,,NSW,Sydney,520008,2026/07/20 12:46:32
2026/07/19,MSP,520053,PIPE,0.000,0.000,121.985,1.000,,,SA,Moomba Hub,550017,2026/07/20 12:46:32
2026/07/19,MSP,520053,PIPE,38.191,0.000,0.000,3.343,,,NSW,Regional - NSW,590011,2026/07/20 12:46:32
2026/07/19,MSP,520053,PIPE,15.194,0.000,0.000,0.000,,,NSW,Regional - ACT,590015,2026/07/20 12:46:32
2026/07/19,MSP,520053,PIPE,0.000,0.000,73.509,0.000,,,NSW,Culcairn,590016,2026/07/20 12:46:32
2026/07/19,Newport,533171,BBGPG,0.003,0.000,0.000,0.000,,,VIC,Melbourne,590008,2026/07/20 11:00:12
2026/07/19,NGP,580050,PIPE,0.000,0.000,14.966,0.000,,,QLD,Regional - QLD,590001,2026/07/20 12:01:31
2026/07/19,NGP,580050,PIPE,0.000,0.000,24.153,37.465,,,NT,Regional - NT,590017,2026/07/20 12:01:31
2026/07/19,NGS,520060,STOR,0.190,0.764,0.000,0.000,871.067,76.793,NSW,Sydney,520008,2026/07/20 06:57:00
2026/07/19,Oakey PS,544095,BBGPG,0.000,0.000,0.000,0.000,,,QLD,Regional - QLD,590001,2026/07/20 12:46:32
2026/07/19,Orana,540084,PROD,0.000,164.877,0.000,0.000,,,QLD,Regional - QLD,590001,2026/07/24 11:36:33
2026/07/19,Orbost,530041,PROD,0.000,74.236,0.000,0.000,,,VIC,Regional - VIC,590012,2026/07/20 12:01:24
2026/07/19,Orica,544011,BBLARGE,9.868,0.000,0.000,0.000,,,QLD,Regional - QLD,590001,2026/07/20 12:01:26
2026/07/19,Orica (Kooragang Island),523206,BBLARGE,38.385,0.000,0.000,0.000,,,NSW,Sydney,520008,2026/07/20 13:00:00
2026/07/19,Osborne,555033,BBGPG,12.775,0.000,0.000,0.000,,,SA,Regional - SA,590013,2026/07/20 11:31:05
2026/07/19,Otway,530044,PROD,0.000,97.630,0.000,0.000,,,VIC,Iona Hub,530016,2026/07/20 12:48:59
2026/07/19,Owen Springs Power Station,580235,BBGPG,1.036,0.000,0.000,0.000,,,NT,Regional - NT,590017,2026/07/20 06:41:03
2026/07/19,Palm Valley,580060,PROD,0.000,5.798,0.000,0.000,,,NT,Regional - NT,590017,2026/07/20 11:28:27
2026/07/19,PCA,550052,PIPE,0.000,15.132,57.464,1.450,,,VIC,Iona Hub,530016,2026/08/04 12:20:03
2026/07/19,PCA,550052,PIPE,16.325,0.000,0.000,0.000,,,SA,Adelaide,550016,2026/08/04 12:20:03
2026/07/19,PCA,550052,PIPE,0.000,0.000,0.000,9.515,,,VIC,Regional - VIC,590012,2026/08/04 12:20:03
2026/07/19,PCA,550052,PIPE,0.318,0.000,0.000,0.000,,,SA,Regional - SA,590013,2026/08/04 12:20:03
2026/07/19,PCI,530060,PIPE,0.000,109.246,9.451,119.008,,,VIC,Iona Hub,530016,2026/07/20 07:20:02
2026/07/19,Peat,540065,PROD,0.000,11.544,0.000,0.000,,,QLD,Regional - QLD,590001,2026/07/24 11:36:33
2026/07/19,Pelican Point Power Station,555089,BBGPG,15.500,0.000,0.000,0.000,,,SA,Regional - SA,590013,2026/08/04 12:20:03
2026/07/19,Phosphate Hill,544081,BBLARGE,26.568,0.000,0.000,0.000,,,QLD,Regional - QLD,590001,2026/07/20 12:46:32
2026/07/19,Pipeline Compression Station,544279,COMPRESSOR,0.000,0.000,0.000,0.000,,,QLD,Regional - QLD,590001,2026/07/20 10:28:05
2026/07/19,PVP,580070,PIPE,1.544,0.000,1.656,0.000,,,NT,Regional - NT,590017,2026/07/20 06:41:03
2026/07/19,QCLNG LNG Plant,544272,LNGEXPORT,1389.304,0.000,0.000,0.000,,,QLD,Curtis Island,540030,2026/08/10 11:36:14
2026/07/19,QGP,540058,PIPE,0.000,0.000,25.837,0.000,,,QLD,Wallumbilla Hub,540032,2026/07/20 12:01:26
2026/07/19,QGP,540058,PIPE,124.845,25.486,76.875,0.000,,,QLD,Regional - QLD,590001,2026/07/20 12:01:26
2026/07/19,Quarantine Power Station,555087,BBGPG,0.000,0.000,0.000,0.000,,,SA,Regional - SA,590013,2026/07/20 11:31:05
2026/07/19,Queensland Aluminia,544012,BBLARGE,30.355,0.000,0.000,0.000,,,QLD,Regional - QLD,590001,2026/07/20 12:01:26
2026/07/19,RBP,540057,PIPE,0.000,0.000,0.000,13.640,,,QLD,Wallumbilla Hub,540032,2026/07/20 12:46:32
2026/07/19,RBP,540057,PIPE,2.607,19.717,48.239,3.006,,,QLD,Regional - QLD,590001,2026/07/20 12:46:32
2026/07/19,RBP,540057,PIPE,46.420,0.000,0.000,0.000,,,QLD,Brisbane,590002,2026/07/20 12:46:32
2026/07/19,RCWP,540102,PIPE,0.000,0.000,0.000,56.335,,,QLD,Wallumbilla Hub,540032,2026/07/20 12:46:32
2026/07/19,RCWP,540102,PIPE,0.000,0.000,56.171,0.000,,,QLD,Regional - QLD,590001,2026/07/20 12:46:32
2026/07/19,Reedy Creek,540085,PROD,0.000,199.022,0.000,0.000,,,QLD,Regional - QLD,590001,2026/07/24 11:36:33
2026/07/19,RMNGPF,640011,PROD,0.000,17.080,0.000,0.000,,,QLD,Regional - QLD,590001,2026/07/20 08:47:38
2026/07/19,RNMGP,640012,PIPE,0.000,17.080,0.000,17.080,,,QLD,Regional - QLD,590001,2026/07/20 08:47:38
2026/07/19,RNP,640009,PIPE,0.000,24.198,0.000,24.198,,,QLD,Regional - QLD,590001,2026/07/20 12:01:27
2026/07/19,Rolleston,540073,PROD,0.000,9.135,0.000,0.000,,,QLD,Regional - QLD,590001,2026/07/20 12:01:26
2026/07/19,Roma,540095,PROD,0.000,234.668,0.000,0.000,,,QLD,Regional - QLD,590001,2026/07/20 10:29:16
2026/07/19,Roma North,544260,PROD,0.000,24.198,0.000,0.000,,,QLD,Regional - QLD,590001,2026/07/20 12:01:32
2026/07/19,Roma Power Station,540120,BBGPG,0.000,0.000,0.000,0.000,,,QLD,Regional - QLD,590001,2026/07/20 12:21:57
2026/07/19,Ron Goodin Power Station,580234,BBGPG,0.000,0.000,0.000,0.000,,,NT,Regional - NT,590017,2026/07/20 06:41:03
2026/07/19,RPL,540110,PIPE,0.059,0.000,0.000,0.000,,,QLD,Regional - QLD,590001,2026/07/20 12:21:57
2026/07/19,Ruby Jo,540082,PROD,0.000,426.635,0.000,0.000,,,QLD,Regional - QLD,590001,2026/08/10 11:36:14
2026/07/19,RUGS,540040,STOR,0.000,2.920,0.000,0.000,15224.854,0.000,QLD,Regional - QLD,590001,2026/07/20 10:29:16
2026/07/19,Scotia,540072,PROD,0.000,102.258,0.000,0.000,,,QLD,Regional - QLD,590001,2026/07/20 10:29:16
2026/07/19,SEPS,550061,PIPE,7.683,0.000,7.689,0.000,,,SA,Regional - SA,590013,2026/07/20 11:32:05
2026/07/19,SESA,550060,PIPE,0.000,0.000,9.517,0.000,,,VIC,Regional - VIC,590012,2026/07/20 12:46:32
2026/07/19,SESA,550060,PIPE,1.612,0.000,0.000,7.687,,,SA,Regional - SA,590013,2026/07/20 12:46:32
2026/07/19,Shoalhaven Starches Cogeneration Plant,523203,BBLARGE,20.812,0.000,0.000,0.000,,,NSW,Regional - NSW,590011,2026/07/20 13:00:30
2026/07/19,Smithfield Energy Facility,522004,BBGPG,0.000,0.000,0.000,0.000,,,NSW,Regional - NSW,590011,2026/07/20 12:06:36
2026/07/19,Snapper Point,555090,BBGPG,0.000,0.000,0.000,0.000,,,SA,Regional - SA,590013,2026/07/20 11:31:05
2026/07/19,Somerton,533174,BBGPG,0.001,0.000,0.000,0.000,,,VIC,Melbourne,590008,2026/07/20 11:00:12
2026/07/19,Spring Gully,540066,PROD,0.000,48.446,0.000,0.000,,,QLD,Regional - QLD,590001,2026/07/24 11:36:33
2026/07/19,SSP,540103,PIPE,0.000,6.330,0.000,6.330,,,QLD,Regional - QLD,590001,2026/07/20 11:31:34
2026/07/19,SSSF,540062,STOR,0.000,6.300,0.000,0.000,8775.942,0.000,QLD,Regional - QLD,590001,2026/07/20 11:31:34
2026/07/19,Strathblane,540067,PROD,0.000,52.050,0.000,0.000,,,QLD,Regional - QLD,590001,2026/07/24 11:36:33
2026/07/19,Swanbank Power Station,544104,BBGPG,0.000,0.000,0.000,0.000,,,QLD,Brisbane,590002,2026/07/20 12:46:32
2026/07/19,SWQP,540060,PIPE,0.000,0.000,362.125,180.193,,,QLD,Wallumbilla Hub,540032,2026/07/20 12:46:32
2026/07/19,SWQP,540060,PIPE,0.000,0.000,0.000,79.481,,,QLD,Ballera,540078,2026/07/20 12:46:32
2026/07/19,SWQP,540060,PIPE,0.000,186.724,0.000,234.386,,,SA,Moomba Hub,550017,2026/07/20 12:46:32
2026/07/19,SWQP,540060,PIPE,0.114,0.000,0.000,0.000,,,QLD,Regional - QLD,590001,2026/07/20 12:46:32
2026/07/19,Talinga,540076,PROD,0.000,85.654,0.000,0.000,,,QLD,Regional - QLD,590001,2026/07/24 11:36:33
2026/07/19,Tallawarra,522002,BBGPG,0.000,0.000,0.000,0.000,,,NSW,Regional - NSW,590011,2026/07/20 12:55:01
2026/07/19,Tallawarra Pipeline,523201,PIPE,0.000,0.000,0.000,0.000,,,NSW,Regional - NSW,590011,2026/07/20 12:55:01
2026/07/19,Taloona,540068,PROD,0.000,41.862,0.000,0.000,,,QLD,Regional - QLD,590001,2026/07/24 11:36:33
2026/07/19,Tanami GP,580210,PIPE,7.597,0.000,6.499,0.000,,,NT,Regional - NT,590017,2026/07/20 12:02:00
2026/07/19,TGP,570050,PIPE,0.000,0.000,93.738,47.000,,,VIC,Longford Hub,530015,2026/07/21 12:01:00
2026/07/19,TGP,570050,PIPE,45.724,0.000,0.000,0.000,,,TAS,Regional - TAS,590014,2026/07/21 12:01:00
2026/07/19,Tipton,540051,PROD,0.000,41.367,0.000,0.000,,,QLD,Regional - QLD,590001,2026/07/20 12:30:04
2026/07/19,Torrens Island PS,555041,BBGPG,31.802,0.000,0.000,0.000,,,SA,Regional - SA,590013,2026/07/20 11:31:05
2026/07/19,Uranquinty Power Station,522047,BBGPG,0.000,0.000,0.000,0.000,,,NSW,Regional - NSW,590011,2026/07/20 12:46:32
2026/07/19,Valley Power GPG,535024,BBGPG,0.000,0.000,0.000,0.000,,,VIC,Gippsland,590009,2026/07/20 11:01:04
2026/07/19,VicHub,532005,PIPE,0.000,0.000,19.734,19.734,,,VIC,Longford Hub,530015,2026/07/20 12:01:34
2026/07/19,Viva Energy Refinery,535018,BBLARGE,7.848,0.000,0.000,0.000,,,VIC,Geelong,590005,2026/07/20 07:30:12
2026/07/19,VTS,530110,PIPE,0.000,411.587,66.751,0.000,,,VIC,Longford Hub,530015,2026/07/20 11:00:12
2026/07/19,VTS,530110,PIPE,0.000,187.386,50.515,0.000,,,VIC,Iona Hub,530016,2026/07/20 11:00:12
2026/07/19,VTS,530110,PIPE,11.782,0.000,0.000,0.000,,,VIC,Western,590004,2026/07/20 11:00:12
2026/07/19,VTS,530110,PIPE,68.649,0.000,0.000,0.000,,,VIC,Geelong,590005,2026/07/20 11:00:12
2026/07/19,VTS,530110,PIPE,46.004,0.000,0.000,0.000,,,VIC,Ballarat,590006,2026/07/20 11:00:12
2026/07/19,VTS,530110,PIPE,67.586,0.000,0.000,0.000,,,VIC,Northern,590007,2026/07/20 11:00:12
2026/07/19,VTS,530110,PIPE,396.440,0.268,0.000,0.000,,,VIC,Melbourne,590008,2026/07/20 11:00:12
2026/07/19,VTS,530110,PIPE,45.372,0.000,10.522,0.078,,,VIC,Gippsland,590009,2026/07/20 11:00:12
2026/07/19,VTS,530110,PIPE,0.000,0.000,0.000,73.507,,,NSW,Culcairn,590016,2026/07/20 11:00:12
2026/07/19,Wallumbilla Compression Station,544280,COMPRESSOR,0.000,0.000,0.000,0.000,,,QLD,Wallumbilla Hub,540032,2026/07/20 10:28:05
2026/07/19,WCFA,540045,COMPRESSOR,0.000,0.000,223.987,223.987,,,QLD,Wallumbilla Hub,540032,2026/07/20 12:46:32
2026/07/19,WCFB,540046,COMPRESSOR,0.000,0.000,127.337,127.337,,,QLD,Wallumbilla Hub,540032,2026/07/20 12:46:32
2026/07/19,Weddell Power Station,580232,BBGPG,7.005,0.000,0.000,0.000,,,NT,Darwin,580001,2026/07/20 12:46:32
2026/07/19,WGP,540091,PIPE,1389.304,0.000,0.000,0.000,,,QLD,Curtis Island,540030,2026/08/10 11:36:14
2026/07/19,WGP,540091,PIPE,0.000,1331.881,59.763,0.000,,,QLD,Regional - QLD,590001,2026/08/10 11:36:14
2026/07/19,Whyalla Steelworks,555085,BBLARGE,4.972,0.000,0.000,0.000,,,SA,Regional - SA,590013,2026/07/20 11:31:05
2026/07/19,Windibri,540069,PROD,0.000,100.197,0.000,0.000,,,QLD,Regional - QLD,590001,2026/08/10 11:36:14
2026/07/19,Woleebee Creek,540087,PROD,0.000,626.602,0.000,0.000,,,QLD,Regional - QLD,590001,2026/08/10 11:36:14
2026/07/19,WPP,580030,PIPE,7.005,3.375,3.622,0.000,,,NT,Darwin,580001,2026/07/20 12:46:32
2026/07/19,Yarwun,544282,BBGPG,68.506,0.000,0.000,0.000,,,QLD,Regional - QLD,590001,2026/07/20 12:01:26
2026/07/19,Yelcherr,580180,PROD,0.000,0.000,0.000,0.000,,,NT,Regional - NT,590017,2026/07/20 12:46:32
2026/07/19,Yellowbank,540074,PROD,0.000,12.101,0.000,0.000,,,QLD,Regional - QLD,590001,2026/07/20 12:01:26
2026/07/20,Adelaide Brighton,555091,BBLARGE,9.345,0.000,0.000,0.000,,,SA,Adelaide,550016,2026/08/10 13:00:00
2026/07/20,AGP,580010,PIPE,19.289,0.000,0.000,4.607,,,NT,Darwin,580001,2026/07/21 12:46:32
2026/07/20,AGP,580010,PIPE,8.994,32.240,44.378,43.536,,,NT,Regional - NT,590017,2026/07/21 12:46:32
2026/07/20,APLNG Pipeline,540093,PIPE,1677.447,0.000,0.000,0.000,,,QLD,Curtis Island,540030,2026/07/25 11:30:08
2026/07/20,APLNG Pipeline,540093,PIPE,0.000,1350.379,534.937,174.477,,,QLD,Regional - QLD,590001,2026/07/25 11:30:08
2026/07/20,Arcadia,540101,PROD,0.000,91.293,0.000,0.000,,,QLD,Regional - QLD,590001,2026/07/22 18:44:19
2026/07/20,ATGP,640013,PIPE,0.000,42.636,0.000,42.636,,,QLD,Regional - QLD,590001,2026/07/21 12:01:11
2026/07/20,ATHENA,535014,PROD,0.000,17.499,0.000,0.000,,,VIC,Iona Hub,530016,2026/07/25 10:25:07
2026/07/20,Atlas,544261,PROD,0.000,42.636,0.000,0.000,,,QLD,Regional - QLD,590001,2026/07/21 12:01:16
2026/07/20,Atlas East Central Processing Facility,640008,PROD,0.000,32.600,0.000,0.000,,,QLD,Regional - QLD,590001,2026/07/21 11:50:32
2026/07/20,Atlas to Reedy Creek Pipeline,640007,PIPE,0.000,32.594,0.000,32.798,,,QLD,Regional - QLD,590001,2026/07/21 12:46:32
2026/07/20,Australia Pacific LNG,544273,LNGEXPORT,1677.447,0.000,0.000,0.000,,,QLD,Curtis Island,540030,2026/07/21 12:00:25
2026/07/20,Australian Paper (Opal),535021,BBLARGE,11.259,0.000,0.000,0.000,,,VIC,Gippsland,590009,2026/07/23 11:00:02
2026/07/20,B1PL,540077,PIPE,0.034,39.026,0.000,39.011,,,QLD,Regional - QLD,590001,2026/07/21 11:00:55
2026/07/20,B2PL,540071,PIPE,0.000,55.245,4.999,54.728,,,QLD,Regional - QLD,590001,2026/07/21 12:30:09
2026/07/20,Bairnsdale Power Station,535020,BBGPG,0.000,0.000,0.000,0.000,,,VIC,Regional - VIC,590012,2026/07/21 11:00:52
2026/07/20,BCF,540047,COMPRESSOR,0.000,0.000,83.500,83.500,,,QLD,Regional - QLD,590001,2026/07/25 21:08:01
2026/07/20,Bell Bay CCGT,577016,BBGPG,30.627,0.000,0.000,0.000,,,TAS,Regional - TAS,590014,2026/07/22 12:01:00
2026/07/20,Bell Bay GGT,577014,BBGPG,0.000,0.000,0.000,0.000,,,TAS,Regional - TAS,590014,2026/07/22 12:01:00
2026/07/20,Bell Bay OCGT,577015,BBGPG,0.000,0.000,0.000,0.000,,,TAS,Regional - TAS,590014,2026/07/22 12:01:00
2026/07/20,Bellevue,540083,PROD,0.000,147.475,0.000,0.000,,,QLD,Regional - QLD,590001,2026/08/10 11:36:14
2026/07/20,BGP,580020,PIPE,0.264,0.000,0.000,0.000,,,NT,Regional - NT,590017,2026/07/21 12:46:32
2026/07/20,BlueScope,523204,BBLARGE,13.578,0.000,0.000,0.000,,,NSW,Sydney,520008,2026/07/21 12:01:05
2026/07/20,Bolivar,555008,BBGPG,0.000,0.000,0.000,0.000,,,SA,Regional - SA,590013,2026/07/21 12:05:13
2026/07/20,Bomaderry Gas Pipeline,523202,PIPE,21.240,0.000,20.984,0.000,,,NSW,Regional - NSW,590011,2026/07/21 13:10:45
2026/07/20,BPP,530030,PIPE,2.880,12.290,0.000,9.414,,,VIC,Gippsland,590009,2026/07/23 11:00:02
2026/07/20,Braemar 2 Power Station,544085,BBGPG,0.000,0.000,0.000,0.000,,,QLD,Regional - QLD,590001,2026/07/21 12:30:09
2026/07/20,Braemar Power Station,544252,BBGPG,0.034,0.000,0.000,0.000,,,QLD,Regional - QLD,590001,2026/07/21 11:00:55
2026/07/20,BWP,540096,PIPE,0.000,0.000,0.000,143.009,,,QLD,Wallumbilla Hub,540032,2026/07/21 12:46:32
2026/07/20,BWP,540096,PIPE,0.000,146.047,0.000,0.000,,,QLD,Regional - QLD,590001,2026/07/21 12:46:32
2026/07/20,CGP,540059,PIPE,0.000,0.000,83.499,0.000,,,QLD,Ballera,540078,2026/07/21 12:46:32
2026/07/20,CGP,540059,PIPE,66.540,0.000,0.000,14.998,,,QLD,Regional - QLD,590001,2026/07/21 12:46:32
2026/07/20,Channel Island Power Station,580231,BBGPG,19.289,0.000,0.000,0.000,,,NT,Darwin,580001,2026/07/21 12:46:32
2026/07/20,Colongra,523120,BBGPG,1.849,0.000,0.000,0.000,,,NSW,Regional - NSW,590011,2026/07/21 12:00:25
2026/07/20,ColongraGP,520090,PIPE,0.000,0.000,0.000,0.000,,,NSW,Sydney,520008,2026/07/21 12:00:25
2026/07/20,ColongraGP,520090,PIPE,1.849,0.000,0.000,0.000,,,NSW,Regional - NSW,590011,2026/07/21 12:00:25
2026/07/20,Combabula,540094,PROD,0.000,292.312,0.000,0.000,,,QLD,Regional - QLD,590001,2026/07/25 11:30:08
2026/07/20,Condabri Central,540080,PROD,0.000,143.716,0.000,0.000,,,QLD,Regional - QLD,590001,2026/07/25 11:30:08
2026/07/20,Condabri North,540090,PROD,0.000,163.987,0.000,0.000,,,QLD,Regional - QLD,590001,2026/07/25 11:30:08
2026/07/20,Condabri South,540086,PROD,0.000,156.387,0.000,0.000,,,QLD,Regional - QLD,590001,2026/07/25 11:30:08
2026/07/20,Condamine Power Station,544274,BBGPG,0.000,0.000,0.000,0.000,,,QLD,Regional - QLD,590001,2026/08/10 11:35:25
2026/07/20,CRWP,540098,PIPE,0.000,0.000,183.452,0.000,,,QLD,Wallumbilla Hub,540032,2026/07/22 18:28:06
2026/07/20,CRWP,540098,PIPE,0.000,238.654,40.907,461.697,,,QLD,Regional - QLD,590001,2026/07/22 18:28:06
2026/07/20,CWP,520054,PIPE,4.217,0.000,3.552,0.000,,,NSW,Regional - NSW,590011,2026/07/21 12:46:32
2026/07/20,Daandine,540050,PROD,0.000,55.245,0.000,0.000,,,QLD,Regional - QLD,590001,2026/07/21 12:30:09
2026/07/20,Dandenong LNG,530038,STOR,0.000,0.329,0.000,0.000,617.785,27.889,VIC,Melbourne,590008,2026/07/21 12:46:32
2026/07/20,DDP,540097,PIPE,0.000,0.000,0.000,196.032,,,QLD,Wallumbilla Hub,540032,2026/08/04 11:01:16
2026/07/20,DDP,540097,PIPE,16.911,586.903,130.342,509.788,,,QLD,Regional - QLD,590001,2026/08/04 11:01:16
2026/07/20,DDPS,544027,BBGPG,16.911,0.000,0.000,0.000,,,QLD,Regional - QLD,590001,2026/08/04 11:01:16
2026/07/20,Diamantina Power Station,544077,BBGPG,29.668,0.000,0.000,0.000,,,QLD,Regional - QLD,590001,2026/07/21 12:46:32
2026/07/20,Dry Creek Power Station,555026,BBGPG,0.000,0.000,0.000,0.000,,,SA,Regional - SA,590013,2026/07/21 11:31:05
2026/07/20,EGP,520047,PIPE,104.628,0.000,0.000,0.000,,,NSW,Sydney,520008,2026/07/21 12:01:05
2026/07/20,EGP,520047,PIPE,16.526,0.000,0.000,0.000,,,NSW,Canberra,520009,2026/07/21 12:01:05
2026/07/20,EGP,520047,PIPE,0.000,204.187,0.000,112.722,,,VIC,Longford Hub,530015,2026/07/21 12:01:05
2026/07/20,EGP,520047,PIPE,19.921,0.000,0.000,20.984,,,NSW,Regional - NSW,590011,2026/07/21 12:01:05
2026/07/20,EGP,520047,PIPE,1.337,74.369,0.000,0.000,,,VIC,Regional - VIC,590012,2026/07/21 12:01:05
2026/07/20,EO4PL,540055,PIPE,0.000,0.000,0.000,0.000,,,QLD,Regional - QLD,590001,2026/08/10 11:36:14
2026/07/20,Eurombah Creek,540089,PROD,0.000,142.252,0.000,0.000,,,QLD,Regional - QLD,590001,2026/07/25 11:30:08
2026/07/20,Fairview,540070,PROD,0.000,286.150,0.000,0.000,,,QLD,Regional - QLD,590001,2026/07/22 18:44:19
2026/07/20,GLNG (Curtis Island),544276,LNGEXPORT,819.300,0.000,0.000,0.000,,,QLD,Curtis Island,540030,2026/07/22 18:28:06
2026/07/20,GLNG Pipeline,540092,PIPE,819.300,0.000,0.000,0.000,,,QLD,Curtis Island,540030,2026/07/22 18:28:06
2026/07/20,GLNG Pipeline,540092,PIPE,0.000,418.186,461.697,25.148,,,QLD,Regional - QLD,590001,2026/08/10 11:36:14
2026/07/20,Hallett,555029,BBGPG,0.000,0.000,0.000,0.000,,,SA,Regional - SA,590013,2026/07/21 11:31:05
2026/07/20,Hunter Power Station,523210,BBGPG,0.000,0.000,0.000,0.000,,,NSW,Sydney,520008,2026/07/21 12:46:32
2026/07/20,ICF,530071,COMPRESSOR,0.000,0.000,0.019,0.019,,,VIC,Iona Hub,530016,2026/07/21 08:35:03
2026/07/20,Iona UGS,530042,STOR,0.019,231.105,0.000,0.000,17718.416,0.000,VIC,Iona Hub,530016,2026/07/21 08:30:03
2026/07/20,Jeerelang,533161,BBGPG,0.000,0.000,0.000,0.000,,,VIC,Gippsland,590009,2026/07/23 11:00:02
2026/07/20,Jordan,540088,PROD,0.000,308.973,0.000,0.000,,,QLD,Regional - QLD,590001,2026/08/10 11:36:14
2026/07/20,Katherine Power Station,580233,BBGPG,0.000,0.000,0.000,0.000,,,NT,Regional - NT,590017,2026/07/21 12:46:32
2026/07/20,Kenya,540075,PROD,0.000,127.278,0.000,0.000,,,QLD,Regional - QLD,590001,2026/08/10 11:36:14
2026/07/20,Kincora,544253,PROD,0.000,4.000,0.000,0.000,,,QLD,Regional - QLD,590001,2026/07/21 12:46:32
2026/07/20,KKLP,523209,PIPE,0.000,0.000,0.000,0.000,,,NSW,Sydney,520008,2026/07/21 12:46:32
2026/07/20,Kogan North,540061,PROD,0.000,4.174,0.000,0.000,,,QLD,Regional - QLD,590001,2026/07/21 12:46:32
2026/07/20,Ladbroke Grove PS,555086,BBGPG,12.355,0.000,0.000,0.000,,,SA,Regional - SA,590013,2026/07/21 12:46:32
2026/07/20,Lang Lang,530039,PROD,0.000,12.290,0.000,0.000,,,VIC,Gippsland,590009,2026/07/21 14:42:56
2026/07/20,Laverton,533201,BBGPG,0.000,0.000,0.000,0.000,,,VIC,Geelong,590005,2026/07/23 11:00:02
2026/07/20,Longford,530040,PROD,0.000,631.964,0.000,0.000,,,VIC,Longford Hub,530015,2026/07/21 08:50:48
2026/07/20,Loy Yang B,533163,BBGPG,0.000,0.000,0.000,0.000,,,VIC,Gippsland,590009,2026/07/21 11:00:54
2026/07/20,LYB Transmission Pipeline,535023,PIPE,0.000,0.000,0.046,0.000,,,VIC,Gippsland,590009,2026/07/21 11:00:54
2026/07/20,MAPS,550054,PIPE,47.403,0.000,0.000,0.000,,,SA,Adelaide,550016,2026/07/21 11:31:05
2026/07/20,MAPS,550054,PIPE,0.000,29.330,143.334,0.000,,,SA,Moomba Hub,550017,2026/07/21 11:31:05
2026/07/20,MAPS,550054,PIPE,119.787,0.000,0.000,0.000,,,SA,Regional - SA,590013,2026/07/21 11:31:05
2026/07/20,McArthur River Mine,580220,BBGPG,2.456,0.000,0.000,0.000,,,NT,Regional - NT,590017,2026/07/21 08:36:36
2026/07/20,MCF,550050,COMPRESSOR,0.000,0.000,0.000,0.000,,,SA,Moomba Hub,550017,2026/07/21 12:46:32
2026/07/20,Mereenie,580040,PROD,0.000,26.454,0.000,0.000,,,NT,Regional - NT,590017,2026/07/21 11:59:37
2026/07/20,Meridian,540064,PROD,0.000,44.993,0.000,0.000,,,QLD,Regional - QLD,590001,2026/07/21 09:38:57
2026/07/20,Mintaro Power Station,555031,BBGPG,0.000,0.000,0.000,0.000,,,SA,Regional - SA,590013,2026/07/21 11:31:05
2026/07/20,Moomba,550045,PROD,0.000,227.700,0.000,0.000,,,SA,Moomba Hub,550017,2026/07/25 21:08:01
2026/07/20,Moomba Storage,550046,STOR,0.000,5.900,0.000,0.000,6349.600,0.000,SA,Moomba Hub,550017,2026/07/25 21:08:01
2026/07/20,Mortlake PS,530063,BBGPG,35.123,0.000,0.000,0.000,,,VIC,Regional - VIC,590012,2026/07/21 07:20:00
2026/07/20,MPL,530061,PIPE,0.000,0.000,38.132,0.000,,,VIC,Iona Hub,530016,2026/07/21 07:20:00
2026/07/20,MPL,530061,PIPE,35.123,0.000,0.000,0.000,,,VIC,Regional - VIC,590012,2026/07/21 07:20:00
2026/07/20,MRP,580100,PIPE,2.456,0.000,2.456,0.000,,,NT,Regional - NT,590017,2026/07/21 08:36:36
2026/07/20,MSP,520053,PIPE,135.610,0.000,0.000,0.000,,,NSW,Sydney,520008,2026/07/21 12:46:32
2026/07/20,MSP,520053,PIPE,0.000,0.000,151.497,1.500,,,SA,Moomba Hub,550017,2026/07/21 12:46:32
2026/07/20,MSP,520053,PIPE,42.445,0.000,0.000,3.552,,,NSW,Regional - NSW,590011,2026/07/21 12:46:32
2026/07/20,MSP,520053,PIPE,21.962,0.000,0.000,0.000,,,NSW,Regional - ACT,590015,2026/07/21 12:46:32
2026/07/20,MSP,520053,PIPE,0.000,0.000,30.667,0.000,,,NSW,Culcairn,590016,2026/07/21 12:46:32
2026/07/20,Newport,533171,BBGPG,0.003,0.000,0.000,0.000,,,VIC,Melbourne,590008,2026/07/23 11:00:02
2026/07/20,NGP,580050,PIPE,0.000,0.000,14.998,0.000,,,QLD,Regional - QLD,590001,2026/07/21 12:01:13
2026/07/20,NGP,580050,PIPE,0.000,0.000,31.065,44.379,,,NT,Regional - NT,590017,2026/07/21 12:01:13
2026/07/20,NGS,520060,STOR,0.150,20.730,0.000,0.000,849.506,76.793,NSW,Sydney,520008,2026/07/21 07:08:45
2026/07/20,Oakey PS,544095,BBGPG,0.000,0.000,0.000,0.000,,,QLD,Regional - QLD,590001,2026/07/21 12:46:32
2026/07/20,Orana,540084,PROD,0.000,164.456,0.000,0.000,,,QLD,Regional - QLD,590001,2026/07/25 11:30:08
2026/07/20,Orbost,530041,PROD,0.000,74.369,0.000,0.000,,,VIC,Regional - VIC,590012,2026/07/21 12:01:05
2026/07/20,Orica,544011,BBLARGE,10.229,0.000,0.000,0.000,,,QLD,Regional - QLD,590001,2026/07/21 12:01:07
2026/07/20,Orica (Kooragang Island),523206,BBLARGE,39.206,0.000,0.000,0.000,,,NSW,Sydney,520008,2026/07/21 13:00:00
2026/07/20,Osborne,555033,BBGPG,11.052,0.000,0.000,0.000,,,SA,Regional - SA,590013,2026/07/21 11:31:05
2026/07/20,Otway,530044,PROD,0.000,97.640,0.000,0.000,,,VIC,Iona Hub,530016,2026/07/21 10:36:47
2026/07/20,Owen Springs Power Station,580235,BBGPG,1.403,0.000,0.000,0.000,,,NT,Regional - NT,590017,2026/07/21 06:41:31
2026/07/20,Palm Valley,580060,PROD,0.000,5.786,0.000,0.000,,,NT,Regional - NT,590017,2026/07/21 11:59:37
2026/07/20,PCA,550052,PIPE,0.000,16.033,70.911,0.000,,,VIC,Iona Hub,530016,2026/08/04 12:20:04
2026/07/20,PCA,550052,PIPE,16.829,0.000,0.000,0.000,,,SA,Adelaide,550016,2026/08/04 12:20:04
2026/07/20,PCA,550052,PIPE,0.000,0.000,0.000,19.793,,,VIC,Regional - VIC,590012,2026/08/04 12:20:04
2026/07/20,PCA,550052,PIPE,29.651,0.000,0.000,0.000,,,SA,Regional - SA,590013,2026/08/04 12:20:04
2026/07/20,PCI,530060,PIPE,0.000,109.122,0.000,109.122,,,VIC,Iona Hub,530016,2026/07/21 07:20:01
2026/07/20,Peat,540065,PROD,0.000,7.381,0.000,0.000,,,QLD,Regional - QLD,590001,2026/07/25 11:30:08
2026/07/20,Pelican Point Power Station,555089,BBGPG,41.042,0.000,0.000,0.000,,,SA,Regional - SA,590013,2026/08/04 12:20:04
2026/07/20,Phosphate Hill,544081,BBLARGE,26.092,0.000,0.000,0.000,,,QLD,Regional - QLD,590001,2026/07/21 12:46:32
2026/07/20,Pipeline Compression Station,544279,COMPRESSOR,0.000,0.000,0.000,0.000,,,QLD,Regional - QLD,590001,2026/07/22 18:28:06
2026/07/20,PVP,580070,PIPE,1.934,0.000,2.015,0.000,,,NT,Regional - NT,590017,2026/07/21 06:41:31
2026/07/20,QCLNG LNG Plant,544272,LNGEXPORT,1245.496,0.000,0.000,0.000,,,QLD,Curtis Island,540030,2026/08/10 11:36:14
2026/07/20,QGP,540058,PIPE,0.000,0.000,22.788,0.000,,,QLD,Wallumbilla Hub,540032,2026/07/21 12:01:07
2026/07/20,QGP,540058,PIPE,119.175,24.910,69.381,0.000,,,QLD,Regional - QLD,590001,2026/07/21 12:01:07
2026/07/20,Quarantine Power Station,555087,BBGPG,18.968,0.000,0.000,0.000,,,SA,Regional - SA,590013,2026/07/21 11:31:05
2026/07/20,Queensland Aluminia,544012,BBLARGE,31.905,0.000,0.000,0.000,,,QLD,Regional - QLD,590001,2026/07/21 12:01:07
2026/07/20,RBP,540057,PIPE,0.000,0.000,0.646,10.800,,,QLD,Wallumbilla Hub,540032,2026/07/21 12:46:32
2026/07/20,RBP,540057,PIPE,4.367,27.562,45.811,4.999,,,QLD,Regional - QLD,590001,2026/07/21 12:46:32
2026/07/20,RBP,540057,PIPE,57.491,0.000,0.000,0.000,,,QLD,Brisbane,590002,2026/07/21 12:46:32
2026/07/20,RCWP,540102,PIPE,0.000,0.000,0.000,49.758,,,QLD,Wallumbilla Hub,540032,2026/07/21 12:46:32
2026/07/20,RCWP,540102,PIPE,0.000,0.000,49.674,0.000,,,QLD,Regional - QLD,590001,2026/07/21 12:46:32
2026/07/20,Reedy Creek,540085,PROD,0.000,198.578,0.000,0.000,,,QLD,Regional - QLD,590001,2026/07/25 11:30:08
2026/07/20,RMNGPF,640011,PROD,0.000,16.530,0.000,0.000,,,QLD,Regional - QLD,590001,2026/07/21 11:50:55
2026/07/20,RNMGP,640012,PIPE,0.000,16.530,0.000,16.530,,,QLD,Regional - QLD,590001,2026/07/21 11:50:55
2026/07/20,RNP,640009,PIPE,0.000,24.377,0.000,24.377,,,QLD,Regional - QLD,590001,2026/07/21 12:01:09
2026/07/20,Rolleston,540073,PROD,0.000,8.732,0.000,0.000,,,QLD,Regional - QLD,590001,2026/07/21 12:01:07
2026/07/20,Roma,540095,PROD,0.000,238.654,0.000,0.000,,,QLD,Regional - QLD,590001,2026/07/22 18:44:34
2026/07/20,Roma North,544260,PROD,0.000,24.377,0.000,0.000,,,QLD,Regional - QLD,590001,2026/07/21 12:01:14
2026/07/20,Roma Power Station,540120,BBGPG,0.000,0.000,0.000,0.000,,,QLD,Regional - QLD,590001,2026/07/21 12:06:58
2026/07/20,Ron Goodin Power Station,580234,BBGPG,0.000,0.000,0.000,0.000,,,NT,Regional - NT,590017,2026/07/21 06:41:31
2026/07/20,RPL,540110,PIPE,0.061,0.000,0.000,0.000,,,QLD,Regional - QLD,590001,2026/07/21 12:06:58
2026/07/20,Ruby Jo,540082,PROD,0.000,426.152,0.000,0.000,,,QLD,Regional - QLD,590001,2026/08/10 11:36:14
2026/07/20,RUGS,540040,STOR,0.000,5.344,0.000,0.000,15219.502,0.000,QLD,Regional - QLD,590001,2026/07/22 18:44:34
2026/07/20,Scotia,540072,PROD,0.000,101.006,0.000,0.000,,,QLD,Regional - QLD,590001,2026/07/22 18:44:34
2026/07/20,SEPS,550061,PIPE,7.354,0.000,7.359,0.000,,,SA,Regional - SA,590013,2026/07/21 11:32:05
2026/07/20,SESA,550060,PIPE,0.000,0.000,19.792,0.000,,,VIC,Regional - VIC,590012,2026/07/21 12:46:32
2026/07/20,SESA,550060,PIPE,12.355,0.000,0.000,7.355,,,SA,Regional - SA,590013,2026/07/21 12:46:32
2026/07/20,Shoalhaven Starches Cogeneration Plant,523203,BBLARGE,20.812,0.000,0.000,0.000,,,NSW,Regional - NSW,590011,2026/07/21 13:10:45
2026/07/20,Smithfield Energy Facility,522004,BBGPG,0.000,0.000,0.000,0.000,,,NSW,Regional - NSW,590011,2026/07/21 12:05:28
2026/07/20,Snapper Point,555090,BBGPG,0.000,0.000,0.000,0.000,,,SA,Regional - SA,590013,2026/07/21 11:31:05
2026/07/20,Somerton,533174,BBGPG,0.001,0.000,0.000,0.000,,,VIC,Melbourne,590008,2026/07/23 11:00:02
2026/07/20,Spring Gully,540066,PROD,0.000,51.513,0.000,0.000,,,QLD,Regional - QLD,590001,2026/07/25 11:30:08
2026/07/20,SSP,540103,PIPE,0.000,5.820,0.000,5.820,,,QLD,Regional - QLD,590001,2026/07/21 08:36:53
2026/07/20,SSSF,540062,STOR,0.000,6.300,0.000,0.000,8750.122,0.000,QLD,Regional - QLD,590001,2026/07/21 08:36:53
2026/07/20,Strathblane,540067,PROD,0.000,51.479,0.000,0.000,,,QLD,Regional - QLD,590001,2026/07/25 11:30:08
2026/07/20,Swanbank Power Station,544104,BBGPG,0.000,0.000,0.000,0.000,,,QLD,Brisbane,590002,2026/07/21 12:46:32
2026/07/20,SWQP,540060,PIPE,0.000,0.000,398.953,206.240,,,QLD,Wallumbilla Hub,540032,2026/07/21 12:46:32
2026/07/20,SWQP,540060,PIPE,0.000,0.000,0.000,88.107,,,QLD,Ballera,540078,2026/07/21 12:46:32
2026/07/20,SWQP,540060,PIPE,0.000,201.369,0.000,293.331,,,SA,Moomba Hub,550017,2026/07/21 12:46:32
2026/07/20,SWQP,540060,PIPE,0.114,0.000,0.000,0.000,,,QLD,Regional - QLD,590001,2026/07/21 12:46:32
2026/07/20,Talinga,540076,PROD,0.000,85.923,0.000,0.000,,,QLD,Regional - QLD,590001,2026/07/25 11:30:08
2026/07/20,Tallawarra,522002,BBGPG,14.223,0.000,0.000,0.000,,,NSW,Regional - NSW,590011,2026/07/21 11:00:10
2026/07/20,Tallawarra Pipeline,523201,PIPE,14.223,0.000,14.223,0.000,,,NSW,Regional - NSW,590011,2026/07/21 11:00:10
2026/07/20,Taloona,540068,PROD,0.000,41.289,0.000,0.000,,,QLD,Regional - QLD,590001,2026/07/25 11:30:08
2026/07/20,Tanami GP,580210,PIPE,7.691,0.000,8.000,0.000,,,NT,Regional - NT,590017,2026/07/21 12:02:00
2026/07/20,TGP,570050,PIPE,0.000,0.000,54.182,3.762,,,VIC,Longford Hub,530015,2026/07/22 12:01:00
2026/07/20,TGP,570050,PIPE,47.537,0.000,0.000,0.000,,,TAS,Regional - TAS,590014,2026/07/22 12:01:00
2026/07/20,Tipton,540051,PROD,0.000,39.026,0.000,0.000,,,QLD,Regional - QLD,590001,2026/07/21 12:30:09
2026/07/20,Torrens Island PS,555041,BBGPG,54.888,0.000,0.000,0.000,,,SA,Regional - SA,590013,2026/07/21 11:31:05
2026/07/20,Uranquinty Power Station,522047,BBGPG,0.000,0.000,0.000,0.000,,,NSW,Regional - NSW,590011,2026/07/21 12:46:32
2026/07/20,Valley Power GPG,535024,BBGPG,0.000,0.000,0.000,0.000,,,VIC,Gippsland,590009,2026/07/21 11:00:54
2026/07/20,VicHub,532005,PIPE,0.000,0.000,58.566,58.566,,,VIC,Longford Hub,530015,2026/07/21 12:01:17
2026/07/20,Viva Energy Refinery,535018,BBLARGE,8.529,0.000,0.000,0.000,,,VIC,Geelong,590005,2026/07/21 07:30:13
2026/07/20,VTS,530110,PIPE,0.000,425.927,62.344,0.000,,,VIC,Longford Hub,530015,2026/07/23 11:00:02
2026/07/20,VTS,530110,PIPE,0.000,221.677,0.078,0.000,,,VIC,Iona Hub,530016,2026/07/23 11:00:02
2026/07/20,VTS,530110,PIPE,13.906,0.000,0.000,0.000,,,VIC,Western,590004,2026/07/23 11:00:02
2026/07/20,VTS,530110,PIPE,74.588,0.000,0.000,0.000,,,VIC,Geelong,590005,2026/07/23 11:00:02
2026/07/20,VTS,530110,PIPE,49.777,0.000,0.000,0.000,,,VIC,Ballarat,590006,2026/07/23 11:00:02
2026/07/20,VTS,530110,PIPE,78.615,0.000,0.000,0.000,,,VIC,Northern,590007,2026/07/23 11:00:02
2026/07/20,VTS,530110,PIPE,419.808,0.235,0.000,0.000,,,VIC,Melbourne,590008,2026/07/23 11:00:02
2026/07/20,VTS,530110,PIPE,49.354,0.000,9.414,0.046,,,VIC,Gippsland,590009,2026/07/23 11:00:02
2026/07/20,VTS,530110,PIPE,0.000,0.000,0.000,30.668,,,NSW,Culcairn,590016,2026/07/23 11:00:02
2026/07/20,Wallumbilla Compression Station,544280,COMPRESSOR,0.000,0.000,0.000,0.000,,,QLD,Wallumbilla Hub,540032,2026/07/22 18:28:06
2026/07/20,WCFA,540045,COMPRESSOR,0.000,0.000,251.720,251.720,,,QLD,Wallumbilla Hub,540032,2026/07/21 12:46:32
2026/07/20,WCFB,540046,COMPRESSOR,0.000,0.000,136.433,136.433,,,QLD,Wallumbilla Hub,540032,2026/07/21 12:46:32
2026/07/20,Weddell Power Station,580232,BBGPG,7.991,0.000,0.000,0.000,,,NT,Darwin,580001,2026/07/21 12:46:32
2026/07/20,WGP,540091,PIPE,1245.496,0.000,0.000,0.000,,,QLD,Curtis Island,540030,2026/08/10 11:36:14
2026/07/20,WGP,540091,PIPE,0.000,1239.330,54.728,0.000,,,QLD,Regional - QLD,590001,2026/08/10 11:36:14
2026/07/20,Whyalla Steelworks,555085,BBLARGE,3.609,0.000,0.000,0.000,,,SA,Regional - SA,590013,2026/07/21 11:31:05
2026/07/20,Windibri,540069,PROD,0.000,107.746,0.000,0.000,,,QLD,Regional - QLD,590001,2026/08/10 11:36:14
2026/07/20,Woleebee Creek,540087,PROD,0.000,626.704,0.000,0.000,,,QLD,Regional - QLD,590001,2026/08/10 11:36:14
2026/07/20,WPP,580030,PIPE,7.991,3.382,4.607,0.000,,,NT,Darwin,580001,2026/07/21 12:46:32
2026/07/20,Yarwun,544282,BBGPG,60.619,0.000,0.000,0.000,,,QLD,Regional - QLD,590001,2026/07/21 12:01:07
2026/07/20,Yelcherr,580180,PROD,0.000,0.000,0.000,0.000,,,NT,Regional - NT,590017,2026/07/21 12:46:32
2026/07/20,Yellowbank,540074,PROD,0.000,11.928,0.000,0.000,,,QLD,Regional - QLD,590001,2026/07/21 12:01:07
2026/07/21,Adelaide Brighton,555091,BBLARGE,9.904,0.000,0.000,0.000,,,SA,Adelaide,550016,2026/08/10 13:00:00
2026/07/21,AGP,580010,PIPE,18.493,0.000,0.000,6.105,,,NT,Darwin,580001,2026/07/22 12:46:32
2026/07/21,AGP,580010,PIPE,8.886,32.172,42.584,40.411,,,NT,Regional - NT,590017,2026/07/22 12:46:32
2026/07/21,APLNG Pipeline,540093,PIPE,1687.159,0.000,0.000,0.000,,,QLD,Curtis Island,540030,2026/07/26 11:30:11
2026/07/21,APLNG Pipeline,540093,PIPE,0.000,1293.492,534.364,182.869,,,QLD,Regional - QLD,590001,2026/07/26 11:30:11
2026/07/21,Arcadia,540101,PROD,0.000,91.975,0.000,0.000,,,QLD,Regional - QLD,590001,2026/07/23 11:13:16
2026/07/21,ATGP,640013,PIPE,0.000,42.740,0.000,42.740,,,QLD,Regional - QLD,590001,2026/07/22 12:01:11
2026/07/21,ATHENA,535014,PROD,0.000,17.487,0.000,0.000,,,VIC,Iona Hub,530016,2026/07/26 11:00:42
2026/07/21,Atlas,544261,PROD,0.000,42.740,0.000,0.000,,,QLD,Regional - QLD,590001,2026/07/22 12:01:17
2026/07/21,Atlas East Central Processing Facility,640008,PROD,0.000,31.750,0.000,0.000,,,QLD,Regional - QLD,590001,2026/07/22 09:15:57
2026/07/21,Atlas to Reedy Creek Pipeline,640007,PIPE,0.000,32.429,0.000,32.800,,,QLD,Regional - QLD,590001,2026/07/22 12:46:32
2026/07/21,Australia Pacific LNG,544273,LNGEXPORT,1687.158,0.000,0.000,0.000,,,QLD,Curtis Island,540030,2026/07/22 12:00:25
2026/07/21,Australian Paper (Opal),535021,BBLARGE,10.673,0.000,0.000,0.000,,,VIC,Gippsland,590009,2026/07/23 11:00:02
2026/07/21,B1PL,540077,PIPE,0.036,41.525,0.000,37.418,,,QLD,Regional - QLD,590001,2026/07/22 11:00:53
2026/07/21,B2PL,540071,PIPE,0.000,55.179,2.092,54.747,,,QLD,Regional - QLD,590001,2026/07/22 12:30:07
2026/07/21,Bairnsdale Power Station,535020,BBGPG,0.000,0.000,0.000,0.000,,,VIC,Regional - VIC,590012,2026/07/22 11:00:52
2026/07/21,BCF,540047,COMPRESSOR,0.000,0.000,96.500,96.500,,,QLD,Regional - QLD,590001,2026/07/26 20:55:24
2026/07/21,Bell Bay CCGT,577016,BBGPG,35.998,0.000,0.000,0.000,,,TAS,Regional - TAS,590014,2026/07/23 12:01:00
2026/07/21,Bell Bay GGT,577014,BBGPG,0.000,0.000,0.000,0.000,,,TAS,Regional - TAS,590014,2026/07/23 12:01:00
2026/07/21,Bell Bay OCGT,577015,BBGPG,0.000,0.000,0.000,0.000,,,TAS,Regional - TAS,590014,2026/07/23 12:01:00
2026/07/21,Bellevue,540083,PROD,0.000,163.736,0.000,0.000,,,QLD,Regional - QLD,590001,2026/08/10 11:36:14
2026/07/21,BGP,580020,PIPE,0.278,0.000,0.000,0.000,,,NT,Regional - NT,590017,2026/07/22 12:46:32
2026/07/21,BlueScope,523204,BBLARGE,13.420,0.000,0.000,0.000,,,NSW,Sydney,520008,2026/07/22 12:01:05
2026/07/21,Bolivar,555008,BBGPG,0.000,0.000,0.000,0.000,,,SA,Regional - SA,590013,2026/07/22 12:04:07
2026/07/21,Bomaderry Gas Pipeline,523202,PIPE,20.355,0.000,20.355,0.000,,,NSW,Regional - NSW,590011,2026/07/22 12:53:27
2026/07/21,BPP,530030,PIPE,2.880,12.570,0.000,9.688,,,VIC,Gippsland,590009,2026/07/23 11:00:02
2026/07/21,Braemar 2 Power Station,544085,BBGPG,0.000,0.000,0.000,0.000,,,QLD,Regional - QLD,590001,2026/07/22 12:30:07
2026/07/21,Braemar Power Station,544252,BBGPG,0.036,0.000,0.000,0.000,,,QLD,Regional - QLD,590001,2026/07/22 11:00:53
2026/07/21,BWP,540096,PIPE,0.000,0.000,0.000,143.009,,,QLD,Wallumbilla Hub,540032,2026/07/22 12:46:32
2026/07/21,BWP,540096,PIPE,0.000,143.648,0.000,0.000,,,QLD,Regional - QLD,590001,2026/07/22 12:46:32
2026/07/21,CGP,540059,PIPE,0.000,0.000,96.529,0.000,,,QLD,Ballera,540078,2026/07/22 12:46:32
2026/07/21,CGP,540059,PIPE,62.673,0.000,0.000,17.702,,,QLD,Regional - QLD,590001,2026/07/22 12:46:32
2026/07/21,Channel Island Power Station,580231,BBGPG,18.493,0.000,0.000,0.000,,,NT,Darwin,580001,2026/07/22 12:46:32
2026/07/21,Colongra,523120,BBGPG,1.833,0.000,0.000,0.000,,,NSW,Regional - NSW,590011,2026/07/22 12:00:05
2026/07/21,ColongraGP,520090,PIPE,-2.519,0.000,0.000,0.000,,,NSW,Sydney,520008,2026/07/22 12:00:05
2026/07/21,ColongraGP,520090,PIPE,1.833,0.000,0.000,0.000,,,NSW,Regional - NSW,590011,2026/07/22 12:00:05
2026/07/21,Combabula,540094,PROD,0.000,303.617,0.000,0.000,,,QLD,Regional - QLD,590001,2026/07/26 11:30:11
2026/07/21,Condabri Central,540080,PROD,0.000,143.711,0.000,0.000,,,QLD,Regional - QLD,590001,2026/07/26 11:30:11
2026/07/21,Condabri North,540090,PROD,0.000,163.144,0.000,0.000,,,QLD,Regional - QLD,590001,2026/07/26 11:30:11
2026/07/21,Condabri South,540086,PROD,0.000,156.542,0.000,0.000,,,QLD,Regional - QLD,590001,2026/07/26 11:30:11
2026/07/21,Condamine Power Station,544274,BBGPG,0.000,0.000,0.000,0.000,,,QLD,Regional - QLD,590001,2026/08/10 11:35:25
2026/07/21,CRWP,540098,PIPE,0.000,0.000,184.923,0.000,,,QLD,Wallumbilla Hub,540032,2026/07/23 10:58:30
2026/07/21,CRWP,540098,PIPE,0.000,238.600,41.145,458.550,,,QLD,Regional - QLD,590001,2026/07/23 10:58:30
2026/07/21,CWP,520054,PIPE,4.863,0.000,4.767,0.000,,,NSW,Regional - NSW,590011,2026/07/22 12:46:32
2026/07/21,Daandine,540050,PROD,0.000,55.179,0.000,0.000,,,QLD,Regional - QLD,590001,2026/07/22 12:30:07
2026/07/21,Dandenong LNG,530038,STOR,0.000,0.308,0.000,0.000,617.430,27.889,VIC,Melbourne,590008,2026/07/22 12:46:32
2026/07/21,DDP,540097,PIPE,0.000,0.000,0.000,195.415,,,QLD,Wallumbilla Hub,540032,2026/08/04 11:01:17
2026/07/21,DDP,540097,PIPE,15.742,579.199,132.436,504.124,,,QLD,Regional - QLD,590001,2026/08/04 11:01:17
2026/07/21,DDPS,544027,BBGPG,15.742,0.000,0.000,0.000,,,QLD,Regional - QLD,590001,2026/08/04 11:01:17
2026/07/21,Diamantina Power Station,544077,BBGPG,27.462,0.000,0.000,0.000,,,QLD,Regional - QLD,590001,2026/07/22 12:46:32
2026/07/21,Dry Creek Power Station,555026,BBGPG,0.000,0.000,0.000,0.000,,,SA,Regional - SA,590013,2026/07/27 17:27:05
2026/07/21,EGP,520047,PIPE,128.004,0.000,0.000,0.000,,,NSW,Sydney,520008,2026/07/22 12:01:05
2026/07/21,EGP,520047,PIPE,16.510,0.000,0.000,0.000,,,NSW,Canberra,520009,2026/07/22 12:01:05
2026/07/21,EGP,520047,PIPE,0.000,202.360,0.000,100.110,,,VIC,Longford Hub,530015,2026/07/22 12:01:05
2026/07/21,EGP,520047,PIPE,5.811,0.000,0.000,20.355,,,NSW,Regional - NSW,590011,2026/07/22 12:01:05
2026/07/21,EGP,520047,PIPE,1.327,74.367,0.000,0.000,,,VIC,Regional - VIC,590012,2026/07/22 12:01:05
2026/07/21,EO4PL,540055,PIPE,0.000,0.000,0.000,0.000,,,QLD,Regional - QLD,590001,2026/08/10 11:36:14
2026/07/21,Eurombah Creek,540089,PROD,0.000,148.481,0.000,0.000,,,QLD,Regional - QLD,590001,2026/07/26 11:30:11
2026/07/21,Fairview,540070,PROD,0.000,285.939,0.000,0.000,,,QLD,Regional - QLD,590001,2026/07/23 11:13:16
2026/07/21,GLNG (Curtis Island),544276,LNGEXPORT,822.983,0.000,0.000,0.000,,,QLD,Curtis Island,540030,2026/07/23 10:58:30
2026/07/21,GLNG Pipeline,540092,PIPE,822.983,0.000,0.000,0.000,,,QLD,Curtis Island,540030,2026/07/23 10:58:30
2026/07/21,GLNG Pipeline,540092,PIPE,0.000,418.522,488.559,30.240,,,QLD,Regional - QLD,590001,2026/08/10 11:36:14
2026/07/21,Hallett,555029,BBGPG,0.000,0.000,0.000,0.000,,,SA,Regional - SA,590013,2026/07/27 17:27:05
2026/07/21,Hunter Power Station,523210,BBGPG,0.000,0.000,0.000,0.000,,,NSW,Sydney,520008,2026/07/22 12:46:32
2026/07/21,ICF,530071,COMPRESSOR,0.000,0.000,0.000,0.000,,,VIC,Iona Hub,530016,2026/07/22 08:35:03
2026/07/21,Iona UGS,530042,STOR,0.000,166.263,0.000,0.000,17549.558,0.000,VIC,Iona Hub,530016,2026/07/22 08:30:03
2026/07/21,Jeerelang,533161,BBGPG,0.000,0.000,0.000,0.000,,,VIC,Gippsland,590009,2026/07/23 11:00:02
2026/07/21,Jordan,540088,PROD,0.000,309.732,0.000,0.000,,,QLD,Regional - QLD,590001,2026/08/10 11:36:14
2026/07/21,Katherine Power Station,580233,BBGPG,0.000,0.000,0.000,0.000,,,NT,Regional - NT,590017,2026/07/22 12:46:32
2026/07/21,Kenya,540075,PROD,0.000,114.407,0.000,0.000,,,QLD,Regional - QLD,590001,2026/08/10 11:36:14
2026/07/21,Kincora,544253,PROD,0.000,4.000,0.000,0.000,,,QLD,Regional - QLD,590001,2026/07/22 12:46:32
2026/07/21,KKLP,523209,PIPE,0.000,0.000,0.000,0.000,,,NSW,Sydney,520008,2026/07/22 12:46:32
2026/07/21,Kogan North,540061,PROD,0.000,4.170,0.000,0.000,,,QLD,Regional - QLD,590001,2026/07/22 12:46:32
2026/07/21,Ladbroke Grove PS,555086,BBGPG,12.208,0.000,0.000,0.000,,,SA,Regional - SA,590013,2026/07/22 12:46:32
2026/07/21,Lang Lang,530039,PROD,0.000,12.570,0.000,0.000,,,VIC,Gippsland,590009,2026/07/22 10:46:34
2026/07/21,Laverton,533201,BBGPG,0.001,0.000,0.000,0.000,,,VIC,Geelong,590005,2026/07/23 11:00:02
2026/07/21,Longford,530040,PROD,0.000,646.000,0.000,0.000,,,VIC,Longford Hub,530015,2026/07/22 09:28:30
2026/07/21,Loy Yang B,533163,BBGPG,0.305,0.000,0.000,0.000,,,VIC,Gippsland,590009,2026/07/22 11:00:49
2026/07/21,LYB Transmission Pipeline,535023,PIPE,0.306,0.000,0.247,0.000,,,VIC,Gippsland,590009,2026/07/22 11:00:49
2026/07/21,MAPS,550054,PIPE,40.228,0.000,0.000,0.000,,,SA,Adelaide,550016,2026/07/27 17:27:05
2026/07/21,MAPS,550054,PIPE,0.000,32.004,138.788,0.000,,,SA,Moomba Hub,550017,2026/07/27 17:27:05
2026/07/21,MAPS,550054,PIPE,140.744,0.000,0.000,0.000,,,SA,Regional - SA,590013,2026/07/27 17:27:05
2026/07/21,McArthur River Mine,580220,BBGPG,3.339,0.000,0.000,0.000,,,NT,Regional - NT,590017,2026/07/22 09:06:18
2026/07/21,MCF,550050,COMPRESSOR,0.000,0.000,0.000,0.000,,,SA,Moomba Hub,550017,2026/07/22 12:46:32
2026/07/21,Mereenie,580040,PROD,0.000,26.395,0.000,0.000,,,NT,Regional - NT,590017,2026/07/22 12:21:56
2026/07/21,Meridian,540064,PROD,0.000,44.858,0.000,0.000,,,QLD,Regional - QLD,590001,2026/07/22 09:39:07
2026/07/21,Mintaro Power Station,555031,BBGPG,0.000,0.000,0.000,0.000,,,SA,Regional - SA,590013,2026/07/27 17:27:05
2026/07/21,Moomba,550045,PROD,0.000,226.900,0.000,0.000,,,SA,Moomba Hub,550017,2026/07/26 20:55:24
2026/07/21,Moomba Storage,550046,STOR,0.000,5.000,0.000,0.000,6344.600,0.000,SA,Moomba Hub,550017,2026/07/26 20:55:24
2026/07/21,Mortlake PS,530063,BBGPG,47.186,0.000,0.000,0.000,,,VIC,Regional - VIC,590012,2026/07/22 07:20:00
2026/07/21,MPL,530061,PIPE,0.000,0.000,34.809,0.000,,,VIC,Iona Hub,530016,2026/07/22 07:20:00
2026/07/21,MPL,530061,PIPE,47.186,0.000,0.000,0.000,,,VIC,Regional - VIC,590012,2026/07/22 07:20:00
2026/07/21,MRP,580100,PIPE,3.339,0.000,3.340,0.000,,,NT,Regional - NT,590017,2026/07/22 09:06:18
2026/07/21,MSP,520053,PIPE,103.740,0.000,0.000,0.000,,,NSW,Sydney,520008,2026/07/22 12:46:32
2026/07/21,MSP,520053,PIPE,0.000,0.000,175.998,1.000,,,SA,Moomba Hub,550017,2026/07/22 12:46:32
2026/07/21,MSP,520053,PIPE,42.855,0.000,0.000,4.767,,,NSW,Regional - NSW,590011,2026/07/22 12:46:32
2026/07/21,MSP,520053,PIPE,22.070,0.000,0.000,0.000,,,NSW,Regional - ACT,590015,2026/07/22 12:46:32
2026/07/21,MSP,520053,PIPE,0.000,0.000,11.056,0.000,,,NSW,Culcairn,590016,2026/07/22 12:46:32
2026/07/21,Newport,533171,BBGPG,0.003,0.000,0.000,0.000,,,VIC,Melbourne,590008,2026/07/23 11:00:02
2026/07/21,NGP,580050,PIPE,0.000,0.000,17.702,0.000,,,QLD,Regional - QLD,590001,2026/07/22 12:01:15
2026/07/21,NGP,580050,PIPE,0.000,0.000,26.682,42.584,,,NT,Regional - NT,590017,2026/07/22 12:01:15
2026/07/21,NGS,520060,STOR,0.150,30.566,0.000,0.000,817.706,76.758,NSW,Sydney,520008,2026/07/22 07:43:41
2026/07/21,Oakey PS,544095,BBGPG,0.000,0.000,0.000,0.000,,,QLD,Regional - QLD,590001,2026/07/22 12:46:32
2026/07/21,Orana,540084,PROD,0.000,165.777,0.000,0.000,,,QLD,Regional - QLD,590001,2026/07/26 11:30:11
2026/07/21,Orbost,530041,PROD,0.000,74.367,0.000,0.000,,,VIC,Regional - VIC,590012,2026/07/22 12:01:05
2026/07/21,Orica,544011,BBLARGE,9.497,0.000,0.000,0.000,,,QLD,Regional - QLD,590001,2026/07/23 18:00:30
2026/07/21,Orica (Kooragang Island),523206,BBLARGE,39.280,0.000,0.000,0.000,,,NSW,Sydney,520008,2026/07/22 13:00:00
2026/07/21,Osborne,555033,BBGPG,17.074,0.000,0.000,0.000,,,SA,Regional - SA,590013,2026/07/27 17:27:05
2026/07/21,Otway,530044,PROD,0.000,96.903,0.000,0.000,,,VIC,Iona Hub,530016,2026/07/22 13:58:08
2026/07/21,Owen Springs Power Station,580235,BBGPG,0.987,0.000,0.000,0.000,,,NT,Regional - NT,590017,2026/07/22 06:41:20
2026/07/21,Palm Valley,580060,PROD,0.000,5.777,0.000,0.000,,,NT,Regional - NT,590017,2026/07/22 12:21:56
2026/07/21,PCA,550052,PIPE,0.000,20.058,46.093,1.004,,,VIC,Iona Hub,530016,2026/08/04 12:20:05
2026/07/21,PCA,550052,PIPE,24.019,0.000,0.000,0.000,,,SA,Adelaide,550016,2026/08/04 12:20:05
2026/07/21,PCA,550052,PIPE,0.000,0.000,0.000,19.151,,,VIC,Regional - VIC,590012,2026/08/04 12:20:05
2026/07/21,PCA,550052,PIPE,17.236,0.000,0.000,0.000,,,SA,Regional - SA,590013,2026/08/04 12:20:05
2026/07/21,PCI,530060,PIPE,0.000,108.392,1.004,109.396,,,VIC,Iona Hub,530016,2026/08/04 12:20:07
2026/07/21,Peat,540065,PROD,0.000,6.800,0.000,0.000,,,QLD,Regional - QLD,590001,2026/07/26 11:30:11
2026/07/21,Pelican Point Power Station,555089,BBGPG,40.879,0.000,0.000,0.000,,,SA,Regional - SA,590013,2026/08/04 12:20:05
2026/07/21,Phosphate Hill,544081,BBLARGE,25.042,0.000,0.000,0.000,,,QLD,Regional - QLD,590001,2026/07/22 12:46:32
2026/07/21,Pipeline Compression Station,544279,COMPRESSOR,0.000,0.000,0.000,0.000,,,QLD,Regional - QLD,590001,2026/07/23 10:58:30
2026/07/21,PVP,580070,PIPE,1.493,0.000,1.648,0.000,,,NT,Regional - NT,590017,2026/07/22 06:41:20
2026/07/21,QCLNG LNG Plant,544272,LNGEXPORT,1118.156,0.000,0.000,0.000,,,QLD,Curtis Island,540030,2026/08/10 11:36:14
2026/07/21,QGP,540058,PIPE,0.000,0.000,34.786,0.000,,,QLD,Wallumbilla Hub,540032,2026/07/23 18:00:30
2026/07/21,QGP,540058,PIPE,128.302,25.135,74.585,0.000,,,QLD,Regional - QLD,590001,2026/07/23 18:00:30
2026/07/21,Quarantine Power Station,555087,BBGPG,17.263,0.000,0.000,0.000,,,SA,Regional - SA,590013,2026/07/27 17:27:05
2026/07/21,Queensland Aluminia,544012,BBLARGE,37.979,0.000,0.000,0.000,,,QLD,Regional - QLD,590001,2026/07/23 18:00:30
2026/07/21,RBP,540057,PIPE,0.000,0.000,3.646,36.799,,,QLD,Wallumbilla Hub,540032,2026/07/22 12:46:32
2026/07/21,RBP,540057,PIPE,4.328,59.973,44.218,2.092,,,QLD,Regional - QLD,590001,2026/07/22 12:46:32
2026/07/21,RBP,540057,PIPE,58.803,0.000,0.000,0.000,,,QLD,Brisbane,590002,2026/07/22 12:46:32
2026/07/21,RCWP,540102,PIPE,0.000,0.000,0.000,51.203,,,QLD,Wallumbilla Hub,540032,2026/07/22 12:46:32
2026/07/21,RCWP,540102,PIPE,0.000,0.000,51.094,0.000,,,QLD,Regional - QLD,590001,2026/07/22 12:46:32
2026/07/21,Reedy Creek,540085,PROD,0.000,122.756,0.000,0.000,,,QLD,Regional - QLD,590001,2026/07/26 11:30:11
2026/07/21,RMNGPF,640011,PROD,0.000,17.000,0.000,0.000,,,QLD,Regional - QLD,590001,2026/07/22 09:15:12
2026/07/21,RNMGP,640012,PIPE,0.000,17.000,0.000,17.000,,,QLD,Regional - QLD,590001,2026/07/22 09:15:12
2026/07/21,RNP,640009,PIPE,0.000,24.145,0.000,24.145,,,QLD,Regional - QLD,590001,2026/07/22 12:01:08
2026/07/21,Rolleston,540073,PROD,0.000,9.205,0.000,0.000,,,QLD,Regional - QLD,590001,2026/07/23 18:00:30
2026/07/21,Roma,540095,PROD,0.000,238.600,0.000,0.000,,,QLD,Regional - QLD,590001,2026/07/23 11:13:29
2026/07/21,Roma North,544260,PROD,0.000,24.145,0.000,0.000,,,QLD,Regional - QLD,590001,2026/07/22 12:01:16
2026/07/21,Roma Power Station,540120,BBGPG,0.000,0.000,0.000,0.000,,,QLD,Regional - QLD,590001,2026/07/22 12:13:57
2026/07/21,Ron Goodin Power Station,580234,BBGPG,0.000,0.000,0.000,0.000,,,NT,Regional - NT,590017,2026/07/22 06:41:20
2026/07/21,RPL,540110,PIPE,0.061,0.000,0.000,0.000,,,QLD,Regional - QLD,590001,2026/07/22 12:13:57
2026/07/21,Ruby Jo,540082,PROD,0.000,427.446,0.000,0.000,,,QLD,Regional - QLD,590001,2026/08/10 11:36:14
2026/07/21,RUGS,540040,STOR,0.000,5.887,0.000,0.000,15219.502,0.000,QLD,Regional - QLD,590001,2026/07/23 11:13:29
2026/07/21,Scotia,540072,PROD,0.000,98.740,0.000,0.000,,,QLD,Regional - QLD,590001,2026/07/23 11:13:29
2026/07/21,SESA,550060,PIPE,0.000,0.000,19.152,0.000,,,VIC,Regional - VIC,590012,2026/07/22 12:46:32
2026/07/21,SESA,550060,PIPE,12.208,0.000,0.000,6.481,,,SA,Regional - SA,590013,2026/07/22 12:46:32
2026/07/21,Shoalhaven Starches Cogeneration Plant,523203,BBLARGE,20.355,0.000,0.000,0.000,,,NSW,Regional - NSW,590011,2026/07/22 12:53:27
2026/07/21,Smithfield Energy Facility,522004,BBGPG,0.015,0.000,0.000,0.000,,,NSW,Regional - NSW,590011,2026/07/22 12:04:23
2026/07/21,Snapper Point,555090,BBGPG,0.014,0.000,0.000,0.000,,,SA,Regional - SA,590013,2026/07/27 17:27:05
2026/07/21,Somerton,533174,BBGPG,0.001,0.000,0.000,0.000,,,VIC,Melbourne,590008,2026/07/23 11:00:02
2026/07/21,Spring Gully,540066,PROD,0.000,54.344,0.000,0.000,,,QLD,Regional - QLD,590001,2026/07/26 11:30:11
2026/07/21,SSP,540103,PIPE,0.000,6.500,0.000,6.500,,,QLD,Regional - QLD,590001,2026/07/22 09:28:59
2026/07/21,SSSF,540062,STOR,0.000,6.300,0.000,0.000,8743.622,0.000,QLD,Regional - QLD,590001,2026/07/22 09:28:59
2026/07/21,Strathblane,540067,PROD,0.000,51.541,0.000,0.000,,,QLD,Regional - QLD,590001,2026/07/26 11:30:11
2026/07/21,Swanbank Power Station,544104,BBGPG,0.000,0.000,0.000,0.000,,,QLD,Brisbane,590002,2026/07/22 12:46:32
2026/07/21,SWQP,540060,PIPE,0.000,0.000,422.780,219.709,,,QLD,Wallumbilla Hub,540032,2026/07/22 12:46:32
2026/07/21,SWQP,540060,PIPE,0.000,0.000,0.000,101.642,,,QLD,Ballera,540078,2026/07/22 12:46:32
2026/07/21,SWQP,540060,PIPE,0.000,194.861,0.000,312.786,,,SA,Moomba Hub,550017,2026/07/22 12:46:32
2026/07/21,SWQP,540060,PIPE,0.102,0.000,0.000,0.000,,,QLD,Regional - QLD,590001,2026/07/22 12:46:32
2026/07/21,Talinga,540076,PROD,0.000,87.145,0.000,0.000,,,QLD,Regional - QLD,590001,2026/07/26 11:30:11
2026/07/21,Tallawarra,522002,BBGPG,0.000,0.000,0.000,0.000,,,NSW,Regional - NSW,590011,2026/07/22 11:00:11
2026/07/21,Tallawarra Pipeline,523201,PIPE,0.000,0.000,0.000,0.000,,,NSW,Regional - NSW,590011,2026/07/22 11:00:11
2026/07/21,Taloona,540068,PROD,0.000,41.516,0.000,0.000,,,QLD,Regional - QLD,590001,2026/07/26 11:30:11
2026/07/21,Tanami GP,580210,PIPE,7.932,0.000,8.740,0.000,,,NT,Regional - NT,590017,2026/07/22 12:02:00
2026/07/21,TGP,570050,PIPE,0.000,0.000,90.900,33.359,,,VIC,Longford Hub,530015,2026/07/23 12:01:00
2026/07/21,TGP,570050,PIPE,53.218,0.000,0.000,0.000,,,TAS,Regional - TAS,590014,2026/07/23 12:01:00
2026/07/21,Tipton,540051,PROD,0.000,41.525,0.000,0.000,,,QLD,Regional - QLD,590001,2026/07/22 12:30:07
2026/07/21,Torrens Island PS,555041,BBGPG,61.422,0.000,0.000,0.000,,,SA,Regional - SA,590013,2026/07/27 17:27:05
2026/07/21,Uranquinty Power Station,522047,BBGPG,0.000,0.000,0.000,0.000,,,NSW,Regional - NSW,590011,2026/07/22 12:46:32
2026/07/21,Valley Power GPG,535024,BBGPG,0.001,0.000,0.000,0.000,,,VIC,Gippsland,590009,2026/07/22 11:00:49
2026/07/21,VicHub,532005,PIPE,0.000,0.000,9.219,9.219,,,VIC,Longford Hub,530015,2026/07/22 12:01:18
2026/07/21,Viva Energy Refinery,535018,BBLARGE,8.040,0.000,0.000,0.000,,,VIC,Geelong,590005,2026/07/22 07:30:11
2026/07/21,VTS,530110,PIPE,0.000,441.936,42.589,0.001,,,VIC,Longford Hub,530015,2026/07/23 11:00:02
2026/07/21,VTS,530110,PIPE,0.000,152.406,28.499,0.000,,,VIC,Iona Hub,530016,2026/07/23 11:00:02
2026/07/21,VTS,530110,PIPE,13.879,0.000,0.000,0.000,,,VIC,Western,590004,2026/07/23 11:00:02
2026/07/21,VTS,530110,PIPE,71.208,0.000,0.000,0.000,,,VIC,Geelong,590005,2026/07/23 11:00:02
2026/07/21,VTS,530110,PIPE,49.035,0.000,0.000,0.000,,,VIC,Ballarat,590006,2026/07/23 11:00:02
2026/07/21,VTS,530110,PIPE,76.660,0.000,0.000,0.000,,,VIC,Northern,590007,2026/07/23 11:00:02
2026/07/21,VTS,530110,PIPE,405.253,0.216,0.000,0.000,,,VIC,Melbourne,590008,2026/07/23 11:00:02
2026/07/21,VTS,530110,PIPE,44.496,0.000,9.688,0.247,,,VIC,Gippsland,590009,2026/07/23 11:00:02
2026/07/21,VTS,530110,PIPE,0.000,0.000,0.000,11.056,,,NSW,Culcairn,590016,2026/07/23 11:00:02
2026/07/21,Wallumbilla Compression Station,544280,COMPRESSOR,0.000,0.000,0.000,0.000,,,QLD,Wallumbilla Hub,540032,2026/07/23 10:58:30
2026/07/21,WCFA,540045,COMPRESSOR,0.000,0.000,275.628,275.628,,,QLD,Wallumbilla Hub,540032,2026/07/22 12:46:32
2026/07/21,WCFB,540046,COMPRESSOR,0.000,0.000,136.352,136.352,,,QLD,Wallumbilla Hub,540032,2026/07/22 12:46:32
2026/07/21,Weddell Power Station,580232,BBGPG,9.456,0.000,0.000,0.000,,,NT,Darwin,580001,2026/07/22 12:46:32
2026/07/21,WGP,540091,PIPE,1118.156,0.000,0.000,0.000,,,QLD,Curtis Island,540030,2026/08/10 11:36:14
2026/07/21,WGP,540091,PIPE,0.000,1216.765,54.747,30.009,,,QLD,Regional - QLD,590001,2026/08/10 11:36:14
2026/07/21,Whyalla Steelworks,555085,BBLARGE,3.555,0.000,0.000,0.000,,,SA,Regional - SA,590013,2026/07/27 17:27:05
2026/07/21,Windibri,540069,PROD,0.000,101.002,0.000,0.000,,,QLD,Regional - QLD,590001,2026/08/10 11:36:14
2026/07/21,Woleebee Creek,540087,PROD,0.000,627.022,0.000,0.000,,,QLD,Regional - QLD,590001,2026/08/10 11:36:14
2026/07/21,WPP,580030,PIPE,9.456,3.375,6.105,0.000,,,NT,Darwin,580001,2026/07/22 12:46:32
2026/07/21,Yarwun,544282,BBGPG,63.059,0.000,0.000,0.000,,,QLD,Regional - QLD,590001,2026/07/23 18:00:30
2026/07/21,Yelcherr,580180,PROD,0.000,0.000,0.000,0.000,,,NT,Regional - NT,590017,2026/07/22 12:46:32
2026/07/21,Yellowbank,540074,PROD,0.000,11.681,0.000,0.000,,,QLD,Regional - QLD,590001,2026/07/23 18:00:30
2026/07/22,Adelaide Brighton,555091,BBLARGE,10.139,0.000,0.000,0.000,,,SA,Adelaide,550016,2026/08/10 13:00:00
2026/07/22,AGP,580010,PIPE,19.123,0.000,0.000,4.625,,,NT,Darwin,580001,2026/07/23 12:46:32
2026/07/22,AGP,580010,PIPE,8.841,30.418,31.503,31.562,,,NT,Regional - NT,590017,2026/07/23 12:46:32
2026/07/22,APLNG Pipeline,540093,PIPE,1582.698,0.000,0.000,0.000,,,QLD,Curtis Island,540030,2026/07/27 11:30:08
2026/07/22,APLNG Pipeline,540093,PIPE,0.000,1268.557,538.675,207.477,,,QLD,Regional - QLD,590001,2026/07/27 11:30:08
2026/07/22,Arcadia,540101,PROD,0.000,92.121,0.000,0.000,,,QLD,Regional - QLD,590001,2026/07/23 11:13:14
2026/07/22,ATGP,640013,PIPE,0.000,43.301,0.000,43.301,,,QLD,Regional - QLD,590001,2026/07/23 12:01:09
2026/07/22,ATHENA,535014,PROD,0.000,16.702,0.000,0.000,,,VIC,Iona Hub,530016,2026/07/27 11:02:44
2026/07/22,Atlas,544261,PROD,0.000,43.301,0.000,0.000,,,QLD,Regional - QLD,590001,2026/07/23 12:01:14
2026/07/22,Atlas East Central Processing Facility,640008,PROD,0.000,31.390,0.000,0.000,,,QLD,Regional - QLD,590001,2026/07/23 09:25:34
2026/07/22,Atlas to Reedy Creek Pipeline,640007,PIPE,0.000,31.387,0.000,30.098,,,QLD,Regional - QLD,590001,2026/07/23 12:46:32
2026/07/22,Australia Pacific LNG,544273,LNGEXPORT,1582.699,0.000,0.000,0.000,,,QLD,Curtis Island,540030,2026/07/23 12:00:25
2026/07/22,Australian Paper (Opal),535021,BBLARGE,11.184,0.000,0.000,0.000,,,VIC,Gippsland,590009,2026/07/23 11:00:02
2026/07/22,B1PL,540077,PIPE,0.039,41.841,0.000,41.310,,,QLD,Regional - QLD,590001,2026/07/23 11:00:59
2026/07/22,B2PL,540071,PIPE,0.000,55.349,0.000,59.748,,,QLD,Regional - QLD,590001,2026/07/23 11:02:45
2026/07/22,Bairnsdale Power Station,535020,BBGPG,0.000,0.000,0.000,0.000,,,VIC,Regional - VIC,590012,2026/07/23 11:01:00
2026/07/22,BCF,540047,COMPRESSOR,0.000,0.000,79.400,79.400,,,QLD,Regional - QLD,590001,2026/07/27 10:00:01
2026/07/22,Bell Bay CCGT,577016,BBGPG,33.060,0.000,0.000,0.000,,,TAS,Regional - TAS,590014,2026/07/24 12:01:00
2026/07/22,Bell Bay GGT,577014,BBGPG,0.000,0.000,0.000,0.000,,,TAS,Regional - TAS,590014,2026/07/24 12:01:00
2026/07/22,Bell Bay OCGT,577015,BBGPG,0.000,0.000,0.000,0.000,,,TAS,Regional - TAS,590014,2026/07/24 12:01:00
2026/07/22,Bellevue,540083,PROD,0.000,138.765,0.000,0.000,,,QLD,Regional - QLD,590001,2026/08/10 11:36:14
2026/07/22,BGP,580020,PIPE,0.277,0.000,0.000,0.000,,,NT,Regional - NT,590017,2026/07/23 12:46:32
2026/07/22,BlueScope,523204,BBLARGE,13.264,0.000,0.000,0.000,,,NSW,Sydney,520008,2026/07/23 12:01:05
2026/07/22,Bolivar,555008,BBGPG,0.000,0.000,0.000,0.000,,,SA,Regional - SA,590013,2026/07/23 12:04:24
2026/07/22,Bomaderry Gas Pipeline,523202,PIPE,19.572,0.000,19.572,0.000,,,NSW,Regional - NSW,590011,2026/07/23 14:31:27
2026/07/22,BPP,530030,PIPE,2.900,12.430,0.000,9.532,,,VIC,Gippsland,590009,2026/07/23 11:00:02
2026/07/22,Braemar 2 Power Station,544085,BBGPG,0.000,0.000,0.000,0.000,,,QLD,Regional - QLD,590001,2026/07/23 11:02:45
2026/07/22,Braemar Power Station,544252,BBGPG,0.039,0.000,0.000,0.000,,,QLD,Regional - QLD,590001,2026/07/23 11:00:59
2026/07/22,BWP,540096,PIPE,0.000,0.000,0.000,86.881,,,QLD,Wallumbilla Hub,540032,2026/07/23 12:46:32
2026/07/22,BWP,540096,PIPE,0.000,82.649,0.000,0.000,,,QLD,Regional - QLD,590001,2026/07/23 12:46:32
2026/07/22,CGP,540059,PIPE,0.000,0.000,79.420,0.000,,,QLD,Ballera,540078,2026/07/23 12:46:32
2026/07/22,CGP,540059,PIPE,69.146,0.000,0.000,17.494,,,QLD,Regional - QLD,590001,2026/07/23 12:46:32
2026/07/22,Channel Island Power Station,580231,BBGPG,19.123,0.000,0.000,0.000,,,NT,Darwin,580001,2026/07/23 12:46:32
2026/07/22,Colongra,523120,BBGPG,1.861,0.000,0.000,0.000,,,NSW,Regional - NSW,590011,2026/07/23 12:00:05
2026/07/22,ColongraGP,520090,PIPE,0.000,0.000,0.000,0.000,,,NSW,Sydney,520008,2026/07/23 12:00:05
2026/07/22,ColongraGP,520090,PIPE,1.861,0.000,0.000,0.000,,,NSW,Regional - NSW,590011,2026/07/23 12:00:05
2026/07/22,Combabula,540094,PROD,0.000,313.087,0.000,0.000,,,QLD,Regional - QLD,590001,2026/07/27 11:30:08
2026/07/22,Condabri Central,540080,PROD,0.000,143.504,0.000,0.000,,,QLD,Regional - QLD,590001,2026/07/27 11:30:08
2026/07/22,Condabri North,540090,PROD,0.000,163.536,0.000,0.000,,,QLD,Regional - QLD,590001,2026/07/27 11:30:08
2026/07/22,Condabri South,540086,PROD,0.000,156.825,0.000,0.000,,,QLD,Regional - QLD,590001,2026/07/27 11:30:08
2026/07/22,Condamine Power Station,544274,BBGPG,0.006,0.000,0.000,0.000,,,QLD,Regional - QLD,590001,2026/08/10 11:35:25
2026/07/22,CRWP,540098,PIPE,0.000,0.000,174.916,0.000,,,QLD,Wallumbilla Hub,540032,2026/07/23 10:58:08
2026/07/22,CRWP,540098,PIPE,0.000,236.464,40.887,454.357,,,QLD,Regional - QLD,590001,2026/07/23 10:58:08
2026/07/22,CWP,520054,PIPE,5.740,0.000,6.010,0.000,,,NSW,Regional - NSW,590011,2026/07/23 12:46:32
2026/07/22,Daandine,540050,PROD,0.000,55.349,0.000,0.000,,,QLD,Regional - QLD,590001,2026/07/23 11:02:45
2026/07/22,Dandenong LNG,530038,STOR,0.000,0.285,0.000,0.000,617.204,27.889,VIC,Melbourne,590008,2026/07/23 12:46:32
2026/07/22,DDP,540097,PIPE,0.000,0.000,0.000,180.956,,,QLD,Wallumbilla Hub,540032,2026/08/04 11:01:19
2026/07/22,DDP,540097,PIPE,32.174,585.992,132.487,509.082,,,QLD,Regional - QLD,590001,2026/08/04 11:01:19
2026/07/22,DDPS,544027,BBGPG,32.174,0.000,0.000,0.000,,,QLD,Regional - QLD,590001,2026/08/04 11:01:19
2026/07/22,Diamantina Power Station,544077,BBGPG,33.285,0.000,0.000,0.000,,,QLD,Regional - QLD,590001,2026/07/23 12:46:32
2026/07/22,Dry Creek Power Station,555026,BBGPG,0.000,0.000,0.000,0.000,,,SA,Regional - SA,590013,2026/07/23 11:31:05
2026/07/22,EGP,520047,PIPE,126.538,0.000,0.000,0.000,,,NSW,Sydney,520008,2026/07/23 12:01:05
2026/07/22,EGP,520047,PIPE,16.623,0.000,0.000,0.000,,,NSW,Canberra,520009,2026/07/23 12:01:05
2026/07/22,EGP,520047,PIPE,0.000,203.692,0.000,103.973,,,VIC,Longford Hub,530015,2026/07/23 12:01:05
2026/07/22,EGP,520047,PIPE,5.466,0.000,0.000,19.572,,,NSW,Regional - NSW,590011,2026/07/23 12:01:05
2026/07/22,EGP,520047,PIPE,1.117,74.202,0.000,0.000,,,VIC,Regional - VIC,590012,2026/07/23 12:01:05
2026/07/22,EO4PL,540055,PIPE,0.000,0.000,0.000,0.000,,,QLD,Regional - QLD,590001,2026/08/10 11:36:14
2026/07/22,Eurombah Creek,540089,PROD,0.000,147.883,0.000,0.000,,,QLD,Regional - QLD,590001,2026/07/27 11:30:08
2026/07/22,Fairview,540070,PROD,0.000,285.172,0.000,0.000,,,QLD,Regional - QLD,590001,2026/07/23 11:13:14
2026/07/22,GLNG (Curtis Island),544276,LNGEXPORT,823.885,0.000,0.000,0.000,,,QLD,Curtis Island,540030,2026/07/23 10:58:08
2026/07/22,GLNG Pipeline,540092,PIPE,823.885,0.000,0.000,0.000,,,QLD,Curtis Island,540030,2026/07/23 10:58:08
2026/07/22,GLNG Pipeline,540092,PIPE,0.000,418.622,454.357,29.593,,,QLD,Regional - QLD,590001,2026/08/10 11:36:14
2026/07/22,Hallett,555029,BBGPG,0.000,0.000,0.000,0.000,,,SA,Regional - SA,590013,2026/07/23 11:31:05
2026/07/22,Hunter Power Station,523210,BBGPG,7.320,0.000,0.000,0.000,,,NSW,Sydney,520008,2026/07/23 12:46:32
2026/07/22,ICF,530071,COMPRESSOR,0.000,0.000,5.179,5.179,,,VIC,Iona Hub,530016,2026/07/23 08:35:03
2026/07/22,Iona UGS,530042,STOR,5.179,131.000,0.000,0.000,17421.271,0.000,VIC,Iona Hub,530016,2026/07/23 08:30:03
2026/07/22,Jeerelang,533161,BBGPG,0.000,0.000,0.000,0.000,,,VIC,Gippsland,590009,2026/07/23 11:00:02
2026/07/22,Jordan,540088,PROD,0.000,334.564,0.000,0.000,,,QLD,Regional - QLD,590001,2026/08/10 11:36:14
2026/07/22,Katherine Power Station,580233,BBGPG,0.000,0.000,0.000,0.000,,,NT,Regional - NT,590017,2026/07/23 12:46:32
2026/07/22,Kenya,540075,PROD,0.000,126.027,0.000,0.000,,,QLD,Regional - QLD,590001,2026/08/10 11:36:14
2026/07/22,Kincora,544253,PROD,0.000,4.000,0.000,0.000,,,QLD,Regional - QLD,590001,2026/07/23 12:46:32
2026/07/22,KKLP,523209,PIPE,7.320,0.000,0.000,0.000,,,NSW,Sydney,520008,2026/07/23 12:46:32
2026/07/22,Kogan North,540061,PROD,0.000,4.173,0.000,0.000,,,QLD,Regional - QLD,590001,2026/07/23 12:46:32
2026/07/22,Ladbroke Grove PS,555086,BBGPG,6.044,0.000,0.000,0.000,,,SA,Regional - SA,590013,2026/07/23 12:46:32
2026/07/22,Lang Lang,530039,PROD,0.000,12.430,0.000,0.000,,,VIC,Gippsland,590009,2026/07/23 14:02:26
2026/07/22,Laverton,533201,BBGPG,0.000,0.000,0.000,0.000,,,VIC,Geelong,590005,2026/07/23 11:00:02
2026/07/22,Longford,530040,PROD,0.000,643.907,0.000,0.000,,,VIC,Longford Hub,530015,2026/07/23 07:59:56
2026/07/22,Loy Yang B,533163,BBGPG,0.000,0.000,0.000,0.000,,,VIC,Gippsland,590009,2026/07/23 11:00:51
2026/07/22,LYB Transmission Pipeline,535023,PIPE,0.012,0.000,0.000,0.000,,,VIC,Gippsland,590009,2026/07/23 11:00:51
2026/07/22,MAPS,550054,PIPE,41.666,0.000,0.000,0.000,,,SA,Adelaide,550016,2026/07/23 11:31:05
2026/07/22,MAPS,550054,PIPE,0.000,33.476,112.063,0.000,,,SA,Moomba Hub,550017,2026/07/23 11:31:05
2026/07/22,MAPS,550054,PIPE,91.849,0.000,0.000,0.000,,,SA,Regional - SA,590013,2026/07/23 11:31:05
2026/07/22,McArthur River Mine,580220,BBGPG,5.753,0.000,0.000,0.000,,,NT,Regional - NT,590017,2026/07/23 09:16:19
2026/07/22,MCF,550050,COMPRESSOR,0.000,0.000,0.000,0.000,,,SA,Moomba Hub,550017,2026/07/23 12:46:32
2026/07/22,Mereenie,580040,PROD,0.000,24.640,0.000,0.000,,,NT,Regional - NT,590017,2026/07/23 17:29:56
2026/07/22,Meridian,540064,PROD,0.000,45.579,0.000,0.000,,,QLD,Regional - QLD,590001,2026/07/23 09:38:50
2026/07/22,Mintaro Power Station,555031,BBGPG,0.000,0.000,0.000,0.000,,,SA,Regional - SA,590013,2026/07/23 11:31:05
2026/07/22,Moomba,550045,PROD,0.000,225.200,0.000,0.000,,,SA,Moomba Hub,550017,2026/07/27 10:00:01
2026/07/22,Moomba Storage,550046,STOR,0.000,5.500,0.000,0.000,6339.100,0.000,SA,Moomba Hub,550017,2026/07/27 10:00:01
2026/07/22,Mortlake PS,530063,BBGPG,0.000,0.000,0.000,0.000,,,VIC,Regional - VIC,590012,2026/07/23 07:20:00
2026/07/22,MPL,530061,PIPE,0.000,0.000,16.401,0.000,,,VIC,Iona Hub,530016,2026/07/23 07:20:00
2026/07/22,MPL,530061,PIPE,0.000,0.000,0.000,0.000,,,VIC,Regional - VIC,590012,2026/07/23 07:20:00
2026/07/22,MRP,580100,PIPE,5.753,0.000,5.754,0.000,,,NT,Regional - NT,590017,2026/07/23 09:16:19
2026/07/22,MSP,520053,PIPE,104.234,0.000,0.000,0.000,,,NSW,Sydney,520008,2026/07/23 12:46:32
2026/07/22,MSP,520053,PIPE,0.000,0.000,151.999,2.000,,,SA,Moomba Hub,550017,2026/07/23 12:46:32
2026/07/22,MSP,520053,PIPE,41.704,0.000,0.000,6.010,,,NSW,Regional - NSW,590011,2026/07/23 12:46:32
2026/07/22,MSP,520053,PIPE,19.595,0.000,0.000,0.000,,,NSW,Regional - ACT,590015,2026/07/23 12:46:32
2026/07/22,MSP,520053,PIPE,0.000,0.000,51.399,0.000,,,NSW,Culcairn,590016,2026/07/23 12:46:32
2026/07/22,Newport,533171,BBGPG,0.004,0.000,0.000,0.000,,,VIC,Melbourne,590008,2026/07/23 11:00:02
2026/07/22,NGP,580050,PIPE,0.000,0.000,17.494,0.000,,,QLD,Regional - QLD,590001,2026/07/23 12:01:12
2026/07/22,NGP,580050,PIPE,0.000,0.000,15.776,31.503,,,NT,Regional - NT,590017,2026/07/23 12:01:12
2026/07/22,NGS,520060,STOR,0.140,30.654,0.000,0.000,786.297,76.775,NSW,Sydney,520008,2026/07/23 08:40:25
2026/07/22,Oakey PS,544095,BBGPG,0.000,0.000,0.000,0.000,,,QLD,Regional - QLD,590001,2026/07/23 12:46:32
2026/07/22,Orana,540084,PROD,0.000,165.949,0.000,0.000,,,QLD,Regional - QLD,590001,2026/07/27 11:30:08
2026/07/22,Orbost,530041,PROD,0.000,74.202,0.000,0.000,,,VIC,Regional - VIC,590012,2026/07/23 12:01:05
2026/07/22,Orica,544011,BBLARGE,9.909,0.000,0.000,0.000,,,QLD,Regional - QLD,590001,2026/07/23 18:01:13
2026/07/22,Orica (Kooragang Island),523206,BBLARGE,39.172,0.000,0.000,0.000,,,NSW,Sydney,520008,2026/07/23 13:00:00
2026/07/22,Osborne,555033,BBGPG,1.188,0.000,0.000,0.000,,,SA,Regional - SA,590013,2026/07/23 11:31:05
2026/07/22,Otway,530044,PROD,0.000,94.949,0.000,0.000,,,VIC,Iona Hub,530016,2026/07/23 13:57:03
2026/07/22,Owen Springs Power Station,580235,BBGPG,0.774,0.000,0.000,0.000,,,NT,Regional - NT,590017,2026/07/23 06:41:03
2026/07/22,Palm Valley,580060,PROD,0.000,5.778,0.000,0.000,,,NT,Regional - NT,590017,2026/07/23 17:29:56
2026/07/22,PCA,550052,PIPE,0.000,20.548,20.153,1.677,,,VIC,Iona Hub,530016,2026/08/03 17:20:03
2026/07/22,PCA,550052,PIPE,26.271,0.000,0.000,0.000,,,SA,Adelaide,550016,2026/08/03 17:20:03
2026/07/22,PCA,550052,PIPE,0.000,0.000,0.000,13.927,,,VIC,Regional - VIC,590012,2026/08/03 17:20:03
2026/07/22,PCA,550052,PIPE,2.218,0.000,0.000,0.000,,,SA,Regional - SA,590013,2026/08/03 17:20:03
2026/07/22,PCI,530060,PIPE,0.000,106.024,1.677,107.701,,,VIC,Iona Hub,530016,2026/07/23 07:20:01
2026/07/22,Peat,540065,PROD,0.000,10.745,0.000,0.000,,,QLD,Regional - QLD,590001,2026/07/27 11:30:08
2026/07/22,Pelican Point Power Station,555089,BBGPG,24.653,0.000,0.000,0.000,,,SA,Regional - SA,590013,2026/08/03 17:20:03
2026/07/22,Phosphate Hill,544081,BBLARGE,25.651,0.000,0.000,0.000,,,QLD,Regional - QLD,590001,2026/07/23 12:46:32
2026/07/22,Pipeline Compression Station,544279,COMPRESSOR,0.000,0.000,0.000,0.000,,,QLD,Regional - QLD,590001,2026/07/23 10:58:08
2026/07/22,PVP,580070,PIPE,1.242,0.000,1.291,0.000,,,NT,Regional - NT,590017,2026/07/23 06:41:03
2026/07/22,QCLNG LNG Plant,544272,LNGEXPORT,1512.115,0.000,0.000,0.000,,,QLD,Curtis Island,540030,2026/08/10 11:36:14
2026/07/22,QGP,540058,PIPE,0.000,0.000,37.849,0.000,,,QLD,Wallumbilla Hub,540032,2026/07/23 18:01:13
2026/07/22,QGP,540058,PIPE,133.404,25.231,73.483,0.000,,,QLD,Regional - QLD,590001,2026/07/23 18:01:13
2026/07/22,Quarantine Power Station,555087,BBGPG,2.207,0.000,0.000,0.000,,,SA,Regional - SA,590013,2026/07/23 11:31:05
2026/07/22,Queensland Aluminia,544012,BBLARGE,41.016,0.000,0.000,0.000,,,QLD,Regional - QLD,590001,2026/07/23 18:01:13
2026/07/22,RBP,540057,PIPE,0.000,0.000,0.000,20.800,,,QLD,Wallumbilla Hub,540032,2026/07/23 12:46:32
2026/07/22,RBP,540057,PIPE,4.274,33.523,48.110,0.000,,,QLD,Regional - QLD,590001,2026/07/23 12:46:32
2026/07/22,RBP,540057,PIPE,59.080,0.000,0.000,0.000,,,QLD,Brisbane,590002,2026/07/23 12:46:32
2026/07/22,RCWP,540102,PIPE,0.000,0.000,0.000,74.545,,,QLD,Wallumbilla Hub,540032,2026/07/23 12:46:32
2026/07/22,RCWP,540102,PIPE,0.000,0.000,74.421,0.000,,,QLD,Regional - QLD,590001,2026/07/23 12:46:32
2026/07/22,Reedy Creek,540085,PROD,0.000,84.789,0.000,0.000,,,QLD,Regional - QLD,590001,2026/07/27 11:30:08
2026/07/22,RMNGPF,640011,PROD,0.000,17.110,0.000,0.000,,,QLD,Regional - QLD,590001,2026/07/23 09:25:52
2026/07/22,RNMGP,640012,PIPE,0.000,17.110,0.000,17.110,,,QLD,Regional - QLD,590001,2026/07/23 09:25:52
2026/07/22,RNP,640009,PIPE,0.000,23.777,0.000,23.777,,,QLD,Regional - QLD,590001,2026/07/23 12:01:07
2026/07/22,Rolleston,540073,PROD,0.000,8.860,0.000,0.000,,,QLD,Regional - QLD,590001,2026/07/23 18:01:13
2026/07/22,Roma,540095,PROD,0.000,236.464,0.000,0.000,,,QLD,Regional - QLD,590001,2026/07/23 11:13:27
2026/07/22,Roma North,544260,PROD,0.000,23.777,0.000,0.000,,,QLD,Regional - QLD,590001,2026/07/23 12:01:13
2026/07/22,Roma Power Station,540120,BBGPG,0.000,0.000,0.000,0.000,,,QLD,Regional - QLD,590001,2026/07/23 12:19:57
2026/07/22,Ron Goodin Power Station,580234,BBGPG,0.000,0.000,0.000,0.000,,,NT,Regional - NT,590017,2026/07/23 06:41:03
2026/07/22,RPL,540110,PIPE,0.060,0.000,0.000,0.000,,,QLD,Regional - QLD,590001,2026/07/23 12:19:57
2026/07/22,Ruby Jo,540082,PROD,0.000,427.546,0.000,0.000,,,QLD,Regional - QLD,590001,2026/08/10 11:36:14
2026/07/22,RUGS,540040,STOR,0.000,4.195,0.000,0.000,15219.502,0.000,QLD,Regional - QLD,590001,2026/07/23 11:13:27
2026/07/22,Scotia,540072,PROD,0.000,100.364,0.000,0.000,,,QLD,Regional - QLD,590001,2026/07/23 11:13:27
2026/07/22,SEPS,550061,PIPE,7.877,0.000,8.216,0.000,,,SA,Regional - SA,590013,2026/07/23 11:32:05
2026/07/22,SESA,550060,PIPE,0.000,0.000,13.928,0.000,,,VIC,Regional - VIC,590012,2026/07/23 12:46:32
2026/07/22,SESA,550060,PIPE,6.044,0.000,0.000,7.743,,,SA,Regional - SA,590013,2026/07/23 12:46:32
2026/07/22,Shoalhaven Starches Cogeneration Plant,523203,BBLARGE,19.572,0.000,0.000,0.000,,,NSW,Regional - NSW,590011,2026/07/23 14:31:27
2026/07/22,Smithfield Energy Facility,522004,BBGPG,0.017,0.000,0.000,0.000,,,NSW,Regional - NSW,590011,2026/07/23 12:04:24
2026/07/22,Snapper Point,555090,BBGPG,0.026,0.000,0.000,0.000,,,SA,Regional - SA,590013,2026/07/23 11:31:05
2026/07/22,Somerton,533174,BBGPG,0.000,0.000,0.000,0.000,,,VIC,Melbourne,590008,2026/07/23 11:00:02
2026/07/22,Spring Gully,540066,PROD,0.000,54.520,0.000,0.000,,,QLD,Regional - QLD,590001,2026/07/27 11:30:08
2026/07/22,SSP,540103,PIPE,0.000,5.750,0.000,5.750,,,QLD,Regional - QLD,590001,2026/07/23 09:58:46
2026/07/22,SSSF,540062,STOR,0.000,6.300,0.000,0.000,8737.872,0.000,QLD,Regional - QLD,590001,2026/07/23 09:58:46
2026/07/22,Strathblane,540067,PROD,0.000,52.545,0.000,0.000,,,QLD,Regional - QLD,590001,2026/07/27 11:30:08
2026/07/22,Swanbank Power Station,544104,BBGPG,0.000,0.000,0.000,0.000,,,QLD,Brisbane,590002,2026/07/23 12:46:32
2026/07/22,SWQP,540060,PIPE,0.000,0.000,363.182,212.765,,,QLD,Wallumbilla Hub,540032,2026/07/23 12:46:32
2026/07/22,SWQP,540060,PIPE,0.000,0.000,0.000,84.153,,,QLD,Ballera,540078,2026/07/23 12:46:32
2026/07/22,SWQP,540060,PIPE,0.000,195.771,0.000,262.062,,,SA,Moomba Hub,550017,2026/07/23 12:46:32
2026/07/22,SWQP,540060,PIPE,0.116,0.000,0.000,0.000,,,QLD,Regional - QLD,590001,2026/07/23 12:46:32
2026/07/22,Talinga,540076,PROD,0.000,87.701,0.000,0.000,,,QLD,Regional - QLD,590001,2026/07/27 11:30:08
2026/07/22,Tallawarra,522002,BBGPG,0.000,0.000,0.000,0.000,,,NSW,Regional - NSW,590011,2026/07/23 11:00:04
2026/07/22,Tallawarra Pipeline,523201,PIPE,0.000,0.000,0.000,0.000,,,NSW,Regional - NSW,590011,2026/07/23 11:00:04
2026/07/22,Taloona,540068,PROD,0.000,41.864,0.000,0.000,,,QLD,Regional - QLD,590001,2026/07/27 11:30:08
2026/07/22,Tanami GP,580210,PIPE,8.090,0.000,8.740,0.000,,,NT,Regional - NT,590017,2026/07/23 12:02:00
2026/07/22,TGP,570050,PIPE,0.000,0.000,80.336,28.991,,,VIC,Longford Hub,530015,2026/07/24 12:01:00
2026/07/22,TGP,570050,PIPE,49.492,0.000,0.000,0.000,,,TAS,Regional - TAS,590014,2026/07/24 12:01:00
2026/07/22,Tipton,540051,PROD,0.000,41.840,0.000,0.000,,,QLD,Regional - QLD,590001,2026/07/23 11:02:47
2026/07/22,Torrens Island PS,555041,BBGPG,43.181,0.000,0.000,0.000,,,SA,Regional - SA,590013,2026/07/23 11:31:05
2026/07/22,Uranquinty Power Station,522047,BBGPG,0.000,0.000,0.000,0.000,,,NSW,Regional - NSW,590011,2026/07/23 12:46:32
2026/07/22,Valley Power GPG,535024,BBGPG,0.012,0.000,0.000,0.000,,,VIC,Gippsland,590009,2026/07/23 11:00:51
2026/07/22,VicHub,532005,PIPE,0.000,0.000,23.635,23.635,,,VIC,Longford Hub,530015,2026/07/23 12:01:15
2026/07/22,Viva Energy Refinery,535018,BBLARGE,7.472,0.000,0.000,0.000,,,VIC,Geelong,590005,2026/07/23 07:30:13
2026/07/22,VTS,530110,PIPE,0.000,438.377,52.640,0.000,,,VIC,Longford Hub,530015,2026/07/23 11:00:02
2026/07/22,VTS,530110,PIPE,0.000,111.047,71.152,0.000,,,VIC,Iona Hub,530016,2026/07/23 11:00:02
2026/07/22,VTS,530110,PIPE,13.754,0.000,0.000,0.000,,,VIC,Western,590004,2026/07/23 11:00:02
2026/07/22,VTS,530110,PIPE,65.074,0.000,0.000,0.000,,,VIC,Geelong,590005,2026/07/23 11:00:02
2026/07/22,VTS,530110,PIPE,45.169,0.000,0.000,0.000,,,VIC,Ballarat,590006,2026/07/23 11:00:02
2026/07/22,VTS,530110,PIPE,72.464,0.000,0.000,0.000,,,VIC,Northern,590007,2026/07/23 11:00:02
2026/07/22,VTS,530110,PIPE,396.314,0.199,0.000,0.000,,,VIC,Melbourne,590008,2026/07/23 11:00:02
2026/07/22,VTS,530110,PIPE,43.246,0.000,9.532,0.052,,,VIC,Gippsland,590009,2026/07/23 11:00:02
2026/07/22,VTS,530110,PIPE,0.000,0.000,0.000,51.399,,,NSW,Culcairn,590016,2026/07/23 11:00:02
2026/07/22,Wallumbilla Compression Station,544280,COMPRESSOR,0.000,0.000,0.000,0.000,,,QLD,Wallumbilla Hub,540032,2026/07/23 10:58:08
2026/07/22,WCFA,540045,COMPRESSOR,0.000,0.000,216.120,216.120,,,QLD,Wallumbilla Hub,540032,2026/07/23 12:46:32
2026/07/22,WCFB,540046,COMPRESSOR,0.000,0.000,136.261,136.261,,,QLD,Wallumbilla Hub,540032,2026/07/23 12:46:32
2026/07/22,Weddell Power Station,580232,BBGPG,8.030,0.000,0.000,0.000,,,NT,Darwin,580001,2026/07/23 12:46:32
2026/07/22,WGP,540091,PIPE,1512.115,0.000,0.000,0.000,,,QLD,Curtis Island,540030,2026/08/10 11:36:14
2026/07/22,WGP,540091,PIPE,0.000,1303.521,59.748,0.000,,,QLD,Regional - QLD,590001,2026/08/10 11:36:14
2026/07/22,Whyalla Steelworks,555085,BBLARGE,3.279,0.000,0.000,0.000,,,SA,Regional - SA,590013,2026/07/23 11:31:05
2026/07/22,Windibri,540069,PROD,0.000,91.301,0.000,0.000,,,QLD,Regional - QLD,590001,2026/08/10 11:36:14
2026/07/22,Woleebee Creek,540087,PROD,0.000,627.091,0.000,0.000,,,QLD,Regional - QLD,590001,2026/08/10 11:36:14
2026/07/22,WPP,580030,PIPE,8.030,3.377,4.625,0.000,,,NT,Darwin,580001,2026/07/23 12:46:32
2026/07/22,Yarwun,544282,BBGPG,64.858,0.000,0.000,0.000,,,QLD,Regional - QLD,590001,2026/07/23 18:01:13
2026/07/22,Yelcherr,580180,PROD,0.000,0.000,0.000,0.000,,,NT,Regional - NT,590017,2026/07/23 12:46:32
2026/07/22,Yellowbank,540074,PROD,0.000,12.121,0.000,0.000,,,QLD,Regional - QLD,590001,2026/07/23 18:01:13
2026/07/23,Adelaide Brighton,555091,BBLARGE,11.260,0.000,0.000,0.000,,,SA,Adelaide,550016,2026/08/10 13:00:00
2026/07/23,AGP,580010,PIPE,19.645,0.000,0.000,4.808,,,NT,Darwin,580001,2026/07/24 12:46:32
2026/07/23,AGP,580010,PIPE,9.015,32.364,26.325,29.099,,,NT,Regional - NT,590017,2026/07/24 12:46:32
2026/07/23,APLNG Pipeline,540093,PIPE,1616.333,0.000,0.000,0.000,,,QLD,Curtis Island,540030,2026/07/28 11:30:08
2026/07/23,APLNG Pipeline,540093,PIPE,0.000,1279.051,554.065,198.904,,,QLD,Regional - QLD,590001,2026/07/28 11:30:08
2026/07/23,Arcadia,540101,PROD,0.000,91.922,0.000,0.000,,,QLD,Regional - QLD,590001,2026/07/24 11:13:16
2026/07/23,ATGP,640013,PIPE,0.000,43.024,0.000,43.024,,,QLD,Regional - QLD,590001,2026/07/24 12:01:11
2026/07/23,ATHENA,535014,PROD,0.000,16.938,0.000,0.000,,,VIC,Iona Hub,530016,2026/07/28 09:28:36
2026/07/23,Atlas,544261,PROD,0.000,43.024,0.000,0.000,,,QLD,Regional - QLD,590001,2026/07/24 12:01:16
2026/07/23,Atlas East Central Processing Facility,640008,PROD,0.000,32.110,0.000,0.000,,,QLD,Regional - QLD,590001,2026/07/24 08:32:56
2026/07/23,Atlas to Reedy Creek Pipeline,640007,PIPE,0.000,32.110,0.000,30.902,,,QLD,Regional - QLD,590001,2026/07/24 12:46:32
2026/07/23,Australia Pacific LNG,544273,LNGEXPORT,1616.333,0.000,0.000,0.000,,,QLD,Curtis Island,540030,2026/07/24 12:00:25
2026/07/23,Australian Paper (Opal),535021,BBLARGE,10.309,0.000,0.000,0.000,,,VIC,Gippsland,590009,2026/07/28 11:00:02
2026/07/23,B1PL,540077,PIPE,0.040,41.646,0.000,43.613,,,QLD,Regional - QLD,590001,2026/07/24 11:00:50
2026/07/23,B2PL,540071,PIPE,0.000,54.764,3.006,60.716,,,QLD,Regional - QLD,590001,2026/07/24 12:30:16
2026/07/23,Bairnsdale Power Station,535020,BBGPG,0.000,0.000,0.000,0.000,,,VIC,Regional - VIC,590012,2026/07/24 11:00:52
2026/07/23,BCF,540047,COMPRESSOR,0.000,0.000,80.500,80.500,,,QLD,Regional - QLD,590001,2026/07/28 10:00:01
2026/07/23,Bell Bay CCGT,577016,BBGPG,28.406,0.000,0.000,0.000,,,TAS,Regional - TAS,590014,2026/07/25 12:01:00
2026/07/23,Bell Bay GGT,577014,BBGPG,0.000,0.000,0.000,0.000,,,TAS,Regional - TAS,590014,2026/07/25 12:01:00
2026/07/23,Bell Bay OCGT,577015,BBGPG,0.001,0.000,0.000,0.000,,,TAS,Regional - TAS,590014,2026/07/25 12:01:00
2026/07/23,Bellevue,540083,PROD,0.000,136.955,0.000,0.000,,,QLD,Regional - QLD,590001,2026/08/10 11:36:14
2026/07/23,BGP,580020,PIPE,0.286,0.000,0.000,0.000,,,NT,Regional - NT,590017,2026/07/24 12:46:32
2026/07/23,BlueScope,523204,BBLARGE,13.790,0.000,0.000,0.000,,,NSW,Sydney,520008,2026/07/24 12:01:05
2026/07/23,Bolivar,555008,BBGPG,0.000,0.000,0.000,0.000,,,SA,Regional - SA,590013,2026/07/24 12:03:55
2026/07/23,Bomaderry Gas Pipeline,523202,PIPE,20.415,0.000,20.415,0.000,,,NSW,Regional - NSW,590011,2026/07/24 13:28:45
2026/07/23,BPP,530030,PIPE,3.370,11.890,0.274,8.517,,,VIC,Gippsland,590009,2026/07/28 11:00:02
2026/07/23,Braemar 2 Power Station,544085,BBGPG,0.000,0.000,0.000,0.000,,,QLD,Regional - QLD,590001,2026/07/24 12:30:16
2026/07/23,Braemar Power Station,544252,BBGPG,0.040,0.000,0.000,0.000,,,QLD,Regional - QLD,590001,2026/07/24 11:00:50
2026/07/23,BWP,540096,PIPE,0.000,0.000,0.000,84.479,,,QLD,Wallumbilla Hub,540032,2026/07/24 12:46:32
2026/07/23,BWP,540096,PIPE,0.000,84.946,0.000,0.000,,,QLD,Regional - QLD,590001,2026/07/24 12:46:32
2026/07/23,CGP,540059,PIPE,0.000,0.000,80.462,0.000,,,QLD,Ballera,540078,2026/07/24 12:46:32
2026/07/23,CGP,540059,PIPE,71.034,0.000,0.000,15.607,,,QLD,Regional - QLD,590001,2026/07/24 12:46:32
2026/07/23,Channel Island Power Station,580231,BBGPG,19.645,0.000,0.000,0.000,,,NT,Darwin,580001,2026/07/24 12:46:32
2026/07/23,Colongra,523120,BBGPG,0.000,0.000,0.000,0.000,,,NSW,Regional - NSW,590011,2026/07/24 12:00:05
2026/07/23,ColongraGP,520090,PIPE,0.000,0.000,0.000,0.000,,,NSW,Sydney,520008,2026/07/24 12:00:05
2026/07/23,ColongraGP,520090,PIPE,0.000,0.000,0.000,0.000,,,NSW,Regional - NSW,590011,2026/07/24 12:00:05
2026/07/23,Combabula,540094,PROD,0.000,312.326,0.000,0.000,,,QLD,Regional - QLD,590001,2026/07/28 11:30:08
2026/07/23,Condabri Central,540080,PROD,0.000,142.567,0.000,0.000,,,QLD,Regional - QLD,590001,2026/07/28 11:30:08
2026/07/23,Condabri North,540090,PROD,0.000,163.510,0.000,0.000,,,QLD,Regional - QLD,590001,2026/07/28 11:30:08
2026/07/23,Condabri South,540086,PROD,0.000,156.852,0.000,0.000,,,QLD,Regional - QLD,590001,2026/07/28 11:30:08
2026/07/23,Condamine Power Station,544274,BBGPG,0.000,0.000,0.000,0.000,,,QLD,Regional - QLD,590001,2026/08/10 11:35:25
2026/07/23,CRWP,540098,PIPE,0.000,0.000,177.387,0.000,,,QLD,Wallumbilla Hub,540032,2026/07/24 11:13:06
2026/07/23,CRWP,540098,PIPE,0.000,234.142,41.232,433.675,,,QLD,Regional - QLD,590001,2026/07/24 11:13:06
2026/07/23,CWP,520054,PIPE,5.929,0.000,5.795,0.000,,,NSW,Regional - NSW,590011,2026/07/24 12:46:32
2026/07/23,Daandine,540050,PROD,0.000,54.764,0.000,0.000,,,QLD,Regional - QLD,590001,2026/07/24 12:30:16
2026/07/23,Dandenong LNG,530038,STOR,0.000,0.285,0.000,0.000,616.913,27.889,VIC,Melbourne,590008,2026/07/24 12:46:32
2026/07/23,DDP,540097,PIPE,0.000,0.000,0.000,227.303,,,QLD,Wallumbilla Hub,540032,2026/08/04 11:01:20
2026/07/23,DDP,540097,PIPE,0.006,577.198,149.761,502.213,,,QLD,Regional - QLD,590001,2026/08/04 11:01:20
2026/07/23,DDPS,544027,BBGPG,0.006,0.000,0.000,0.000,,,QLD,Regional - QLD,590001,2026/08/04 11:01:20
2026/07/23,Diamantina Power Station,544077,BBGPG,33.179,0.000,0.000,0.000,,,QLD,Regional - QLD,590001,2026/07/24 12:46:32
2026/07/23,Dry Creek Power Station,555026,BBGPG,0.000,0.000,0.000,0.000,,,SA,Regional - SA,590013,2026/07/24 11:37:05
2026/07/23,EGP,520047,PIPE,130.704,0.000,0.000,0.000,,,NSW,Sydney,520008,2026/07/24 12:01:05
2026/07/23,EGP,520047,PIPE,16.817,0.000,0.000,0.000,,,NSW,Canberra,520009,2026/07/24 12:01:05
2026/07/23,EGP,520047,PIPE,0.000,184.950,0.000,99.091,,,VIC,Longford Hub,530015,2026/07/24 12:01:05
2026/07/23,EGP,520047,PIPE,4.679,0.000,0.000,20.415,,,NSW,Regional - NSW,590011,2026/07/24 12:01:05
2026/07/23,EGP,520047,PIPE,1.282,73.430,0.000,0.000,,,VIC,Regional - VIC,590012,2026/07/24 12:01:05
2026/07/23,EO4PL,540055,PIPE,0.000,0.000,0.000,0.000,,,QLD,Regional - QLD,590001,2026/08/10 11:36:14
2026/07/23,Eurombah Creek,540089,PROD,0.000,146.819,0.000,0.000,,,QLD,Regional - QLD,590001,2026/07/28 11:30:08
2026/07/23,Fairview,540070,PROD,0.000,285.362,0.000,0.000,,,QLD,Regional - QLD,590001,2026/07/24 11:13:16
2026/07/23,GLNG (Curtis Island),544276,LNGEXPORT,814.568,0.000,0.000,0.000,,,QLD,Curtis Island,540030,2026/07/24 11:13:06
2026/07/23,GLNG Pipeline,540092,PIPE,814.568,0.000,0.000,0.000,,,QLD,Curtis Island,540030,2026/07/24 11:13:06
2026/07/23,GLNG Pipeline,540092,PIPE,0.000,418.883,433.675,51.852,,,QLD,Regional - QLD,590001,2026/08/10 11:36:14
2026/07/23,Hallett,555029,BBGPG,0.000,0.000,0.000,0.000,,,SA,Regional - SA,590013,2026/07/24 11:37:05
2026/07/23,Hunter Power Station,523210,BBGPG,0.000,0.000,0.000,0.000,,,NSW,Sydney,520008,2026/07/24 12:46:32
2026/07/23,ICF,530071,COMPRESSOR,0.000,0.000,6.000,6.000,,,VIC,Iona Hub,530016,2026/07/24 08:35:03
2026/07/23,Iona UGS,530042,STOR,6.000,203.943,0.000,0.000,17219.853,0.000,VIC,Iona Hub,530016,2026/07/24 08:30:03
2026/07/23,Jeerelang,533161,BBGPG,0.000,0.000,0.000,0.000,,,VIC,Gippsland,590009,2026/07/28 11:00:02
2026/07/23,Jordan,540088,PROD,0.000,330.053,0.000,0.000,,,QLD,Regional - QLD,590001,2026/08/10 11:36:14
2026/07/23,Katherine Power Station,580233,BBGPG,0.010,0.000,0.000,0.000,,,NT,Regional - NT,590017,2026/07/24 12:46:32
2026/07/23,Kenya,540075,PROD,0.000,122.174,0.000,0.000,,,QLD,Regional - QLD,590001,2026/08/10 11:36:14
2026/07/23,Kincora,544253,PROD,0.000,4.000,0.000,0.000,,,QLD,Regional - QLD,590001,2026/07/24 12:46:32
2026/07/23,KKLP,523209,PIPE,0.000,0.000,0.000,0.000,,,NSW,Sydney,520008,2026/07/24 12:46:32
2026/07/23,Kogan North,540061,PROD,0.000,4.172,0.000,0.000,,,QLD,Regional - QLD,590001,2026/07/24 12:46:32
2026/07/23,Ladbroke Grove PS,555086,BBGPG,0.000,0.000,0.000,0.000,,,SA,Regional - SA,590013,2026/07/24 12:46:32
2026/07/23,Lang Lang,530039,PROD,0.000,11.890,0.000,0.000,,,VIC,Gippsland,590009,2026/07/24 09:07:23
2026/07/23,Laverton,533201,BBGPG,0.000,0.000,0.000,0.000,,,VIC,Geelong,590005,2026/07/28 11:00:02
2026/07/23,Longford,530040,PROD,0.000,629.854,0.000,0.000,,,VIC,Longford Hub,530015,2026/07/24 07:52:10
2026/07/23,Loy Yang B,533163,BBGPG,0.000,0.000,0.000,0.000,,,VIC,Gippsland,590009,2026/07/24 11:00:58
2026/07/23,LYB Transmission Pipeline,535023,PIPE,0.793,0.000,0.881,0.000,,,VIC,Gippsland,590009,2026/07/24 11:00:58
2026/07/23,MAPS,550054,PIPE,43.390,0.000,0.000,0.000,,,SA,Adelaide,550016,2026/07/24 11:37:05
2026/07/23,MAPS,550054,PIPE,0.000,33.739,141.943,0.000,,,SA,Moomba Hub,550017,2026/07/24 11:37:05
2026/07/23,MAPS,550054,PIPE,114.149,0.000,0.000,0.000,,,SA,Regional - SA,590013,2026/07/24 11:37:05
2026/07/23,McArthur River Mine,580220,BBGPG,6.362,0.000,0.000,0.000,,,NT,Regional - NT,590017,2026/07/24 11:00:35
2026/07/23,MCF,550050,COMPRESSOR,0.000,0.000,0.000,0.000,,,SA,Moomba Hub,550017,2026/07/24 12:46:32
2026/07/23,Mereenie,580040,PROD,0.000,26.618,0.000,0.000,,,NT,Regional - NT,590017,2026/07/24 12:43:05
2026/07/23,Meridian,540064,PROD,0.000,45.849,0.000,0.000,,,QLD,Regional - QLD,590001,2026/07/24 09:39:07
2026/07/23,Mintaro Power Station,555031,BBGPG,0.000,0.000,0.000,0.000,,,SA,Regional - SA,590013,2026/07/24 11:37:05
2026/07/23,Moomba,550045,PROD,0.000,222.600,0.000,0.000,,,SA,Moomba Hub,550017,2026/07/28 10:00:01
2026/07/23,Moomba Storage,550046,STOR,0.000,4.800,0.000,0.000,6334.200,0.000,SA,Moomba Hub,550017,2026/07/28 10:00:01
2026/07/23,Mortlake PS,530063,BBGPG,0.000,0.000,0.000,0.000,,,VIC,Regional - VIC,590012,2026/07/24 07:20:00
2026/07/23,MPL,530061,PIPE,0.000,0.000,0.000,0.000,,,VIC,Iona Hub,530016,2026/07/24 07:20:00
2026/07/23,MPL,530061,PIPE,0.000,0.000,0.000,0.000,,,VIC,Regional - VIC,590012,2026/07/24 07:20:00
2026/07/23,MRP,580100,PIPE,6.362,0.000,6.363,0.000,,,NT,Regional - NT,590017,2026/07/24 11:00:35
2026/07/23,MSP,520053,PIPE,107.957,0.000,0.000,0.000,,,NSW,Sydney,520008,2026/07/24 12:46:32
2026/07/23,MSP,520053,PIPE,0.000,0.000,149.999,2.000,,,SA,Moomba Hub,550017,2026/07/24 12:46:32
2026/07/23,MSP,520053,PIPE,43.906,0.000,0.000,5.795,,,NSW,Regional - NSW,590011,2026/07/24 12:46:32
2026/07/23,MSP,520053,PIPE,17.124,0.000,0.000,0.000,,,NSW,Regional - ACT,590015,2026/07/24 12:46:32
2026/07/23,MSP,520053,PIPE,0.000,0.000,7.315,0.000,,,NSW,Culcairn,590016,2026/07/24 12:46:32
2026/07/23,Newport,533171,BBGPG,0.001,0.000,0.000,0.000,,,VIC,Melbourne,590008,2026/07/28 11:00:02
2026/07/23,NGP,580050,PIPE,0.000,0.000,15.607,0.000,,,QLD,Regional - QLD,590001,2026/07/24 12:01:14
2026/07/23,NGP,580050,PIPE,0.000,0.000,12.417,26.325,,,NT,Regional - NT,590017,2026/07/24 12:01:14
2026/07/23,NGS,520060,STOR,0.160,30.440,0.000,0.000,755.115,76.775,NSW,Sydney,520008,2026/07/24 12:57:17
2026/07/23,Oakey PS,544095,BBGPG,0.000,0.000,0.000,0.000,,,QLD,Regional - QLD,590001,2026/07/24 12:46:32
2026/07/23,Orana,540084,PROD,0.000,166.018,0.000,0.000,,,QLD,Regional - QLD,590001,2026/07/28 11:30:08
2026/07/23,Orbost,530041,PROD,0.000,73.430,0.000,0.000,,,VIC,Regional - VIC,590012,2026/07/24 12:01:05
2026/07/23,Orica,544011,BBLARGE,10.016,0.000,0.000,0.000,,,QLD,Regional - QLD,590001,2026/07/24 12:01:07
2026/07/23,Orica (Kooragang Island),523206,BBLARGE,39.230,0.000,0.000,0.000,,,NSW,Sydney,520008,2026/07/24 13:00:00
2026/07/23,Osborne,555033,BBGPG,30.161,0.000,0.000,0.000,,,SA,Regional - SA,590013,2026/07/24 11:37:05
2026/07/23,Otway,530044,PROD,0.000,93.992,0.000,0.000,,,VIC,Iona Hub,530016,2026/07/24 14:47:01
2026/07/23,Owen Springs Power Station,580235,BBGPG,1.014,0.000,0.000,0.000,,,NT,Regional - NT,590017,2026/07/24 06:41:03
2026/07/23,Palm Valley,580060,PROD,0.000,5.746,0.000,0.000,,,NT,Regional - NT,590017,2026/07/24 12:43:05
2026/07/23,PCA,550052,PIPE,0.000,20.749,34.885,1.019,,,VIC,Iona Hub,530016,2026/07/24 07:20:01
2026/07/23,PCA,550052,PIPE,29.585,0.000,0.000,0.000,,,SA,Adelaide,550016,2026/07/24 07:20:01
2026/07/23,PCA,550052,PIPE,0.000,0.000,0.000,8.163,,,VIC,Regional - VIC,590012,2026/07/24 07:20:01
2026/07/23,PCA,550052,PIPE,0.707,0.000,0.000,0.000,,,SA,Regional - SA,590013,2026/07/24 07:20:01
2026/07/23,PCI,530060,PIPE,0.000,105.174,1.019,106.193,,,VIC,Iona Hub,530016,2026/07/24 07:20:01
2026/07/23,Peat,540065,PROD,0.000,11.913,0.000,0.000,,,QLD,Regional - QLD,590001,2026/07/28 11:30:08
2026/07/23,Pelican Point Power Station,555089,BBGPG,23.473,0.000,0.000,0.000,,,SA,Regional - SA,590013,2026/07/24 07:20:01
2026/07/23,Phosphate Hill,544081,BBLARGE,26.432,0.000,0.000,0.000,,,QLD,Regional - QLD,590001,2026/07/24 12:46:32
2026/07/23,Pipeline Compression Station,544279,COMPRESSOR,0.000,0.000,0.000,0.000,,,QLD,Regional - QLD,590001,2026/07/24 11:13:06
2026/07/23,PVP,580070,PIPE,1.529,0.000,1.579,0.000,,,NT,Regional - NT,590017,2026/07/24 06:41:03
2026/07/23,QCLNG LNG Plant,544272,LNGEXPORT,1391.196,0.000,0.000,0.000,,,QLD,Curtis Island,540030,2026/08/10 11:36:14
2026/07/23,QGP,540058,PIPE,0.000,0.000,33.992,0.000,,,QLD,Wallumbilla Hub,540032,2026/07/24 12:01:07
2026/07/23,QGP,540058,PIPE,128.187,24.828,74.012,0.000,,,QLD,Regional - QLD,590001,2026/07/24 12:01:07
2026/07/23,Quarantine Power Station,555087,BBGPG,0.000,0.000,0.000,0.000,,,SA,Regional - SA,590013,2026/07/24 11:37:05
2026/07/23,Queensland Aluminia,544012,BBLARGE,41.507,0.000,0.000,0.000,,,QLD,Regional - QLD,590001,2026/07/24 12:01:07
2026/07/23,RBP,540057,PIPE,0.000,0.000,0.000,26.800,,,QLD,Wallumbilla Hub,540032,2026/07/24 12:46:32
2026/07/23,RBP,540057,PIPE,4.238,44.694,50.413,3.006,,,QLD,Regional - QLD,590001,2026/07/24 12:46:32
2026/07/23,RBP,540057,PIPE,56.414,0.000,0.000,0.000,,,QLD,Brisbane,590002,2026/07/24 12:46:32
2026/07/23,RCWP,540102,PIPE,0.000,0.000,0.000,48.283,,,QLD,Wallumbilla Hub,540032,2026/07/24 12:46:32
2026/07/23,RCWP,540102,PIPE,0.000,0.000,48.210,0.000,,,QLD,Regional - QLD,590001,2026/07/24 12:46:32
2026/07/23,Reedy Creek,540085,PROD,0.000,95.409,0.000,0.000,,,QLD,Regional - QLD,590001,2026/07/28 11:30:08
2026/07/23,RMNGPF,640011,PROD,0.000,17.240,0.000,0.000,,,QLD,Regional - QLD,590001,2026/07/24 08:33:44
2026/07/23,RNMGP,640012,PIPE,0.000,17.240,0.000,17.240,,,QLD,Regional - QLD,590001,2026/07/24 08:33:44
2026/07/23,RNP,640009,PIPE,0.000,23.992,0.000,23.992,,,QLD,Regional - QLD,590001,2026/07/24 12:01:09
2026/07/23,Rolleston,540073,PROD,0.000,8.782,0.000,0.000,,,QLD,Regional - QLD,590001,2026/07/24 12:01:07
2026/07/23,Roma,540095,PROD,0.000,234.142,0.000,0.000,,,QLD,Regional - QLD,590001,2026/07/24 11:13:20
2026/07/23,Roma North,544260,PROD,0.000,23.992,0.000,0.000,,,QLD,Regional - QLD,590001,2026/07/24 12:01:15
2026/07/23,Roma Power Station,540120,BBGPG,0.000,0.000,0.000,0.000,,,QLD,Regional - QLD,590001,2026/07/24 11:31:58
2026/07/23,Ron Goodin Power Station,580234,BBGPG,0.000,0.000,0.000,0.000,,,NT,Regional - NT,590017,2026/07/24 06:41:03
2026/07/23,RPL,540110,PIPE,0.062,0.000,0.000,0.000,,,QLD,Regional - QLD,590001,2026/07/24 11:31:58
2026/07/23,Ruby Jo,540082,PROD,0.000,427.946,0.000,0.000,,,QLD,Regional - QLD,590001,2026/08/10 11:36:14
2026/07/23,RUGS,540040,STOR,0.000,2.571,0.000,0.000,15219.502,0.000,QLD,Regional - QLD,590001,2026/07/24 11:13:20
2026/07/23,Scotia,540072,PROD,0.000,104.089,0.000,0.000,,,QLD,Regional - QLD,590001,2026/07/24 11:13:20
2026/07/23,SEPS,550061,PIPE,8.118,0.000,8.116,0.000,,,SA,Regional - SA,590013,2026/07/24 11:37:06
2026/07/23,SESA,550060,PIPE,0.000,0.000,8.164,0.000,,,VIC,Regional - VIC,590012,2026/07/24 12:46:32
2026/07/23,SESA,550060,PIPE,0.000,0.000,0.000,8.116,,,SA,Regional - SA,590013,2026/07/24 12:46:32
2026/07/23,Shoalhaven Starches Cogeneration Plant,523203,BBLARGE,20.415,0.000,0.000,0.000,,,NSW,Regional - NSW,590011,2026/07/24 13:28:45
2026/07/23,Smithfield Energy Facility,522004,BBGPG,0.000,0.000,0.000,0.000,,,NSW,Regional - NSW,590011,2026/07/24 12:04:00
2026/07/23,Snapper Point,555090,BBGPG,0.000,0.000,0.000,0.000,,,SA,Regional - SA,590013,2026/07/24 11:37:05
2026/07/23,Somerton,533174,BBGPG,0.000,0.000,0.000,0.000,,,VIC,Melbourne,590008,2026/07/28 11:00:02
2026/07/23,Spring Gully,540066,PROD,0.000,53.962,0.000,0.000,,,QLD,Regional - QLD,590001,2026/07/28 11:30:08
2026/07/23,SSP,540103,PIPE,0.000,6.380,0.000,6.380,,,QLD,Regional - QLD,590001,2026/07/24 08:45:35
2026/07/23,SSSF,540062,STOR,0.000,6.300,0.000,0.000,8731.492,0.000,QLD,Regional - QLD,590001,2026/07/24 08:45:35
2026/07/23,Strathblane,540067,PROD,0.000,52.169,0.000,0.000,,,QLD,Regional - QLD,590001,2026/07/28 11:30:08
2026/07/23,Swanbank Power Station,544104,BBGPG,0.000,0.000,0.000,0.000,,,QLD,Brisbane,590002,2026/07/24 12:46:32
2026/07/23,SWQP,540060,PIPE,0.000,0.000,386.865,211.379,,,QLD,Wallumbilla Hub,540032,2026/07/24 12:46:32
2026/07/23,SWQP,540060,PIPE,0.000,0.000,0.000,85.603,,,QLD,Ballera,540078,2026/07/24 12:46:32
2026/07/23,SWQP,540060,PIPE,0.000,188.821,0.000,291.942,,,SA,Moomba Hub,550017,2026/07/24 12:46:32
2026/07/23,SWQP,540060,PIPE,0.120,0.000,0.000,0.000,,,QLD,Regional - QLD,590001,2026/07/24 12:46:32
2026/07/23,Talinga,540076,PROD,0.000,87.724,0.000,0.000,,,QLD,Regional - QLD,590001,2026/07/28 11:30:08
2026/07/23,Tallawarra,522002,BBGPG,0.001,0.000,0.000,0.000,,,NSW,Regional - NSW,590011,2026/07/24 11:00:04
2026/07/23,Tallawarra Pipeline,523201,PIPE,0.001,0.000,0.001,0.000,,,NSW,Regional - NSW,590011,2026/07/24 11:00:04
2026/07/23,Taloona,540068,PROD,0.000,41.697,0.000,0.000,,,QLD,Regional - QLD,590001,2026/07/28 11:30:08
2026/07/23,Tanami GP,580210,PIPE,8.120,0.000,8.740,0.000,,,NT,Regional - NT,590017,2026/07/24 12:02:00
2026/07/23,TGP,570050,PIPE,0.000,0.000,73.442,33.545,,,VIC,Longford Hub,530015,2026/07/25 12:01:00
2026/07/23,TGP,570050,PIPE,45.622,0.000,0.000,0.000,,,TAS,Regional - TAS,590014,2026/07/25 12:01:00
2026/07/23,Tipton,540051,PROD,0.000,41.646,0.000,0.000,,,QLD,Regional - QLD,590001,2026/07/24 12:30:16
2026/07/23,Torrens Island PS,555041,BBGPG,39.754,0.000,0.000,0.000,,,SA,Regional - SA,590013,2026/07/24 11:37:05
2026/07/23,Uranquinty Power Station,522047,BBGPG,0.000,0.000,0.000,0.000,,,NSW,Regional - NSW,590011,2026/07/24 12:46:32
2026/07/23,Valley Power GPG,535024,BBGPG,0.793,0.000,0.000,0.000,,,VIC,Gippsland,590009,2026/07/24 11:00:58
2026/07/23,VicHub,532005,PIPE,0.000,0.000,25.647,25.647,,,VIC,Longford Hub,530015,2026/07/24 12:01:17
2026/07/23,Viva Energy Refinery,535018,BBLARGE,10.012,0.000,0.000,0.000,,,VIC,Geelong,590005,2026/07/24 07:30:13
2026/07/23,VTS,530110,PIPE,0.000,443.349,59.208,0.000,,,VIC,Longford Hub,530015,2026/07/28 11:00:02
2026/07/23,VTS,530110,PIPE,0.000,183.200,71.326,0.000,,,VIC,Iona Hub,530016,2026/07/28 11:00:02
2026/07/23,VTS,530110,PIPE,13.772,0.000,0.000,0.000,,,VIC,Western,590004,2026/07/28 11:00:02
2026/07/23,VTS,530110,PIPE,81.095,0.000,0.000,0.000,,,VIC,Geelong,590005,2026/07/28 11:00:02
2026/07/23,VTS,530110,PIPE,54.667,0.000,0.000,0.000,,,VIC,Ballarat,590006,2026/07/28 11:00:02
2026/07/23,VTS,530110,PIPE,77.706,0.000,0.000,0.000,,,VIC,Northern,590007,2026/07/28 11:00:02
2026/07/23,VTS,530110,PIPE,472.746,0.189,0.000,0.000,,,VIC,Melbourne,590008,2026/07/28 11:00:02
2026/07/23,VTS,530110,PIPE,53.224,0.000,8.517,1.155,,,VIC,Gippsland,590009,2026/07/28 11:00:02
2026/07/23,VTS,530110,PIPE,0.000,0.000,0.001,7.316,,,NSW,Culcairn,590016,2026/07/28 11:00:02
2026/07/23,Wallumbilla Compression Station,544280,COMPRESSOR,0.000,0.000,0.000,0.000,,,QLD,Wallumbilla Hub,540032,2026/07/24 11:13:06
2026/07/23,WCFA,540045,COMPRESSOR,0.000,0.000,239.696,239.696,,,QLD,Wallumbilla Hub,540032,2026/07/24 12:46:32
2026/07/23,WCFB,540046,COMPRESSOR,0.000,0.000,136.368,136.368,,,QLD,Wallumbilla Hub,540032,2026/07/24 12:46:32
2026/07/23,Weddell Power Station,580232,BBGPG,8.165,0.000,0.000,0.000,,,NT,Darwin,580001,2026/07/24 12:46:32
2026/07/23,WGP,540091,PIPE,1391.196,0.000,0.000,0.000,,,QLD,Curtis Island,540030,2026/08/10 11:36:14
2026/07/23,WGP,540091,PIPE,0.000,1298.339,60.716,0.000,,,QLD,Regional - QLD,590001,2026/08/10 11:36:14
2026/07/23,Whyalla Steelworks,555085,BBLARGE,3.366,0.000,0.000,0.000,,,SA,Regional - SA,590013,2026/07/24 11:37:05
2026/07/23,Windibri,540069,PROD,0.000,98.153,0.000,0.000,,,QLD,Regional - QLD,590001,2026/08/10 11:36:14
2026/07/23,Woleebee Creek,540087,PROD,0.000,628.248,0.000,0.000,,,QLD,Regional - QLD,590001,2026/08/10 11:36:14
2026/07/23,WPP,580030,PIPE,8.165,3.363,4.808,0.000,,,NT,Darwin,580001,2026/07/24 12:46:32
2026/07/23,Yarwun,544282,BBGPG,59.052,0.000,0.000,0.000,,,QLD,Regional - QLD,590001,2026/07/24 12:01:07
2026/07/23,Yelcherr,580180,PROD,0.000,0.000,0.000,0.000,,,NT,Regional - NT,590017,2026/07/24 12:46:32
2026/07/23,Yellowbank,540074,PROD,0.000,11.796,0.000,0.000,,,QLD,Regional - QLD,590001,2026/07/24 12:01:07
2026/07/24,Adelaide Brighton,555091,BBLARGE,10.023,0.000,0.000,0.000,,,SA,Adelaide,550016,2026/08/10 13:00:00
2026/07/24,AGP,580010,PIPE,19.574,0.000,0.000,5.087,,,NT,Darwin,580001,2026/07/25 12:46:32
2026/07/24,AGP,580010,PIPE,8.943,32.451,33.609,41.061,,,NT,Regional - NT,590017,2026/07/25 12:46:32
2026/07/24,APLNG Pipeline,540093,PIPE,1660.473,0.000,0.000,0.000,,,QLD,Curtis Island,540030,2026/07/29 11:30:08
2026/07/24,APLNG Pipeline,540093,PIPE,0.000,1286.409,558.388,202.523,,,QLD,Regional - QLD,590001,2026/07/29 11:30:08
2026/07/24,Arcadia,540101,PROD,0.000,91.917,0.000,0.000,,,QLD,Regional - QLD,590001,2026/07/25 10:28:36
2026/07/24,ATGP,640013,PIPE,0.000,43.096,0.000,43.096,,,QLD,Regional - QLD,590001,2026/07/25 12:01:12
2026/07/24,ATHENA,535014,PROD,0.000,17.263,0.000,0.000,,,VIC,Iona Hub,530016,2026/07/29 10:37:24
2026/07/24,Atlas,544261,PROD,0.000,43.096,0.000,0.000,,,QLD,Regional - QLD,590001,2026/07/25 12:01:20
2026/07/24,Atlas East Central Processing Facility,640008,PROD,0.000,31.990,0.000,0.000,,,QLD,Regional - QLD,590001,2026/07/25 09:27:24
2026/07/24,Atlas to Reedy Creek Pipeline,640007,PIPE,0.000,31.984,0.000,31.899,,,QLD,Regional - QLD,590001,2026/07/25 12:46:32
2026/07/24,Australia Pacific LNG,544273,LNGEXPORT,1660.474,0.000,0.000,0.000,,,QLD,Curtis Island,540030,2026/07/25 12:00:25
2026/07/24,Australian Paper (Opal),535021,BBLARGE,11.030,0.000,0.000,0.000,,,VIC,Gippsland,590009,2026/07/28 11:00:02
2026/07/24,B1PL,540077,PIPE,0.036,41.552,0.000,43.167,,,QLD,Regional - QLD,590001,2026/07/25 11:00:53
2026/07/24,B2PL,540071,PIPE,0.000,55.423,6.006,60.704,,,QLD,Regional - QLD,590001,2026/07/25 12:30:13
2026/07/24,Bairnsdale Power Station,535020,BBGPG,0.000,0.000,0.000,0.000,,,VIC,Regional - VIC,590012,2026/07/25 11:00:45
2026/07/24,BCF,540047,COMPRESSOR,0.000,0.000,84.300,84.300,,,QLD,Regional - QLD,590001,2026/07/29 10:00:01
2026/07/24,Bell Bay CCGT,577016,BBGPG,26.828,0.000,0.000,0.000,,,TAS,Regional - TAS,590014,2026/07/26 12:01:00
2026/07/24,Bell Bay GGT,577014,BBGPG,0.000,0.000,0.000,0.000,,,TAS,Regional - TAS,590014,2026/07/26 12:01:00
2026/07/24,Bell Bay OCGT,577015,BBGPG,0.000,0.000,0.000,0.000,,,TAS,Regional - TAS,590014,2026/07/26 12:01:00
2026/07/24,Bellevue,540083,PROD,0.000,136.423,0.000,0.000,,,QLD,Regional - QLD,590001,2026/08/10 11:36:14
2026/07/24,BGP,580020,PIPE,0.295,0.000,0.000,0.000,,,NT,Regional - NT,590017,2026/07/25 12:46:32
2026/07/24,BlueScope,523204,BBLARGE,11.950,0.000,0.000,0.000,,,NSW,Sydney,520008,2026/07/25 12:01:05
2026/07/24,Bolivar,555008,BBGPG,0.000,0.000,0.000,0.000,,,SA,Regional - SA,590013,2026/07/25 12:08:55
2026/07/24,Bomaderry Gas Pipeline,523202,PIPE,20.636,0.000,20.636,0.000,,,NSW,Regional - NSW,590011,2026/07/26 09:35:15
2026/07/24,BPP,530030,PIPE,3.130,12.950,0.000,9.819,,,VIC,Gippsland,590009,2026/07/28 11:00:02
2026/07/24,Braemar 2 Power Station,544085,BBGPG,0.000,0.000,0.000,0.000,,,QLD,Regional - QLD,590001,2026/07/25 12:30:13
2026/07/24,Braemar Power Station,544252,BBGPG,0.036,0.000,0.000,0.000,,,QLD,Regional - QLD,590001,2026/07/25 11:00:53
2026/07/24,BWP,540096,PIPE,0.000,0.000,0.000,81.231,,,QLD,Wallumbilla Hub,540032,2026/07/25 12:46:32
2026/07/24,BWP,540096,PIPE,0.000,80.944,0.000,0.000,,,QLD,Regional - QLD,590001,2026/07/25 12:46:32
2026/07/24,CGP,540059,PIPE,0.000,0.000,84.250,0.000,,,QLD,Ballera,540078,2026/07/25 12:46:32
2026/07/24,CGP,540059,PIPE,70.206,0.000,0.000,12.199,,,QLD,Regional - QLD,590001,2026/07/25 12:46:32
2026/07/24,Channel Island Power Station,580231,BBGPG,19.574,0.000,0.000,0.000,,,NT,Darwin,580001,2026/07/25 12:46:32
2026/07/24,Colongra,523120,BBGPG,0.000,0.000,0.000,0.000,,,NSW,Regional - NSW,590011,2026/07/25 12:00:05
2026/07/24,ColongraGP,520090,PIPE,-3.040,0.000,0.000,0.000,,,NSW,Sydney,520008,2026/07/25 12:00:05
2026/07/24,ColongraGP,520090,PIPE,0.000,0.000,0.000,0.000,,,NSW,Regional - NSW,590011,2026/07/25 12:00:05
2026/07/24,Combabula,540094,PROD,0.000,311.323,0.000,0.000,,,QLD,Regional - QLD,590001,2026/07/29 11:30:08
2026/07/24,Condabri Central,540080,PROD,0.000,145.225,0.000,0.000,,,QLD,Regional - QLD,590001,2026/07/29 11:30:08
2026/07/24,Condabri North,540090,PROD,0.000,157.025,0.000,0.000,,,QLD,Regional - QLD,590001,2026/07/29 11:30:08
2026/07/24,Condabri South,540086,PROD,0.000,156.441,0.000,0.000,,,QLD,Regional - QLD,590001,2026/07/29 11:30:08
2026/07/24,Condamine Power Station,544274,BBGPG,0.000,0.000,0.000,0.000,,,QLD,Regional - QLD,590001,2026/08/10 11:35:25
2026/07/24,CRWP,540098,PIPE,0.000,0.000,179.736,0.000,,,QLD,Wallumbilla Hub,540032,2026/07/25 10:28:05
2026/07/24,CRWP,540098,PIPE,0.000,229.521,41.229,439.308,,,QLD,Regional - QLD,590001,2026/07/25 10:28:05
2026/07/24,CWP,520054,PIPE,5.597,0.000,4.843,0.000,,,NSW,Regional - NSW,590011,2026/07/25 12:46:32
2026/07/24,Daandine,540050,PROD,0.000,55.423,0.000,0.000,,,QLD,Regional - QLD,590001,2026/07/25 12:30:13
2026/07/24,Dandenong LNG,530038,STOR,0.000,0.285,0.000,0.000,616.591,27.889,VIC,Melbourne,590008,2026/07/25 12:46:32
2026/07/24,DDP,540097,PIPE,0.000,0.000,0.000,233.932,,,QLD,Wallumbilla Hub,540032,2026/08/04 11:01:22
2026/07/24,DDP,540097,PIPE,0.004,582.843,152.464,507.101,,,QLD,Regional - QLD,590001,2026/08/04 11:01:22
2026/07/24,DDPS,544027,BBGPG,0.004,0.000,0.000,0.000,,,QLD,Regional - QLD,590001,2026/08/04 11:01:22
2026/07/24,Diamantina Power Station,544077,BBGPG,31.675,0.000,0.000,0.000,,,QLD,Regional - QLD,590001,2026/07/25 12:46:32
2026/07/24,Dry Creek Power Station,555026,BBGPG,0.000,0.000,0.000,0.000,,,SA,Regional - SA,590013,2026/07/25 11:31:05
2026/07/24,EGP,520047,PIPE,118.647,0.000,0.000,0.000,,,NSW,Sydney,520008,2026/07/25 12:01:05
2026/07/24,EGP,520047,PIPE,16.884,0.000,0.000,0.000,,,NSW,Canberra,520009,2026/07/25 12:01:05
2026/07/24,EGP,520047,PIPE,0.000,218.970,0.000,135.748,,,VIC,Longford Hub,530015,2026/07/25 12:01:05
2026/07/24,EGP,520047,PIPE,5.373,0.000,0.000,20.636,,,NSW,Regional - NSW,590011,2026/07/25 12:01:05
2026/07/24,EGP,520047,PIPE,1.144,70.686,0.000,0.000,,,VIC,Regional - VIC,590012,2026/07/25 12:01:05
2026/07/24,EO4PL,540055,PIPE,0.000,0.000,0.000,0.000,,,QLD,Regional - QLD,590001,2026/08/10 11:36:14
2026/07/24,Eurombah Creek,540089,PROD,0.000,142.428,0.000,0.000,,,QLD,Regional - QLD,590001,2026/07/29 11:30:08
2026/07/24,Fairview,540070,PROD,0.000,285.294,0.000,0.000,,,QLD,Regional - QLD,590001,2026/07/25 10:28:36
2026/07/24,GLNG (Curtis Island),544276,LNGEXPORT,810.806,0.000,0.000,0.000,,,QLD,Curtis Island,540030,2026/07/25 10:28:05
2026/07/24,GLNG Pipeline,540092,PIPE,810.806,0.000,0.000,0.000,,,QLD,Curtis Island,540030,2026/07/25 10:28:05
2026/07/24,GLNG Pipeline,540092,PIPE,0.000,418.494,439.308,51.287,,,QLD,Regional - QLD,590001,2026/08/10 11:36:14
2026/07/24,Hallett,555029,BBGPG,0.000,0.000,0.000,0.000,,,SA,Regional - SA,590013,2026/07/25 11:31:05
2026/07/24,Hunter Power Station,523210,BBGPG,0.179,0.000,0.000,0.000,,,NSW,Sydney,520008,2026/07/25 12:46:32
2026/07/24,ICF,530071,COMPRESSOR,0.000,0.000,0.000,0.000,,,VIC,Iona Hub,530016,2026/07/25 08:35:04
2026/07/24,Iona UGS,530042,STOR,0.000,201.251,0.000,0.000,17014.956,0.000,VIC,Iona Hub,530016,2026/07/25 08:30:04
2026/07/24,Jeerelang,533161,BBGPG,0.000,0.000,0.000,0.000,,,VIC,Gippsland,590009,2026/07/28 11:00:02
2026/07/24,Jordan,540088,PROD,0.000,329.306,0.000,0.000,,,QLD,Regional - QLD,590001,2026/08/10 11:36:14
2026/07/24,Katherine Power Station,580233,BBGPG,0.000,0.000,0.000,0.000,,,NT,Regional - NT,590017,2026/07/25 12:46:32
2026/07/24,Kenya,540075,PROD,0.000,125.500,0.000,0.000,,,QLD,Regional - QLD,590001,2026/08/10 11:36:14
2026/07/24,Kincora,544253,PROD,0.000,4.000,0.000,0.000,,,QLD,Regional - QLD,590001,2026/07/25 12:46:32
2026/07/24,KKLP,523209,PIPE,0.179,0.000,0.000,0.000,,,NSW,Sydney,520008,2026/07/25 12:46:32
2026/07/24,Kogan North,540061,PROD,0.000,4.175,0.000,0.000,,,QLD,Regional - QLD,590001,2026/07/25 12:46:32
2026/07/24,Ladbroke Grove PS,555086,BBGPG,4.036,0.000,0.000,0.000,,,SA,Regional - SA,590013,2026/07/25 12:46:32
2026/07/24,Lang Lang,530039,PROD,0.000,12.950,0.000,0.000,,,VIC,Gippsland,590009,2026/07/25 10:50:21
2026/07/24,Laverton,533201,BBGPG,0.001,0.000,0.000,0.000,,,VIC,Geelong,590005,2026/07/28 11:00:02
2026/07/24,Longford,530040,PROD,0.000,609.137,0.000,0.000,,,VIC,Longford Hub,530015,2026/07/25 07:52:42
2026/07/24,Loy Yang B,533163,BBGPG,0.000,0.000,0.000,0.000,,,VIC,Gippsland,590009,2026/07/25 11:00:47
2026/07/24,LYB Transmission Pipeline,535023,PIPE,0.004,0.000,0.109,0.000,,,VIC,Gippsland,590009,2026/07/25 11:00:47
2026/07/24,MAPS,550054,PIPE,42.147,0.000,0.000,0.000,,,SA,Adelaide,550016,2026/07/25 11:31:05
2026/07/24,MAPS,550054,PIPE,0.000,33.606,132.865,0.000,,,SA,Moomba Hub,550017,2026/07/25 11:31:05
2026/07/24,MAPS,550054,PIPE,138.457,0.000,0.000,0.000,,,SA,Regional - SA,590013,2026/07/25 11:31:05
2026/07/24,McArthur River Mine,580220,BBGPG,7.490,0.000,0.000,0.000,,,NT,Regional - NT,590017,2026/07/25 09:56:18
2026/07/24,MCF,550050,COMPRESSOR,0.000,0.000,0.000,0.000,,,SA,Moomba Hub,550017,2026/07/25 12:46:32
2026/07/24,Mereenie,580040,PROD,0.000,23.721,0.000,0.000,,,NT,Regional - NT,590017,2026/07/25 13:11:01
2026/07/24,Meridian,540064,PROD,0.000,45.533,0.000,0.000,,,QLD,Regional - QLD,590001,2026/07/25 09:38:54
2026/07/24,Mintaro Power Station,555031,BBGPG,0.000,0.000,0.000,0.000,,,SA,Regional - SA,590013,2026/07/25 11:31:05
2026/07/24,Moomba,550045,PROD,0.000,226.600,0.000,0.000,,,SA,Moomba Hub,550017,2026/07/29 10:00:01
2026/07/24,Moomba Storage,550046,STOR,0.000,5.000,0.000,0.000,6329.300,0.000,SA,Moomba Hub,550017,2026/07/29 10:00:01
2026/07/24,Mortlake PS,530063,BBGPG,0.000,0.000,0.000,0.000,,,VIC,Regional - VIC,590012,2026/07/25 07:20:00
2026/07/24,MPL,530061,PIPE,0.000,0.000,0.000,0.000,,,VIC,Iona Hub,530016,2026/07/25 07:20:00
2026/07/24,MPL,530061,PIPE,0.000,0.000,0.000,0.000,,,VIC,Regional - VIC,590012,2026/07/25 07:20:00
2026/07/24,MRP,580100,PIPE,7.490,0.000,7.491,0.000,,,NT,Regional - NT,590017,2026/07/25 09:56:18
2026/07/24,MSP,520053,PIPE,139.545,0.000,0.000,0.000,,,NSW,Sydney,520008,2026/07/25 12:46:32
2026/07/24,MSP,520053,PIPE,0.000,0.000,180.999,1.000,,,SA,Moomba Hub,550017,2026/07/25 12:46:32
2026/07/24,MSP,520053,PIPE,47.768,0.000,0.000,4.843,,,NSW,Regional - NSW,590011,2026/07/25 12:46:32
2026/07/24,MSP,520053,PIPE,21.372,0.000,0.000,0.000,,,NSW,Regional - ACT,590015,2026/07/25 12:46:32
2026/07/24,MSP,520053,PIPE,0.000,0.000,7.716,1.221,,,NSW,Culcairn,590016,2026/07/25 12:46:32
2026/07/24,Newport,533171,BBGPG,0.003,0.000,0.000,0.000,,,VIC,Melbourne,590008,2026/07/28 11:00:02
2026/07/24,NGP,580050,PIPE,0.000,0.000,12.199,0.000,,,QLD,Regional - QLD,590001,2026/07/25 12:01:17
2026/07/24,NGP,580050,PIPE,0.000,0.000,22.833,33.609,,,NT,Regional - NT,590017,2026/07/25 12:01:17
2026/07/24,NGS,520060,STOR,0.080,15.462,0.000,0.000,739.523,76.775,NSW,Sydney,520008,2026/07/25 08:09:02
2026/07/24,Oakey PS,544095,BBGPG,0.000,0.000,0.000,0.000,,,QLD,Regional - QLD,590001,2026/07/25 12:46:32
2026/07/24,Orana,540084,PROD,0.000,166.496,0.000,0.000,,,QLD,Regional - QLD,590001,2026/07/29 11:30:08
2026/07/24,Orbost,530041,PROD,0.000,70.686,0.000,0.000,,,VIC,Regional - VIC,590012,2026/07/25 12:01:05
2026/07/24,Orica,544011,BBLARGE,10.345,0.000,0.000,0.000,,,QLD,Regional - QLD,590001,2026/07/25 12:01:07
2026/07/24,Orica (Kooragang Island),523206,BBLARGE,39.120,0.000,0.000,0.000,,,NSW,Sydney,520008,2026/07/25 13:00:00
2026/07/24,Osborne,555033,BBGPG,35.009,0.000,0.000,0.000,,,SA,Regional - SA,590013,2026/07/25 11:31:05
2026/07/24,Otway,530044,PROD,0.000,93.970,0.000,0.000,,,VIC,Iona Hub,530016,2026/07/25 10:53:44
2026/07/24,Owen Springs Power Station,580235,BBGPG,1.386,0.000,0.000,0.000,,,NT,Regional - NT,590017,2026/07/25 06:41:10
2026/07/24,Palm Valley,580060,PROD,0.000,5.730,0.000,0.000,,,NT,Regional - NT,590017,2026/07/25 13:11:01
2026/07/24,PCA,550052,PIPE,0.000,21.062,34.887,1.005,,,VIC,Iona Hub,530016,2026/08/04 12:20:05
2026/07/24,PCA,550052,PIPE,29.645,0.000,0.000,0.000,,,SA,Adelaide,550016,2026/08/04 12:20:05
2026/07/24,PCA,550052,PIPE,0.000,0.000,0.000,11.220,,,VIC,Regional - VIC,590012,2026/08/04 12:20:05
2026/07/24,PCA,550052,PIPE,0.680,0.000,0.000,0.001,,,SA,Regional - SA,590013,2026/08/04 12:20:05
2026/07/24,PCI,530060,PIPE,0.000,105.340,1.005,106.345,,,VIC,Iona Hub,530016,2026/07/25 07:20:01
2026/07/24,Peat,540065,PROD,0.000,12.010,0.000,0.000,,,QLD,Regional - QLD,590001,2026/07/29 11:30:08
2026/07/24,Pelican Point Power Station,555089,BBGPG,26.412,0.000,0.000,0.000,,,SA,Regional - SA,590013,2026/08/04 12:20:05
2026/07/24,Phosphate Hill,544081,BBLARGE,26.625,0.000,0.000,0.000,,,QLD,Regional - QLD,590001,2026/07/25 12:46:32
2026/07/24,Pipeline Compression Station,544279,COMPRESSOR,0.000,0.000,0.000,0.000,,,QLD,Regional - QLD,590001,2026/07/25 10:28:05
2026/07/24,PVP,580070,PIPE,1.939,0.000,1.997,0.000,,,NT,Regional - NT,590017,2026/07/25 06:41:10
2026/07/24,QCLNG LNG Plant,544272,LNGEXPORT,1369.448,0.000,0.000,0.000,,,QLD,Curtis Island,540030,2026/08/10 11:36:14
2026/07/24,QGP,540058,PIPE,0.000,0.000,34.566,0.000,,,QLD,Wallumbilla Hub,540032,2026/07/25 12:01:07
2026/07/24,QGP,540058,PIPE,136.488,24.859,76.855,0.000,,,QLD,Regional - QLD,590001,2026/07/25 12:01:07
2026/07/24,Quarantine Power Station,555087,BBGPG,1.438,0.000,0.000,0.000,,,SA,Regional - SA,590013,2026/07/25 11:31:05
2026/07/24,Queensland Aluminia,544012,BBLARGE,40.903,0.000,0.000,0.000,,,QLD,Regional - QLD,590001,2026/07/25 12:01:07
2026/07/24,RBP,540057,PIPE,0.000,0.000,0.000,23.800,,,QLD,Wallumbilla Hub,540032,2026/07/25 12:46:32
2026/07/24,RBP,540057,PIPE,3.791,36.795,49.967,6.006,,,QLD,Regional - QLD,590001,2026/07/25 12:46:32
2026/07/24,RBP,540057,PIPE,56.360,0.000,0.000,0.000,,,QLD,Brisbane,590002,2026/07/25 12:46:32
2026/07/24,RCWP,540102,PIPE,0.000,0.000,0.000,47.772,,,QLD,Wallumbilla Hub,540032,2026/07/25 12:46:32
2026/07/24,RCWP,540102,PIPE,0.000,0.000,47.674,0.000,,,QLD,Regional - QLD,590001,2026/07/25 12:46:32
2026/07/24,Reedy Creek,540085,PROD,0.000,115.267,0.000,0.000,,,QLD,Regional - QLD,590001,2026/07/29 11:30:08
2026/07/24,RMNGPF,640011,PROD,0.000,17.250,0.000,0.000,,,QLD,Regional - QLD,590001,2026/07/25 09:27:34
2026/07/24,RNMGP,640012,PIPE,0.000,17.250,0.000,17.250,,,QLD,Regional - QLD,590001,2026/07/25 09:27:34
2026/07/24,RNP,640009,PIPE,0.000,23.979,0.000,23.979,,,QLD,Regional - QLD,590001,2026/07/25 12:01:08
2026/07/24,Rolleston,540073,PROD,0.000,8.764,0.000,0.000,,,QLD,Regional - QLD,590001,2026/07/25 12:01:07
2026/07/24,Roma,540095,PROD,0.000,229.521,0.000,0.000,,,QLD,Regional - QLD,590001,2026/07/25 10:28:40
2026/07/24,Roma North,544260,PROD,0.000,23.979,0.000,0.000,,,QLD,Regional - QLD,590001,2026/07/25 12:01:19
2026/07/24,Roma Power Station,540120,BBGPG,0.000,0.000,0.000,0.000,,,QLD,Regional - QLD,590001,2026/07/25 11:11:58
2026/07/24,Ron Goodin Power Station,580234,BBGPG,0.000,0.000,0.000,0.000,,,NT,Regional - NT,590017,2026/07/25 06:41:10
2026/07/24,RPL,540110,PIPE,0.079,0.000,0.000,0.000,,,QLD,Regional - QLD,590001,2026/07/25 11:11:58
2026/07/24,Ruby Jo,540082,PROD,0.000,427.259,0.000,0.000,,,QLD,Regional - QLD,590001,2026/08/10 11:36:14
2026/07/24,RUGS,540040,STOR,0.000,3.872,0.000,0.000,15202.908,0.000,QLD,Regional - QLD,590001,2026/07/25 10:28:40
2026/07/24,Scotia,540072,PROD,0.000,103.188,0.000,0.000,,,QLD,Regional - QLD,590001,2026/07/25 10:28:40
2026/07/24,SEPS,550061,PIPE,6.975,0.000,7.004,0.000,,,SA,Regional - SA,590013,2026/07/25 11:32:05
2026/07/24,SESA,550060,PIPE,0.000,0.000,11.219,0.000,,,VIC,Regional - VIC,590012,2026/07/25 12:46:32
2026/07/24,SESA,550060,PIPE,4.036,0.000,0.000,7.008,,,SA,Regional - SA,590013,2026/07/25 12:46:32
2026/07/24,Shoalhaven Starches Cogeneration Plant,523203,BBLARGE,20.636,0.000,0.000,0.000,,,NSW,Regional - NSW,590011,2026/07/26 09:35:15
2026/07/24,Smithfield Energy Facility,522004,BBGPG,0.000,0.000,0.000,0.000,,,NSW,Regional - NSW,590011,2026/07/25 12:08:55
2026/07/24,Snapper Point,555090,BBGPG,0.000,0.000,0.000,0.000,,,SA,Regional - SA,590013,2026/07/25 11:31:05
2026/07/24,Somerton,533174,BBGPG,0.000,0.000,0.000,0.000,,,VIC,Melbourne,590008,2026/07/28 11:00:02
2026/07/24,Spring Gully,540066,PROD,0.000,53.349,0.000,0.000,,,QLD,Regional - QLD,590001,2026/07/29 11:30:08
2026/07/24,SSP,540103,PIPE,0.000,6.800,0.000,6.800,,,QLD,Regional - QLD,590001,2026/07/25 10:41:32
2026/07/24,SSSF,540062,STOR,0.000,6.980,0.000,0.000,8724.521,0.000,QLD,Regional - QLD,590001,2026/07/25 10:41:32
2026/07/24,Strathblane,540067,PROD,0.000,51.104,0.000,0.000,,,QLD,Regional - QLD,590001,2026/07/29 11:30:08
2026/07/24,Swanbank Power Station,544104,BBGPG,0.000,0.000,0.000,0.000,,,QLD,Brisbane,590002,2026/07/25 12:46:32
2026/07/24,SWQP,540060,PIPE,0.000,0.000,386.735,214.302,,,QLD,Wallumbilla Hub,540032,2026/07/25 12:46:32
2026/07/24,SWQP,540060,PIPE,0.000,0.000,0.000,88.729,,,QLD,Ballera,540078,2026/07/25 12:46:32
2026/07/24,SWQP,540060,PIPE,0.000,194.980,0.000,312.864,,,SA,Moomba Hub,550017,2026/07/25 12:46:32
2026/07/24,SWQP,540060,PIPE,0.115,0.000,0.000,0.000,,,QLD,Regional - QLD,590001,2026/07/25 12:46:32
2026/07/24,Talinga,540076,PROD,0.000,87.957,0.000,0.000,,,QLD,Regional - QLD,590001,2026/07/29 11:30:08
2026/07/24,Tallawarra,522002,BBGPG,0.000,0.000,0.000,0.000,,,NSW,Regional - NSW,590011,2026/07/25 11:00:10
2026/07/24,Tallawarra Pipeline,523201,PIPE,0.000,0.000,0.000,0.000,,,NSW,Regional - NSW,590011,2026/07/25 11:00:10
2026/07/24,Taloona,540068,PROD,0.000,41.180,0.000,0.000,,,QLD,Regional - QLD,590001,2026/07/29 11:30:08
2026/07/24,Tanami GP,580210,PIPE,6.918,0.000,8.740,0.000,,,NT,Regional - NT,590017,2026/07/25 12:02:00
2026/07/24,TGP,570050,PIPE,0.000,0.000,87.017,44.993,,,VIC,Longford Hub,530015,2026/07/26 12:01:00
2026/07/24,TGP,570050,PIPE,43.351,0.000,0.000,0.000,,,TAS,Regional - TAS,590014,2026/07/26 12:01:00
2026/07/24,Tipton,540051,PROD,0.000,41.552,0.000,0.000,,,QLD,Regional - QLD,590001,2026/07/25 12:30:13
2026/07/24,Torrens Island PS,555041,BBGPG,54.046,0.000,0.000,0.000,,,SA,Regional - SA,590013,2026/07/25 11:31:05
2026/07/24,Uranquinty Power Station,522047,BBGPG,0.000,0.000,0.000,0.000,,,NSW,Regional - NSW,590011,2026/07/25 12:46:32
2026/07/24,Valley Power GPG,535024,BBGPG,0.004,0.000,0.000,0.000,,,VIC,Gippsland,590009,2026/07/25 11:00:47
2026/07/24,VicHub,532005,PIPE,0.000,0.000,48.738,48.738,,,VIC,Longford Hub,530015,2026/07/25 12:01:22
2026/07/24,Viva Energy Refinery,535018,BBLARGE,10.514,0.000,0.000,0.000,,,VIC,Geelong,590005,2026/07/25 07:30:12
2026/07/24,VTS,530110,PIPE,0.000,388.300,93.757,0.000,,,VIC,Longford Hub,530015,2026/07/28 11:00:02
2026/07/24,VTS,530110,PIPE,0.000,186.441,71.457,0.000,,,VIC,Iona Hub,530016,2026/07/28 11:00:02
2026/07/24,VTS,530110,PIPE,12.967,0.000,0.000,0.000,,,VIC,Western,590004,2026/07/28 11:00:02
2026/07/24,VTS,530110,PIPE,80.460,0.000,0.000,0.000,,,VIC,Geelong,590005,2026/07/28 11:00:02
2026/07/24,VTS,530110,PIPE,53.902,0.000,0.000,0.000,,,VIC,Ballarat,590006,2026/07/28 11:00:02
2026/07/24,VTS,530110,PIPE,75.900,0.000,0.000,0.000,,,VIC,Northern,590007,2026/07/28 11:00:02
2026/07/24,VTS,530110,PIPE,457.762,0.212,0.000,0.000,,,VIC,Melbourne,590008,2026/07/28 11:00:02
2026/07/24,VTS,530110,PIPE,51.409,0.000,9.819,0.109,,,VIC,Gippsland,590009,2026/07/28 11:00:02
2026/07/24,VTS,530110,PIPE,0.000,0.000,1.220,7.715,,,NSW,Culcairn,590016,2026/07/28 11:00:02
2026/07/24,Wallumbilla Compression Station,544280,COMPRESSOR,0.000,0.000,0.000,0.000,,,QLD,Wallumbilla Hub,540032,2026/07/25 10:28:05
2026/07/24,WCFA,540045,COMPRESSOR,0.000,0.000,239.668,239.668,,,QLD,Wallumbilla Hub,540032,2026/07/25 12:46:32
2026/07/24,WCFB,540046,COMPRESSOR,0.000,0.000,136.267,136.267,,,QLD,Wallumbilla Hub,540032,2026/07/25 12:46:32
2026/07/24,Weddell Power Station,580232,BBGPG,8.425,0.000,0.000,0.000,,,NT,Darwin,580001,2026/07/25 12:46:32
2026/07/24,WGP,540091,PIPE,1369.448,0.000,0.000,0.000,,,QLD,Curtis Island,540030,2026/08/10 11:36:14
2026/07/24,WGP,540091,PIPE,0.000,1308.890,60.704,0.000,,,QLD,Regional - QLD,590001,2026/08/10 11:36:14
2026/07/24,Whyalla Steelworks,555085,BBLARGE,3.120,0.000,0.000,0.000,,,SA,Regional - SA,590013,2026/07/25 11:31:05
2026/07/24,Windibri,540069,PROD,0.000,100.431,0.000,0.000,,,QLD,Regional - QLD,590001,2026/08/10 11:36:14
2026/07/24,Woleebee Creek,540087,PROD,0.000,628.331,0.000,0.000,,,QLD,Regional - QLD,590001,2026/08/10 11:36:14
2026/07/24,WPP,580030,PIPE,8.425,3.333,5.087,0.000,,,NT,Darwin,580001,2026/07/25 12:46:32
2026/07/24,Yarwun,544282,BBGPG,67.589,0.000,0.000,0.000,,,QLD,Regional - QLD,590001,2026/07/25 12:01:07
2026/07/24,Yelcherr,580180,PROD,0.000,0.000,0.000,0.000,,,NT,Regional - NT,590017,2026/07/25 12:46:32
2026/07/24,Yellowbank,540074,PROD,0.000,11.845,0.000,0.000,,,QLD,Regional - QLD,590001,2026/07/25 12:01:07
2026/07/25,Adelaide Brighton,555091,BBLARGE,9.803,0.000,0.000,0.000,,,SA,Adelaide,550016,2026/08/10 13:00:00
2026/07/25,AGP,580010,PIPE,19.191,0.000,0.000,4.366,,,NT,Darwin,580001,2026/07/26 12:46:32
2026/07/25,AGP,580010,PIPE,8.556,32.199,33.915,40.739,,,NT,Regional - NT,590017,2026/07/26 12:46:32
2026/07/25,APLNG Pipeline,540093,PIPE,1666.399,0.000,0.000,0.000,,,QLD,Curtis Island,540030,2026/07/30 11:30:08
2026/07/25,APLNG Pipeline,540093,PIPE,0.000,1328.521,560.790,184.769,,,QLD,Regional - QLD,590001,2026/07/30 11:30:08
2026/07/25,Arcadia,540101,PROD,0.000,90.355,0.000,0.000,,,QLD,Regional - QLD,590001,2026/07/26 10:58:06
2026/07/25,ATGP,640013,PIPE,0.000,42.982,0.000,42.982,,,QLD,Regional - QLD,590001,2026/07/26 12:01:09
2026/07/25,ATHENA,535014,PROD,0.000,16.972,0.000,0.000,,,VIC,Iona Hub,530016,2026/07/30 09:28:53
2026/07/25,Atlas,544261,PROD,0.000,42.982,0.000,0.000,,,QLD,Regional - QLD,590001,2026/07/26 12:01:13
2026/07/25,Atlas East Central Processing Facility,640008,PROD,0.000,31.990,0.000,0.000,,,QLD,Regional - QLD,590001,2026/07/26 08:15:41
2026/07/25,Atlas to Reedy Creek Pipeline,640007,PIPE,0.000,31.986,0.000,31.898,,,QLD,Regional - QLD,590001,2026/07/26 12:46:32
2026/07/25,Australia Pacific LNG,544273,LNGEXPORT,1666.399,0.000,0.000,0.000,,,QLD,Curtis Island,540030,2026/07/26 12:00:25
2026/07/25,Australian Paper (Opal),535021,BBLARGE,14.752,0.000,0.000,0.000,,,VIC,Gippsland,590009,2026/07/28 11:00:02
2026/07/25,B1PL,540077,PIPE,0.034,41.256,0.000,42.318,,,QLD,Regional - QLD,590001,2026/07/26 11:00:54
2026/07/25,B2PL,540071,PIPE,0.000,55.546,4.256,59.680,,,QLD,Regional - QLD,590001,2026/07/26 12:30:11
2026/07/25,Bairnsdale Power Station,535020,BBGPG,0.000,0.000,0.000,0.000,,,VIC,Regional - VIC,590012,2026/07/26 11:00:56
2026/07/25,BCF,540047,COMPRESSOR,0.000,0.000,83.600,83.600,,,QLD,Regional - QLD,590001,2026/07/30 15:59:34
2026/07/25,Bell Bay CCGT,577016,BBGPG,26.845,0.000,0.000,0.000,,,TAS,Regional - TAS,590014,2026/07/27 12:01:00
2026/07/25,Bell Bay GGT,577014,BBGPG,0.000,0.000,0.000,0.000,,,TAS,Regional - TAS,590014,2026/07/27 12:01:00
2026/07/25,Bell Bay OCGT,577015,BBGPG,0.000,0.000,0.000,0.000,,,TAS,Regional - TAS,590014,2026/07/27 12:01:00
2026/07/25,Bellevue,540083,PROD,0.000,131.899,0.000,0.000,,,QLD,Regional - QLD,590001,2026/08/10 11:36:14
2026/07/25,BGP,580020,PIPE,0.280,0.000,0.000,0.000,,,NT,Regional - NT,590017,2026/07/26 12:46:32
2026/07/25,BlueScope,523204,BBLARGE,10.729,0.000,0.000,0.000,,,NSW,Sydney,520008,2026/07/26 12:01:05
2026/07/25,Bolivar,555008,BBGPG,0.000,0.000,0.000,0.000,,,SA,Regional - SA,590013,2026/07/26 12:06:57
2026/07/25,Bomaderry Gas Pipeline,523202,PIPE,20.636,0.000,22.178,0.000,,,NSW,Regional - NSW,590011,2026/07/27 12:46:07
2026/07/25,BPP,530030,PIPE,2.850,14.150,0.000,11.294,,,VIC,Gippsland,590009,2026/07/28 11:00:02
2026/07/25,Braemar 2 Power Station,544085,BBGPG,0.000,0.000,0.000,0.000,,,QLD,Regional - QLD,590001,2026/07/26 12:30:11
2026/07/25,Braemar Power Station,544252,BBGPG,0.034,0.000,0.000,0.000,,,QLD,Regional - QLD,590001,2026/07/26 11:00:54
2026/07/25,BWP,540096,PIPE,0.000,0.000,0.000,93.295,,,QLD,Wallumbilla Hub,540032,2026/07/26 12:46:32
2026/07/25,BWP,540096,PIPE,0.000,93.943,0.000,0.000,,,QLD,Regional - QLD,590001,2026/07/26 12:46:32
2026/07/25,CGP,540059,PIPE,0.000,0.000,83.594,0.000,,,QLD,Ballera,540078,2026/07/26 12:46:32
2026/07/25,CGP,540059,PIPE,70.181,0.000,0.000,12.180,,,QLD,Regional - QLD,590001,2026/07/26 12:46:32
2026/07/25,Channel Island Power Station,580231,BBGPG,19.191,0.000,0.000,0.000,,,NT,Darwin,580001,2026/07/26 12:46:32
2026/07/25,Colongra,523120,BBGPG,0.000,0.000,0.000,0.000,,,NSW,Regional - NSW,590011,2026/07/26 12:00:05
2026/07/25,ColongraGP,520090,PIPE,0.000,0.000,0.000,0.000,,,NSW,Sydney,520008,2026/07/26 12:00:05
2026/07/25,ColongraGP,520090,PIPE,0.000,0.000,0.000,0.000,,,NSW,Regional - NSW,590011,2026/07/26 12:00:05
2026/07/25,Combabula,540094,PROD,0.000,298.709,0.000,0.000,,,QLD,Regional - QLD,590001,2026/07/30 11:30:08
2026/07/25,Condabri Central,540080,PROD,0.000,155.791,0.000,0.000,,,QLD,Regional - QLD,590001,2026/07/30 11:30:08
2026/07/25,Condabri North,540090,PROD,0.000,139.872,0.000,0.000,,,QLD,Regional - QLD,590001,2026/07/30 11:30:08
2026/07/25,Condabri South,540086,PROD,0.000,154.803,0.000,0.000,,,QLD,Regional - QLD,590001,2026/07/30 11:30:08
2026/07/25,Condamine Power Station,544274,BBGPG,0.000,0.000,0.000,0.000,,,QLD,Regional - QLD,590001,2026/08/10 11:35:25
2026/07/25,CRWP,540098,PIPE,0.000,0.000,162.321,0.000,,,QLD,Wallumbilla Hub,540032,2026/07/26 10:43:06
2026/07/25,CRWP,540098,PIPE,0.000,228.750,41.275,437.381,,,QLD,Regional - QLD,590001,2026/07/26 10:43:06
2026/07/25,CWP,520054,PIPE,4.612,0.000,5.411,0.000,,,NSW,Regional - NSW,590011,2026/07/26 12:46:32
2026/07/25,Daandine,540050,PROD,0.000,55.546,0.000,0.000,,,QLD,Regional - QLD,590001,2026/07/26 12:30:11
2026/07/25,Dandenong LNG,530038,STOR,0.000,0.277,0.000,0.000,616.365,27.889,VIC,Melbourne,590008,2026/07/26 12:46:32
2026/07/25,DDP,540097,PIPE,0.000,0.000,0.000,229.325,,,QLD,Wallumbilla Hub,540032,2026/08/04 11:02:06
2026/07/25,DDP,540097,PIPE,0.004,585.592,150.550,510.853,,,QLD,Regional - QLD,590001,2026/08/04 11:02:06
2026/07/25,DDPS,544027,BBGPG,0.004,0.000,0.000,0.000,,,QLD,Regional - QLD,590001,2026/08/04 11:02:06
2026/07/25,Diamantina Power Station,544077,BBGPG,31.592,0.000,0.000,0.000,,,QLD,Regional - QLD,590001,2026/07/26 12:46:32
2026/07/25,Dry Creek Power Station,555026,BBGPG,0.000,0.000,0.000,0.000,,,SA,Regional - SA,590013,2026/07/26 11:31:05
2026/07/25,EGP,520047,PIPE,129.448,0.000,0.000,0.000,,,NSW,Sydney,520008,2026/07/26 12:01:05
2026/07/25,EGP,520047,PIPE,15.623,0.000,0.000,0.000,,,NSW,Canberra,520009,2026/07/26 12:01:05
2026/07/25,EGP,520047,PIPE,0.000,196.163,0.000,74.775,,,VIC,Longford Hub,530015,2026/07/26 12:01:05
2026/07/25,EGP,520047,PIPE,5.027,0.000,0.000,22.178,,,NSW,Regional - NSW,590011,2026/07/26 12:01:05
2026/07/25,EGP,520047,PIPE,0.715,73.919,0.000,0.000,,,VIC,Regional - VIC,590012,2026/07/26 12:01:05
2026/07/25,EO4PL,540055,PIPE,0.000,0.000,0.000,0.000,,,QLD,Regional - QLD,590001,2026/08/10 11:36:14
2026/07/25,Eurombah Creek,540089,PROD,0.000,142.277,0.000,0.000,,,QLD,Regional - QLD,590001,2026/07/30 11:30:08
2026/07/25,Fairview,540070,PROD,0.000,285.073,0.000,0.000,,,QLD,Regional - QLD,590001,2026/07/26 10:58:06
2026/07/25,GLNG (Curtis Island),544276,LNGEXPORT,827.664,0.000,0.000,0.000,,,QLD,Curtis Island,540030,2026/07/26 10:43:06
2026/07/25,GLNG Pipeline,540092,PIPE,827.664,0.000,0.000,0.000,,,QLD,Curtis Island,540030,2026/07/26 10:43:06
2026/07/25,GLNG Pipeline,540092,PIPE,0.000,415.646,437.381,49.936,,,QLD,Regional - QLD,590001,2026/08/10 11:36:14
2026/07/25,Hallett,555029,BBGPG,0.000,0.000,0.000,0.000,,,SA,Regional - SA,590013,2026/07/26 11:31:05
2026/07/25,Hunter Power Station,523210,BBGPG,4.991,0.000,0.000,0.000,,,NSW,Sydney,520008,2026/07/26 12:46:32
2026/07/25,ICF,530071,COMPRESSOR,0.000,0.000,14.009,14.009,,,VIC,Iona Hub,530016,2026/07/26 08:35:04
2026/07/25,Iona UGS,530042,STOR,16.649,65.311,0.000,0.000,16964.647,0.000,VIC,Iona Hub,530016,2026/07/26 08:30:05
2026/07/25,Jeerelang,533161,BBGPG,0.000,0.000,0.000,0.000,,,VIC,Gippsland,590009,2026/07/28 11:00:02
2026/07/25,Jordan,540088,PROD,0.000,318.417,0.000,0.000,,,QLD,Regional - QLD,590001,2026/08/10 11:36:14
2026/07/25,Katherine Power Station,580233,BBGPG,0.000,0.000,0.000,0.000,,,NT,Regional - NT,590017,2026/07/26 12:46:32
2026/07/25,Kenya,540075,PROD,0.000,125.174,0.000,0.000,,,QLD,Regional - QLD,590001,2026/08/10 11:36:14
2026/07/25,Kincora,544253,PROD,0.000,0.000,0.000,0.000,,,QLD,Regional - QLD,590001,2026/07/26 12:46:32
2026/07/25,KKLP,523209,PIPE,4.991,0.000,0.000,0.000,,,NSW,Sydney,520008,2026/07/26 12:46:32
2026/07/25,Kogan North,540061,PROD,0.000,4.175,0.000,0.000,,,QLD,Regional - QLD,590001,2026/07/26 12:46:32
2026/07/25,Ladbroke Grove PS,555086,BBGPG,0.760,0.000,0.000,0.000,,,SA,Regional - SA,590013,2026/07/26 12:46:32
2026/07/25,Lang Lang,530039,PROD,0.000,14.150,0.000,0.000,,,VIC,Gippsland,590009,2026/07/26 10:44:33
2026/07/25,Laverton,533201,BBGPG,0.001,0.000,0.000,0.000,,,VIC,Geelong,590005,2026/07/28 11:00:02
2026/07/25,Longford,530040,PROD,0.000,642.026,0.000,0.000,,,VIC,Longford Hub,530015,2026/07/26 07:45:05
2026/07/25,Loy Yang B,533163,BBGPG,0.000,0.000,0.000,0.000,,,VIC,Gippsland,590009,2026/07/26 11:00:51
2026/07/25,LYB Transmission Pipeline,535023,PIPE,0.000,0.000,0.009,0.000,,,VIC,Gippsland,590009,2026/07/26 11:00:51
2026/07/25,MAPS,550054,PIPE,28.736,0.000,0.000,0.000,,,SA,Adelaide,550016,2026/07/26 11:31:05
2026/07/25,MAPS,550054,PIPE,0.000,29.949,80.173,0.000,,,SA,Moomba Hub,550017,2026/07/26 11:31:05
2026/07/25,MAPS,550054,PIPE,106.104,0.000,15.000,0.000,,,SA,Regional - SA,590013,2026/07/26 11:31:05
2026/07/25,McArthur River Mine,580220,BBGPG,7.439,0.000,0.000,0.000,,,NT,Regional - NT,590017,2026/07/26 09:16:19
2026/07/25,MCF,550050,COMPRESSOR,0.000,0.000,0.000,0.000,,,SA,Moomba Hub,550017,2026/07/26 12:46:32
2026/07/25,Mereenie,580040,PROD,0.000,23.584,0.000,0.000,,,NT,Regional - NT,590017,2026/07/26 12:17:20
2026/07/25,Meridian,540064,PROD,0.000,44.468,0.000,0.000,,,QLD,Regional - QLD,590001,2026/07/26 09:39:27
2026/07/25,Mintaro Power Station,555031,BBGPG,0.000,0.000,0.000,0.000,,,SA,Regional - SA,590013,2026/07/26 11:31:05
2026/07/25,Moomba,550045,PROD,0.000,220.400,0.000,0.000,,,SA,Moomba Hub,550017,2026/07/30 15:59:34
2026/07/25,Moomba Storage,550046,STOR,0.000,5.500,0.000,0.000,6323.800,0.000,SA,Moomba Hub,550017,2026/07/30 15:59:34
2026/07/25,Mortlake PS,530063,BBGPG,0.000,0.000,0.000,0.000,,,VIC,Regional - VIC,590012,2026/07/26 07:20:00
2026/07/25,MPL,530061,PIPE,0.000,0.000,0.000,0.000,,,VIC,Iona Hub,530016,2026/07/26 07:20:00
2026/07/25,MPL,530061,PIPE,0.000,0.000,0.000,0.000,,,VIC,Regional - VIC,590012,2026/07/26 07:20:00
2026/07/25,MRP,580100,PIPE,7.439,0.000,7.440,0.000,,,NT,Regional - NT,590017,2026/07/26 09:16:19
2026/07/25,MSP,520053,PIPE,118.490,0.000,0.000,0.000,,,NSW,Sydney,520008,2026/07/26 12:46:32
2026/07/25,MSP,520053,PIPE,0.000,0.000,169.293,1.500,,,SA,Moomba Hub,550017,2026/07/26 12:46:32
2026/07/25,MSP,520053,PIPE,38.645,0.000,0.000,5.411,,,NSW,Regional - NSW,590011,2026/07/26 12:46:32
2026/07/25,MSP,520053,PIPE,15.001,0.000,0.000,0.000,,,NSW,Regional - ACT,590015,2026/07/26 12:46:32
2026/07/25,MSP,520053,PIPE,0.000,0.000,41.079,0.000,,,NSW,Culcairn,590016,2026/07/26 12:46:32
2026/07/25,Newport,533171,BBGPG,0.003,0.000,0.000,0.000,,,VIC,Melbourne,590008,2026/07/28 11:00:02
2026/07/25,NGP,580050,PIPE,0.000,0.000,12.180,0.000,,,QLD,Regional - QLD,590001,2026/07/26 12:01:11
2026/07/25,NGP,580050,PIPE,0.000,0.000,23.048,33.915,,,NT,Regional - NT,590017,2026/07/26 12:01:11
2026/07/25,NGS,520060,STOR,0.100,0.677,0.000,0.000,738.874,76.775,NSW,Sydney,520008,2026/07/26 09:08:03
2026/07/25,Oakey PS,544095,BBGPG,0.000,0.000,0.000,0.000,,,QLD,Regional - QLD,590001,2026/07/26 12:46:32
2026/07/25,Orana,540084,PROD,0.000,165.931,0.000,0.000,,,QLD,Regional - QLD,590001,2026/07/30 11:30:08
2026/07/25,Orbost,530041,PROD,0.000,73.919,0.000,0.000,,,VIC,Regional - VIC,590012,2026/07/26 12:01:05
2026/07/25,Orica,544011,BBLARGE,9.775,0.000,0.000,0.000,,,QLD,Regional - QLD,590001,2026/07/26 12:01:06
2026/07/25,Orica (Kooragang Island),523206,BBLARGE,39.555,0.000,0.000,0.000,,,NSW,Sydney,520008,2026/07/26 13:00:00
2026/07/25,Osborne,555033,BBGPG,21.461,0.000,0.000,0.000,,,SA,Regional - SA,590013,2026/07/26 11:31:05
2026/07/25,Otway,530044,PROD,0.000,93.930,0.000,0.000,,,VIC,Iona Hub,530016,2026/07/26 13:54:48
2026/07/25,Owen Springs Power Station,580235,BBGPG,1.560,0.000,0.000,0.000,,,NT,Regional - NT,590017,2026/07/26 06:41:03
2026/07/25,Palm Valley,580060,PROD,0.000,5.615,0.000,0.000,,,NT,Regional - NT,590017,2026/07/26 12:17:20
2026/07/25,PCA,550052,PIPE,0.000,19.123,25.578,1.893,,,VIC,Iona Hub,530016,2026/08/04 12:20:06
2026/07/25,PCA,550052,PIPE,29.051,0.000,0.000,0.000,,,SA,Adelaide,550016,2026/08/04 12:20:06
2026/07/25,PCA,550052,PIPE,0.000,0.000,0.000,8.290,,,VIC,Regional - VIC,590012,2026/08/04 12:20:06
2026/07/25,PCA,550052,PIPE,0.244,0.000,0.000,15.020,,,SA,Regional - SA,590013,2026/08/04 12:20:06
2026/07/25,PCI,530060,PIPE,0.000,105.592,1.893,107.485,,,VIC,Iona Hub,530016,2026/07/26 07:20:01
2026/07/25,Peat,540065,PROD,0.000,12.053,0.000,0.000,,,QLD,Regional - QLD,590001,2026/07/30 11:30:08
2026/07/25,Pelican Point Power Station,555089,BBGPG,25.501,0.000,0.000,0.000,,,SA,Regional - SA,590013,2026/08/04 12:20:06
2026/07/25,Phosphate Hill,544081,BBLARGE,26.632,0.000,0.000,0.000,,,QLD,Regional - QLD,590001,2026/07/26 12:46:32
2026/07/25,Pipeline Compression Station,544279,COMPRESSOR,0.000,0.000,0.000,0.000,,,QLD,Regional - QLD,590001,2026/07/26 10:43:06
2026/07/25,PVP,580070,PIPE,2.131,0.000,2.151,0.000,,,NT,Regional - NT,590017,2026/07/26 06:41:03
2026/07/25,QCLNG LNG Plant,544272,LNGEXPORT,1342.294,0.000,0.000,0.000,,,QLD,Curtis Island,540030,2026/08/10 11:36:14
2026/07/25,QGP,540058,PIPE,0.000,0.000,29.906,0.000,,,QLD,Wallumbilla Hub,540032,2026/07/26 12:01:06
2026/07/25,QGP,540058,PIPE,130.079,24.763,76.875,0.000,,,QLD,Regional - QLD,590001,2026/07/26 12:01:06
2026/07/25,Quarantine Power Station,555087,BBGPG,0.000,0.000,0.000,0.000,,,SA,Regional - SA,590013,2026/07/26 11:31:05
2026/07/25,Queensland Aluminia,544012,BBLARGE,35.339,0.000,0.000,0.000,,,QLD,Regional - QLD,590001,2026/07/26 12:01:06
2026/07/25,RBP,540057,PIPE,0.000,0.000,0.280,23.800,,,QLD,Wallumbilla Hub,540032,2026/07/26 12:46:32
2026/07/25,RBP,540057,PIPE,2.701,28.233,49.118,4.256,,,QLD,Regional - QLD,590001,2026/07/26 12:46:32
2026/07/25,RBP,540057,PIPE,46.840,0.000,0.000,0.000,,,QLD,Brisbane,590002,2026/07/26 12:46:32
2026/07/25,RCWP,540102,PIPE,0.000,0.000,0.000,31.937,,,QLD,Wallumbilla Hub,540032,2026/07/26 12:46:32
2026/07/25,RCWP,540102,PIPE,0.000,0.000,31.898,0.000,,,QLD,Regional - QLD,590001,2026/07/26 12:46:32
2026/07/25,Reedy Creek,540085,PROD,0.000,178.520,0.000,0.000,,,QLD,Regional - QLD,590001,2026/07/30 11:30:08
2026/07/25,RMNGPF,640011,PROD,0.000,17.320,0.000,0.000,,,QLD,Regional - QLD,590001,2026/07/26 08:15:27
2026/07/25,RNMGP,640012,PIPE,0.000,17.320,0.000,17.320,,,QLD,Regional - QLD,590001,2026/07/26 08:15:27
2026/07/25,RNP,640009,PIPE,0.000,23.955,0.000,23.955,,,QLD,Regional - QLD,590001,2026/07/26 12:01:07
2026/07/25,Rolleston,540073,PROD,0.000,8.659,0.000,0.000,,,QLD,Regional - QLD,590001,2026/07/26 12:01:06
2026/07/25,Roma,540095,PROD,0.000,228.750,0.000,0.000,,,QLD,Regional - QLD,590001,2026/07/26 10:58:15
2026/07/25,Roma North,544260,PROD,0.000,23.955,0.000,0.000,,,QLD,Regional - QLD,590001,2026/07/26 12:01:12
2026/07/25,Roma Power Station,540120,BBGPG,0.000,0.000,0.000,0.000,,,QLD,Regional - QLD,590001,2026/07/26 12:27:57
2026/07/25,Ron Goodin Power Station,580234,BBGPG,0.000,0.000,0.000,0.000,,,NT,Regional - NT,590017,2026/07/26 06:41:03
2026/07/25,RPL,540110,PIPE,0.077,0.000,0.000,0.000,,,QLD,Regional - QLD,590001,2026/07/26 12:27:57
2026/07/25,Ruby Jo,540082,PROD,0.000,420.613,0.000,0.000,,,QLD,Regional - QLD,590001,2026/08/10 11:36:14
2026/07/25,RUGS,540040,STOR,0.000,3.507,0.000,0.000,15199.461,0.000,QLD,Regional - QLD,590001,2026/07/26 10:58:15
2026/07/25,Scotia,540072,PROD,0.000,103.721,0.000,0.000,,,QLD,Regional - QLD,590001,2026/07/26 10:58:15
2026/07/25,SEPS,550061,PIPE,7.498,0.000,7.510,0.000,,,SA,Regional - SA,590013,2026/07/26 11:32:05
2026/07/25,SESA,550060,PIPE,0.000,0.000,8.289,0.000,,,VIC,Regional - VIC,590012,2026/07/26 12:46:32
2026/07/25,SESA,550060,PIPE,0.760,0.000,0.000,7.505,,,SA,Regional - SA,590013,2026/07/26 12:46:32
2026/07/25,Shoalhaven Starches Cogeneration Plant,523203,BBLARGE,20.636,0.000,0.000,0.000,,,NSW,Regional - NSW,590011,2026/07/27 12:46:07
2026/07/25,Smithfield Energy Facility,522004,BBGPG,0.000,0.000,0.000,0.000,,,NSW,Regional - NSW,590011,2026/07/26 12:06:57
2026/07/25,Snapper Point,555090,BBGPG,0.000,0.000,0.000,0.000,,,SA,Regional - SA,590013,2026/07/26 11:31:05
2026/07/25,Somerton,533174,BBGPG,0.000,0.000,0.000,0.000,,,VIC,Melbourne,590008,2026/07/28 11:00:02
2026/07/25,Spring Gully,540066,PROD,0.000,53.522,0.000,0.000,,,QLD,Regional - QLD,590001,2026/07/30 11:30:08
2026/07/25,SSP,540103,PIPE,0.000,6.800,0.000,6.800,,,QLD,Regional - QLD,590001,2026/07/26 10:03:23
2026/07/25,SSSF,540062,STOR,0.000,6.570,0.000,0.000,8717.942,0.000,QLD,Regional - QLD,590001,2026/07/26 10:03:23
2026/07/25,Strathblane,540067,PROD,0.000,51.442,0.000,0.000,,,QLD,Regional - QLD,590001,2026/07/30 11:30:08
2026/07/25,Swanbank Power Station,544104,BBGPG,0.000,0.000,0.000,0.000,,,QLD,Brisbane,590002,2026/07/26 12:46:32
2026/07/25,SWQP,540060,PIPE,0.000,0.000,378.077,192.227,,,QLD,Wallumbilla Hub,540032,2026/07/26 12:46:32
2026/07/25,SWQP,540060,PIPE,0.000,0.000,0.000,88.978,,,QLD,Ballera,540078,2026/07/26 12:46:32
2026/07/25,SWQP,540060,PIPE,0.000,190.483,0.000,247.966,,,SA,Moomba Hub,550017,2026/07/26 12:46:32
2026/07/25,SWQP,540060,PIPE,0.117,0.000,0.000,0.000,,,QLD,Regional - QLD,590001,2026/07/26 12:46:32
2026/07/25,Talinga,540076,PROD,0.000,87.130,0.000,0.000,,,QLD,Regional - QLD,590001,2026/07/30 11:30:08
2026/07/25,Tallawarra,522002,BBGPG,0.000,0.000,0.000,0.000,,,NSW,Regional - NSW,590011,2026/07/26 11:00:10
2026/07/25,Tallawarra Pipeline,523201,PIPE,0.000,0.000,0.000,0.000,,,NSW,Regional - NSW,590011,2026/07/26 11:00:10
2026/07/25,Taloona,540068,PROD,0.000,40.806,0.000,0.000,,,QLD,Regional - QLD,590001,2026/07/30 11:30:08
2026/07/25,Tanami GP,580210,PIPE,7.661,0.000,8.100,0.000,,,NT,Regional - NT,590017,2026/07/26 12:02:00
2026/07/25,TGP,570050,PIPE,0.000,0.000,73.858,21.208,,,VIC,Longford Hub,530015,2026/07/27 12:01:00
2026/07/25,TGP,570050,PIPE,42.023,0.000,0.000,0.000,,,TAS,Regional - TAS,590014,2026/07/27 12:01:00
2026/07/25,Tipton,540051,PROD,0.000,41.256,0.000,0.000,,,QLD,Regional - QLD,590001,2026/07/26 12:30:11
2026/07/25,Torrens Island PS,555041,BBGPG,39.792,0.000,0.000,0.000,,,SA,Regional - SA,590013,2026/07/26 11:31:05
2026/07/25,Uranquinty Power Station,522047,BBGPG,0.000,0.000,0.000,0.000,,,NSW,Regional - NSW,590011,2026/07/26 12:46:32
2026/07/25,Valley Power GPG,535024,BBGPG,0.000,0.000,0.000,0.000,,,VIC,Gippsland,590009,2026/07/26 11:00:51
2026/07/25,VicHub,532005,PIPE,0.000,0.000,0.917,0.917,,,VIC,Longford Hub,530015,2026/07/26 12:01:14
2026/07/25,Viva Energy Refinery,535018,BBLARGE,9.373,0.000,0.000,0.000,,,VIC,Geelong,590005,2026/07/26 07:30:11
2026/07/25,VTS,530110,PIPE,0.000,444.226,22.130,0.001,,,VIC,Longford Hub,530015,2026/07/28 11:00:02
2026/07/25,VTS,530110,PIPE,0.000,35.141,81.908,0.000,,,VIC,Iona Hub,530016,2026/07/28 11:00:02
2026/07/25,VTS,530110,PIPE,11.116,0.000,0.000,0.000,,,VIC,Western,590004,2026/07/28 11:00:02
2026/07/25,VTS,530110,PIPE,58.249,0.000,0.000,0.000,,,VIC,Geelong,590005,2026/07/28 11:00:02
2026/07/25,VTS,530110,PIPE,40.591,0.000,0.000,0.000,,,VIC,Ballarat,590006,2026/07/28 11:00:02
2026/07/25,VTS,530110,PIPE,66.290,0.000,0.000,0.000,,,VIC,Northern,590007,2026/07/28 11:00:02
2026/07/25,VTS,530110,PIPE,341.499,0.204,0.000,0.000,,,VIC,Melbourne,590008,2026/07/28 11:00:02
2026/07/25,VTS,530110,PIPE,43.619,0.000,11.294,0.009,,,VIC,Gippsland,590009,2026/07/28 11:00:02
2026/07/25,VTS,530110,PIPE,0.000,0.000,0.000,41.079,,,NSW,Culcairn,590016,2026/07/28 11:00:02
2026/07/25,Wallumbilla Compression Station,544280,COMPRESSOR,0.000,0.000,0.000,0.000,,,QLD,Wallumbilla Hub,540032,2026/07/26 10:43:06
2026/07/25,WCFA,540045,COMPRESSOR,0.000,0.000,234.877,234.877,,,QLD,Wallumbilla Hub,540032,2026/07/26 12:46:32
2026/07/25,WCFB,540046,COMPRESSOR,0.000,0.000,136.401,136.401,,,QLD,Wallumbilla Hub,540032,2026/07/26 12:46:32
2026/07/25,Weddell Power Station,580232,BBGPG,7.704,0.000,0.000,0.000,,,NT,Darwin,580001,2026/07/26 12:46:32
2026/07/25,WGP,540091,PIPE,1342.294,0.000,0.000,0.000,,,QLD,Curtis Island,540030,2026/08/10 11:36:14
2026/07/25,WGP,540091,PIPE,0.000,1266.653,59.680,0.000,,,QLD,Regional - QLD,590001,2026/08/10 11:36:14
2026/07/25,Whyalla Steelworks,555085,BBLARGE,3.022,0.000,0.000,0.000,,,SA,Regional - SA,590013,2026/07/26 11:31:05
2026/07/25,Windibri,540069,PROD,0.000,98.804,0.000,0.000,,,QLD,Regional - QLD,590001,2026/08/10 11:36:14
2026/07/25,Woleebee Creek,540087,PROD,0.000,621.837,0.000,0.000,,,QLD,Regional - QLD,590001,2026/08/10 11:36:14
2026/07/25,WPP,580030,PIPE,7.704,3.359,4.366,0.000,,,NT,Darwin,580001,2026/07/26 12:46:32
2026/07/25,Yarwun,544282,BBGPG,68.476,0.000,0.000,0.000,,,QLD,Regional - QLD,590001,2026/07/26 12:01:06
2026/07/25,Yelcherr,580180,PROD,0.000,0.000,0.000,0.000,,,NT,Regional - NT,590017,2026/07/26 12:46:32
2026/07/25,Yellowbank,540074,PROD,0.000,11.854,0.000,0.000,,,QLD,Regional - QLD,590001,2026/07/26 12:01:06
2026/07/26,Adelaide Brighton,555091,BBLARGE,9.950,0.000,0.000,0.000,,,SA,Adelaide,550016,2026/08/10 13:00:00
2026/07/26,AGP,580010,PIPE,18.925,0.000,0.000,4.330,,,NT,Darwin,580001,2026/07/27 12:46:34
2026/07/26,AGP,580010,PIPE,8.624,32.121,37.475,41.943,,,NT,Regional - NT,590017,2026/07/27 12:46:34
2026/07/26,APLNG Pipeline,540093,PIPE,1678.023,0.000,0.000,0.000,,,QLD,Curtis Island,540030,2026/07/31 11:30:08
2026/07/26,APLNG Pipeline,540093,PIPE,0.000,1347.881,529.414,189.450,,,QLD,Regional - QLD,590001,2026/07/31 11:30:08
2026/07/26,Arcadia,540101,PROD,0.000,90.681,0.000,0.000,,,QLD,Regional - QLD,590001,2026/07/27 11:13:16
2026/07/26,ATGP,640013,PIPE,0.000,42.790,0.000,42.790,,,QLD,Regional - QLD,590001,2026/07/27 12:01:09
2026/07/26,ATHENA,535014,PROD,0.000,16.020,0.000,0.000,,,VIC,Iona Hub,530016,2026/07/31 09:39:37
2026/07/26,Atlas,544261,PROD,0.000,42.790,0.000,0.000,,,QLD,Regional - QLD,590001,2026/07/27 12:01:15
2026/07/26,Atlas East Central Processing Facility,640008,PROD,0.000,32.360,0.000,0.000,,,QLD,Regional - QLD,590001,2026/07/27 09:16:59
2026/07/26,Atlas to Reedy Creek Pipeline,640007,PIPE,0.000,32.353,0.000,31.202,,,QLD,Regional - QLD,590001,2026/07/27 12:46:34
2026/07/26,Australia Pacific LNG,544273,LNGEXPORT,1678.023,0.000,0.000,0.000,,,QLD,Curtis Island,540030,2026/07/27 12:00:25
2026/07/26,Australian Paper (Opal),535021,BBLARGE,13.780,0.000,0.000,0.000,,,VIC,Gippsland,590009,2026/07/28 11:00:02
2026/07/26,B1PL,540077,PIPE,0.036,40.152,0.000,42.723,,,QLD,Regional - QLD,590001,2026/07/27 11:00:45
2026/07/26,B2PL,540071,PIPE,0.000,55.632,3.006,59.708,,,QLD,Regional - QLD,590001,2026/07/27 12:30:09
2026/07/26,Bairnsdale Power Station,535020,BBGPG,0.000,0.000,0.000,0.000,,,VIC,Regional - VIC,590012,2026/07/27 11:00:43
2026/07/26,BCF,540047,COMPRESSOR,0.000,0.000,77.600,77.600,,,QLD,Regional - QLD,590001,2026/07/31 23:22:59
2026/07/26,Bell Bay CCGT,577016,BBGPG,28.940,0.000,0.000,0.000,,,TAS,Regional - TAS,590014,2026/07/28 12:01:00
2026/07/26,Bell Bay GGT,577014,BBGPG,0.000,0.000,0.000,0.000,,,TAS,Regional - TAS,590014,2026/07/28 12:01:00
2026/07/26,Bell Bay OCGT,577015,BBGPG,0.000,0.000,0.000,0.000,,,TAS,Regional - TAS,590014,2026/07/28 12:01:00
2026/07/26,Bellevue,540083,PROD,0.000,131.204,0.000,0.000,,,QLD,Regional - QLD,590001,2026/08/10 11:36:14
2026/07/26,BGP,580020,PIPE,0.274,0.000,0.000,0.000,,,NT,Regional - NT,590017,2026/07/27 12:46:34
2026/07/26,BlueScope,523204,BBLARGE,10.681,0.000,0.000,0.000,,,NSW,Sydney,520008,2026/07/27 12:01:05
2026/07/26,Bolivar,555008,BBGPG,0.000,0.000,0.000,0.000,,,SA,Regional - SA,590013,2026/07/27 12:02:53
2026/07/26,Bomaderry Gas Pipeline,523202,PIPE,0.000,0.000,22.291,0.000,,,NSW,Regional - NSW,590011,2026/07/27 12:01:05
2026/07/26,BPP,530030,PIPE,2.670,6.120,0.128,3.457,,,VIC,Gippsland,590009,2026/07/28 11:00:02
2026/07/26,Braemar 2 Power Station,544085,BBGPG,0.000,0.000,0.000,0.000,,,QLD,Regional - QLD,590001,2026/07/27 12:30:09
2026/07/26,Braemar Power Station,544252,BBGPG,0.036,0.000,0.000,0.000,,,QLD,Regional - QLD,590001,2026/07/27 11:00:45
2026/07/26,BWP,540096,PIPE,0.000,0.000,0.000,88.232,,,QLD,Wallumbilla Hub,540032,2026/07/27 12:46:34
2026/07/26,BWP,540096,PIPE,0.000,87.944,0.000,0.000,,,QLD,Regional - QLD,590001,2026/07/27 12:46:34
2026/07/26,CGP,540059,PIPE,0.000,0.000,77.586,0.000,,,QLD,Ballera,540078,2026/07/27 12:46:34
2026/07/26,CGP,540059,PIPE,73.593,0.000,0.000,13.794,,,QLD,Regional - QLD,590001,2026/07/27 12:46:34
2026/07/26,Channel Island Power Station,580231,BBGPG,18.925,0.000,0.000,0.000,,,NT,Darwin,580001,2026/07/27 12:46:34
2026/07/26,Colongra,523120,BBGPG,0.000,0.000,0.000,0.000,,,NSW,Regional - NSW,590011,2026/07/27 12:00:05
2026/07/26,ColongraGP,520090,PIPE,0.000,0.000,0.000,0.000,,,NSW,Sydney,520008,2026/07/27 12:00:05
2026/07/26,ColongraGP,520090,PIPE,0.000,0.000,0.000,0.000,,,NSW,Regional - NSW,590011,2026/07/27 12:00:05
2026/07/26,Combabula,540094,PROD,0.000,293.873,0.000,0.000,,,QLD,Regional - QLD,590001,2026/07/31 11:30:08
2026/07/26,Condabri Central,540080,PROD,0.000,140.286,0.000,0.000,,,QLD,Regional - QLD,590001,2026/07/31 11:30:08
2026/07/26,Condabri North,540090,PROD,0.000,158.160,0.000,0.000,,,QLD,Regional - QLD,590001,2026/07/31 11:30:08
2026/07/26,Condabri South,540086,PROD,0.000,154.822,0.000,0.000,,,QLD,Regional - QLD,590001,2026/07/31 11:30:08
2026/07/26,Condamine Power Station,544274,BBGPG,0.005,0.000,0.000,0.000,,,QLD,Regional - QLD,590001,2026/08/10 11:35:25
2026/07/26,CRWP,540098,PIPE,0.000,0.000,182.038,0.000,,,QLD,Wallumbilla Hub,540032,2026/07/27 10:58:06
2026/07/26,CRWP,540098,PIPE,0.000,227.244,39.894,448.404,,,QLD,Regional - QLD,590001,2026/07/27 10:58:06
2026/07/26,CWP,520054,PIPE,4.605,0.000,5.567,0.000,,,NSW,Regional - NSW,590011,2026/07/27 12:46:34
2026/07/26,Daandine,540050,PROD,0.000,55.632,0.000,0.000,,,QLD,Regional - QLD,590001,2026/07/27 12:30:09
2026/07/26,Dandenong LNG,530038,STOR,0.000,0.276,0.000,0.000,615.831,27.889,VIC,Melbourne,590008,2026/07/27 12:46:34
2026/07/26,DDP,540097,PIPE,0.000,0.000,0.000,159.297,,,QLD,Wallumbilla Hub,540032,2026/08/04 11:02:07
2026/07/26,DDP,540097,PIPE,54.469,580.864,133.142,504.677,,,QLD,Regional - QLD,590001,2026/08/04 11:02:07
2026/07/26,DDPS,544027,BBGPG,54.469,0.000,0.000,0.000,,,QLD,Regional - QLD,590001,2026/08/04 11:02:07
2026/07/26,Diamantina Power Station,544077,BBGPG,34.618,0.000,0.000,0.000,,,QLD,Regional - QLD,590001,2026/07/27 12:46:34
2026/07/26,Dry Creek Power Station,555026,BBGPG,0.000,0.000,0.000,0.000,,,SA,Regional - SA,590013,2026/07/27 11:31:05
2026/07/26,EGP,520047,PIPE,130.522,0.000,0.000,0.000,,,NSW,Sydney,520008,2026/07/27 12:01:05
2026/07/26,EGP,520047,PIPE,16.630,0.000,0.000,0.000,,,NSW,Canberra,520009,2026/07/27 12:01:05
2026/07/26,EGP,520047,PIPE,0.000,213.543,0.000,99.375,,,VIC,Longford Hub,530015,2026/07/27 12:01:05
2026/07/26,EGP,520047,PIPE,5.129,0.000,0.000,22.291,,,NSW,Regional - NSW,590011,2026/07/27 12:01:05
2026/07/26,EGP,520047,PIPE,0.765,73.969,0.000,0.000,,,VIC,Regional - VIC,590012,2026/07/27 12:01:05
2026/07/26,EO4PL,540055,PIPE,0.000,0.000,0.000,0.000,,,QLD,Regional - QLD,590001,2026/08/10 11:36:14
2026/07/26,Eurombah Creek,540089,PROD,0.000,144.812,0.000,0.000,,,QLD,Regional - QLD,590001,2026/07/31 11:30:08
2026/07/26,Fairview,540070,PROD,0.000,283.582,0.000,0.000,,,QLD,Regional - QLD,590001,2026/07/27 11:13:16
2026/07/26,GLNG (Curtis Island),544276,LNGEXPORT,824.458,0.000,0.000,0.000,,,QLD,Curtis Island,540030,2026/07/27 10:58:06
2026/07/26,GLNG Pipeline,540092,PIPE,824.458,0.000,0.000,0.000,,,QLD,Curtis Island,540030,2026/07/27 10:58:06
2026/07/26,GLNG Pipeline,540092,PIPE,0.000,411.976,448.404,24.737,,,QLD,Regional - QLD,590001,2026/08/10 11:36:14
2026/07/26,Hallett,555029,BBGPG,0.000,0.000,0.000,0.000,,,SA,Regional - SA,590013,2026/07/27 11:31:05
2026/07/26,Hunter Power Station,523210,BBGPG,0.001,0.000,0.000,0.000,,,NSW,Sydney,520008,2026/07/27 12:46:34
2026/07/26,ICF,530071,COMPRESSOR,0.000,0.000,4.231,4.231,,,VIC,Iona Hub,530016,2026/07/27 08:35:04
2026/07/26,Iona UGS,530042,STOR,4.231,74.664,0.000,0.000,16892.994,0.000,VIC,Iona Hub,530016,2026/07/27 08:30:04
2026/07/26,Jeerelang,533161,BBGPG,0.000,0.000,0.000,0.000,,,VIC,Gippsland,590009,2026/07/28 11:00:02
2026/07/26,Jordan,540088,PROD,0.000,307.290,0.000,0.000,,,QLD,Regional - QLD,590001,2026/08/10 11:36:14
2026/07/26,Katherine Power Station,580233,BBGPG,0.000,0.000,0.000,0.000,,,NT,Regional - NT,590017,2026/07/27 12:46:34
2026/07/26,Kenya,540075,PROD,0.000,121.448,0.000,0.000,,,QLD,Regional - QLD,590001,2026/08/10 11:36:14
2026/07/26,Kincora,544253,PROD,0.000,0.000,0.000,0.000,,,QLD,Regional - QLD,590001,2026/07/27 12:46:34
2026/07/26,KKLP,523209,PIPE,0.001,0.000,0.000,0.000,,,NSW,Sydney,520008,2026/07/27 12:46:34
2026/07/26,Kogan North,540061,PROD,0.000,3.988,0.000,0.000,,,QLD,Regional - QLD,590001,2026/07/27 12:46:34
2026/07/26,Ladbroke Grove PS,555086,BBGPG,7.742,0.000,0.000,0.000,,,SA,Regional - SA,590013,2026/07/27 12:46:34
2026/07/26,Lang Lang,530039,PROD,0.000,6.120,0.000,0.000,,,VIC,Gippsland,590009,2026/07/27 11:04:29
2026/07/26,Laverton,533201,BBGPG,0.000,0.000,0.000,0.000,,,VIC,Geelong,590005,2026/07/28 11:00:02
2026/07/26,Longford,530040,PROD,0.000,642.323,0.000,0.000,,,VIC,Longford Hub,530015,2026/07/27 08:48:53
2026/07/26,Loy Yang B,533163,BBGPG,0.000,0.000,0.000,0.000,,,VIC,Gippsland,590009,2026/07/27 11:00:42
2026/07/26,LYB Transmission Pipeline,535023,PIPE,0.000,0.000,0.013,0.000,,,VIC,Gippsland,590009,2026/07/27 11:00:42
2026/07/26,MAPS,550054,PIPE,30.230,0.000,0.000,0.000,,,SA,Adelaide,550016,2026/07/27 11:31:05
2026/07/26,MAPS,550054,PIPE,0.000,31.383,117.799,0.000,,,SA,Moomba Hub,550017,2026/07/27 11:31:05
2026/07/26,MAPS,550054,PIPE,149.968,0.000,15.000,0.000,,,SA,Regional - SA,590013,2026/07/27 11:31:05
2026/07/26,McArthur River Mine,580220,BBGPG,7.461,0.000,0.000,0.000,,,NT,Regional - NT,590017,2026/07/27 08:58:48
2026/07/26,MCF,550050,COMPRESSOR,0.000,0.000,0.000,0.000,,,SA,Moomba Hub,550017,2026/07/27 12:46:34
2026/07/26,Mereenie,580040,PROD,0.000,24.902,0.000,0.000,,,NT,Regional - NT,590017,2026/07/27 11:53:45
2026/07/26,Meridian,540064,PROD,0.000,41.963,0.000,0.000,,,QLD,Regional - QLD,590001,2026/07/27 09:38:50
2026/07/26,Mintaro Power Station,555031,BBGPG,0.000,0.000,0.000,0.000,,,SA,Regional - SA,590013,2026/07/27 11:31:05
2026/07/26,Moomba,550045,PROD,0.000,235.600,0.000,0.000,,,SA,Moomba Hub,550017,2026/07/31 23:22:59
2026/07/26,Moomba Storage,550046,STOR,0.000,4.900,0.000,0.000,6318.800,0.000,SA,Moomba Hub,550017,2026/07/31 23:22:59
2026/07/26,Mortlake PS,530063,BBGPG,19.413,0.000,0.000,0.000,,,VIC,Regional - VIC,590012,2026/07/27 07:20:00
2026/07/26,MPL,530061,PIPE,0.000,0.000,13.200,0.000,,,VIC,Iona Hub,530016,2026/07/27 07:20:00
2026/07/26,MPL,530061,PIPE,19.413,0.000,0.000,0.000,,,VIC,Regional - VIC,590012,2026/07/27 07:20:00
2026/07/26,MRP,580100,PIPE,7.461,0.000,7.462,0.000,,,NT,Regional - NT,590017,2026/07/27 08:58:48
2026/07/26,MSP,520053,PIPE,115.760,0.000,0.000,0.000,,,NSW,Sydney,520008,2026/07/27 12:46:34
2026/07/26,MSP,520053,PIPE,0.000,0.000,169.999,0.000,,,SA,Moomba Hub,550017,2026/07/27 12:46:34
2026/07/26,MSP,520053,PIPE,36.489,0.000,0.000,5.567,,,NSW,Regional - NSW,590011,2026/07/27 12:46:34
2026/07/26,MSP,520053,PIPE,15.461,0.000,0.000,0.000,,,NSW,Regional - ACT,590015,2026/07/27 12:46:34
2026/07/26,MSP,520053,PIPE,0.000,0.000,94.785,0.000,,,NSW,Culcairn,590016,2026/07/27 12:46:34
2026/07/26,Newport,533171,BBGPG,0.002,0.000,0.000,0.000,,,VIC,Melbourne,590008,2026/07/28 11:00:02
2026/07/26,NGP,580050,PIPE,0.000,0.000,13.794,0.000,,,QLD,Regional - QLD,590001,2026/07/27 12:01:13
2026/07/26,NGP,580050,PIPE,0.000,0.000,25.072,37.475,,,NT,Regional - NT,590017,2026/07/27 12:01:13
2026/07/26,NGS,520060,STOR,0.030,0.529,0.000,0.000,738.401,76.775,NSW,Sydney,520008,2026/07/27 09:24:02
2026/07/26,Oakey PS,544095,BBGPG,0.000,0.000,0.000,0.000,,,QLD,Regional - QLD,590001,2026/07/27 12:46:34
2026/07/26,Orana,540084,PROD,0.000,165.705,0.000,0.000,,,QLD,Regional - QLD,590001,2026/07/31 11:30:08
2026/07/26,Orbost,530041,PROD,0.000,73.969,0.000,0.000,,,VIC,Regional - VIC,590012,2026/07/27 12:01:05
2026/07/26,Orica,544011,BBLARGE,9.190,0.000,0.000,0.000,,,QLD,Regional - QLD,590001,2026/07/27 12:01:06
2026/07/26,Orica (Kooragang Island),523206,BBLARGE,39.334,0.000,0.000,0.000,,,NSW,Sydney,520008,2026/07/27 13:00:00
2026/07/26,Osborne,555033,BBGPG,23.357,0.000,0.000,0.000,,,SA,Regional - SA,590013,2026/07/27 11:31:05
2026/07/26,Otway,530044,PROD,0.000,93.970,0.000,0.000,,,VIC,Iona Hub,530016,2026/07/27 11:06:46
2026/07/26,Owen Springs Power Station,580235,BBGPG,1.802,0.000,0.000,0.000,,,NT,Regional - NT,590017,2026/07/27 06:41:31
2026/07/26,Palm Valley,580060,PROD,0.000,5.719,0.000,0.000,,,NT,Regional - NT,590017,2026/07/27 11:53:45
2026/07/26,PCA,550052,PIPE,0.000,18.308,17.669,1.954,,,VIC,Iona Hub,530016,2026/07/27 07:20:02
2026/07/26,PCA,550052,PIPE,26.184,0.000,0.000,0.000,,,SA,Adelaide,550016,2026/07/27 07:20:02
2026/07/26,PCA,550052,PIPE,0.000,0.000,0.000,16.129,,,VIC,Regional - VIC,590012,2026/07/27 07:20:02
2026/07/26,PCA,550052,PIPE,7.576,0.000,0.000,15.000,,,SA,Regional - SA,590013,2026/07/27 07:20:02
2026/07/26,PCI,530060,PIPE,0.000,104.684,1.954,106.638,,,VIC,Iona Hub,530016,2026/07/27 07:20:02
2026/07/26,Peat,540065,PROD,0.000,11.590,0.000,0.000,,,QLD,Regional - QLD,590001,2026/07/31 11:30:08
2026/07/26,Pelican Point Power Station,555089,BBGPG,42.140,0.000,0.000,0.000,,,SA,Regional - SA,590013,2026/07/27 07:20:02
2026/07/26,Phosphate Hill,544081,BBLARGE,26.806,0.000,0.000,0.000,,,QLD,Regional - QLD,590001,2026/07/27 12:46:34
2026/07/26,Pipeline Compression Station,544279,COMPRESSOR,0.000,0.000,0.000,0.000,,,QLD,Regional - QLD,590001,2026/07/27 10:58:06
2026/07/26,PVP,580070,PIPE,2.372,0.000,2.409,0.000,,,NT,Regional - NT,590017,2026/07/27 06:41:31
2026/07/26,QCLNG LNG Plant,544272,LNGEXPORT,1318.842,0.000,0.000,0.000,,,QLD,Curtis Island,540030,2026/08/10 11:36:14
2026/07/26,QGP,540058,PIPE,0.000,0.000,32.380,0.000,,,QLD,Wallumbilla Hub,540032,2026/07/27 12:01:06
2026/07/26,QGP,540058,PIPE,133.431,24.252,76.884,0.000,,,QLD,Regional - QLD,590001,2026/07/27 12:01:06
2026/07/26,Quarantine Power Station,555087,BBGPG,7.259,0.000,0.000,0.000,,,SA,Regional - SA,590013,2026/07/27 11:31:05
2026/07/26,Queensland Aluminia,544012,BBLARGE,33.587,0.000,0.000,0.000,,,QLD,Regional - QLD,590001,2026/07/27 12:01:06
2026/07/26,RBP,540057,PIPE,0.000,0.000,1.781,26.799,,,QLD,Wallumbilla Hub,540032,2026/07/27 12:46:34
2026/07/26,RBP,540057,PIPE,2.446,27.583,49.523,3.006,,,QLD,Regional - QLD,590001,2026/07/27 12:46:34
2026/07/26,RBP,540057,PIPE,43.823,0.000,0.000,0.000,,,QLD,Brisbane,590002,2026/07/27 12:46:34
2026/07/26,RCWP,540102,PIPE,0.000,0.000,0.000,53.084,,,QLD,Wallumbilla Hub,540032,2026/07/27 12:46:34
2026/07/26,RCWP,540102,PIPE,0.000,0.000,52.976,0.000,,,QLD,Regional - QLD,590001,2026/07/27 12:46:34
2026/07/26,Reedy Creek,540085,PROD,0.000,200.208,0.000,0.000,,,QLD,Regional - QLD,590001,2026/07/31 11:30:08
2026/07/26,RMNGPF,640011,PROD,0.000,16.000,0.000,0.000,,,QLD,Regional - QLD,590001,2026/07/27 09:16:46
2026/07/26,RNMGP,640012,PIPE,0.000,16.000,0.000,16.000,,,QLD,Regional - QLD,590001,2026/07/27 09:16:46
2026/07/26,RNP,640009,PIPE,0.000,23.894,0.000,23.894,,,QLD,Regional - QLD,590001,2026/07/27 12:01:07
2026/07/26,Rolleston,540073,PROD,0.000,8.766,0.000,0.000,,,QLD,Regional - QLD,590001,2026/07/27 12:01:06
2026/07/26,Roma,540095,PROD,0.000,227.244,0.000,0.000,,,QLD,Regional - QLD,590001,2026/07/27 11:13:21
2026/07/26,Roma North,544260,PROD,0.000,23.894,0.000,0.000,,,QLD,Regional - QLD,590001,2026/07/27 12:01:14
2026/07/26,Roma Power Station,540120,BBGPG,0.000,0.000,0.000,0.000,,,QLD,Regional - QLD,590001,2026/07/27 11:52:58
2026/07/26,Ron Goodin Power Station,580234,BBGPG,0.000,0.000,0.000,0.000,,,NT,Regional - NT,590017,2026/07/27 06:41:31
2026/07/26,RPL,540110,PIPE,0.067,0.000,0.000,0.000,,,QLD,Regional - QLD,590001,2026/07/27 11:52:58
2026/07/26,Ruby Jo,540082,PROD,0.000,414.050,0.000,0.000,,,QLD,Regional - QLD,590001,2026/08/10 11:36:14
2026/07/26,RUGS,540040,STOR,0.000,3.402,0.000,0.000,15196.099,0.000,QLD,Regional - QLD,590001,2026/07/27 11:13:21
2026/07/26,Scotia,540072,PROD,0.000,103.715,0.000,0.000,,,QLD,Regional - QLD,590001,2026/07/27 11:13:21
2026/07/26,SEPS,550061,PIPE,8.100,0.000,8.107,0.000,,,SA,Regional - SA,590013,2026/07/27 11:32:05
2026/07/26,SESA,550060,PIPE,0.000,0.000,16.128,0.000,,,VIC,Regional - VIC,590012,2026/07/27 12:46:34
2026/07/26,SESA,550060,PIPE,7.742,0.000,0.000,8.109,,,SA,Regional - SA,590013,2026/07/27 12:46:34
2026/07/26,Smithfield Energy Facility,522004,BBGPG,0.000,0.000,0.000,0.000,,,NSW,Regional - NSW,590011,2026/07/27 12:02:59
2026/07/26,Snapper Point,555090,BBGPG,0.000,0.000,0.000,0.000,,,SA,Regional - SA,590013,2026/07/27 11:31:05
2026/07/26,Somerton,533174,BBGPG,0.000,0.000,0.000,0.000,,,VIC,Melbourne,590008,2026/07/28 11:00:02
2026/07/26,Spring Gully,540066,PROD,0.000,54.180,0.000,0.000,,,QLD,Regional - QLD,590001,2026/07/31 11:30:08
2026/07/26,SSP,540103,PIPE,0.000,6.410,0.000,6.410,,,QLD,Regional - QLD,590001,2026/07/27 09:09:41
2026/07/26,SSSF,540062,STOR,0.000,6.300,0.000,0.000,8711.532,0.000,QLD,Regional - QLD,590001,2026/07/27 09:09:41
2026/07/26,Strathblane,540067,PROD,0.000,52.166,0.000,0.000,,,QLD,Regional - QLD,590001,2026/07/31 11:30:08
2026/07/26,Swanbank Power Station,544104,BBGPG,0.000,0.000,0.000,0.000,,,QLD,Brisbane,590002,2026/07/27 12:46:34
2026/07/26,SWQP,540060,PIPE,0.000,0.000,325.631,214.418,,,QLD,Wallumbilla Hub,540032,2026/07/27 12:46:34
2026/07/26,SWQP,540060,PIPE,0.000,0.000,0.000,82.019,,,QLD,Ballera,540078,2026/07/27 12:46:34
2026/07/26,SWQP,540060,PIPE,0.000,206.261,0.000,287.798,,,SA,Moomba Hub,550017,2026/07/27 12:46:34
2026/07/26,SWQP,540060,PIPE,0.115,0.000,0.000,0.000,,,QLD,Regional - QLD,590001,2026/07/27 12:46:34
2026/07/26,Talinga,540076,PROD,0.000,85.850,0.000,0.000,,,QLD,Regional - QLD,590001,2026/07/31 11:30:08
2026/07/26,Tallawarra,522002,BBGPG,0.000,0.000,0.000,0.000,,,NSW,Regional - NSW,590011,2026/07/27 11:00:10
2026/07/26,Tallawarra Pipeline,523201,PIPE,0.000,0.000,0.000,0.000,,,NSW,Regional - NSW,590011,2026/07/27 11:00:10
2026/07/26,Taloona,540068,PROD,0.000,37.840,0.000,0.000,,,QLD,Regional - QLD,590001,2026/07/31 11:30:08
2026/07/26,Tanami GP,580210,PIPE,7.340,0.000,7.000,0.000,,,NT,Regional - NT,590017,2026/07/27 12:02:00
2026/07/26,TGP,570050,PIPE,0.000,0.000,87.593,38.954,,,VIC,Longford Hub,530015,2026/07/28 12:01:00
2026/07/26,TGP,570050,PIPE,44.132,0.000,0.000,0.000,,,TAS,Regional - TAS,590014,2026/07/28 12:01:00
2026/07/26,Tipton,540051,PROD,0.000,40.152,0.000,0.000,,,QLD,Regional - QLD,590001,2026/07/27 12:30:09
2026/07/26,Torrens Island PS,555041,BBGPG,63.840,0.000,0.000,0.000,,,SA,Regional - SA,590013,2026/07/27 11:31:05
2026/07/26,Uranquinty Power Station,522047,BBGPG,0.000,0.000,0.000,0.000,,,NSW,Regional - NSW,590011,2026/07/27 12:46:34
2026/07/26,Valley Power GPG,535024,BBGPG,0.000,0.000,0.000,0.000,,,VIC,Gippsland,590009,2026/07/27 11:00:42
2026/07/26,VicHub,532005,PIPE,0.000,0.000,11.789,11.789,,,VIC,Longford Hub,530015,2026/07/27 12:01:16
2026/07/26,Viva Energy Refinery,535018,BBLARGE,6.706,0.000,0.000,0.000,,,VIC,Geelong,590005,2026/07/27 07:30:10
2026/07/26,VTS,530110,PIPE,0.000,426.952,50.756,0.000,,,VIC,Longford Hub,530015,2026/07/28 11:00:02
2026/07/26,VTS,530110,PIPE,0.000,57.500,75.773,0.000,,,VIC,Iona Hub,530016,2026/07/28 11:00:02
2026/07/26,VTS,530110,PIPE,10.603,0.000,0.000,0.000,,,VIC,Western,590004,2026/07/28 11:00:02
2026/07/26,VTS,530110,PIPE,53.134,0.000,0.000,0.000,,,VIC,Geelong,590005,2026/07/28 11:00:02
2026/07/26,VTS,530110,PIPE,37.218,0.000,0.000,0.000,,,VIC,Ballarat,590006,2026/07/28 11:00:02
2026/07/26,VTS,530110,PIPE,60.192,0.000,0.000,0.000,,,VIC,Northern,590007,2026/07/28 11:00:02
2026/07/26,VTS,530110,PIPE,317.800,0.194,0.000,0.000,,,VIC,Melbourne,590008,2026/07/28 11:00:02
2026/07/26,VTS,530110,PIPE,37.417,0.000,3.457,0.141,,,VIC,Gippsland,590009,2026/07/28 11:00:02
2026/07/26,VTS,530110,PIPE,0.000,0.000,0.000,94.784,,,NSW,Culcairn,590016,2026/07/28 11:00:02
2026/07/26,Wallumbilla Compression Station,544280,COMPRESSOR,0.000,0.000,0.000,0.000,,,QLD,Wallumbilla Hub,540032,2026/07/27 10:58:06
2026/07/26,WCFA,540045,COMPRESSOR,0.000,0.000,182.713,182.713,,,QLD,Wallumbilla Hub,540032,2026/07/27 12:46:34
2026/07/26,WCFB,540046,COMPRESSOR,0.000,0.000,136.118,136.118,,,QLD,Wallumbilla Hub,540032,2026/07/27 12:46:34
2026/07/26,Weddell Power Station,580232,BBGPG,7.727,0.000,0.000,0.000,,,NT,Darwin,580001,2026/07/27 12:46:34
2026/07/26,WGP,540091,PIPE,1318.842,0.000,0.000,0.000,,,QLD,Curtis Island,540030,2026/08/10 11:36:14
2026/07/26,WGP,540091,PIPE,0.000,1250.785,59.708,0.000,,,QLD,Regional - QLD,590001,2026/08/10 11:36:14
2026/07/26,Whyalla Steelworks,555085,BBLARGE,3.005,0.000,0.000,0.000,,,SA,Regional - SA,590013,2026/07/27 11:31:05
2026/07/26,Windibri,540069,PROD,0.000,95.900,0.000,0.000,,,QLD,Regional - QLD,590001,2026/08/10 11:36:14
2026/07/26,Woleebee Creek,540087,PROD,0.000,620.491,0.000,0.000,,,QLD,Regional - QLD,590001,2026/08/10 11:36:14
2026/07/26,WPP,580030,PIPE,7.727,3.370,4.330,0.000,,,NT,Darwin,580001,2026/07/27 12:46:34
2026/07/26,Yarwun,544282,BBGPG,75.605,0.000,0.000,0.000,,,QLD,Regional - QLD,590001,2026/07/27 12:01:06
2026/07/26,Yelcherr,580180,PROD,0.000,0.000,0.000,0.000,,,NT,Regional - NT,590017,2026/07/27 12:46:34
2026/07/26,Yellowbank,540074,PROD,0.000,11.236,0.000,0.000,,,QLD,Regional - QLD,590001,2026/07/27 12:01:06
2026/07/27,Adelaide Brighton,555091,BBLARGE,9.956,0.000,0.000,0.000,,,SA,Adelaide,550016,2026/08/10 13:00:00
2026/07/27,AGP,580010,PIPE,19.161,0.000,0.000,4.235,,,NT,Darwin,580001,2026/07/28 12:46:33
2026/07/27,AGP,580010,PIPE,9.142,32.047,35.834,41.415,,,NT,Regional - NT,590017,2026/07/28 12:46:33
2026/07/27,APLNG Pipeline,540093,PIPE,1673.144,0.000,0.000,0.000,,,QLD,Curtis Island,540030,2026/08/01 12:23:59
2026/07/27,APLNG Pipeline,540093,PIPE,0.000,1348.601,510.924,190.077,,,QLD,Regional - QLD,590001,2026/08/01 12:23:59
2026/07/27,Arcadia,540101,PROD,0.000,90.636,0.000,0.000,,,QLD,Regional - QLD,590001,2026/07/28 11:14:56
2026/07/27,ATGP,640013,PIPE,0.000,43.596,0.000,43.596,,,QLD,Regional - QLD,590001,2026/07/28 12:01:13
2026/07/27,ATHENA,535014,PROD,0.000,16.744,0.000,0.000,,,VIC,Iona Hub,530016,2026/08/01 10:13:12
2026/07/27,Atlas,544261,PROD,0.000,43.596,0.000,0.000,,,QLD,Regional - QLD,590001,2026/07/28 12:01:18
2026/07/27,Atlas East Central Processing Facility,640008,PROD,0.000,31.600,0.000,0.000,,,QLD,Regional - QLD,590001,2026/07/28 10:00:30
2026/07/27,Atlas to Reedy Creek Pipeline,640007,PIPE,0.000,31.602,0.000,32.097,,,QLD,Regional - QLD,590001,2026/07/28 12:46:33
2026/07/27,Australia Pacific LNG,544273,LNGEXPORT,1673.144,0.000,0.000,0.000,,,QLD,Curtis Island,540030,2026/07/28 12:00:25
2026/07/27,Australian Paper (Opal),535021,BBLARGE,11.023,0.000,0.000,0.000,,,VIC,Gippsland,590009,2026/07/28 11:00:02
2026/07/27,B1PL,540077,PIPE,0.032,40.432,0.000,40.192,,,QLD,Regional - QLD,590001,2026/07/28 11:01:03
2026/07/27,B2PL,540071,PIPE,5.136,55.047,8.030,55.775,,,QLD,Regional - QLD,590001,2026/07/28 10:17:33
2026/07/27,Bairnsdale Power Station,535020,BBGPG,0.000,0.000,0.000,0.000,,,VIC,Regional - VIC,590012,2026/07/28 11:01:06
2026/07/27,BCF,540047,COMPRESSOR,0.000,0.000,98.200,98.200,,,QLD,Regional - QLD,590001,2026/08/01 21:30:58
2026/07/27,Bell Bay CCGT,577016,BBGPG,26.837,0.000,0.000,0.000,,,TAS,Regional - TAS,590014,2026/07/29 12:01:00
2026/07/27,Bell Bay GGT,577014,BBGPG,0.000,0.000,0.000,0.000,,,TAS,Regional - TAS,590014,2026/07/29 12:01:00
2026/07/27,Bell Bay OCGT,577015,BBGPG,0.000,0.000,0.000,0.000,,,TAS,Regional - TAS,590014,2026/07/29 12:01:00
2026/07/27,Bellevue,540083,PROD,0.000,138.833,0.000,0.000,,,QLD,Regional - QLD,590001,2026/08/10 11:36:14
2026/07/27,BGP,580020,PIPE,0.383,0.000,0.000,0.000,,,NT,Regional - NT,590017,2026/07/28 12:46:33
2026/07/27,BlueScope,523204,BBLARGE,9.819,0.000,0.000,0.000,,,NSW,Sydney,520008,2026/07/28 12:01:05
2026/07/27,Bolivar,555008,BBGPG,0.000,0.000,0.000,0.000,,,SA,Regional - SA,590013,2026/07/28 12:02:58
2026/07/27,Bomaderry Gas Pipeline,523202,PIPE,22.617,0.000,22.415,0.000,,,NSW,Regional - NSW,590011,2026/07/30 13:09:17
2026/07/27,BPP,530030,PIPE,2.250,4.910,0.838,2.247,,,VIC,Gippsland,590009,2026/07/28 11:00:02
2026/07/27,Braemar 2 Power Station,544085,BBGPG,5.136,0.000,0.000,0.000,,,QLD,Regional - QLD,590001,2026/07/28 10:17:33
2026/07/27,Braemar Power Station,544252,BBGPG,0.032,0.000,0.000,0.000,,,QLD,Regional - QLD,590001,2026/07/28 11:01:03
2026/07/27,BWP,540096,PIPE,0.000,0.000,0.000,102.449,,,QLD,Wallumbilla Hub,540032,2026/07/28 12:46:33
2026/07/27,BWP,540096,PIPE,0.000,102.929,0.000,0.000,,,QLD,Regional - QLD,590001,2026/07/28 12:46:33
2026/07/27,CGP,540059,PIPE,0.000,0.000,98.182,0.000,,,QLD,Ballera,540078,2026/07/28 12:46:33
2026/07/27,CGP,540059,PIPE,73.124,0.000,0.000,13.811,,,QLD,Regional - QLD,590001,2026/07/28 12:46:33
2026/07/27,Channel Island Power Station,580231,BBGPG,19.161,0.000,0.000,0.000,,,NT,Darwin,580001,2026/07/28 12:46:33
2026/07/27,Colongra,523120,BBGPG,0.000,0.000,0.000,0.000,,,NSW,Regional - NSW,590011,2026/07/28 12:00:05
2026/07/27,ColongraGP,520090,PIPE,0.000,0.000,0.000,0.000,,,NSW,Sydney,520008,2026/07/28 12:00:05
2026/07/27,ColongraGP,520090,PIPE,0.000,0.000,0.000,0.000,,,NSW,Regional - NSW,590011,2026/07/28 12:00:05
2026/07/27,Combabula,540094,PROD,0.000,293.776,0.000,0.000,,,QLD,Regional - QLD,590001,2026/08/01 12:23:59
2026/07/27,Condabri Central,540080,PROD,0.000,140.160,0.000,0.000,,,QLD,Regional - QLD,590001,2026/08/01 12:23:59
2026/07/27,Condabri North,540090,PROD,0.000,160.002,0.000,0.000,,,QLD,Regional - QLD,590001,2026/08/01 12:23:59
2026/07/27,Condabri South,540086,PROD,0.000,155.431,0.000,0.000,,,QLD,Regional - QLD,590001,2026/08/01 12:23:59
2026/07/27,Condamine Power Station,544274,BBGPG,2.905,0.000,0.000,0.000,,,QLD,Regional - QLD,590001,2026/08/10 11:35:25
2026/07/27,CRWP,540098,PIPE,0.000,0.000,180.337,0.000,,,QLD,Wallumbilla Hub,540032,2026/08/09 11:31:11
2026/07/27,CRWP,540098,PIPE,0.000,226.269,41.177,445.737,,,QLD,Regional - QLD,590001,2026/08/09 11:31:11
2026/07/27,CWP,520054,PIPE,6.547,0.000,7.171,0.000,,,NSW,Regional - NSW,590011,2026/07/28 12:46:33
2026/07/27,Daandine,540050,PROD,0.000,55.047,0.000,0.000,,,QLD,Regional - QLD,590001,2026/07/28 10:17:41
2026/07/27,Dandenong LNG,530038,STOR,0.000,0.281,0.000,0.000,615.540,27.889,VIC,Melbourne,590008,2026/07/28 12:46:33
2026/07/27,DDP,540097,PIPE,0.000,0.000,0.000,168.649,,,QLD,Wallumbilla Hub,540032,2026/08/05 13:00:05
2026/07/27,DDP,540097,PIPE,43.411,563.943,131.246,486.904,,,QLD,Regional - QLD,590001,2026/08/05 13:00:05
2026/07/27,DDPS,544027,BBGPG,43.411,0.000,0.000,0.000,,,QLD,Regional - QLD,590001,2026/08/05 13:00:05
2026/07/27,Diamantina Power Station,544077,BBGPG,36.009,0.000,0.000,0.000,,,QLD,Regional - QLD,590001,2026/07/28 12:46:33
2026/07/27,Dry Creek Power Station,555026,BBGPG,0.000,0.000,0.000,0.000,,,SA,Regional - SA,590013,2026/07/28 11:31:05
2026/07/27,EGP,520047,PIPE,126.944,0.000,0.000,0.000,,,NSW,Sydney,520008,2026/07/28 12:01:05
2026/07/27,EGP,520047,PIPE,14.691,0.000,0.000,0.000,,,NSW,Canberra,520009,2026/07/28 12:01:05
2026/07/27,EGP,520047,PIPE,0.000,216.956,0.000,117.606,,,VIC,Longford Hub,530015,2026/07/28 12:01:05
2026/07/27,EGP,520047,PIPE,6.639,0.000,0.000,22.415,,,NSW,Regional - NSW,590011,2026/07/28 12:01:05
2026/07/27,EGP,520047,PIPE,1.033,73.932,0.000,0.000,,,VIC,Regional - VIC,590012,2026/07/28 12:01:05
2026/07/27,EO4PL,540055,PIPE,0.000,0.000,0.000,0.000,,,QLD,Regional - QLD,590001,2026/08/10 11:36:14
2026/07/27,Eurombah Creek,540089,PROD,0.000,145.432,0.000,0.000,,,QLD,Regional - QLD,590001,2026/08/01 12:23:59
2026/07/27,Fairview,540070,PROD,0.000,284.866,0.000,0.000,,,QLD,Regional - QLD,590001,2026/07/28 11:14:56
2026/07/27,GLNG (Curtis Island),544276,LNGEXPORT,796.827,0.000,0.000,0.000,,,QLD,Curtis Island,540030,2026/08/09 11:31:11
2026/07/27,GLNG Pipeline,540092,PIPE,796.827,0.000,0.000,0.000,,,QLD,Curtis Island,540030,2026/08/09 11:31:11
2026/07/27,GLNG Pipeline,540092,PIPE,0.000,416.421,445.737,24.020,,,QLD,Regional - QLD,590001,2026/08/10 11:36:14
2026/07/27,Hallett,555029,BBGPG,0.019,0.000,0.000,0.000,,,SA,Regional - SA,590013,2026/07/28 11:31:05
2026/07/27,Hunter Power Station,523210,BBGPG,2.116,0.000,0.000,0.000,,,NSW,Sydney,520008,2026/07/28 12:46:33
2026/07/27,ICF,530071,COMPRESSOR,0.000,0.000,6.018,6.018,,,VIC,Iona Hub,530016,2026/07/28 08:35:04
2026/07/27,Iona UGS,530042,STOR,6.018,186.197,0.000,0.000,16708.328,0.000,VIC,Iona Hub,530016,2026/07/28 08:30:05
2026/07/27,Jeerelang,533161,BBGPG,0.000,0.000,0.000,0.000,,,VIC,Gippsland,590009,2026/07/28 11:00:02
2026/07/27,Jordan,540088,PROD,0.000,288.682,0.000,0.000,,,QLD,Regional - QLD,590001,2026/08/10 11:36:14
2026/07/27,Katherine Power Station,580233,BBGPG,0.000,0.000,0.000,0.000,,,NT,Regional - NT,590017,2026/07/28 12:46:33
2026/07/27,Kenya,540075,PROD,0.000,119.591,0.000,0.000,,,QLD,Regional - QLD,590001,2026/08/10 11:36:14
2026/07/27,Kincora,544253,PROD,0.000,0.000,0.000,0.000,,,QLD,Regional - QLD,590001,2026/07/28 12:46:33
2026/07/27,KKLP,523209,PIPE,2.116,0.000,0.000,0.000,,,NSW,Sydney,520008,2026/07/28 12:46:33
2026/07/27,Kogan North,540061,PROD,0.000,3.986,0.000,0.000,,,QLD,Regional - QLD,590001,2026/07/28 12:46:33
2026/07/27,Ladbroke Grove PS,555086,BBGPG,1.628,0.000,0.000,0.000,,,SA,Regional - SA,590013,2026/07/28 12:46:33
2026/07/27,Lang Lang,530039,PROD,0.000,4.910,0.000,0.000,,,VIC,Gippsland,590009,2026/07/28 10:39:53
2026/07/27,Laverton,533201,BBGPG,0.000,0.000,0.000,0.000,,,VIC,Geelong,590005,2026/07/28 11:00:02
2026/07/27,Longford,530040,PROD,0.000,640.543,0.000,0.000,,,VIC,Longford Hub,530015,2026/07/28 08:47:43
2026/07/27,Loy Yang B,533163,BBGPG,0.000,0.000,0.000,0.000,,,VIC,Gippsland,590009,2026/07/28 11:01:07
2026/07/27,LYB Transmission Pipeline,535023,PIPE,0.004,0.000,0.000,0.000,,,VIC,Gippsland,590009,2026/07/28 11:01:07
2026/07/27,MAPS,550054,PIPE,39.136,0.000,0.000,0.000,,,SA,Adelaide,550016,2026/07/28 11:31:05
2026/07/27,MAPS,550054,PIPE,0.000,30.572,70.400,0.000,,,SA,Moomba Hub,550017,2026/07/28 11:31:05
2026/07/27,MAPS,550054,PIPE,57.878,0.000,15.000,0.000,,,SA,Regional - SA,590013,2026/07/28 11:31:05
2026/07/27,McArthur River Mine,580220,BBGPG,7.863,0.000,0.000,0.000,,,NT,Regional - NT,590017,2026/07/28 09:00:23
2026/07/27,MCF,550050,COMPRESSOR,0.000,0.000,69.361,69.361,,,SA,Moomba Hub,550017,2026/07/28 12:46:33
2026/07/27,Mereenie,580040,PROD,0.000,23.832,0.000,0.000,,,NT,Regional - NT,590017,2026/07/28 12:26:26
2026/07/27,Meridian,540064,PROD,0.000,45.169,0.000,0.000,,,QLD,Regional - QLD,590001,2026/07/28 09:39:14
2026/07/27,Mintaro Power Station,555031,BBGPG,0.000,0.000,0.000,0.000,,,SA,Regional - SA,590013,2026/07/28 11:31:05
2026/07/27,Moomba,550045,PROD,0.000,230.300,0.000,0.000,,,SA,Moomba Hub,550017,2026/08/01 21:30:58
2026/07/27,Moomba Storage,550046,STOR,0.000,4.700,0.000,0.000,6314.100,0.000,SA,Moomba Hub,550017,2026/08/01 21:30:58
2026/07/27,Mortlake PS,530063,BBGPG,0.000,0.000,0.000,0.000,,,VIC,Regional - VIC,590012,2026/07/28 07:20:00
2026/07/27,MPL,530061,PIPE,0.000,0.000,12.134,0.000,,,VIC,Iona Hub,530016,2026/07/28 07:20:00
2026/07/27,MPL,530061,PIPE,0.000,0.000,0.000,0.000,,,VIC,Regional - VIC,590012,2026/07/28 07:20:00
2026/07/27,MRP,580100,PIPE,7.863,0.000,7.864,0.000,,,NT,Regional - NT,590017,2026/07/28 09:00:23
2026/07/27,MSP,520053,PIPE,132.947,0.000,0.000,0.000,,,NSW,Sydney,520008,2026/07/28 12:46:33
2026/07/27,MSP,520053,PIPE,0.000,0.000,63.998,1.000,,,SA,Moomba Hub,550017,2026/07/28 12:46:33
2026/07/27,MSP,520053,PIPE,57.095,0.000,0.000,7.171,,,NSW,Regional - NSW,590011,2026/07/28 12:46:33
2026/07/27,MSP,520053,PIPE,17.851,0.000,0.000,0.000,,,NSW,Regional - ACT,590015,2026/07/28 12:46:33
2026/07/27,MSP,520053,PIPE,0.000,0.000,108.996,0.000,,,NSW,Culcairn,590016,2026/07/28 12:46:33
2026/07/27,Newport,533171,BBGPG,0.004,0.000,0.000,0.000,,,VIC,Melbourne,590008,2026/07/28 11:00:02
2026/07/27,NGP,580050,PIPE,0.000,0.000,13.811,0.000,,,QLD,Regional - QLD,590001,2026/07/28 12:01:15
2026/07/27,NGP,580050,PIPE,0.000,0.000,23.594,35.833,,,NT,Regional - NT,590017,2026/07/28 12:01:15
2026/07/27,NGS,520060,STOR,0.010,0.310,0.000,0.000,737.929,76.775,NSW,Sydney,520008,2026/07/28 08:48:12
2026/07/27,Oakey PS,544095,BBGPG,0.000,0.000,0.000,0.000,,,QLD,Regional - QLD,590001,2026/07/28 12:46:33
2026/07/27,Orana,540084,PROD,0.000,166.161,0.000,0.000,,,QLD,Regional - QLD,590001,2026/08/01 12:23:59
2026/07/27,Orbost,530041,PROD,0.000,73.932,0.000,0.000,,,VIC,Regional - VIC,590012,2026/07/28 12:01:05
2026/07/27,Orica,544011,BBLARGE,9.079,0.000,0.000,0.000,,,QLD,Regional - QLD,590001,2026/07/28 12:01:09
2026/07/27,Orica (Kooragang Island),523206,BBLARGE,38.078,0.000,0.000,0.000,,,NSW,Sydney,520008,2026/07/28 13:00:00
2026/07/27,Osborne,555033,BBGPG,5.922,0.000,0.000,0.000,,,SA,Regional - SA,590013,2026/07/28 11:31:05
2026/07/27,Otway,530044,PROD,0.000,92.052,0.000,0.000,,,VIC,Iona Hub,530016,2026/07/28 11:53:37
2026/07/27,Owen Springs Power Station,580235,BBGPG,1.809,0.000,0.000,0.000,,,NT,Regional - NT,590017,2026/07/28 06:41:23
2026/07/27,Palm Valley,580060,PROD,0.000,5.715,0.000,0.000,,,NT,Regional - NT,590017,2026/07/28 12:26:26
2026/07/27,PCA,550052,PIPE,0.000,17.681,21.668,1.851,,,VIC,Iona Hub,530016,2026/07/28 07:20:01
2026/07/27,PCA,550052,PIPE,27.539,0.000,0.000,0.000,,,SA,Adelaide,550016,2026/07/28 07:20:01
2026/07/27,PCA,550052,PIPE,0.000,0.000,0.000,7.875,,,VIC,Regional - VIC,590012,2026/07/28 07:20:01
2026/07/27,PCA,550052,PIPE,4.688,0.000,0.000,14.985,,,SA,Regional - SA,590013,2026/07/28 07:20:01
2026/07/27,PCI,530060,PIPE,0.000,103.116,1.851,104.967,,,VIC,Iona Hub,530016,2026/07/28 07:20:01
2026/07/27,Peat,540065,PROD,0.000,11.938,0.000,0.000,,,QLD,Regional - QLD,590001,2026/08/01 12:23:59
2026/07/27,Pelican Point Power Station,555089,BBGPG,16.850,0.000,0.000,0.000,,,SA,Regional - SA,590013,2026/07/28 07:20:01
2026/07/27,Phosphate Hill,544081,BBLARGE,26.834,0.000,0.000,0.000,,,QLD,Regional - QLD,590001,2026/07/28 12:46:33
2026/07/27,Pipeline Compression Station,544279,COMPRESSOR,0.000,0.000,0.000,0.000,,,QLD,Regional - QLD,590001,2026/08/09 11:31:11
2026/07/27,PVP,580070,PIPE,2.374,0.000,2.456,0.000,,,NT,Regional - NT,590017,2026/07/28 06:41:23
2026/07/27,QCLNG LNG Plant,544272,LNGEXPORT,1306.500,0.000,0.000,0.000,,,QLD,Curtis Island,540030,2026/08/10 11:36:14
2026/07/27,QGP,540058,PIPE,0.000,0.000,34.344,0.000,,,QLD,Wallumbilla Hub,540032,2026/07/28 12:01:09
2026/07/27,QGP,540058,PIPE,135.573,25.100,76.875,0.000,,,QLD,Regional - QLD,590001,2026/07/28 12:01:09
2026/07/27,Quarantine Power Station,555087,BBGPG,4.581,0.000,0.000,0.000,,,SA,Regional - SA,590013,2026/07/28 11:31:05
2026/07/27,Queensland Aluminia,544012,BBLARGE,33.712,0.000,0.000,0.000,,,QLD,Regional - QLD,590001,2026/07/28 12:01:09
2026/07/27,RBP,540057,PIPE,0.000,0.000,0.000,10.034,,,QLD,Wallumbilla Hub,540032,2026/07/28 12:46:33
2026/07/27,RBP,540057,PIPE,4.292,32.533,46.992,8.030,,,QLD,Regional - QLD,590001,2026/07/28 12:46:33
2026/07/27,RBP,540057,PIPE,57.351,0.000,0.000,0.000,,,QLD,Brisbane,590002,2026/07/28 12:46:33
2026/07/27,RCWP,540102,PIPE,0.000,0.000,0.000,57.286,,,QLD,Wallumbilla Hub,540032,2026/07/28 12:46:33
2026/07/27,RCWP,540102,PIPE,0.000,0.000,57.233,0.000,,,QLD,Regional - QLD,590001,2026/07/28 12:46:33
2026/07/27,Reedy Creek,540085,PROD,0.000,200.213,0.000,0.000,,,QLD,Regional - QLD,590001,2026/08/01 12:23:59
2026/07/27,RMNGPF,640011,PROD,0.000,17.460,0.000,0.000,,,QLD,Regional - QLD,590001,2026/07/28 09:56:31
2026/07/27,RNMGP,640012,PIPE,0.000,17.460,0.000,17.460,,,QLD,Regional - QLD,590001,2026/07/28 09:56:31
2026/07/27,RNP,640009,PIPE,0.000,23.717,0.000,23.717,,,QLD,Regional - QLD,590001,2026/07/28 12:01:10
2026/07/27,Rolleston,540073,PROD,0.000,9.138,0.000,0.000,,,QLD,Regional - QLD,590001,2026/07/28 12:01:09
2026/07/27,Roma,540095,PROD,0.000,226.269,0.000,0.000,,,QLD,Regional - QLD,590001,2026/07/28 11:12:09
2026/07/27,Roma North,544260,PROD,0.000,23.717,0.000,0.000,,,QLD,Regional - QLD,590001,2026/07/28 12:01:16
2026/07/27,Roma Power Station,540120,BBGPG,0.000,0.000,0.000,0.000,,,QLD,Regional - QLD,590001,2026/07/28 11:43:57
2026/07/27,Ron Goodin Power Station,580234,BBGPG,0.000,0.000,0.000,0.000,,,NT,Regional - NT,590017,2026/07/28 06:41:23
2026/07/27,RPL,540110,PIPE,0.079,0.000,0.000,0.000,,,QLD,Regional - QLD,590001,2026/07/28 11:43:57
2026/07/27,Ruby Jo,540082,PROD,0.000,419.257,0.000,0.000,,,QLD,Regional - QLD,590001,2026/08/10 11:36:14
2026/07/27,RUGS,540040,STOR,0.000,3.239,0.000,0.000,15192.815,0.000,QLD,Regional - QLD,590001,2026/07/28 11:12:09
2026/07/27,Scotia,540072,PROD,0.000,103.576,0.000,0.000,,,QLD,Regional - QLD,590001,2026/07/28 11:12:09
2026/07/27,SEPS,550061,PIPE,6.057,0.000,6.080,0.000,,,SA,Regional - SA,590013,2026/07/28 11:32:05
2026/07/27,SESA,550060,PIPE,0.000,0.000,7.877,0.000,,,VIC,Regional - VIC,590012,2026/07/28 12:46:33
2026/07/27,SESA,550060,PIPE,1.628,0.000,0.000,6.088,,,SA,Regional - SA,590013,2026/07/28 12:46:33
2026/07/27,Shoalhaven Starches Cogeneration Plant,523203,BBLARGE,22.617,0.000,0.000,0.000,,,NSW,Regional - NSW,590011,2026/07/30 13:09:17
2026/07/27,Smithfield Energy Facility,522004,BBGPG,1.180,0.000,0.000,0.000,,,NSW,Regional - NSW,590011,2026/07/28 12:03:05
2026/07/27,Snapper Point,555090,BBGPG,0.000,0.000,0.000,0.000,,,SA,Regional - SA,590013,2026/07/28 11:31:05
2026/07/27,Somerton,533174,BBGPG,0.000,0.000,0.000,0.000,,,VIC,Melbourne,590008,2026/07/28 11:00:02
2026/07/27,Spring Gully,540066,PROD,0.000,49.821,0.000,0.000,,,QLD,Regional - QLD,590001,2026/08/01 12:23:59
2026/07/27,SSP,540103,PIPE,0.000,6.980,0.000,6.980,,,QLD,Regional - QLD,590001,2026/07/28 08:28:33
2026/07/27,SSSF,540062,STOR,0.000,6.300,0.000,0.000,8704.552,0.000,QLD,Regional - QLD,590001,2026/07/28 08:28:33
2026/07/27,Strathblane,540067,PROD,0.000,53.653,0.000,0.000,,,QLD,Regional - QLD,590001,2026/08/01 12:23:59
2026/07/27,Swanbank Power Station,544104,BBGPG,0.000,0.000,0.000,0.000,,,QLD,Brisbane,590002,2026/07/28 12:46:33
2026/07/27,SWQP,540060,PIPE,0.000,0.000,338.420,214.681,,,QLD,Wallumbilla Hub,540032,2026/07/28 12:46:33
2026/07/27,SWQP,540060,PIPE,0.000,0.000,0.000,104.003,,,QLD,Ballera,540078,2026/07/28 12:46:33
2026/07/27,SWQP,540060,PIPE,0.000,202.759,0.000,133.398,,,SA,Moomba Hub,550017,2026/07/28 12:46:33
2026/07/27,SWQP,540060,PIPE,0.118,0.000,0.000,0.000,,,QLD,Regional - QLD,590001,2026/07/28 12:46:33
2026/07/27,Talinga,540076,PROD,0.000,84.903,0.000,0.000,,,QLD,Regional - QLD,590001,2026/08/01 12:23:59
2026/07/27,Tallawarra,522002,BBGPG,0.000,0.000,0.000,0.000,,,NSW,Regional - NSW,590011,2026/07/28 11:00:04
2026/07/27,Tallawarra Pipeline,523201,PIPE,0.000,0.000,0.000,0.000,,,NSW,Regional - NSW,590011,2026/07/28 11:00:04
2026/07/27,Taloona,540068,PROD,0.000,39.127,0.000,0.000,,,QLD,Regional - QLD,590001,2026/08/01 12:23:59
2026/07/27,Tanami GP,580210,PIPE,7.787,0.000,7.500,0.000,,,NT,Regional - NT,590017,2026/07/28 12:02:00
2026/07/27,TGP,570050,PIPE,0.000,0.000,84.625,43.996,,,VIC,Longford Hub,530015,2026/07/29 12:01:00
2026/07/27,TGP,570050,PIPE,44.512,0.000,0.000,0.000,,,TAS,Regional - TAS,590014,2026/07/29 12:01:00
2026/07/27,Tipton,540051,PROD,0.000,40.432,0.000,0.000,,,QLD,Regional - QLD,590001,2026/07/28 10:17:36
2026/07/27,Torrens Island PS,555041,BBGPG,14.204,0.000,0.000,0.000,,,SA,Regional - SA,590013,2026/07/28 11:31:05
2026/07/27,Uranquinty Power Station,522047,BBGPG,14.387,0.000,0.000,0.000,,,NSW,Regional - NSW,590011,2026/07/28 12:46:33
2026/07/27,Valley Power GPG,535024,BBGPG,0.004,0.000,0.000,0.000,,,VIC,Gippsland,590009,2026/07/28 11:01:07
2026/07/27,VicHub,532005,PIPE,0.000,0.000,32.986,32.986,,,VIC,Longford Hub,530015,2026/07/28 12:01:19
2026/07/27,Viva Energy Refinery,535018,BBLARGE,6.848,0.000,0.000,0.000,,,VIC,Geelong,590005,2026/07/28 07:30:12
2026/07/27,VTS,530110,PIPE,0.000,421.550,77.003,0.000,,,VIC,Longford Hub,530015,2026/07/28 11:00:02
2026/07/27,VTS,530110,PIPE,0.000,170.661,71.166,0.000,,,VIC,Iona Hub,530016,2026/07/28 11:00:02
2026/07/27,VTS,530110,PIPE,11.975,0.000,0.000,0.000,,,VIC,Western,590004,2026/07/28 11:00:02
2026/07/27,VTS,530110,PIPE,60.359,0.000,0.000,0.000,,,VIC,Geelong,590005,2026/07/28 11:00:02
2026/07/27,VTS,530110,PIPE,46.908,0.000,0.000,0.000,,,VIC,Ballarat,590006,2026/07/28 11:00:02
2026/07/27,VTS,530110,PIPE,75.015,0.000,0.000,0.000,,,VIC,Northern,590007,2026/07/28 11:00:02
2026/07/27,VTS,530110,PIPE,403.985,0.214,0.000,0.000,,,VIC,Melbourne,590008,2026/07/28 11:00:02
2026/07/27,VTS,530110,PIPE,39.467,0.000,2.247,0.838,,,VIC,Gippsland,590009,2026/07/28 11:00:02
2026/07/27,VTS,530110,PIPE,0.000,0.000,0.000,108.995,,,NSW,Culcairn,590016,2026/07/28 11:00:02
2026/07/27,Wallumbilla Compression Station,544280,COMPRESSOR,0.000,0.000,0.000,0.000,,,QLD,Wallumbilla Hub,540032,2026/08/09 11:31:11
2026/07/27,WCFA,540045,COMPRESSOR,0.000,0.000,190.194,190.194,,,QLD,Wallumbilla Hub,540032,2026/07/28 12:46:33
2026/07/27,WCFB,540046,COMPRESSOR,0.000,0.000,141.427,141.427,,,QLD,Wallumbilla Hub,540032,2026/07/28 12:46:33
2026/07/27,Weddell Power Station,580232,BBGPG,8.033,0.000,0.000,0.000,,,NT,Darwin,580001,2026/07/28 12:46:33
2026/07/27,WGP,540091,PIPE,1306.500,0.000,0.000,0.000,,,QLD,Curtis Island,540030,2026/08/10 11:36:14
2026/07/27,WGP,540091,PIPE,0.000,1253.297,55.775,0.000,,,QLD,Regional - QLD,590001,2026/08/10 11:36:14
2026/07/27,Whyalla Steelworks,555085,BBLARGE,2.986,0.000,0.000,0.000,,,SA,Regional - SA,590013,2026/07/28 11:31:05
2026/07/27,Windibri,540069,PROD,0.000,107.662,0.000,0.000,,,QLD,Regional - QLD,590001,2026/08/10 11:36:14
2026/07/27,Woleebee Creek,540087,PROD,0.000,621.139,0.000,0.000,,,QLD,Regional - QLD,590001,2026/08/10 11:36:14
2026/07/27,WPP,580030,PIPE,8.033,3.824,4.235,0.000,,,NT,Darwin,580001,2026/07/28 12:46:33
2026/07/27,Yarwun,544282,BBGPG,76.058,0.000,0.000,0.000,,,QLD,Regional - QLD,590001,2026/07/28 12:01:09
2026/07/27,Yelcherr,580180,PROD,0.000,0.000,0.000,0.000,,,NT,Regional - NT,590017,2026/07/28 12:46:33
2026/07/27,Yellowbank,540074,PROD,0.000,11.712,0.000,0.000,,,QLD,Regional - QLD,590001,2026/07/28 12:01:09
2026/07/28,Adelaide Brighton,555091,BBLARGE,8.224,0.000,0.000,0.000,,,SA,Adelaide,550016,2026/08/10 13:00:00
2026/07/28,AGP,580010,PIPE,19.100,0.000,0.000,1.545,,,NT,Darwin,580001,2026/07/29 12:46:55
2026/07/28,AGP,580010,PIPE,8.994,32.258,34.533,40.993,,,NT,Regional - NT,590017,2026/07/29 12:46:55
2026/07/28,APLNG Pipeline,540093,PIPE,1659.775,0.000,0.000,0.000,,,QLD,Curtis Island,540030,2026/08/02 11:33:15
2026/07/28,APLNG Pipeline,540093,PIPE,0.000,1354.140,519.864,193.586,,,QLD,Regional - QLD,590001,2026/08/02 11:33:15
2026/07/28,Arcadia,540101,PROD,0.000,90.060,0.000,0.000,,,QLD,Regional - QLD,590001,2026/07/29 11:28:16
2026/07/28,ATGP,640013,PIPE,0.000,43.666,0.000,43.666,,,QLD,Regional - QLD,590001,2026/07/29 12:01:09
2026/07/28,ATHENA,535014,PROD,0.000,17.541,0.000,0.000,,,VIC,Iona Hub,530016,2026/08/02 09:47:27
2026/07/28,Atlas,544261,PROD,0.000,43.666,0.000,0.000,,,QLD,Regional - QLD,590001,2026/07/29 12:01:13
2026/07/28,Atlas East Central Processing Facility,640008,PROD,0.000,29.290,0.000,0.000,,,QLD,Regional - QLD,590001,2026/07/29 09:43:39
2026/07/28,Atlas to Reedy Creek Pipeline,640007,PIPE,0.000,29.290,0.000,27.143,,,QLD,Regional - QLD,590001,2026/07/29 12:46:55
2026/07/28,Australia Pacific LNG,544273,LNGEXPORT,1659.775,0.000,0.000,0.000,,,QLD,Curtis Island,540030,2026/07/29 12:00:25
2026/07/28,Australian Paper (Opal),535021,BBLARGE,9.559,0.000,0.000,0.000,,,VIC,Gippsland,590009,2026/07/29 11:00:01
2026/07/28,B1PL,540077,PIPE,0.032,40.957,0.000,39.333,,,QLD,Regional - QLD,590001,2026/07/29 11:00:47
2026/07/28,B2PL,540071,PIPE,0.000,54.888,5.008,56.703,,,QLD,Regional - QLD,590001,2026/07/29 10:27:56
2026/07/28,Bairnsdale Power Station,535020,BBGPG,0.000,0.000,0.000,0.000,,,VIC,Regional - VIC,590012,2026/07/29 11:00:52
2026/07/28,BCF,540047,COMPRESSOR,0.000,0.000,95.300,95.300,,,QLD,Regional - QLD,590001,2026/08/02 21:03:49
2026/07/28,Bell Bay CCGT,577016,BBGPG,26.788,0.000,0.000,0.000,,,TAS,Regional - TAS,590014,2026/07/30 12:01:00
2026/07/28,Bell Bay GGT,577014,BBGPG,0.000,0.000,0.000,0.000,,,TAS,Regional - TAS,590014,2026/07/30 12:01:00
2026/07/28,Bell Bay OCGT,577015,BBGPG,0.000,0.000,0.000,0.000,,,TAS,Regional - TAS,590014,2026/07/30 12:01:00
2026/07/28,Bellevue,540083,PROD,0.000,134.694,0.000,0.000,,,QLD,Regional - QLD,590001,2026/08/10 11:36:14
2026/07/28,BGP,580020,PIPE,0.270,0.000,0.000,0.000,,,NT,Regional - NT,590017,2026/07/29 12:46:55
2026/07/28,BlueScope,523204,BBLARGE,10.722,0.000,0.000,0.000,,,NSW,Sydney,520008,2026/07/29 12:01:05
2026/07/28,Bolivar,555008,BBGPG,0.000,0.000,0.000,0.000,,,SA,Regional - SA,590013,2026/07/29 12:07:34
2026/07/28,Bomaderry Gas Pipeline,523202,PIPE,0.000,0.000,22.145,0.000,,,NSW,Regional - NSW,590011,2026/07/29 12:01:05
2026/07/28,BPP,530030,PIPE,2.810,7.970,0.000,5.152,,,VIC,Gippsland,590009,2026/07/29 11:00:01
2026/07/28,Braemar 2 Power Station,544085,BBGPG,0.000,0.000,0.000,0.000,,,QLD,Regional - QLD,590001,2026/07/29 10:27:56
2026/07/28,Braemar Power Station,544252,BBGPG,0.032,0.000,0.000,0.000,,,QLD,Regional - QLD,590001,2026/07/29 11:00:47
2026/07/28,BWP,540096,PIPE,0.000,0.000,0.000,90.487,,,QLD,Wallumbilla Hub,540032,2026/07/29 12:46:55
2026/07/28,BWP,540096,PIPE,0.000,89.940,0.000,0.000,,,QLD,Regional - QLD,590001,2026/07/29 12:46:55
2026/07/28,CGP,540059,PIPE,0.000,0.000,95.322,0.000,,,QLD,Ballera,540078,2026/07/29 12:46:55
2026/07/28,CGP,540059,PIPE,73.093,0.000,0.000,13.799,,,QLD,Regional - QLD,590001,2026/07/29 12:46:55
2026/07/28,Channel Island Power Station,580231,BBGPG,19.100,0.000,0.000,0.000,,,NT,Darwin,580001,2026/07/29 12:46:55
2026/07/28,Colongra,523120,BBGPG,0.000,0.000,0.000,0.000,,,NSW,Regional - NSW,590011,2026/07/29 12:00:24
2026/07/28,ColongraGP,520090,PIPE,0.000,0.000,0.000,0.000,,,NSW,Sydney,520008,2026/07/29 12:00:24
2026/07/28,ColongraGP,520090,PIPE,0.000,0.000,0.000,0.000,,,NSW,Regional - NSW,590011,2026/07/29 12:00:24
2026/07/28,Combabula,540094,PROD,0.000,293.599,0.000,0.000,,,QLD,Regional - QLD,590001,2026/08/02 11:33:15
2026/07/28,Condabri Central,540080,PROD,0.000,140.113,0.000,0.000,,,QLD,Regional - QLD,590001,2026/08/02 11:33:15
2026/07/28,Condabri North,540090,PROD,0.000,160.190,0.000,0.000,,,QLD,Regional - QLD,590001,2026/08/02 11:33:15
2026/07/28,Condabri South,540086,PROD,0.000,156.071,0.000,0.000,,,QLD,Regional - QLD,590001,2026/08/02 11:33:15
2026/07/28,Condamine Power Station,544274,BBGPG,0.000,0.000,0.000,0.000,,,QLD,Regional - QLD,590001,2026/08/10 11:35:25
2026/07/28,CRWP,540098,PIPE,0.000,0.000,169.877,0.000,,,QLD,Wallumbilla Hub,540032,2026/07/29 11:13:07
2026/07/28,CRWP,540098,PIPE,0.000,229.228,38.736,440.549,,,QLD,Regional - QLD,590001,2026/07/29 11:13:07
2026/07/28,CWP,520054,PIPE,5.389,0.000,4.363,0.000,,,NSW,Regional - NSW,590011,2026/07/29 12:46:55
2026/07/28,Daandine,540050,PROD,0.000,54.888,0.000,0.000,,,QLD,Regional - QLD,590001,2026/07/29 10:27:59
2026/07/28,Dandenong LNG,530038,STOR,0.000,0.281,0.000,0.000,615.494,27.889,VIC,Melbourne,590008,2026/07/29 12:46:55
2026/07/28,DDP,540097,PIPE,0.000,0.000,0.000,194.935,,,QLD,Wallumbilla Hub,540032,2026/08/05 13:01:09
2026/07/28,DDP,540097,PIPE,16.534,570.638,131.777,495.210,,,QLD,Regional - QLD,590001,2026/08/05 13:01:09
2026/07/28,DDPS,544027,BBGPG,16.534,0.000,0.000,0.000,,,QLD,Regional - QLD,590001,2026/08/05 13:01:09
2026/07/28,Diamantina Power Station,544077,BBGPG,36.770,0.000,0.000,0.000,,,QLD,Regional - QLD,590001,2026/07/29 12:46:55
2026/07/28,Dry Creek Power Station,555026,BBGPG,0.000,0.000,0.000,0.000,,,SA,Regional - SA,590013,2026/07/29 11:31:06
2026/07/28,EGP,520047,PIPE,130.597,0.000,0.000,0.000,,,NSW,Sydney,520008,2026/07/29 12:01:05
2026/07/28,EGP,520047,PIPE,15.688,0.000,0.000,0.000,,,NSW,Canberra,520009,2026/07/29 12:01:05
2026/07/28,EGP,520047,PIPE,0.000,217.696,0.000,115.206,,,VIC,Longford Hub,530015,2026/07/29 12:01:05
2026/07/28,EGP,520047,PIPE,5.344,0.000,0.000,22.145,,,NSW,Regional - NSW,590011,2026/07/29 12:01:05
2026/07/28,EGP,520047,PIPE,1.043,73.967,0.000,0.000,,,VIC,Regional - VIC,590012,2026/07/29 12:01:05
2026/07/28,EO4PL,540055,PIPE,0.000,0.000,0.000,0.000,,,QLD,Regional - QLD,590001,2026/08/10 11:36:14
2026/07/28,Eurombah Creek,540089,PROD,0.000,144.572,0.000,0.000,,,QLD,Regional - QLD,590001,2026/08/02 11:33:15
2026/07/28,Fairview,540070,PROD,0.000,286.021,0.000,0.000,,,QLD,Regional - QLD,590001,2026/07/29 11:28:16
2026/07/28,GLNG (Curtis Island),544276,LNGEXPORT,815.663,0.000,0.000,0.000,,,QLD,Curtis Island,540030,2026/07/29 11:13:07
2026/07/28,GLNG Pipeline,540092,PIPE,815.663,0.000,0.000,0.000,,,QLD,Curtis Island,540030,2026/07/29 11:13:07
2026/07/28,GLNG Pipeline,540092,PIPE,0.000,416.336,440.549,24.654,,,QLD,Regional - QLD,590001,2026/08/10 11:36:14
2026/07/28,Hallett,555029,BBGPG,0.000,0.000,0.000,0.000,,,SA,Regional - SA,590013,2026/07/29 11:31:06
2026/07/28,Hunter Power Station,523210,BBGPG,0.004,0.000,0.000,0.000,,,NSW,Sydney,520008,2026/07/29 12:46:55
2026/07/28,ICF,530071,COMPRESSOR,0.000,0.000,4.000,4.000,,,VIC,Iona Hub,530016,2026/07/29 08:35:04
2026/07/28,Iona UGS,530042,STOR,4.000,197.594,0.000,0.000,16509.327,0.000,VIC,Iona Hub,530016,2026/07/29 08:30:03
2026/07/28,Jeerelang,533161,BBGPG,0.000,0.000,0.000,0.000,,,VIC,Gippsland,590009,2026/07/29 11:00:01
2026/07/28,Jordan,540088,PROD,0.000,322.001,0.000,0.000,,,QLD,Regional - QLD,590001,2026/08/10 11:36:14
2026/07/28,Katherine Power Station,580233,BBGPG,0.000,0.000,0.000,0.000,,,NT,Regional - NT,590017,2026/07/29 12:46:55
2026/07/28,Kenya,540075,PROD,0.000,119.044,0.000,0.000,,,QLD,Regional - QLD,590001,2026/08/10 11:36:14
2026/07/28,Kincora,544253,PROD,0.000,0.000,0.000,0.000,,,QLD,Regional - QLD,590001,2026/07/29 12:46:55
2026/07/28,KKLP,523209,PIPE,0.004,0.000,0.000,0.000,,,NSW,Sydney,520008,2026/07/29 12:46:55
2026/07/28,Kogan North,540061,PROD,0.000,3.986,0.000,0.000,,,QLD,Regional - QLD,590001,2026/07/29 12:46:55
2026/07/28,Ladbroke Grove PS,555086,BBGPG,0.138,0.000,0.000,0.000,,,SA,Regional - SA,590013,2026/07/29 12:46:55
2026/07/28,Lang Lang,530039,PROD,0.000,7.970,0.000,0.000,,,VIC,Gippsland,590009,2026/07/29 10:32:35
2026/07/28,Laverton,533201,BBGPG,0.000,0.000,0.000,0.000,,,VIC,Geelong,590005,2026/07/29 11:00:01
2026/07/28,Longford,530040,PROD,0.000,612.093,0.000,0.000,,,VIC,Longford Hub,530015,2026/07/29 08:20:30
2026/07/28,Loy Yang B,533163,BBGPG,0.000,0.000,0.000,0.000,,,VIC,Gippsland,590009,2026/07/29 11:00:49
2026/07/28,LYB Transmission Pipeline,535023,PIPE,0.000,0.000,0.000,0.000,,,VIC,Gippsland,590009,2026/07/29 11:00:49
2026/07/28,MAPS,550054,PIPE,47.629,0.000,0.000,0.000,,,SA,Adelaide,550016,2026/07/29 11:31:06
2026/07/28,MAPS,550054,PIPE,0.000,30.705,118.255,0.000,,,SA,Moomba Hub,550017,2026/07/29 11:31:06
2026/07/28,MAPS,550054,PIPE,52.830,0.000,0.006,0.000,,,SA,Regional - SA,590013,2026/07/29 11:31:06
2026/07/28,McArthur River Mine,580220,BBGPG,7.944,0.000,0.000,0.000,,,NT,Regional - NT,590017,2026/07/29 09:19:04
2026/07/28,MCF,550050,COMPRESSOR,0.000,0.000,0.000,0.000,,,SA,Moomba Hub,550017,2026/07/29 12:46:55
2026/07/28,Mereenie,580040,PROD,0.000,26.532,0.000,0.000,,,NT,Regional - NT,590017,2026/07/29 11:58:35
2026/07/28,Meridian,540064,PROD,0.000,44.505,0.000,0.000,,,QLD,Regional - QLD,590001,2026/07/29 09:39:03
2026/07/28,Mintaro Power Station,555031,BBGPG,0.000,0.000,0.000,0.000,,,SA,Regional - SA,590013,2026/07/29 11:31:06
2026/07/28,Moomba,550045,PROD,0.000,231.400,0.000,0.000,,,SA,Moomba Hub,550017,2026/08/02 21:03:49
2026/07/28,Moomba Storage,550046,STOR,0.000,4.900,0.000,0.000,6309.300,0.000,SA,Moomba Hub,550017,2026/08/02 21:03:49
2026/07/28,Mortlake PS,530063,BBGPG,0.000,0.000,0.000,0.000,,,VIC,Regional - VIC,590012,2026/07/29 07:20:00
2026/07/28,MPL,530061,PIPE,0.000,0.000,0.033,0.000,,,VIC,Iona Hub,530016,2026/07/29 07:20:00
2026/07/28,MPL,530061,PIPE,0.000,0.000,0.000,0.000,,,VIC,Regional - VIC,590012,2026/07/29 07:20:00
2026/07/28,MRP,580100,PIPE,7.944,0.000,7.945,0.000,,,NT,Regional - NT,590017,2026/07/29 09:19:04
2026/07/28,MSP,520053,PIPE,139.796,0.000,0.000,0.000,,,NSW,Sydney,520008,2026/07/29 12:46:55
2026/07/28,MSP,520053,PIPE,0.000,0.000,117.481,0.300,,,SA,Moomba Hub,550017,2026/07/29 12:46:55
2026/07/28,MSP,520053,PIPE,44.655,0.000,0.000,4.363,,,NSW,Regional - NSW,590011,2026/07/29 12:46:55
2026/07/28,MSP,520053,PIPE,17.803,0.000,0.000,0.000,,,NSW,Regional - ACT,590015,2026/07/29 12:46:55
2026/07/28,MSP,520053,PIPE,0.000,0.000,98.963,0.000,,,NSW,Culcairn,590016,2026/07/29 12:46:55
2026/07/28,Newport,533171,BBGPG,0.003,0.000,0.000,0.000,,,VIC,Melbourne,590008,2026/07/29 11:00:01
2026/07/28,NGP,580050,PIPE,0.000,0.000,13.799,0.000,,,QLD,Regional - QLD,590001,2026/07/29 12:01:11
2026/07/28,NGP,580050,PIPE,0.000,0.000,22.978,34.533,,,NT,Regional - NT,590017,2026/07/29 12:01:11
2026/07/28,NGS,520060,STOR,0.000,0.745,0.000,0.000,737.161,76.775,NSW,Sydney,520008,2026/07/29 09:05:13
2026/07/28,Oakey PS,544095,BBGPG,0.000,0.000,0.000,0.000,,,QLD,Regional - QLD,590001,2026/07/29 12:46:55
2026/07/28,Orana,540084,PROD,0.000,166.661,0.000,0.000,,,QLD,Regional - QLD,590001,2026/08/02 11:33:15
2026/07/28,Orbost,530041,PROD,0.000,73.967,0.000,0.000,,,VIC,Regional - VIC,590012,2026/07/29 12:01:05
2026/07/28,Orica,544011,BBLARGE,7.640,0.000,0.000,0.000,,,QLD,Regional - QLD,590001,2026/07/29 12:01:06
2026/07/28,Orica (Kooragang Island),523206,BBLARGE,40.499,0.000,0.000,0.000,,,NSW,Sydney,520008,2026/07/29 13:00:00
2026/07/28,Osborne,555033,BBGPG,13.038,0.000,0.000,0.000,,,SA,Regional - SA,590013,2026/07/29 11:31:06
2026/07/28,Otway,530044,PROD,0.000,91.774,0.000,0.000,,,VIC,Iona Hub,530016,2026/07/29 13:23:02
2026/07/28,Owen Springs Power Station,580235,BBGPG,1.719,0.000,0.000,0.000,,,NT,Regional - NT,590017,2026/07/29 06:41:17
2026/07/28,Palm Valley,580060,PROD,0.000,5.726,0.000,0.000,,,NT,Regional - NT,590017,2026/07/29 11:58:35
2026/07/28,PCA,550052,PIPE,0.000,17.042,47.710,0.983,,,VIC,Iona Hub,530016,2026/07/29 07:20:01
2026/07/28,PCA,550052,PIPE,20.394,0.000,0.000,0.000,,,SA,Adelaide,550016,2026/07/29 07:20:01
2026/07/28,PCA,550052,PIPE,0.000,0.000,0.000,7.164,,,VIC,Regional - VIC,590012,2026/07/29 07:20:01
2026/07/28,PCA,550052,PIPE,5.831,0.000,0.000,0.000,,,SA,Regional - SA,590013,2026/07/29 07:20:01
2026/07/28,PCI,530060,PIPE,0.000,103.264,0.983,104.247,,,VIC,Iona Hub,530016,2026/07/29 07:20:01
2026/07/28,Peat,540065,PROD,0.000,10.099,0.000,0.000,,,QLD,Regional - QLD,590001,2026/08/02 11:33:15
2026/07/28,Pelican Point Power Station,555089,BBGPG,15.120,0.000,0.000,0.000,,,SA,Regional - SA,590013,2026/07/29 07:20:01
2026/07/28,Phosphate Hill,544081,BBLARGE,25.988,0.000,0.000,0.000,,,QLD,Regional - QLD,590001,2026/07/29 12:46:55
2026/07/28,Pipeline Compression Station,544279,COMPRESSOR,0.000,0.000,0.000,0.000,,,QLD,Regional - QLD,590001,2026/07/29 11:13:07
2026/07/28,PVP,580070,PIPE,2.273,0.000,2.370,0.000,,,NT,Regional - NT,590017,2026/07/29 06:41:17
2026/07/28,QCLNG LNG Plant,544272,LNGEXPORT,1322.168,0.000,0.000,0.000,,,QLD,Curtis Island,540030,2026/08/10 11:36:14
2026/07/28,QGP,540058,PIPE,0.000,0.000,36.918,0.000,,,QLD,Wallumbilla Hub,540032,2026/07/29 12:01:06
2026/07/28,QGP,540058,PIPE,135.693,24.981,77.014,0.000,,,QLD,Regional - QLD,590001,2026/07/29 12:01:06
2026/07/28,Quarantine Power Station,555087,BBGPG,5.048,0.000,0.000,0.000,,,SA,Regional - SA,590013,2026/07/29 11:31:06
2026/07/28,Queensland Aluminia,544012,BBLARGE,36.069,0.000,0.000,0.000,,,QLD,Regional - QLD,590001,2026/07/29 12:01:06
2026/07/28,RBP,540057,PIPE,0.000,0.000,0.000,12.799,,,QLD,Wallumbilla Hub,540032,2026/07/29 12:46:55
2026/07/28,RBP,540057,PIPE,4.278,33.596,45.633,5.008,,,QLD,Regional - QLD,590001,2026/07/29 12:46:55
2026/07/28,RBP,540057,PIPE,58.120,0.000,0.000,0.000,,,QLD,Brisbane,590002,2026/07/29 12:46:55
2026/07/28,RCWP,540102,PIPE,0.000,0.000,0.000,55.428,,,QLD,Wallumbilla Hub,540032,2026/07/29 12:46:55
2026/07/28,RCWP,540102,PIPE,0.000,0.000,55.348,0.000,,,QLD,Regional - QLD,590001,2026/07/29 12:46:55
2026/07/28,Reedy Creek,540085,PROD,0.000,200.476,0.000,0.000,,,QLD,Regional - QLD,590001,2026/08/02 11:33:15
2026/07/28,RMNGPF,640011,PROD,0.000,18.040,0.000,0.000,,,QLD,Regional - QLD,590001,2026/07/29 09:44:21
2026/07/28,RNMGP,640012,PIPE,0.000,18.040,0.000,18.040,,,QLD,Regional - QLD,590001,2026/07/29 09:44:21
2026/07/28,RNP,640009,PIPE,0.000,20.696,0.000,20.696,,,QLD,Regional - QLD,590001,2026/07/29 12:01:07
2026/07/28,Rolleston,540073,PROD,0.000,9.050,0.000,0.000,,,QLD,Regional - QLD,590001,2026/07/29 12:01:06
2026/07/28,Roma,540095,PROD,0.000,229.228,0.000,0.000,,,QLD,Regional - QLD,590001,2026/07/29 11:28:20
2026/07/28,Roma North,544260,PROD,0.000,20.696,0.000,0.000,,,QLD,Regional - QLD,590001,2026/07/29 12:01:12
2026/07/28,Roma Power Station,540120,BBGPG,0.000,0.000,0.000,0.000,,,QLD,Regional - QLD,590001,2026/07/29 13:09:58
2026/07/28,Ron Goodin Power Station,580234,BBGPG,0.000,0.000,0.000,0.000,,,NT,Regional - NT,590017,2026/07/29 06:41:17
2026/07/28,RPL,540110,PIPE,0.068,0.000,0.000,0.000,,,QLD,Regional - QLD,590001,2026/07/29 13:09:58
2026/07/28,Ruby Jo,540082,PROD,0.000,425.625,0.000,0.000,,,QLD,Regional - QLD,590001,2026/08/10 11:36:14
2026/07/28,RUGS,540040,STOR,0.000,5.682,0.000,0.000,15187.162,0.000,QLD,Regional - QLD,590001,2026/07/29 11:28:20
2026/07/28,Scotia,540072,PROD,0.000,103.244,0.000,0.000,,,QLD,Regional - QLD,590001,2026/07/29 11:28:20
2026/07/28,SEPS,550061,PIPE,6.967,0.000,6.975,0.000,,,SA,Regional - SA,590013,2026/07/29 11:32:05
2026/07/28,SESA,550060,PIPE,0.000,0.000,7.162,0.000,,,VIC,Regional - VIC,590012,2026/07/29 12:46:55
2026/07/28,SESA,550060,PIPE,0.138,0.000,0.000,6.975,,,SA,Regional - SA,590013,2026/07/29 12:46:55
2026/07/28,Smithfield Energy Facility,522004,BBGPG,0.000,0.000,0.000,0.000,,,NSW,Regional - NSW,590011,2026/07/29 12:07:34
2026/07/28,Snapper Point,555090,BBGPG,0.000,0.000,0.000,0.000,,,SA,Regional - SA,590013,2026/07/29 11:31:06
2026/07/28,Somerton,533174,BBGPG,0.001,0.000,0.000,0.000,,,VIC,Melbourne,590008,2026/07/29 11:00:01
2026/07/28,Spring Gully,540066,PROD,0.000,53.859,0.000,0.000,,,QLD,Regional - QLD,590001,2026/08/02 11:33:15
2026/07/28,SSP,540103,PIPE,0.000,7.050,0.000,7.050,,,QLD,Regional - QLD,590001,2026/07/29 09:41:15
2026/07/28,SSSF,540062,STOR,0.000,6.300,0.000,0.000,8697.502,0.000,QLD,Regional - QLD,590001,2026/07/29 09:41:15
2026/07/28,Strathblane,540067,PROD,0.000,53.822,0.000,0.000,,,QLD,Regional - QLD,590001,2026/08/02 11:33:15
2026/07/28,Swanbank Power Station,544104,BBGPG,0.000,0.000,0.000,0.000,,,QLD,Brisbane,590002,2026/07/29 12:46:55
2026/07/28,SWQP,540060,PIPE,0.000,0.000,353.661,206.795,,,QLD,Wallumbilla Hub,540032,2026/07/29 12:46:55
2026/07/28,SWQP,540060,PIPE,0.000,0.000,0.000,100.414,,,QLD,Ballera,540078,2026/07/29 12:46:55
2026/07/28,SWQP,540060,PIPE,0.000,205.713,0.000,235.436,,,SA,Moomba Hub,550017,2026/07/29 12:46:55
2026/07/28,SWQP,540060,PIPE,0.115,0.000,0.000,0.000,,,QLD,Regional - QLD,590001,2026/07/29 12:46:55
2026/07/28,Talinga,540076,PROD,0.000,85.534,0.000,0.000,,,QLD,Regional - QLD,590001,2026/08/02 11:33:15
2026/07/28,Tallawarra,522002,BBGPG,0.000,0.000,0.000,0.000,,,NSW,Regional - NSW,590011,2026/07/29 11:00:04
2026/07/28,Tallawarra Pipeline,523201,PIPE,0.000,0.000,0.000,0.000,,,NSW,Regional - NSW,590011,2026/07/29 11:00:04
2026/07/28,Taloona,540068,PROD,0.000,40.661,0.000,0.000,,,QLD,Regional - QLD,590001,2026/08/02 11:33:15
2026/07/28,Tanami GP,580210,PIPE,7.616,0.000,7.700,0.000,,,NT,Regional - NT,590017,2026/07/29 12:02:00
2026/07/28,TGP,570050,PIPE,0.000,0.000,80.235,37.993,,,VIC,Longford Hub,530015,2026/07/30 12:01:00
2026/07/28,TGP,570050,PIPE,44.611,0.000,0.000,0.000,,,TAS,Regional - TAS,590014,2026/07/30 12:01:00
2026/07/28,Tipton,540051,PROD,0.000,40.956,0.000,0.000,,,QLD,Regional - QLD,590001,2026/07/29 10:27:57
2026/07/28,Torrens Island PS,555041,BBGPG,5.093,0.000,0.000,0.000,,,SA,Regional - SA,590013,2026/07/29 11:31:06
2026/07/28,Uranquinty Power Station,522047,BBGPG,0.000,0.000,0.000,0.000,,,NSW,Regional - NSW,590011,2026/07/29 12:46:55
2026/07/28,Valley Power GPG,535024,BBGPG,0.000,0.000,0.000,0.000,,,VIC,Gippsland,590009,2026/07/29 11:00:49
2026/07/28,VicHub,532005,PIPE,0.000,0.000,34.972,34.972,,,VIC,Longford Hub,530015,2026/07/29 12:01:14
2026/07/28,Viva Energy Refinery,535018,BBLARGE,14.020,0.000,0.000,0.000,,,VIC,Geelong,590005,2026/07/29 07:30:13
2026/07/28,VTS,530110,PIPE,0.000,392.417,72.984,0.000,,,VIC,Longford Hub,530015,2026/07/29 11:00:01
2026/07/28,VTS,530110,PIPE,0.000,185.537,56.503,0.000,,,VIC,Iona Hub,530016,2026/07/29 11:00:01
2026/07/28,VTS,530110,PIPE,13.685,0.000,0.000,0.000,,,VIC,Western,590004,2026/07/29 11:00:01
2026/07/28,VTS,530110,PIPE,73.572,0.000,0.000,0.000,,,VIC,Geelong,590005,2026/07/29 11:00:01
2026/07/28,VTS,530110,PIPE,47.713,0.000,0.000,0.000,,,VIC,Ballarat,590006,2026/07/29 11:00:01
2026/07/28,VTS,530110,PIPE,72.397,0.000,0.000,0.000,,,VIC,Northern,590007,2026/07/29 11:00:01
2026/07/28,VTS,530110,PIPE,407.678,0.200,0.000,0.000,,,VIC,Melbourne,590008,2026/07/29 11:00:01
2026/07/28,VTS,530110,PIPE,39.505,0.000,5.152,0.022,,,VIC,Gippsland,590009,2026/07/29 11:00:01
2026/07/28,VTS,530110,PIPE,0.000,0.000,0.000,98.963,,,NSW,Culcairn,590016,2026/07/29 11:00:01
2026/07/28,Wallumbilla Compression Station,544280,COMPRESSOR,0.000,0.000,0.000,0.000,,,QLD,Wallumbilla Hub,540032,2026/07/29 11:13:07
2026/07/28,WCFA,540045,COMPRESSOR,0.000,0.000,205.978,205.978,,,QLD,Wallumbilla Hub,540032,2026/07/29 12:46:55
2026/07/28,WCFB,540046,COMPRESSOR,0.000,0.000,141.383,141.383,,,QLD,Wallumbilla Hub,540032,2026/07/29 12:46:55
2026/07/28,Weddell Power Station,580232,BBGPG,7.865,0.000,0.000,0.000,,,NT,Darwin,580001,2026/07/29 12:46:55
2026/07/28,WGP,540091,PIPE,1322.168,0.000,0.000,0.000,,,QLD,Curtis Island,540030,2026/08/10 11:36:14
2026/07/28,WGP,540091,PIPE,0.000,1291.570,56.703,0.000,,,QLD,Regional - QLD,590001,2026/08/10 11:36:14
2026/07/28,Whyalla Steelworks,555085,BBLARGE,3.133,0.000,0.000,0.000,,,SA,Regional - SA,590013,2026/07/29 11:31:06
2026/07/28,Windibri,540069,PROD,0.000,96.169,0.000,0.000,,,QLD,Regional - QLD,590001,2026/08/10 11:36:14
2026/07/28,Woleebee Creek,540087,PROD,0.000,632.037,0.000,0.000,,,QLD,Regional - QLD,590001,2026/08/10 11:36:14
2026/07/28,WPP,580030,PIPE,7.865,6.340,1.545,0.000,,,NT,Darwin,580001,2026/07/29 12:46:55
2026/07/28,Yarwun,544282,BBGPG,75.158,0.000,0.000,0.000,,,QLD,Regional - QLD,590001,2026/07/29 12:01:06
2026/07/28,Yelcherr,580180,PROD,0.000,0.000,0.000,0.000,,,NT,Regional - NT,590017,2026/07/29 12:46:55
2026/07/28,Yellowbank,540074,PROD,0.000,11.681,0.000,0.000,,,QLD,Regional - QLD,590001,2026/07/29 12:01:06
2026/07/29,Adelaide Brighton,555091,BBLARGE,12.259,0.000,0.000,0.000,,,SA,Adelaide,550016,2026/08/10 13:00:00
2026/07/29,AGP,580010,PIPE,19.057,0.000,3.416,0.000,,,NT,Darwin,580001,2026/07/30 12:46:54
2026/07/29,AGP,580010,PIPE,8.843,32.167,32.589,39.327,,,NT,Regional - NT,590017,2026/07/30 12:46:54
2026/07/29,APLNG Pipeline,540093,PIPE,1648.944,0.000,0.000,0.000,,,QLD,Curtis Island,540030,2026/08/03 11:30:48
2026/07/29,APLNG Pipeline,540093,PIPE,0.000,1356.136,489.894,189.783,,,QLD,Regional - QLD,590001,2026/08/03 11:30:48
2026/07/29,Arcadia,540101,PROD,0.000,89.615,0.000,0.000,,,QLD,Regional - QLD,590001,2026/07/30 10:58:22
2026/07/29,ATGP,640013,PIPE,0.000,43.788,0.000,43.788,,,QLD,Regional - QLD,590001,2026/07/30 12:01:14
2026/07/29,ATHENA,535014,PROD,0.000,17.492,0.000,0.000,,,VIC,Iona Hub,530016,2026/08/03 11:53:55
2026/07/29,Atlas,544261,PROD,0.000,43.788,0.000,0.000,,,QLD,Regional - QLD,590001,2026/07/30 12:01:20
2026/07/29,Atlas East Central Processing Facility,640008,PROD,0.000,30.250,0.000,0.000,,,QLD,Regional - QLD,590001,2026/07/30 13:01:54
2026/07/29,Atlas to Reedy Creek Pipeline,640007,PIPE,0.000,30.739,0.000,33.998,,,QLD,Regional - QLD,590001,2026/07/30 12:46:54
2026/07/29,Australia Pacific LNG,544273,LNGEXPORT,1648.943,0.000,0.000,0.000,,,QLD,Curtis Island,540030,2026/07/30 12:00:25
2026/07/29,Australian Paper (Opal),535021,BBLARGE,10.062,0.000,0.000,0.000,,,VIC,Gippsland,590009,2026/07/31 11:00:01
2026/07/29,B1PL,540077,PIPE,0.033,41.055,0.000,44.743,,,QLD,Regional - QLD,590001,2026/07/30 11:00:56
2026/07/29,B2PL,540071,PIPE,0.000,54.779,0.506,56.704,,,QLD,Regional - QLD,590001,2026/07/30 10:18:15
2026/07/29,Bairnsdale Power Station,535020,BBGPG,0.000,0.000,0.000,0.000,,,VIC,Regional - VIC,590012,2026/07/30 11:01:00
2026/07/29,BCF,540047,COMPRESSOR,0.000,0.000,90.300,90.300,,,QLD,Regional - QLD,590001,2026/08/03 20:58:26
2026/07/29,Bell Bay CCGT,577016,BBGPG,27.388,0.000,0.000,0.000,,,TAS,Regional - TAS,590014,2026/07/31 12:01:00
2026/07/29,Bell Bay GGT,577014,BBGPG,0.000,0.000,0.000,0.000,,,TAS,Regional - TAS,590014,2026/07/31 12:01:00
2026/07/29,Bell Bay OCGT,577015,BBGPG,0.000,0.000,0.000,0.000,,,TAS,Regional - TAS,590014,2026/07/31 12:01:00
2026/07/29,Bellevue,540083,PROD,0.000,136.153,0.000,0.000,,,QLD,Regional - QLD,590001,2026/08/10 11:36:14
2026/07/29,BGP,580020,PIPE,0.280,0.000,0.000,0.000,,,NT,Regional - NT,590017,2026/07/30 12:46:54
2026/07/29,BlueScope,523204,BBLARGE,11.861,0.000,0.000,0.000,,,NSW,Sydney,520008,2026/07/30 12:01:05
2026/07/29,Bolivar,555008,BBGPG,6.214,0.000,0.000,0.000,,,SA,Regional - SA,590013,2026/07/30 12:06:24
2026/07/29,Bomaderry Gas Pipeline,523202,PIPE,0.000,0.000,22.617,0.000,,,NSW,Regional - NSW,590011,2026/07/30 12:01:05
2026/07/29,BPP,530030,PIPE,2.850,10.000,0.000,7.150,,,VIC,Gippsland,590009,2026/07/31 11:00:01
2026/07/29,Braemar 2 Power Station,544085,BBGPG,0.000,0.000,0.000,0.000,,,QLD,Regional - QLD,590001,2026/07/30 10:18:15
2026/07/29,Braemar Power Station,544252,BBGPG,0.033,0.000,0.000,0.000,,,QLD,Regional - QLD,590001,2026/07/30 11:00:56
2026/07/29,BWP,540096,PIPE,0.000,0.000,0.000,109.556,,,QLD,Wallumbilla Hub,540032,2026/07/30 12:46:54
2026/07/29,BWP,540096,PIPE,0.000,110.802,0.000,0.000,,,QLD,Regional - QLD,590001,2026/07/30 12:46:54
2026/07/29,CGP,540059,PIPE,0.000,0.000,90.263,0.000,,,QLD,Ballera,540078,2026/07/30 12:46:54
2026/07/29,CGP,540059,PIPE,73.401,0.000,0.000,14.027,,,QLD,Regional - QLD,590001,2026/07/30 12:46:54
2026/07/29,Channel Island Power Station,580231,BBGPG,19.057,0.000,0.000,0.000,,,NT,Darwin,580001,2026/07/30 12:46:54
2026/07/29,Colongra,523120,BBGPG,0.000,0.000,0.000,0.000,,,NSW,Regional - NSW,590011,2026/07/30 12:00:05
2026/07/29,ColongraGP,520090,PIPE,0.000,0.000,0.000,0.000,,,NSW,Sydney,520008,2026/07/30 12:00:05
2026/07/29,ColongraGP,520090,PIPE,0.000,0.000,0.000,0.000,,,NSW,Regional - NSW,590011,2026/07/30 12:00:05
2026/07/29,Combabula,540094,PROD,0.000,292.693,0.000,0.000,,,QLD,Regional - QLD,590001,2026/08/03 11:30:48
2026/07/29,Condabri Central,540080,PROD,0.000,140.250,0.000,0.000,,,QLD,Regional - QLD,590001,2026/08/03 11:30:48
2026/07/29,Condabri North,540090,PROD,0.000,159.971,0.000,0.000,,,QLD,Regional - QLD,590001,2026/08/03 11:30:48
2026/07/29,Condabri South,540086,PROD,0.000,156.264,0.000,0.000,,,QLD,Regional - QLD,590001,2026/08/03 11:30:48
2026/07/29,Condamine Power Station,544274,BBGPG,0.000,0.000,0.000,0.000,,,QLD,Regional - QLD,590001,2026/08/10 11:35:25
2026/07/29,CRWP,540098,PIPE,0.000,0.000,172.189,0.000,,,QLD,Wallumbilla Hub,540032,2026/07/30 10:58:07
2026/07/29,CRWP,540098,PIPE,0.000,228.332,41.654,463.567,,,QLD,Regional - QLD,590001,2026/07/30 10:58:07
2026/07/29,CWP,520054,PIPE,5.032,0.000,3.894,0.000,,,NSW,Regional - NSW,590011,2026/07/30 12:46:54
2026/07/29,Daandine,540050,PROD,0.000,54.779,0.000,0.000,,,QLD,Regional - QLD,590001,2026/07/30 10:18:24
2026/07/29,Dandenong LNG,530038,STOR,0.000,0.277,0.000,0.000,615.300,27.889,VIC,Melbourne,590008,2026/07/30 12:46:54
2026/07/29,DDP,540097,PIPE,0.000,0.000,0.000,187.905,,,QLD,Wallumbilla Hub,540032,2026/08/05 13:01:10
2026/07/29,DDP,540097,PIPE,28.134,540.183,135.213,463.182,,,QLD,Regional - QLD,590001,2026/08/05 13:01:10
2026/07/29,DDPS,544027,BBGPG,28.134,0.000,0.000,0.000,,,QLD,Regional - QLD,590001,2026/08/05 13:01:10
2026/07/29,Diamantina Power Station,544077,BBGPG,36.146,0.000,0.000,0.000,,,QLD,Regional - QLD,590001,2026/07/30 12:46:54
2026/07/29,Dry Creek Power Station,555026,BBGPG,0.000,0.000,0.000,0.000,,,SA,Regional - SA,590013,2026/07/30 11:31:05
2026/07/29,EGP,520047,PIPE,129.710,0.000,0.000,0.000,,,NSW,Sydney,520008,2026/07/30 12:01:05
2026/07/29,EGP,520047,PIPE,16.816,0.000,0.000,0.000,,,NSW,Canberra,520009,2026/07/30 12:01:05
2026/07/29,EGP,520047,PIPE,0.000,234.678,0.000,138.176,,,VIC,Longford Hub,530015,2026/07/30 12:01:05
2026/07/29,EGP,520047,PIPE,5.157,0.000,0.000,22.617,,,NSW,Regional - NSW,590011,2026/07/30 12:01:05
2026/07/29,EGP,520047,PIPE,1.282,74.178,0.000,0.000,,,VIC,Regional - VIC,590012,2026/07/30 12:01:05
2026/07/29,EO4PL,540055,PIPE,0.000,0.000,0.000,0.000,,,QLD,Regional - QLD,590001,2026/08/10 11:36:14
2026/07/29,Eurombah Creek,540089,PROD,0.000,143.992,0.000,0.000,,,QLD,Regional - QLD,590001,2026/08/03 11:30:48
2026/07/29,Fairview,540070,PROD,0.000,285.891,0.000,0.000,,,QLD,Regional - QLD,590001,2026/07/30 10:58:22
2026/07/29,GLNG (Curtis Island),544276,LNGEXPORT,889.423,0.000,0.000,0.000,,,QLD,Curtis Island,540030,2026/07/30 10:58:07
2026/07/29,GLNG Pipeline,540092,PIPE,889.423,0.000,0.000,0.000,,,QLD,Curtis Island,540030,2026/07/30 10:58:07
2026/07/29,GLNG Pipeline,540092,PIPE,0.000,417.499,463.567,26.713,,,QLD,Regional - QLD,590001,2026/08/10 11:36:14
2026/07/29,Hallett,555029,BBGPG,16.488,0.000,0.000,0.000,,,SA,Regional - SA,590013,2026/07/30 11:31:05
2026/07/29,Hunter Power Station,523210,BBGPG,0.000,0.000,0.000,0.000,,,NSW,Sydney,520008,2026/07/30 12:46:54
2026/07/29,ICF,530071,COMPRESSOR,0.000,0.000,0.000,0.000,,,VIC,Iona Hub,530016,2026/07/30 08:35:03
2026/07/29,Iona UGS,530042,STOR,0.000,338.174,0.000,0.000,16171.153,0.000,VIC,Iona Hub,530016,2026/07/30 08:30:02
2026/07/29,Jeerelang,533161,BBGPG,0.000,0.000,0.000,0.000,,,VIC,Gippsland,590009,2026/07/31 11:00:01
2026/07/29,Jordan,540088,PROD,0.000,332.494,0.000,0.000,,,QLD,Regional - QLD,590001,2026/08/10 11:36:14
2026/07/29,Katherine Power Station,580233,BBGPG,0.004,0.000,0.000,0.000,,,NT,Regional - NT,590017,2026/07/30 12:46:54
2026/07/29,Kenya,540075,PROD,0.000,113.412,0.000,0.000,,,QLD,Regional - QLD,590001,2026/08/10 11:36:14
2026/07/29,Kincora,544253,PROD,0.000,0.000,0.000,0.000,,,QLD,Regional - QLD,590001,2026/07/30 12:46:54
2026/07/29,KKLP,523209,PIPE,0.000,0.000,0.000,0.000,,,NSW,Sydney,520008,2026/07/30 12:46:54
2026/07/29,Kogan North,540061,PROD,0.000,3.982,0.000,0.000,,,QLD,Regional - QLD,590001,2026/07/30 12:46:54
2026/07/29,Ladbroke Grove PS,555086,BBGPG,9.880,0.000,0.000,0.000,,,SA,Regional - SA,590013,2026/07/30 12:46:54
2026/07/29,Lang Lang,530039,PROD,0.000,10.000,0.000,0.000,,,VIC,Gippsland,590009,2026/07/30 10:08:03
2026/07/29,Laverton,533201,BBGPG,0.003,0.000,0.000,0.000,,,VIC,Geelong,590005,2026/07/31 11:00:01
2026/07/29,Longford,530040,PROD,0.000,645.046,0.000,0.000,,,VIC,Longford Hub,530015,2026/07/30 09:08:42
2026/07/29,Loy Yang B,533163,BBGPG,0.000,0.000,0.000,0.000,,,VIC,Gippsland,590009,2026/07/30 11:01:21
2026/07/29,LYB Transmission Pipeline,535023,PIPE,0.013,0.000,0.133,0.000,,,VIC,Gippsland,590009,2026/07/30 11:01:21
2026/07/29,MAPS,550054,PIPE,68.311,0.000,0.000,0.000,,,SA,Adelaide,550016,2026/07/30 11:31:05
2026/07/29,MAPS,550054,PIPE,0.000,29.935,195.226,0.000,,,SA,Moomba Hub,550017,2026/07/30 11:31:05
2026/07/29,MAPS,550054,PIPE,189.628,0.000,0.000,0.000,,,SA,Regional - SA,590013,2026/07/30 11:31:05
2026/07/29,McArthur River Mine,580220,BBGPG,8.512,0.000,0.000,0.000,,,NT,Regional - NT,590017,2026/07/30 08:56:33
2026/07/29,MCF,550050,COMPRESSOR,0.000,0.000,0.000,0.000,,,SA,Moomba Hub,550017,2026/07/30 12:46:54
2026/07/29,Mereenie,580040,PROD,0.000,26.425,0.000,0.000,,,NT,Regional - NT,590017,2026/07/30 12:07:36
2026/07/29,Meridian,540064,PROD,0.000,46.243,0.000,0.000,,,QLD,Regional - QLD,590001,2026/07/30 09:38:52
2026/07/29,Mintaro Power Station,555031,BBGPG,0.000,0.000,0.000,0.000,,,SA,Regional - SA,590013,2026/07/30 11:31:05
2026/07/29,Moomba,550045,PROD,0.000,229.600,0.000,0.000,,,SA,Moomba Hub,550017,2026/08/03 20:58:26
2026/07/29,Moomba Storage,550046,STOR,0.000,0.000,0.000,0.000,6309.300,0.000,SA,Moomba Hub,550017,2026/08/03 20:58:26
2026/07/29,Mortlake PS,530063,BBGPG,37.836,0.000,0.000,0.000,,,VIC,Regional - VIC,590012,2026/07/30 07:20:00
2026/07/29,MPL,530061,PIPE,0.000,0.000,23.407,0.000,,,VIC,Iona Hub,530016,2026/07/30 07:20:00
2026/07/29,MPL,530061,PIPE,37.836,0.000,0.000,0.000,,,VIC,Regional - VIC,590012,2026/07/30 07:20:00
2026/07/29,MRP,580100,PIPE,8.512,0.000,8.513,0.000,,,NT,Regional - NT,590017,2026/07/30 08:56:33
2026/07/29,MSP,520053,PIPE,145.122,0.000,0.000,0.000,,,NSW,Sydney,520008,2026/07/30 12:46:54
2026/07/29,MSP,520053,PIPE,0.000,0.000,115.501,12.500,,,SA,Moomba Hub,550017,2026/07/30 12:46:54
2026/07/29,MSP,520053,PIPE,45.430,0.000,0.000,3.894,,,NSW,Regional - NSW,590011,2026/07/30 12:46:54
2026/07/29,MSP,520053,PIPE,19.969,0.000,0.000,0.000,,,NSW,Regional - ACT,590015,2026/07/30 12:46:54
2026/07/29,MSP,520053,PIPE,0.000,0.000,59.059,0.000,,,NSW,Culcairn,590016,2026/07/30 12:46:54
2026/07/29,Newport,533171,BBGPG,0.006,0.000,0.000,0.000,,,VIC,Melbourne,590008,2026/07/31 11:00:01
2026/07/29,NGP,580050,PIPE,0.000,0.000,14.027,0.000,,,QLD,Regional - QLD,590001,2026/07/30 12:01:17
2026/07/29,NGP,580050,PIPE,0.000,0.000,20.863,32.590,,,NT,Regional - NT,590017,2026/07/30 12:01:17
2026/07/29,NGS,520060,STOR,0.030,0.598,0.000,0.000,736.739,76.793,NSW,Sydney,520008,2026/07/30 09:19:58
2026/07/29,Oakey PS,544095,BBGPG,0.000,0.000,0.000,0.000,,,QLD,Regional - QLD,590001,2026/07/30 12:46:54
2026/07/29,Orana,540084,PROD,0.000,166.859,0.000,0.000,,,QLD,Regional - QLD,590001,2026/08/03 11:30:48
2026/07/29,Orbost,530041,PROD,0.000,74.178,0.000,0.000,,,VIC,Regional - VIC,590012,2026/07/30 12:01:05
2026/07/29,Orica,544011,BBLARGE,7.903,0.000,0.000,0.000,,,QLD,Regional - QLD,590001,2026/07/30 12:01:07
2026/07/29,Orica (Kooragang Island),523206,BBLARGE,39.894,0.000,0.000,0.000,,,NSW,Sydney,520008,2026/07/30 13:00:00
2026/07/29,Osborne,555033,BBGPG,33.955,0.000,0.000,0.000,,,SA,Regional - SA,590013,2026/07/30 11:31:05
2026/07/29,Otway,530044,PROD,0.000,91.250,0.000,0.000,,,VIC,Iona Hub,530016,2026/07/30 10:51:15
2026/07/29,Owen Springs Power Station,580235,BBGPG,1.605,0.000,0.000,0.000,,,NT,Regional - NT,590017,2026/07/30 06:41:12
2026/07/29,Palm Valley,580060,PROD,0.000,5.742,0.000,0.000,,,NT,Regional - NT,590017,2026/07/30 12:07:36
2026/07/29,PCA,550052,PIPE,0.000,29.502,29.104,2.793,,,VIC,Iona Hub,530016,2026/07/30 07:20:01
2026/07/29,PCA,550052,PIPE,5.156,0.000,0.000,0.000,,,SA,Adelaide,550016,2026/07/30 07:20:01
2026/07/29,PCA,550052,PIPE,0.000,0.000,0.000,18.338,,,VIC,Regional - VIC,590012,2026/07/30 07:20:01
2026/07/29,PCA,550052,PIPE,58.410,0.000,0.000,0.000,,,SA,Regional - SA,590013,2026/07/30 07:20:01
2026/07/29,PCI,530060,PIPE,0.000,102.729,2.793,105.522,,,VIC,Iona Hub,530016,2026/07/30 07:20:01
2026/07/29,Peat,540065,PROD,0.000,11.909,0.000,0.000,,,QLD,Regional - QLD,590001,2026/08/03 11:30:48
2026/07/29,Pelican Point Power Station,555089,BBGPG,55.503,0.000,0.000,0.000,,,SA,Regional - SA,590013,2026/07/30 07:20:01
2026/07/29,Phosphate Hill,544081,BBLARGE,26.171,0.000,0.000,0.000,,,QLD,Regional - QLD,590001,2026/07/30 12:46:54
2026/07/29,Pipeline Compression Station,544279,COMPRESSOR,0.000,0.000,0.000,0.000,,,QLD,Regional - QLD,590001,2026/07/30 10:58:07
2026/07/29,PVP,580070,PIPE,2.149,0.000,2.252,0.000,,,NT,Regional - NT,590017,2026/07/30 06:41:12
2026/07/29,QCLNG LNG Plant,544272,LNGEXPORT,1372.725,0.000,0.000,0.000,,,QLD,Curtis Island,540030,2026/08/10 11:36:14
2026/07/29,QGP,540058,PIPE,0.000,0.000,38.010,0.000,,,QLD,Wallumbilla Hub,540032,2026/07/30 12:01:07
2026/07/29,QGP,540058,PIPE,139.773,24.625,76.885,0.000,,,QLD,Regional - QLD,590001,2026/07/30 12:01:07
2026/07/29,Quarantine Power Station,555087,BBGPG,36.377,0.000,0.000,0.000,,,SA,Regional - SA,590013,2026/07/30 11:31:05
2026/07/29,Queensland Aluminia,544012,BBLARGE,38.612,0.000,0.000,0.000,,,QLD,Regional - QLD,590001,2026/07/30 12:01:07
2026/07/29,RBP,540057,PIPE,0.000,0.000,0.000,20.800,,,QLD,Wallumbilla Hub,540032,2026/07/30 12:46:54
2026/07/29,RBP,540057,PIPE,4.350,29.896,51.043,0.506,,,QLD,Regional - QLD,590001,2026/07/30 12:46:54
2026/07/29,RBP,540057,PIPE,55.079,0.000,0.000,0.000,,,QLD,Brisbane,590002,2026/07/30 12:46:54
2026/07/29,RCWP,540102,PIPE,0.000,0.000,0.000,54.940,,,QLD,Wallumbilla Hub,540032,2026/07/30 12:46:54
2026/07/29,RCWP,540102,PIPE,0.000,0.000,54.855,0.000,,,QLD,Regional - QLD,590001,2026/07/30 12:46:54
2026/07/29,Reedy Creek,540085,PROD,0.000,200.111,0.000,0.000,,,QLD,Regional - QLD,590001,2026/08/03 11:30:48
2026/07/29,RMNGPF,640011,PROD,0.000,17.980,0.000,0.000,,,QLD,Regional - QLD,590001,2026/07/30 13:01:45
2026/07/29,RNMGP,640012,PIPE,0.000,17.980,0.000,17.980,,,QLD,Regional - QLD,590001,2026/07/30 13:01:45
2026/07/29,RNP,640009,PIPE,0.000,23.674,0.000,23.674,,,QLD,Regional - QLD,590001,2026/07/30 12:01:09
2026/07/29,Rolleston,540073,PROD,0.000,8.382,0.000,0.000,,,QLD,Regional - QLD,590001,2026/07/30 12:01:07
2026/07/29,Roma,540095,PROD,0.000,228.332,0.000,0.000,,,QLD,Regional - QLD,590001,2026/07/30 10:58:27
2026/07/29,Roma North,544260,PROD,0.000,23.674,0.000,0.000,,,QLD,Regional - QLD,590001,2026/07/30 12:01:19
2026/07/29,Roma Power Station,540120,BBGPG,0.000,0.000,0.000,0.000,,,QLD,Regional - QLD,590001,2026/07/30 12:54:57
2026/07/29,Ron Goodin Power Station,580234,BBGPG,0.000,0.000,0.000,0.000,,,NT,Regional - NT,590017,2026/07/30 06:41:12
2026/07/29,RPL,540110,PIPE,0.066,0.000,0.000,0.000,,,QLD,Regional - QLD,590001,2026/07/30 12:54:57
2026/07/29,Ruby Jo,540082,PROD,0.000,427.238,0.000,0.000,,,QLD,Regional - QLD,590001,2026/08/10 11:36:14
2026/07/29,RUGS,540040,STOR,0.000,5.101,0.000,0.000,15182.026,0.000,QLD,Regional - QLD,590001,2026/07/30 10:58:27
2026/07/29,Scotia,540072,PROD,0.000,103.757,0.000,0.000,,,QLD,Regional - QLD,590001,2026/07/30 10:58:27
2026/07/29,SEPS,550061,PIPE,8.155,0.000,8.163,0.000,,,SA,Regional - SA,590013,2026/07/30 11:32:05
2026/07/29,SESA,550060,PIPE,0.000,0.000,18.337,0.000,,,VIC,Regional - VIC,590012,2026/07/30 12:46:54
2026/07/29,SESA,550060,PIPE,9.880,0.000,0.000,8.155,,,SA,Regional - SA,590013,2026/07/30 12:46:54
2026/07/29,Smithfield Energy Facility,522004,BBGPG,0.000,0.000,0.000,0.000,,,NSW,Regional - NSW,590011,2026/07/30 12:07:19
2026/07/29,Snapper Point,555090,BBGPG,4.385,0.000,0.000,0.000,,,SA,Regional - SA,590013,2026/07/30 11:31:05
2026/07/29,Somerton,533174,BBGPG,6.023,0.000,0.000,0.000,,,VIC,Melbourne,590008,2026/07/31 11:00:01
2026/07/29,Spring Gully,540066,PROD,0.000,57.133,0.000,0.000,,,QLD,Regional - QLD,590001,2026/08/03 11:30:48
2026/07/29,SSP,540103,PIPE,0.000,6.960,0.000,6.960,,,QLD,Regional - QLD,590001,2026/07/30 09:16:20
2026/07/29,SSSF,540062,STOR,0.000,6.300,0.000,0.000,8690.592,0.000,QLD,Regional - QLD,590001,2026/07/30 09:16:20
2026/07/29,Strathblane,540067,PROD,0.000,53.023,0.000,0.000,,,QLD,Regional - QLD,590001,2026/08/03 11:30:48
2026/07/29,Swanbank Power Station,544104,BBGPG,0.000,0.000,0.000,0.000,,,QLD,Brisbane,590002,2026/07/30 12:46:54
2026/07/29,SWQP,540060,PIPE,0.000,0.000,373.201,210.199,,,QLD,Wallumbilla Hub,540032,2026/07/30 12:46:54
2026/07/29,SWQP,540060,PIPE,0.000,0.000,0.000,95.534,,,QLD,Ballera,540078,2026/07/30 12:46:54
2026/07/29,SWQP,540060,PIPE,0.000,199.616,0.000,298.227,,,SA,Moomba Hub,550017,2026/07/30 12:46:54
2026/07/29,SWQP,540060,PIPE,0.117,0.000,0.000,0.000,,,QLD,Regional - QLD,590001,2026/07/30 12:46:54
2026/07/29,Talinga,540076,PROD,0.000,86.617,0.000,0.000,,,QLD,Regional - QLD,590001,2026/08/03 11:30:48
2026/07/29,Tallawarra,522002,BBGPG,0.000,0.000,0.000,0.000,,,NSW,Regional - NSW,590011,2026/07/30 11:00:04
2026/07/29,Tallawarra Pipeline,523201,PIPE,0.000,0.000,0.000,0.000,,,NSW,Regional - NSW,590011,2026/07/30 11:00:04
2026/07/29,Taloona,540068,PROD,0.000,40.809,0.000,0.000,,,QLD,Regional - QLD,590001,2026/08/03 11:30:48
2026/07/29,Tanami GP,580210,PIPE,7.456,0.000,7.700,0.000,,,NT,Regional - NT,590017,2026/07/30 12:02:00
2026/07/29,TGP,570050,PIPE,0.000,0.000,88.956,45.995,,,VIC,Longford Hub,530015,2026/07/31 12:01:00
2026/07/29,TGP,570050,PIPE,46.794,0.000,0.000,0.000,,,TAS,Regional - TAS,590014,2026/07/31 12:01:00
2026/07/29,Tipton,540051,PROD,0.000,41.055,0.000,0.000,,,QLD,Regional - QLD,590001,2026/07/30 10:18:18
2026/07/29,Torrens Island PS,555041,BBGPG,72.768,0.000,0.000,0.000,,,SA,Regional - SA,590013,2026/07/30 11:31:05
2026/07/29,Uranquinty Power Station,522047,BBGPG,0.000,0.000,0.000,0.000,,,NSW,Regional - NSW,590011,2026/07/30 12:46:54
2026/07/29,Valley Power GPG,535024,BBGPG,0.013,0.000,0.000,0.000,,,VIC,Gippsland,590009,2026/07/30 11:01:21
2026/07/29,VicHub,532005,PIPE,0.000,0.000,49.221,49.221,,,VIC,Longford Hub,530015,2026/07/30 12:01:22
2026/07/29,Viva Energy Refinery,535018,BBLARGE,10.431,0.000,0.000,0.000,,,VIC,Geelong,590005,2026/07/30 07:30:14
2026/07/29,VTS,530110,PIPE,0.000,408.325,95.242,0.000,,,VIC,Longford Hub,530015,2026/07/31 11:00:01
2026/07/29,VTS,530110,PIPE,0.000,316.197,53.008,0.000,,,VIC,Iona Hub,530016,2026/07/31 11:00:01
2026/07/29,VTS,530110,PIPE,12.673,0.000,0.000,0.000,,,VIC,Western,590004,2026/07/31 11:00:01
2026/07/29,VTS,530110,PIPE,79.251,0.000,0.000,0.000,,,VIC,Geelong,590005,2026/07/31 11:00:01
2026/07/29,VTS,530110,PIPE,54.870,0.000,0.000,0.000,,,VIC,Ballarat,590006,2026/07/31 11:00:01
2026/07/29,VTS,530110,PIPE,82.400,0.000,0.000,0.000,,,VIC,Northern,590007,2026/07/31 11:00:01
2026/07/29,VTS,530110,PIPE,507.904,0.198,0.000,0.000,,,VIC,Melbourne,590008,2026/07/31 11:00:01
2026/07/29,VTS,530110,PIPE,51.238,0.000,7.150,0.133,,,VIC,Gippsland,590009,2026/07/31 11:00:01
2026/07/29,VTS,530110,PIPE,0.000,0.000,0.000,59.058,,,NSW,Culcairn,590016,2026/07/31 11:00:01
2026/07/29,Wallumbilla Compression Station,544280,COMPRESSOR,0.000,0.000,0.000,0.000,,,QLD,Wallumbilla Hub,540032,2026/07/30 10:58:07
2026/07/29,WCFA,540045,COMPRESSOR,0.000,0.000,235.493,235.493,,,QLD,Wallumbilla Hub,540032,2026/07/30 12:46:54
2026/07/29,WCFB,540046,COMPRESSOR,0.000,0.000,131.408,131.408,,,QLD,Wallumbilla Hub,540032,2026/07/30 12:46:54
2026/07/29,Weddell Power Station,580232,BBGPG,7.865,0.000,0.000,0.000,,,NT,Darwin,580001,2026/07/30 12:46:54
2026/07/29,WGP,540091,PIPE,1372.725,0.000,0.000,0.000,,,QLD,Curtis Island,540030,2026/08/10 11:36:14
2026/07/29,WGP,540091,PIPE,0.000,1337.170,56.704,0.000,,,QLD,Regional - QLD,590001,2026/08/10 11:36:14
2026/07/29,Whyalla Steelworks,555085,BBLARGE,4.183,0.000,0.000,0.000,,,SA,Regional - SA,590013,2026/07/30 11:31:05
2026/07/29,Windibri,540069,PROD,0.000,106.863,0.000,0.000,,,QLD,Regional - QLD,590001,2026/08/10 11:36:14
2026/07/29,Woleebee Creek,540087,PROD,0.000,643.578,0.000,0.000,,,QLD,Regional - QLD,590001,2026/08/10 11:36:14
2026/07/29,WPP,580030,PIPE,7.865,11.276,0.000,3.416,,,NT,Darwin,580001,2026/07/30 12:46:54
2026/07/29,Yarwun,544282,BBGPG,75.600,0.000,0.000,0.000,,,QLD,Regional - QLD,590001,2026/07/30 12:01:07
2026/07/29,Yelcherr,580180,PROD,0.000,0.000,0.000,0.000,,,NT,Regional - NT,590017,2026/07/30 12:46:54
2026/07/29,Yellowbank,540074,PROD,0.000,11.993,0.000,0.000,,,QLD,Regional - QLD,590001,2026/07/30 12:01:07
2026/07/30,Adelaide Brighton,555091,BBLARGE,12.560,0.000,0.000,0.000,,,SA,Adelaide,550016,2026/07/31 13:00:01
2026/07/30,AGP,580010,PIPE,18.530,0.000,7.488,0.000,,,NT,Darwin,580001,2026/07/31 12:47:37
2026/07/30,AGP,580010,PIPE,9.094,32.107,31.789,39.433,,,NT,Regional - NT,590017,2026/07/31 12:47:37
2026/07/30,APLNG Pipeline,540093,PIPE,1658.187,0.000,0.000,0.000,,,QLD,Curtis Island,540030,2026/08/04 11:30:16
2026/07/30,APLNG Pipeline,540093,PIPE,0.000,1352.103,458.706,170.636,,,QLD,Regional - QLD,590001,2026/08/04 11:30:16
2026/07/30,Arcadia,540101,PROD,0.000,92.006,0.000,0.000,,,QLD,Regional - QLD,590001,2026/07/31 10:58:17
2026/07/30,ATGP,640013,PIPE,0.000,43.258,0.000,43.258,,,QLD,Regional - QLD,590001,2026/07/31 12:01:11
2026/07/30,ATHENA,535014,PROD,0.000,17.705,0.000,0.000,,,VIC,Iona Hub,530016,2026/08/04 10:55:37
2026/07/30,Atlas,544261,PROD,0.000,43.258,0.000,0.000,,,QLD,Regional - QLD,590001,2026/07/31 12:01:15
2026/07/30,Atlas East Central Processing Facility,640008,PROD,0.000,30.990,0.000,0.000,,,QLD,Regional - QLD,590001,2026/07/31 11:13:32
2026/07/30,Atlas to Reedy Creek Pipeline,640007,PIPE,0.000,30.993,0.000,34.884,,,QLD,Regional - QLD,590001,2026/07/31 12:47:37
2026/07/30,Australia Pacific LNG,544273,LNGEXPORT,1658.186,0.000,0.000,0.000,,,QLD,Curtis Island,540030,2026/07/31 12:00:25
2026/07/30,Australian Paper (Opal),535021,BBLARGE,11.507,0.000,0.000,0.000,,,VIC,Gippsland,590009,2026/07/31 11:00:01
2026/07/30,B1PL,540077,PIPE,0.031,41.059,0.000,41.523,,,QLD,Regional - QLD,590001,2026/07/31 11:00:55
2026/07/30,B2PL,540071,PIPE,0.000,55.120,0.000,56.824,,,QLD,Regional - QLD,590001,2026/07/31 10:20:39
2026/07/30,Bairnsdale Power Station,535020,BBGPG,2.513,0.000,0.000,0.000,,,VIC,Regional - VIC,590012,2026/07/31 11:00:56
2026/07/30,BCF,540047,COMPRESSOR,0.000,0.000,82.000,82.000,,,QLD,Regional - QLD,590001,2026/08/04 14:45:35
2026/07/30,Bell Bay CCGT,577016,BBGPG,32.266,0.000,0.000,0.000,,,TAS,Regional - TAS,590014,2026/08/01 15:01:00
2026/07/30,Bell Bay GGT,577014,BBGPG,0.000,0.000,0.000,0.000,,,TAS,Regional - TAS,590014,2026/08/01 15:01:00
2026/07/30,Bell Bay OCGT,577015,BBGPG,0.000,0.000,0.000,0.000,,,TAS,Regional - TAS,590014,2026/08/01 15:01:00
2026/07/30,Bellevue,540083,PROD,0.000,178.669,0.000,0.000,,,QLD,Regional - QLD,590001,2026/08/10 11:36:14
2026/07/30,BGP,580020,PIPE,0.288,0.000,0.000,0.000,,,NT,Regional - NT,590017,2026/07/31 12:47:37
2026/07/30,BlueScope,523204,BBLARGE,11.779,0.000,0.000,0.000,,,NSW,Sydney,520008,2026/07/31 12:01:05
2026/07/30,Bolivar,555008,BBGPG,3.447,0.000,0.000,0.000,,,SA,Regional - SA,590013,2026/07/31 12:07:12
2026/07/30,Bomaderry Gas Pipeline,523202,PIPE,21.411,0.000,21.411,0.000,,,NSW,Regional - NSW,590011,2026/07/31 13:31:30
2026/07/30,BPP,530030,PIPE,3.060,13.420,0.000,10.355,,,VIC,Gippsland,590009,2026/07/31 11:00:01
2026/07/30,Braemar 2 Power Station,544085,BBGPG,0.000,0.000,0.000,0.000,,,QLD,Regional - QLD,590001,2026/07/31 10:20:39
2026/07/30,Braemar Power Station,544252,BBGPG,0.031,0.000,0.000,0.000,,,QLD,Regional - QLD,590001,2026/07/31 11:00:55
2026/07/30,BWP,540096,PIPE,0.000,0.000,0.000,116.599,,,QLD,Wallumbilla Hub,540032,2026/07/31 12:47:37
2026/07/30,BWP,540096,PIPE,0.000,116.845,0.000,0.000,,,QLD,Regional - QLD,590001,2026/07/31 12:47:37
2026/07/30,CGP,540059,PIPE,0.000,0.000,82.006,0.000,,,QLD,Ballera,540078,2026/07/31 12:47:37
2026/07/30,CGP,540059,PIPE,71.412,0.000,0.000,14.001,,,QLD,Regional - QLD,590001,2026/07/31 12:47:37
2026/07/30,Channel Island Power Station,580231,BBGPG,18.530,0.000,0.000,0.000,,,NT,Darwin,580001,2026/07/31 12:47:37
2026/07/30,Colongra,523120,BBGPG,0.000,0.000,0.000,0.000,,,NSW,Regional - NSW,590011,2026/07/31 12:00:05
2026/07/30,ColongraGP,520090,PIPE,0.000,0.000,0.000,0.000,,,NSW,Sydney,520008,2026/07/31 12:00:05
2026/07/30,ColongraGP,520090,PIPE,0.000,0.000,0.000,0.000,,,NSW,Regional - NSW,590011,2026/07/31 12:00:05
2026/07/30,Combabula,540094,PROD,0.000,293.010,0.000,0.000,,,QLD,Regional - QLD,590001,2026/08/04 11:30:16
2026/07/30,Condabri Central,540080,PROD,0.000,140.491,0.000,0.000,,,QLD,Regional - QLD,590001,2026/08/04 11:30:16
2026/07/30,Condabri North,540090,PROD,0.000,159.831,0.000,0.000,,,QLD,Regional - QLD,590001,2026/08/04 11:30:16
2026/07/30,Condabri South,540086,PROD,0.000,156.329,0.000,0.000,,,QLD,Regional - QLD,590001,2026/08/04 11:30:16
2026/07/30,Condamine Power Station,544274,BBGPG,0.000,0.000,0.000,0.000,,,QLD,Regional - QLD,590001,2026/08/10 11:35:25
2026/07/30,CRWP,540098,PIPE,0.000,0.000,159.203,0.000,,,QLD,Wallumbilla Hub,540032,2026/07/31 10:58:04
2026/07/30,CRWP,540098,PIPE,0.000,227.804,41.614,462.015,,,QLD,Regional - QLD,590001,2026/07/31 10:58:04
2026/07/30,CWP,520054,PIPE,5.962,0.000,6.500,0.000,,,NSW,Regional - NSW,590011,2026/07/31 12:47:37
2026/07/30,Daandine,540050,PROD,0.000,55.120,0.000,0.000,,,QLD,Regional - QLD,590001,2026/07/31 10:20:39
2026/07/30,Dandenong LNG,530038,STOR,0.000,0.239,0.000,0.000,615.074,27.889,VIC,Melbourne,590008,2026/07/31 12:47:37
2026/07/30,DDP,540097,PIPE,0.000,0.000,0.000,190.949,,,QLD,Wallumbilla Hub,540032,2026/08/05 13:01:12
2026/07/30,DDP,540097,PIPE,26.559,506.159,134.731,430.799,,,QLD,Regional - QLD,590001,2026/08/05 13:01:12
2026/07/30,DDPS,544027,BBGPG,26.559,0.000,0.000,0.000,,,QLD,Regional - QLD,590001,2026/08/05 13:01:12
2026/07/30,Diamantina Power Station,544077,BBGPG,36.198,0.000,0.000,0.000,,,QLD,Regional - QLD,590001,2026/07/31 12:47:37
2026/07/30,Dry Creek Power Station,555026,BBGPG,0.000,0.000,0.000,0.000,,,SA,Regional - SA,590013,2026/07/31 11:31:05
2026/07/30,EGP,520047,PIPE,126.789,0.000,0.000,0.000,,,NSW,Sydney,520008,2026/07/31 12:01:05
2026/07/30,EGP,520047,PIPE,16.823,0.000,0.000,0.000,,,NSW,Canberra,520009,2026/07/31 12:01:05
2026/07/30,EGP,520047,PIPE,0.000,184.768,0.000,136.161,,,VIC,Longford Hub,530015,2026/07/31 12:01:05
2026/07/30,EGP,520047,PIPE,29.769,0.000,0.000,21.411,,,NSW,Regional - NSW,590011,2026/07/31 12:01:05
2026/07/30,EGP,520047,PIPE,3.689,74.621,0.000,0.000,,,VIC,Regional - VIC,590012,2026/07/31 12:01:05
2026/07/30,EO4PL,540055,PIPE,0.000,0.000,0.000,0.000,,,QLD,Regional - QLD,590001,2026/08/10 11:36:14
2026/07/30,Eurombah Creek,540089,PROD,0.000,142.874,0.000,0.000,,,QLD,Regional - QLD,590001,2026/08/04 11:30:16
2026/07/30,Fairview,540070,PROD,0.000,285.609,0.000,0.000,,,QLD,Regional - QLD,590001,2026/07/31 10:58:17
2026/07/30,GLNG (Curtis Island),544276,LNGEXPORT,881.769,0.000,0.000,0.000,,,QLD,Curtis Island,540030,2026/07/31 10:58:04
2026/07/30,GLNG Pipeline,540092,PIPE,881.769,0.000,0.000,0.000,,,QLD,Curtis Island,540030,2026/07/31 10:58:04
2026/07/30,GLNG Pipeline,540092,PIPE,0.000,419.780,462.015,27.908,,,QLD,Regional - QLD,590001,2026/08/10 11:36:14
2026/07/30,Hallett,555029,BBGPG,18.940,0.000,0.000,0.000,,,SA,Regional - SA,590013,2026/07/31 11:31:05
2026/07/30,Hunter Power Station,523210,BBGPG,0.042,0.000,0.000,0.000,,,NSW,Sydney,520008,2026/07/31 12:47:37
2026/07/30,ICF,530071,COMPRESSOR,0.000,0.000,0.000,0.000,,,VIC,Iona Hub,530016,2026/07/31 08:35:03
2026/07/30,Iona UGS,530042,STOR,0.000,439.078,0.000,0.000,15732.075,0.000,VIC,Iona Hub,530016,2026/07/31 08:30:02
2026/07/30,Jeerelang,533161,BBGPG,0.000,0.000,0.000,0.000,,,VIC,Gippsland,590009,2026/07/31 11:00:01
2026/07/30,Jordan,540088,PROD,0.000,271.067,0.000,0.000,,,QLD,Regional - QLD,590001,2026/08/10 11:36:14
2026/07/30,Katherine Power Station,580233,BBGPG,0.211,0.000,0.000,0.000,,,NT,Regional - NT,590017,2026/07/31 12:47:37
2026/07/30,Kenya,540075,PROD,0.000,127.057,0.000,0.000,,,QLD,Regional - QLD,590001,2026/08/10 11:36:14
2026/07/30,Kincora,544253,PROD,0.000,0.000,0.000,0.000,,,QLD,Regional - QLD,590001,2026/07/31 12:47:37
2026/07/30,KKLP,523209,PIPE,0.042,0.000,0.000,0.000,,,NSW,Sydney,520008,2026/07/31 12:47:37
2026/07/30,Kogan North,540061,PROD,0.000,3.987,0.000,0.000,,,QLD,Regional - QLD,590001,2026/07/31 12:47:37
2026/07/30,Ladbroke Grove PS,555086,BBGPG,18.798,0.000,0.000,0.000,,,SA,Regional - SA,590013,2026/07/31 12:47:37
2026/07/30,Lang Lang,530039,PROD,0.000,13.420,0.000,0.000,,,VIC,Gippsland,590009,2026/07/31 11:12:00
2026/07/30,Laverton,533201,BBGPG,0.000,0.000,0.000,0.000,,,VIC,Geelong,590005,2026/07/31 11:00:01
2026/07/30,Longford,530040,PROD,0.000,479.272,0.000,0.000,,,VIC,Longford Hub,530015,2026/07/31 08:38:58
2026/07/30,Loy Yang B,533163,BBGPG,0.000,0.000,0.000,0.000,,,VIC,Gippsland,590009,2026/07/31 11:01:00
2026/07/30,LYB Transmission Pipeline,535023,PIPE,1.318,0.000,0.000,0.000,,,VIC,Gippsland,590009,2026/07/31 11:01:00
2026/07/30,MAPS,550054,PIPE,64.232,0.000,0.000,0.000,,,SA,Adelaide,550016,2026/07/31 11:31:05
2026/07/30,MAPS,550054,PIPE,0.000,40.861,218.929,0.000,,,SA,Moomba Hub,550017,2026/07/31 11:31:05
2026/07/30,MAPS,550054,PIPE,204.735,0.000,0.000,0.000,,,SA,Regional - SA,590013,2026/07/31 11:31:05
2026/07/30,McArthur River Mine,580220,BBGPG,9.278,0.000,0.000,0.000,,,NT,Regional - NT,590017,2026/07/31 08:56:17
2026/07/30,MCF,550050,COMPRESSOR,0.000,0.000,0.000,0.000,,,SA,Moomba Hub,550017,2026/07/31 12:47:37
2026/07/30,Mereenie,580040,PROD,0.000,26.362,0.000,0.000,,,NT,Regional - NT,590017,2026/07/31 11:23:05
2026/07/30,Meridian,540064,PROD,0.000,46.415,0.000,0.000,,,QLD,Regional - QLD,590001,2026/07/31 09:39:16
2026/07/30,Mintaro Power Station,555031,BBGPG,0.000,0.000,0.000,0.000,,,SA,Regional - SA,590013,2026/07/31 11:31:05
2026/07/30,Moomba,550045,PROD,0.000,222.500,0.000,0.000,,,SA,Moomba Hub,550017,2026/08/04 14:45:35
2026/07/30,Moomba Storage,550046,STOR,0.000,0.000,0.000,0.000,6309.300,0.000,SA,Moomba Hub,550017,2026/08/04 14:45:35
2026/07/30,Mortlake PS,530063,BBGPG,116.227,0.000,0.000,0.000,,,VIC,Regional - VIC,590012,2026/07/31 07:20:00
2026/07/30,MPL,530061,PIPE,0.000,0.000,93.345,0.000,,,VIC,Iona Hub,530016,2026/07/31 07:20:00
2026/07/30,MPL,530061,PIPE,116.227,0.000,0.000,0.000,,,VIC,Regional - VIC,590012,2026/07/31 07:20:00
2026/07/30,MRP,580100,PIPE,9.278,0.000,9.279,0.000,,,NT,Regional - NT,590017,2026/07/31 08:56:17
2026/07/30,MSP,520053,PIPE,139.064,0.000,0.000,0.000,,,NSW,Sydney,520008,2026/07/31 12:47:37
2026/07/30,MSP,520053,PIPE,0.000,0.000,184.498,14.500,,,SA,Moomba Hub,550017,2026/07/31 12:47:37
2026/07/30,MSP,520053,PIPE,95.993,0.000,0.000,6.500,,,NSW,Regional - NSW,590011,2026/07/31 12:47:37
2026/07/30,MSP,520053,PIPE,22.568,0.000,0.000,0.000,,,NSW,Regional - ACT,590015,2026/07/31 12:47:37
2026/07/30,MSP,520053,PIPE,0.000,0.000,66.010,26.136,,,NSW,Culcairn,590016,2026/07/31 12:47:37
2026/07/30,Newport,533171,BBGPG,0.003,0.000,0.000,0.000,,,VIC,Melbourne,590008,2026/07/31 11:00:01
2026/07/30,NGP,580050,PIPE,0.000,0.000,14.001,0.000,,,QLD,Regional - QLD,590001,2026/07/31 12:01:13
2026/07/30,NGP,580050,PIPE,0.000,0.000,20.075,31.789,,,NT,Regional - NT,590017,2026/07/31 12:01:13
2026/07/30,NGS,520060,STOR,0.010,20.791,0.000,0.000,715.400,76.810,NSW,Sydney,520008,2026/07/31 08:06:46
2026/07/30,Oakey PS,544095,BBGPG,0.000,0.000,0.000,0.000,,,QLD,Regional - QLD,590001,2026/07/31 12:47:37
2026/07/30,Orana,540084,PROD,0.000,167.165,0.000,0.000,,,QLD,Regional - QLD,590001,2026/08/04 11:30:16
2026/07/30,Orbost,530041,PROD,0.000,74.621,0.000,0.000,,,VIC,Regional - VIC,590012,2026/07/31 12:01:05
2026/07/30,Orica,544011,BBLARGE,7.339,0.000,0.000,0.000,,,QLD,Regional - QLD,590001,2026/08/01 12:02:06
2026/07/30,Orica (Kooragang Island),523206,BBLARGE,39.493,0.000,0.000,0.000,,,NSW,Sydney,520008,2026/07/31 13:00:00
2026/07/30,Osborne,555033,BBGPG,35.298,0.000,0.000,0.000,,,SA,Regional - SA,590013,2026/07/31 11:31:05
2026/07/30,Otway,530044,PROD,0.000,87.400,0.000,0.000,,,VIC,Iona Hub,530016,2026/07/31 12:03:22
2026/07/30,Owen Springs Power Station,580235,BBGPG,1.660,0.000,0.000,0.000,,,NT,Regional - NT,590017,2026/07/31 06:41:39
2026/07/30,Palm Valley,580060,PROD,0.000,5.745,0.000,0.000,,,NT,Regional - NT,590017,2026/07/31 11:23:05
2026/07/30,PCA,550052,PIPE,0.000,37.620,26.572,0.000,,,VIC,Iona Hub,530016,2026/07/31 07:20:01
2026/07/30,PCA,550052,PIPE,11.932,0.000,0.000,0.000,,,SA,Adelaide,550016,2026/07/31 07:20:01
2026/07/30,PCA,550052,PIPE,0.000,0.000,0.000,27.391,,,VIC,Regional - VIC,590012,2026/07/31 07:20:01
2026/07/30,PCA,550052,PIPE,54.696,0.000,0.000,0.000,,,SA,Regional - SA,590013,2026/07/31 07:20:01
2026/07/30,PCI,530060,PIPE,0.000,119.917,0.000,119.917,,,VIC,Iona Hub,530016,2026/07/31 07:20:01
2026/07/30,Peat,540065,PROD,0.000,12.002,0.000,0.000,,,QLD,Regional - QLD,590001,2026/08/04 11:30:16
2026/07/30,Pelican Point Power Station,555089,BBGPG,68.378,0.000,0.000,0.000,,,SA,Regional - SA,590013,2026/07/31 07:20:01
2026/07/30,Phosphate Hill,544081,BBLARGE,24.403,0.000,0.000,0.000,,,QLD,Regional - QLD,590001,2026/07/31 12:47:37
2026/07/30,Pipeline Compression Station,544279,COMPRESSOR,0.000,0.000,0.000,0.000,,,QLD,Regional - QLD,590001,2026/07/31 10:58:04
2026/07/30,PVP,580070,PIPE,2.206,0.000,2.279,0.000,,,NT,Regional - NT,590017,2026/07/31 06:41:39
2026/07/30,QCLNG LNG Plant,544272,LNGEXPORT,1406.037,0.000,0.000,0.000,,,QLD,Curtis Island,540030,2026/08/10 11:36:14
2026/07/30,QGP,540058,PIPE,0.000,0.000,30.085,0.000,,,QLD,Wallumbilla Hub,540032,2026/08/01 12:02:06
2026/07/30,QGP,540058,PIPE,138.561,24.434,76.875,0.000,,,QLD,Regional - QLD,590001,2026/08/01 12:02:06
2026/07/30,Quarantine Power Station,555087,BBGPG,25.522,0.000,0.000,0.000,,,SA,Regional - SA,590013,2026/07/31 11:31:05
2026/07/30,Queensland Aluminia,544012,BBLARGE,40.103,0.000,0.000,0.000,,,QLD,Regional - QLD,590001,2026/08/01 12:02:06
2026/07/30,RBP,540057,PIPE,0.000,0.000,23.878,14.870,,,QLD,Wallumbilla Hub,540032,2026/07/31 12:47:37
2026/07/30,RBP,540057,PIPE,4.591,29.995,47.823,0.000,,,QLD,Regional - QLD,590001,2026/07/31 12:47:37
2026/07/30,RBP,540057,PIPE,86.822,0.000,0.000,0.000,,,QLD,Brisbane,590002,2026/07/31 12:47:37
2026/07/30,RCWP,540102,PIPE,0.000,0.000,0.000,36.652,,,QLD,Wallumbilla Hub,540032,2026/07/31 12:47:37
2026/07/30,RCWP,540102,PIPE,0.000,0.000,36.644,0.000,,,QLD,Regional - QLD,590001,2026/07/31 12:47:37
2026/07/30,Reedy Creek,540085,PROD,0.000,200.266,0.000,0.000,,,QLD,Regional - QLD,590001,2026/08/04 11:30:16
2026/07/30,RMNGPF,640011,PROD,0.000,17.960,0.000,0.000,,,QLD,Regional - QLD,590001,2026/07/31 11:14:49
2026/07/30,RNMGP,640012,PIPE,0.000,17.960,0.000,17.960,,,QLD,Regional - QLD,590001,2026/07/31 11:14:49
2026/07/30,RNP,640009,PIPE,0.000,23.654,0.000,23.654,,,QLD,Regional - QLD,590001,2026/07/31 12:01:07
2026/07/30,Rolleston,540073,PROD,0.000,8.149,0.000,0.000,,,QLD,Regional - QLD,590001,2026/08/01 12:02:06
2026/07/30,Roma,540095,PROD,0.000,227.804,0.000,0.000,,,QLD,Regional - QLD,590001,2026/07/31 10:58:22
2026/07/30,Roma North,544260,PROD,0.000,23.654,0.000,0.000,,,QLD,Regional - QLD,590001,2026/07/31 12:01:14
2026/07/30,Roma Power Station,540120,BBGPG,0.000,0.000,0.000,0.000,,,QLD,Regional - QLD,590001,2026/07/31 12:35:58
2026/07/30,Ron Goodin Power Station,580234,BBGPG,0.000,0.000,0.000,0.000,,,NT,Regional - NT,590017,2026/07/31 06:41:39
2026/07/30,RPL,540110,PIPE,0.069,0.000,0.000,0.000,,,QLD,Regional - QLD,590001,2026/07/31 12:35:58
2026/07/30,Ruby Jo,540082,PROD,0.000,425.029,0.000,0.000,,,QLD,Regional - QLD,590001,2026/08/10 11:36:14
2026/07/30,RUGS,540040,STOR,0.000,4.395,0.000,0.000,15177.610,0.000,QLD,Regional - QLD,590001,2026/07/31 10:58:22
2026/07/30,Scotia,540072,PROD,0.000,102.583,0.000,0.000,,,QLD,Regional - QLD,590001,2026/07/31 10:58:22
2026/07/30,SEPS,550061,PIPE,8.332,0.000,8.343,0.000,,,SA,Regional - SA,590013,2026/07/31 11:32:05
2026/07/30,SESA,550060,PIPE,0.000,0.000,27.389,0.000,,,VIC,Regional - VIC,590012,2026/07/31 12:47:37
2026/07/30,SESA,550060,PIPE,18.798,0.000,0.000,8.339,,,SA,Regional - SA,590013,2026/07/31 12:47:37
2026/07/30,Shoalhaven Starches Cogeneration Plant,523203,BBLARGE,21.411,0.000,0.000,0.000,,,NSW,Regional - NSW,590011,2026/07/31 13:31:30
2026/07/30,Smithfield Energy Facility,522004,BBGPG,10.001,0.000,0.000,0.000,,,NSW,Regional - NSW,590011,2026/07/31 12:07:18
2026/07/30,Snapper Point,555090,BBGPG,3.714,0.000,0.000,0.000,,,SA,Regional - SA,590013,2026/07/31 11:31:05
2026/07/30,Somerton,533174,BBGPG,16.020,0.000,0.000,0.000,,,VIC,Melbourne,590008,2026/07/31 11:00:01
2026/07/30,Spring Gully,540066,PROD,0.000,53.371,0.000,0.000,,,QLD,Regional - QLD,590001,2026/08/04 11:30:16
2026/07/30,SSP,540103,PIPE,0.000,6.390,0.000,6.390,,,QLD,Regional - QLD,590001,2026/07/31 09:55:08
2026/07/30,SSSF,540062,STOR,0.000,6.300,0.000,0.000,8684.152,0.000,QLD,Regional - QLD,590001,2026/07/31 09:55:08
2026/07/30,Strathblane,540067,PROD,0.000,53.825,0.000,0.000,,,QLD,Regional - QLD,590001,2026/08/04 11:30:16
2026/07/30,Swanbank Power Station,544104,BBGPG,33.174,0.000,0.000,0.000,,,QLD,Brisbane,590002,2026/07/31 12:47:37
2026/07/30,SWQP,540060,PIPE,0.000,0.000,350.790,204.885,,,QLD,Wallumbilla Hub,540032,2026/07/31 12:47:37
2026/07/30,SWQP,540060,PIPE,0.000,0.000,0.000,87.035,,,QLD,Ballera,540078,2026/07/31 12:47:37
2026/07/30,SWQP,540060,PIPE,0.000,181.627,0.000,388.927,,,SA,Moomba Hub,550017,2026/07/31 12:47:37
2026/07/30,SWQP,540060,PIPE,0.116,0.000,0.000,0.000,,,QLD,Regional - QLD,590001,2026/07/31 12:47:37
2026/07/30,Talinga,540076,PROD,0.000,85.633,0.000,0.000,,,QLD,Regional - QLD,590001,2026/08/04 11:30:16
2026/07/30,Tallawarra,522002,BBGPG,14.115,0.000,0.000,0.000,,,NSW,Regional - NSW,590011,2026/07/31 11:00:11
2026/07/30,Tallawarra Pipeline,523201,PIPE,14.115,0.000,14.115,0.000,,,NSW,Regional - NSW,590011,2026/07/31 11:00:11
2026/07/30,Taloona,540068,PROD,0.000,41.623,0.000,0.000,,,QLD,Regional - QLD,590001,2026/08/04 11:30:16
2026/07/30,Tanami GP,580210,PIPE,7.847,0.000,7.800,0.000,,,NT,Regional - NT,590017,2026/07/31 12:02:00
2026/07/30,TGP,570050,PIPE,0.000,0.000,57.595,64.500,,,VIC,Longford Hub,530015,2026/08/01 15:01:00
2026/07/30,TGP,570050,PIPE,51.689,0.000,0.000,0.000,,,TAS,Regional - TAS,590014,2026/08/01 15:01:00
2026/07/30,Tipton,540051,PROD,0.000,41.059,0.000,0.000,,,QLD,Regional - QLD,590001,2026/07/31 10:20:39
2026/07/30,Torrens Island PS,555041,BBGPG,79.641,0.000,0.000,0.000,,,SA,Regional - SA,590013,2026/07/31 11:31:05
2026/07/30,Uranquinty Power Station,522047,BBGPG,48.052,0.000,0.000,0.000,,,NSW,Regional - NSW,590011,2026/07/31 12:47:37
2026/07/30,Valley Power GPG,535024,BBGPG,1.318,0.000,0.000,0.000,,,VIC,Gippsland,590009,2026/07/31 11:01:00
2026/07/30,VicHub,532005,PIPE,0.000,0.000,78.522,78.522,,,VIC,Longford Hub,530015,2026/07/31 12:01:16
2026/07/30,Viva Energy Refinery,535018,BBLARGE,13.833,0.000,0.000,0.000,,,VIC,Geelong,590005,2026/07/31 07:30:13
2026/07/30,VTS,530110,PIPE,0.000,292.807,143.062,0.001,,,VIC,Longford Hub,530015,2026/07/31 11:00:01
2026/07/30,VTS,530110,PIPE,0.000,387.661,0.036,0.000,,,VIC,Iona Hub,530016,2026/07/31 11:00:01
2026/07/30,VTS,530110,PIPE,13.456,0.000,0.000,0.000,,,VIC,Western,590004,2026/07/31 11:00:01
2026/07/30,VTS,530110,PIPE,81.982,0.000,0.000,0.000,,,VIC,Geelong,590005,2026/07/31 11:00:01
2026/07/30,VTS,530110,PIPE,53.575,0.000,0.000,0.000,,,VIC,Ballarat,590006,2026/07/31 11:00:01
2026/07/30,VTS,530110,PIPE,84.371,0.000,0.000,0.000,,,VIC,Northern,590007,2026/07/31 11:00:01
2026/07/30,VTS,530110,PIPE,490.076,0.106,0.000,0.000,,,VIC,Melbourne,590008,2026/07/31 11:00:01
2026/07/30,VTS,530110,PIPE,49.910,0.000,10.355,0.770,,,VIC,Gippsland,590009,2026/07/31 11:00:01
2026/07/30,VTS,530110,PIPE,0.000,0.000,26.135,66.011,,,NSW,Culcairn,590016,2026/07/31 11:00:01
2026/07/30,Wallumbilla Compression Station,544280,COMPRESSOR,0.000,0.000,0.000,0.000,,,QLD,Wallumbilla Hub,540032,2026/07/31 10:58:04
2026/07/30,WCFA,540045,COMPRESSOR,0.000,0.000,218.073,218.073,,,QLD,Wallumbilla Hub,540032,2026/07/31 12:47:37
2026/07/30,WCFB,540046,COMPRESSOR,0.000,0.000,126.414,126.414,,,QLD,Wallumbilla Hub,540032,2026/07/31 12:47:37
2026/07/30,Weddell Power Station,580232,BBGPG,8.577,0.000,0.000,0.000,,,NT,Darwin,580001,2026/07/31 12:47:37
2026/07/30,WGP,540091,PIPE,1406.037,0.000,0.000,0.000,,,QLD,Curtis Island,540030,2026/08/10 11:36:14
2026/07/30,WGP,540091,PIPE,0.000,1364.388,56.824,0.000,,,QLD,Regional - QLD,590001,2026/08/10 11:36:14
2026/07/30,Whyalla Steelworks,555085,BBLARGE,4.439,0.000,0.000,0.000,,,SA,Regional - SA,590013,2026/07/31 11:31:05
2026/07/30,Windibri,540069,PROD,0.000,112.436,0.000,0.000,,,QLD,Regional - QLD,590001,2026/08/10 11:36:14
2026/07/30,Woleebee Creek,540087,PROD,0.000,644.434,0.000,0.000,,,QLD,Regional - QLD,590001,2026/08/10 11:36:14
2026/07/30,WPP,580030,PIPE,8.577,16.047,0.000,7.488,,,NT,Darwin,580001,2026/07/31 12:47:37
2026/07/30,Yarwun,544282,BBGPG,73.152,0.000,0.000,0.000,,,QLD,Regional - QLD,590001,2026/08/01 12:02:06
2026/07/30,Yelcherr,580180,PROD,0.000,0.000,0.000,0.000,,,NT,Regional - NT,590017,2026/07/31 12:47:37
2026/07/30,Yellowbank,540074,PROD,0.000,12.035,0.000,0.000,,,QLD,Regional - QLD,590001,2026/08/01 12:02:06
2026/07/31,Adelaide Brighton,555091,BBLARGE,10.311,0.000,0.000,0.000,,,SA,Adelaide,550016,2026/08/01 13:00:00
2026/07/31,AGP,580010,PIPE,19.954,0.000,12.191,0.000,,,NT,Darwin,580001,2026/08/01 12:46:37
2026/07/31,AGP,580010,PIPE,8.851,32.046,30.452,40.432,,,NT,Regional - NT,590017,2026/08/01 12:46:37
2026/07/31,APLNG Pipeline,540093,PIPE,1484.247,0.000,0.000,0.000,,,QLD,Curtis Island,540030,2026/08/05 11:42:53
2026/07/31,APLNG Pipeline,540093,PIPE,0.000,1247.957,417.061,176.729,,,QLD,Regional - QLD,590001,2026/08/05 11:42:53
2026/07/31,Arcadia,540101,PROD,0.000,90.843,0.000,0.000,,,QLD,Regional - QLD,590001,2026/08/01 10:28:19
2026/07/31,ATGP,640013,PIPE,0.000,42.115,0.000,42.115,,,QLD,Regional - QLD,590001,2026/08/01 12:01:10
2026/07/31,ATHENA,535014,PROD,0.000,17.759,0.000,0.000,,,VIC,Iona Hub,530016,2026/08/05 09:49:37
2026/07/31,Atlas,544261,PROD,0.000,42.115,0.000,0.000,,,QLD,Regional - QLD,590001,2026/08/01 12:01:15
2026/07/31,Atlas East Central Processing Facility,640008,PROD,0.000,32.330,0.000,0.000,,,QLD,Regional - QLD,590001,2026/08/01 09:02:34
2026/07/31,Atlas to Reedy Creek Pipeline,640007,PIPE,0.000,32.337,0.000,32.401,,,QLD,Regional - QLD,590001,2026/08/01 12:46:37
2026/07/31,Australia Pacific LNG,544273,LNGEXPORT,1484.247,0.000,0.000,0.000,,,QLD,Curtis Island,540030,2026/08/01 12:00:25
2026/07/31,Australian Paper (Opal),535021,BBLARGE,11.414,0.000,0.000,0.000,,,VIC,Gippsland,590009,2026/08/01 11:00:01
2026/07/31,B1PL,540077,PIPE,0.032,41.255,0.000,40.530,,,QLD,Regional - QLD,590001,2026/08/01 11:00:43
2026/07/31,B2PL,540071,PIPE,0.000,55.255,3.008,56.712,,,QLD,Regional - QLD,590001,2026/08/01 10:21:33
2026/07/31,Bairnsdale Power Station,535020,BBGPG,3.727,0.000,0.000,0.000,,,VIC,Regional - VIC,590012,2026/08/01 11:00:46
2026/07/31,BCF,540047,COMPRESSOR,0.000,0.000,88.300,88.300,,,QLD,Regional - QLD,590001,2026/08/05 10:00:01
2026/07/31,Bell Bay CCGT,577016,BBGPG,33.348,0.000,0.000,0.000,,,TAS,Regional - TAS,590014,2026/08/02 12:01:00
2026/07/31,Bell Bay GGT,577014,BBGPG,0.000,0.000,0.000,0.000,,,TAS,Regional - TAS,590014,2026/08/02 12:01:00
2026/07/31,Bell Bay OCGT,577015,BBGPG,1.253,0.000,0.000,0.000,,,TAS,Regional - TAS,590014,2026/08/02 12:01:00
2026/07/31,Bellevue,540083,PROD,0.000,137.459,0.000,0.000,,,QLD,Regional - QLD,590001,2026/08/10 11:36:14
2026/07/31,BGP,580020,PIPE,0.297,0.000,0.000,0.000,,,NT,Regional - NT,590017,2026/08/01 12:46:37
2026/07/31,BlueScope,523204,BBLARGE,11.295,0.000,0.000,0.000,,,NSW,Sydney,520008,2026/08/01 12:01:06
2026/07/31,Bolivar,555008,BBGPG,0.215,0.000,0.000,0.000,,,SA,Regional - SA,590013,2026/08/01 12:04:00
2026/07/31,Bomaderry Gas Pipeline,523202,PIPE,22.864,0.000,23.234,0.000,,,NSW,Regional - NSW,590011,2026/08/02 13:56:26
2026/07/31,BPP,530030,PIPE,3.050,18.290,0.000,15.247,,,VIC,Gippsland,590009,2026/08/01 11:00:01
2026/07/31,Braemar 2 Power Station,544085,BBGPG,0.000,0.000,0.000,0.000,,,QLD,Regional - QLD,590001,2026/08/01 10:21:33
2026/07/31,Braemar Power Station,544252,BBGPG,0.032,0.000,0.000,0.000,,,QLD,Regional - QLD,590001,2026/08/01 11:00:43
2026/07/31,BWP,540096,PIPE,0.000,0.000,0.000,100.993,,,QLD,Wallumbilla Hub,540032,2026/08/01 12:46:37
2026/07/31,BWP,540096,PIPE,0.000,102.838,0.000,0.000,,,QLD,Regional - QLD,590001,2026/08/01 12:46:37
2026/07/31,CGP,540059,PIPE,0.000,0.000,88.310,0.000,,,QLD,Ballera,540078,2026/08/01 12:46:37
2026/07/31,CGP,540059,PIPE,71.380,0.000,0.000,13.521,,,QLD,Regional - QLD,590001,2026/08/01 12:46:37
2026/07/31,Channel Island Power Station,580231,BBGPG,19.954,0.000,0.000,0.000,,,NT,Darwin,580001,2026/08/01 12:46:37
2026/07/31,Colongra,523120,BBGPG,0.000,0.000,0.000,0.000,,,NSW,Regional - NSW,590011,2026/08/01 12:01:12
2026/07/31,ColongraGP,520090,PIPE,0.000,0.000,0.000,0.000,,,NSW,Sydney,520008,2026/08/01 12:01:12
2026/07/31,ColongraGP,520090,PIPE,0.000,0.000,0.000,0.000,,,NSW,Regional - NSW,590011,2026/08/01 12:01:12
2026/07/31,Combabula,540094,PROD,0.000,293.353,0.000,0.000,,,QLD,Regional - QLD,590001,2026/08/05 11:42:53
2026/07/31,Condabri Central,540080,PROD,0.000,132.591,0.000,0.000,,,QLD,Regional - QLD,590001,2026/08/05 11:42:53
2026/07/31,Condabri North,540090,PROD,0.000,86.973,0.000,0.000,,,QLD,Regional - QLD,590001,2026/08/05 11:42:53
2026/07/31,Condabri South,540086,PROD,0.000,156.886,0.000,0.000,,,QLD,Regional - QLD,590001,2026/08/05 11:42:53
2026/07/31,Condamine Power Station,544274,BBGPG,0.000,0.000,0.000,0.000,,,QLD,Regional - QLD,590001,2026/08/10 11:35:25
2026/07/31,CRWP,540098,PIPE,0.000,0.000,160.267,0.000,,,QLD,Wallumbilla Hub,540032,2026/08/01 10:28:05
2026/07/31,CRWP,540098,PIPE,0.000,227.891,41.740,444.194,,,QLD,Regional - QLD,590001,2026/08/01 10:28:05
2026/07/31,CWP,520054,PIPE,6.087,0.000,6.357,0.000,,,NSW,Regional - NSW,590011,2026/08/01 12:46:37
2026/07/31,Daandine,540050,PROD,0.000,55.255,0.000,0.000,,,QLD,Regional - QLD,590001,2026/08/01 10:21:40
2026/07/31,Dandenong LNG,530038,STOR,0.000,0.213,0.000,0.000,614.701,27.889,VIC,Melbourne,590008,2026/08/01 12:46:37
2026/07/31,DDP,540097,PIPE,0.000,0.000,0.000,178.774,,,QLD,Wallumbilla Hub,540032,2026/08/05 13:01:13
2026/07/31,DDP,540097,PIPE,0.005,458.989,102.877,388.696,,,QLD,Regional - QLD,590001,2026/08/05 13:01:13
2026/07/31,DDPS,544027,BBGPG,0.005,0.000,0.000,0.000,,,QLD,Regional - QLD,590001,2026/08/05 13:01:13
2026/07/31,Diamantina Power Station,544077,BBGPG,36.112,0.000,0.000,0.000,,,QLD,Regional - QLD,590001,2026/08/01 12:46:37
2026/07/31,Dry Creek Power Station,555026,BBGPG,0.000,0.000,0.000,0.000,,,SA,Regional - SA,590013,2026/08/01 11:31:05
2026/07/31,EGP,520047,PIPE,122.603,0.000,0.000,0.000,,,NSW,Sydney,520008,2026/08/01 12:01:06
2026/07/31,EGP,520047,PIPE,16.806,0.000,0.000,0.000,,,NSW,Canberra,520009,2026/08/01 12:01:06
2026/07/31,EGP,520047,PIPE,0.000,220.661,0.000,99.571,,,VIC,Longford Hub,530015,2026/08/01 12:01:06
2026/07/31,EGP,520047,PIPE,6.429,0.000,0.000,23.234,,,NSW,Regional - NSW,590011,2026/08/01 12:01:06
2026/07/31,EGP,520047,PIPE,5.077,74.135,0.000,0.000,,,VIC,Regional - VIC,590012,2026/08/01 12:01:06
2026/07/31,EO4PL,540055,PIPE,0.000,0.000,0.000,0.000,,,QLD,Regional - QLD,590001,2026/08/10 11:36:14
2026/07/31,Eurombah Creek,540089,PROD,0.000,160.485,0.000,0.000,,,QLD,Regional - QLD,590001,2026/08/05 11:42:53
2026/07/31,Fairview,540070,PROD,0.000,284.819,0.000,0.000,,,QLD,Regional - QLD,590001,2026/08/01 10:28:19
2026/07/31,GLNG (Curtis Island),544276,LNGEXPORT,899.399,0.000,0.000,0.000,,,QLD,Curtis Island,540030,2026/08/01 10:28:05
2026/07/31,GLNG Pipeline,540092,PIPE,899.399,0.000,0.000,0.000,,,QLD,Curtis Island,540030,2026/08/01 10:28:05
2026/07/31,GLNG Pipeline,540092,PIPE,0.000,418.042,444.208,28.379,,,QLD,Regional - QLD,590001,2026/08/10 11:36:14
2026/07/31,Hallett,555029,BBGPG,11.715,0.000,0.000,0.000,,,SA,Regional - SA,590013,2026/08/01 11:31:05
2026/07/31,Hunter Power Station,523210,BBGPG,0.002,0.000,0.000,0.000,,,NSW,Sydney,520008,2026/08/01 12:46:37
2026/07/31,ICF,530071,COMPRESSOR,0.000,0.000,6.972,6.972,,,VIC,Iona Hub,530016,2026/08/01 08:35:03
2026/07/31,Iona UGS,530042,STOR,6.972,471.577,0.000,0.000,15267.470,0.000,VIC,Iona Hub,530016,2026/08/01 08:30:02
2026/07/31,Jeerelang,533161,BBGPG,3.612,0.000,0.000,0.000,,,VIC,Gippsland,590009,2026/08/01 11:00:01
2026/07/31,Jordan,540088,PROD,0.000,310.485,0.000,0.000,,,QLD,Regional - QLD,590001,2026/08/10 11:36:14
2026/07/31,Katherine Power Station,580233,BBGPG,0.000,0.000,0.000,0.000,,,NT,Regional - NT,590017,2026/08/01 12:46:37
2026/07/31,Kenya,540075,PROD,0.000,128.007,0.000,0.000,,,QLD,Regional - QLD,590001,2026/08/10 11:36:14
2026/07/31,Kincora,544253,PROD,0.000,0.000,0.000,0.000,,,QLD,Regional - QLD,590001,2026/08/01 12:46:37
2026/07/31,KKLP,523209,PIPE,0.002,0.000,0.000,0.000,,,NSW,Sydney,520008,2026/08/01 12:46:37
2026/07/31,Kogan North,540061,PROD,0.000,3.981,0.000,0.000,,,QLD,Regional - QLD,590001,2026/08/01 12:46:37
2026/07/31,Ladbroke Grove PS,555086,BBGPG,8.511,0.000,0.000,0.000,,,SA,Regional - SA,590013,2026/08/01 12:46:37
2026/07/31,Lang Lang,530039,PROD,0.000,18.290,0.000,0.000,,,VIC,Gippsland,590009,2026/08/01 10:15:03
2026/07/31,Laverton,533201,BBGPG,0.000,0.000,0.000,0.000,,,VIC,Geelong,590005,2026/08/01 11:00:01
2026/07/31,Longford,530040,PROD,0.000,582.854,0.000,0.000,,,VIC,Longford Hub,530015,2026/08/01 08:38:37
2026/07/31,Loy Yang B,533163,BBGPG,0.000,0.000,0.000,0.000,,,VIC,Gippsland,590009,2026/08/01 11:00:45
2026/07/31,LYB Transmission Pipeline,535023,PIPE,0.000,0.000,0.000,0.000,,,VIC,Gippsland,590009,2026/08/01 11:00:45
2026/07/31,MAPS,550054,PIPE,66.389,0.000,0.000,0.000,,,SA,Adelaide,550016,2026/08/01 11:31:05
2026/07/31,MAPS,550054,PIPE,0.000,36.757,187.894,0.000,,,SA,Moomba Hub,550017,2026/08/01 11:31:05
2026/07/31,MAPS,550054,PIPE,168.350,0.000,0.000,0.000,,,SA,Regional - SA,590013,2026/08/01 11:31:05
2026/07/31,McArthur River Mine,580220,BBGPG,9.317,0.000,0.000,0.000,,,NT,Regional - NT,590017,2026/08/01 09:26:19
2026/07/31,MCF,550050,COMPRESSOR,0.000,0.000,0.000,0.000,,,SA,Moomba Hub,550017,2026/08/01 12:46:37
2026/07/31,Mereenie,580040,PROD,0.000,26.300,0.000,0.000,,,NT,Regional - NT,590017,2026/08/01 11:54:46
2026/07/31,Meridian,540064,PROD,0.000,46.630,0.000,0.000,,,QLD,Regional - QLD,590001,2026/08/01 09:38:56
2026/07/31,Mintaro Power Station,555031,BBGPG,0.000,0.000,0.000,0.000,,,SA,Regional - SA,590013,2026/08/01 11:31:05
2026/07/31,Moomba,550045,PROD,0.000,215.000,0.000,0.000,,,SA,Moomba Hub,550017,2026/08/05 10:00:01
2026/07/31,Moomba Storage,550046,STOR,0.000,0.000,0.000,0.000,6309.300,0.000,SA,Moomba Hub,550017,2026/08/05 10:00:01
2026/07/31,Mortlake PS,530063,BBGPG,56.390,0.000,0.000,0.000,,,VIC,Regional - VIC,590012,2026/08/01 07:20:00
2026/07/31,MPL,530061,PIPE,0.000,0.000,74.880,0.000,,,VIC,Iona Hub,530016,2026/08/01 07:20:00
2026/07/31,MPL,530061,PIPE,56.390,0.000,0.000,0.000,,,VIC,Regional - VIC,590012,2026/08/01 07:20:00
2026/07/31,MRP,580100,PIPE,9.317,0.000,9.318,0.000,,,NT,Regional - NT,590017,2026/08/01 09:26:19
2026/07/31,MSP,520053,PIPE,113.581,0.000,0.000,0.000,,,NSW,Sydney,520008,2026/08/01 12:46:37
2026/07/31,MSP,520053,PIPE,0.000,0.000,132.700,12.700,,,SA,Moomba Hub,550017,2026/08/01 12:46:37
2026/07/31,MSP,520053,PIPE,47.550,0.000,0.000,6.357,,,NSW,Regional - NSW,590011,2026/08/01 12:46:37
2026/07/31,MSP,520053,PIPE,20.283,0.000,0.000,0.000,,,NSW,Regional - ACT,590015,2026/08/01 12:46:37
2026/07/31,MSP,520053,PIPE,0.000,0.000,94.134,3.264,,,NSW,Culcairn,590016,2026/08/01 12:46:37
2026/07/31,Newport,533171,BBGPG,0.002,0.000,0.000,0.000,,,VIC,Melbourne,590008,2026/08/01 11:00:01
2026/07/31,NGP,580050,PIPE,0.000,0.000,13.521,0.000,,,QLD,Regional - QLD,590001,2026/08/01 12:02:09
2026/07/31,NGP,580050,PIPE,0.000,0.000,21.055,30.451,,,NT,Regional - NT,590017,2026/08/01 12:02:09
2026/07/31,NGS,520060,STOR,0.000,31.042,0.000,0.000,684.322,76.810,NSW,Sydney,520008,2026/08/01 09:41:29
2026/07/31,Oakey PS,544095,BBGPG,0.000,0.000,0.000,0.000,,,QLD,Regional - QLD,590001,2026/08/01 12:46:37
2026/07/31,Orana,540084,PROD,0.000,169.309,0.000,0.000,,,QLD,Regional - QLD,590001,2026/08/05 11:42:53
2026/07/31,Orbost,530041,PROD,0.000,74.135,0.000,0.000,,,VIC,Regional - VIC,590012,2026/08/01 12:01:06
2026/07/31,Orica,544011,BBLARGE,9.475,0.000,0.000,0.000,,,QLD,Regional - QLD,590001,2026/08/01 12:02:08
2026/07/31,Orica (Kooragang Island),523206,BBLARGE,38.943,0.000,0.000,0.000,,,NSW,Sydney,520008,2026/08/01 13:00:00
2026/07/31,Osborne,555033,BBGPG,34.324,0.000,0.000,0.000,,,SA,Regional - SA,590013,2026/08/01 11:31:05
2026/07/31,Otway,530044,PROD,0.000,84.640,0.000,0.000,,,VIC,Iona Hub,530016,2026/08/01 12:16:48
2026/07/31,Owen Springs Power Station,580235,BBGPG,1.738,0.000,0.000,0.000,,,NT,Regional - NT,590017,2026/08/01 06:41:25
2026/07/31,Palm Valley,580060,PROD,0.000,5.746,0.000,0.000,,,NT,Regional - NT,590017,2026/08/01 11:54:46
2026/07/31,PCA,550052,PIPE,0.000,33.788,43.804,2.458,,,VIC,Iona Hub,530016,2026/08/01 07:20:01
2026/07/31,PCA,550052,PIPE,5.795,0.000,0.000,0.000,,,SA,Adelaide,550016,2026/08/01 07:20:01
2026/07/31,PCA,550052,PIPE,0.000,0.000,0.000,17.391,,,VIC,Regional - VIC,590012,2026/08/01 07:20:01
2026/07/31,PCA,550052,PIPE,42.556,0.000,0.000,0.000,,,SA,Regional - SA,590013,2026/08/01 07:20:01
2026/07/31,PCI,530060,PIPE,0.000,116.226,2.458,118.684,,,VIC,Iona Hub,530016,2026/08/01 07:20:01
2026/07/31,Peat,540065,PROD,0.000,10.224,0.000,0.000,,,QLD,Regional - QLD,590001,2026/08/05 11:42:53
2026/07/31,Pelican Point Power Station,555089,BBGPG,57.213,0.000,0.000,0.000,,,SA,Regional - SA,590013,2026/08/01 07:20:01
2026/07/31,Phosphate Hill,544081,BBLARGE,24.066,0.000,0.000,0.000,,,QLD,Regional - QLD,590001,2026/08/01 12:46:37
2026/07/31,Pipeline Compression Station,544279,COMPRESSOR,0.000,0.000,0.000,0.000,,,QLD,Regional - QLD,590001,2026/08/01 10:28:05
2026/07/31,PVP,580070,PIPE,2.304,0.000,2.359,0.000,,,NT,Regional - NT,590017,2026/08/01 06:41:25
2026/07/31,QCLNG LNG Plant,544272,LNGEXPORT,1449.180,0.000,0.000,0.000,,,QLD,Curtis Island,540030,2026/08/10 11:36:14
2026/07/31,QGP,540058,PIPE,0.000,0.000,42.094,0.000,,,QLD,Wallumbilla Hub,540032,2026/08/01 12:02:08
2026/07/31,QGP,540058,PIPE,127.577,24.623,60.011,0.000,,,QLD,Regional - QLD,590001,2026/08/01 12:02:08
2026/07/31,Quarantine Power Station,555087,BBGPG,19.430,0.000,0.000,0.000,,,SA,Regional - SA,590013,2026/08/01 11:31:05
2026/07/31,Queensland Aluminia,544012,BBLARGE,31.395,0.000,0.000,0.000,,,QLD,Regional - QLD,590001,2026/08/01 12:02:08
2026/07/31,RBP,540057,PIPE,0.000,0.000,10.640,6.300,,,QLD,Wallumbilla Hub,540032,2026/08/01 12:46:37
2026/07/31,RBP,540057,PIPE,4.136,18.810,46.830,3.008,,,QLD,Regional - QLD,590001,2026/08/01 12:46:37
2026/07/31,RBP,540057,PIPE,61.630,0.000,0.000,0.000,,,QLD,Brisbane,590002,2026/08/01 12:46:37
2026/07/31,RCWP,540102,PIPE,0.000,0.000,0.000,89.962,,,QLD,Wallumbilla Hub,540032,2026/08/01 12:46:37
2026/07/31,RCWP,540102,PIPE,0.000,0.000,88.451,0.000,,,QLD,Regional - QLD,590001,2026/08/01 12:46:37
2026/07/31,Reedy Creek,540085,PROD,0.000,200.618,0.000,0.000,,,QLD,Regional - QLD,590001,2026/08/05 11:42:53
2026/07/31,RMNGPF,640011,PROD,0.000,18.090,0.000,0.000,,,QLD,Regional - QLD,590001,2026/08/01 09:02:25
2026/07/31,RNMGP,640012,PIPE,0.000,18.090,0.000,18.090,,,QLD,Regional - QLD,590001,2026/08/01 09:02:25
2026/07/31,RNP,640009,PIPE,0.000,23.650,0.000,23.650,,,QLD,Regional - QLD,590001,2026/08/01 12:01:07
2026/07/31,Rolleston,540073,PROD,0.000,8.628,0.000,0.000,,,QLD,Regional - QLD,590001,2026/08/01 12:02:08
2026/07/31,Roma,540095,PROD,0.000,227.891,0.000,0.000,,,QLD,Regional - QLD,590001,2026/08/01 10:28:24
2026/07/31,Roma North,544260,PROD,0.000,23.650,0.000,0.000,,,QLD,Regional - QLD,590001,2026/08/01 12:01:14
2026/07/31,Roma Power Station,540120,BBGPG,0.000,0.000,0.000,0.000,,,QLD,Regional - QLD,590001,2026/08/01 11:27:58
2026/07/31,Ron Goodin Power Station,580234,BBGPG,0.000,0.000,0.000,0.000,,,NT,Regional - NT,590017,2026/08/01 06:41:25
2026/07/31,RPL,540110,PIPE,0.072,0.000,0.000,0.000,,,QLD,Regional - QLD,590001,2026/08/01 11:27:58
2026/07/31,Ruby Jo,540082,PROD,0.000,424.573,0.000,0.000,,,QLD,Regional - QLD,590001,2026/08/10 11:36:14
2026/07/31,RUGS,540040,STOR,0.000,1.908,0.000,0.000,15175.706,0.000,QLD,Regional - QLD,590001,2026/08/01 10:28:24
2026/07/31,Scotia,540072,PROD,0.000,100.815,0.000,0.000,,,QLD,Regional - QLD,590001,2026/08/01 10:28:24
2026/07/31,SEPS,550061,PIPE,7.835,0.000,8.434,0.000,,,SA,Regional - SA,590013,2026/08/01 11:32:05
2026/07/31,SESA,550060,PIPE,0.000,0.000,17.390,0.000,,,VIC,Regional - VIC,590012,2026/08/01 12:46:37
2026/07/31,SESA,550060,PIPE,8.511,0.000,0.000,8.440,,,SA,Regional - SA,590013,2026/08/01 12:46:37
2026/07/31,Shoalhaven Starches Cogeneration Plant,523203,BBLARGE,22.864,0.000,0.000,0.000,,,NSW,Regional - NSW,590011,2026/08/02 13:56:26
2026/07/31,Smithfield Energy Facility,522004,BBGPG,1.156,0.000,0.000,0.000,,,NSW,Regional - NSW,590011,2026/08/01 12:04:00
2026/07/31,Snapper Point,555090,BBGPG,0.007,0.000,0.000,0.000,,,SA,Regional - SA,590013,2026/08/01 11:31:05
2026/07/31,Somerton,533174,BBGPG,15.632,0.000,0.000,0.000,,,VIC,Melbourne,590008,2026/08/01 11:00:01
2026/07/31,Spring Gully,540066,PROD,0.000,0.119,0.000,0.000,,,QLD,Regional - QLD,590001,2026/08/05 11:42:53
2026/07/31,SSP,540103,PIPE,0.000,6.800,0.000,6.800,,,QLD,Regional - QLD,590001,2026/08/01 09:58:15
2026/07/31,SSSF,540062,STOR,0.000,7.490,0.000,0.000,8676.662,0.000,QLD,Regional - QLD,590001,2026/08/01 09:58:15
2026/07/31,Strathblane,540067,PROD,0.000,63.508,0.000,0.000,,,QLD,Regional - QLD,590001,2026/08/05 11:42:53
2026/07/31,Swanbank Power Station,544104,BBGPG,6.028,0.000,0.000,0.000,,,QLD,Brisbane,590002,2026/08/01 12:46:37
2026/07/31,SWQP,540060,PIPE,0.000,0.000,376.029,213.001,,,QLD,Wallumbilla Hub,540032,2026/08/01 12:46:37
2026/07/31,SWQP,540060,PIPE,0.000,0.000,0.000,93.353,,,QLD,Ballera,540078,2026/08/01 12:46:37
2026/07/31,SWQP,540060,PIPE,0.000,178.215,0.000,307.894,,,SA,Moomba Hub,550017,2026/08/01 12:46:37
2026/07/31,SWQP,540060,PIPE,0.120,0.000,0.000,0.000,,,QLD,Regional - QLD,590001,2026/08/01 12:46:37
2026/07/31,Talinga,540076,PROD,0.000,85.701,0.000,0.000,,,QLD,Regional - QLD,590001,2026/08/05 11:42:53
2026/07/31,Tallawarra,522002,BBGPG,0.000,0.000,0.000,0.000,,,NSW,Regional - NSW,590011,2026/08/01 11:00:10
2026/07/31,Tallawarra Pipeline,523201,PIPE,0.000,0.000,0.000,0.000,,,NSW,Regional - NSW,590011,2026/08/01 11:00:10
2026/07/31,Taloona,540068,PROD,0.000,44.985,0.000,0.000,,,QLD,Regional - QLD,590001,2026/08/05 11:42:53
2026/07/31,Tanami GP,580210,PIPE,7.678,0.000,7.700,0.000,,,NT,Regional - NT,590017,2026/08/01 12:02:00
2026/07/31,TGP,570050,PIPE,0.000,0.000,78.643,8.523,,,VIC,Longford Hub,530015,2026/08/02 12:01:00
2026/07/31,TGP,570050,PIPE,52.728,0.000,0.000,0.000,,,TAS,Regional - TAS,590014,2026/08/02 12:01:00
2026/07/31,Tipton,540051,PROD,0.000,41.255,0.000,0.000,,,QLD,Regional - QLD,590001,2026/08/01 10:21:35
2026/07/31,Torrens Island PS,555041,BBGPG,62.652,0.000,0.000,0.000,,,SA,Regional - SA,590013,2026/08/01 11:31:05
2026/07/31,Uranquinty Power Station,522047,BBGPG,1.523,0.000,0.000,0.000,,,NSW,Regional - NSW,590011,2026/08/01 12:46:37
2026/07/31,Valley Power GPG,535024,BBGPG,0.000,0.000,0.000,0.000,,,VIC,Gippsland,590009,2026/08/01 11:00:45
2026/07/31,VicHub,532005,PIPE,0.000,0.000,20.956,20.956,,,VIC,Longford Hub,530015,2026/08/01 12:02:10
2026/07/31,Viva Energy Refinery,535018,BBLARGE,7.646,0.000,0.000,0.000,,,VIC,Geelong,590005,2026/08/01 07:30:13
2026/07/31,VTS,530110,PIPE,0.000,360.340,29.485,0.002,,,VIC,Longford Hub,530015,2026/08/01 11:00:01
2026/07/31,VTS,530110,PIPE,0.000,417.271,0.000,0.000,,,VIC,Iona Hub,530016,2026/08/01 11:00:01
2026/07/31,VTS,530110,PIPE,13.538,0.000,0.000,0.000,,,VIC,Western,590004,2026/08/01 11:00:01
2026/07/31,VTS,530110,PIPE,76.491,0.000,0.000,0.000,,,VIC,Geelong,590005,2026/08/01 11:00:01
2026/07/31,VTS,530110,PIPE,52.120,0.000,0.000,0.000,,,VIC,Ballarat,590006,2026/08/01 11:00:01
2026/07/31,VTS,530110,PIPE,75.836,0.000,0.000,0.000,,,VIC,Northern,590007,2026/08/01 11:00:01
2026/07/31,VTS,530110,PIPE,496.349,0.082,0.000,0.000,,,VIC,Melbourne,590008,2026/08/01 11:00:01
2026/07/31,VTS,530110,PIPE,52.772,0.000,15.247,0.000,,,VIC,Gippsland,590009,2026/08/01 11:00:01
2026/07/31,VTS,530110,PIPE,0.000,0.000,3.264,94.134,,,NSW,Culcairn,590016,2026/08/01 11:00:01
2026/07/31,Wallumbilla Compression Station,544280,COMPRESSOR,0.000,0.000,0.000,0.000,,,QLD,Wallumbilla Hub,540032,2026/08/01 10:28:05
2026/07/31,WCFA,540045,COMPRESSOR,0.000,0.000,252.383,252.383,,,QLD,Wallumbilla Hub,540032,2026/08/01 12:46:37
2026/07/31,WCFB,540046,COMPRESSOR,0.000,0.000,117.347,117.347,,,QLD,Wallumbilla Hub,540032,2026/08/01 12:46:37
2026/07/31,Weddell Power Station,580232,BBGPG,9.172,0.000,0.000,0.000,,,NT,Darwin,580001,2026/08/01 12:46:37
2026/07/31,WGP,540091,PIPE,1449.180,0.000,0.000,0.000,,,QLD,Curtis Island,540030,2026/08/10 11:36:14
2026/07/31,WGP,540091,PIPE,0.000,1431.041,56.712,0.000,,,QLD,Regional - QLD,590001,2026/08/10 11:36:14
2026/07/31,Whyalla Steelworks,555085,BBLARGE,4.625,0.000,0.000,0.000,,,SA,Regional - SA,590013,2026/08/01 11:31:05
2026/07/31,Windibri,540069,PROD,0.000,107.417,0.000,0.000,,,QLD,Regional - QLD,590001,2026/08/10 11:36:14
2026/07/31,Woleebee Creek,540087,PROD,0.000,644.520,0.000,0.000,,,QLD,Regional - QLD,590001,2026/08/10 11:36:14
2026/07/31,WPP,580030,PIPE,9.172,21.401,0.000,12.191,,,NT,Darwin,580001,2026/08/01 12:46:37
2026/07/31,Yarwun,544282,BBGPG,68.649,0.000,0.000,0.000,,,QLD,Regional - QLD,590001,2026/08/01 12:02:08
2026/07/31,Yelcherr,580180,PROD,0.000,0.000,0.000,0.000,,,NT,Regional - NT,590017,2026/08/01 12:46:37
2026/07/31,Yellowbank,540074,PROD,0.000,11.745,0.000,0.000,,,QLD,Regional - QLD,590001,2026/08/01 12:02:08
2026/08/01,Adelaide Brighton,555091,BBLARGE,13.346,0.000,0.000,0.000,,,SA,Adelaide,550016,2026/08/02 13:00:00
2026/08/01,AGP,580010,PIPE,19.677,0.000,17.773,0.000,,,NT,Darwin,580001,2026/08/02 12:46:37
2026/08/01,AGP,580010,PIPE,6.674,30.422,0.266,18.245,,,NT,Regional - NT,590017,2026/08/02 12:46:37
2026/08/01,APLNG Pipeline,540093,PIPE,1294.616,0.000,0.000,0.000,,,QLD,Curtis Island,540030,2026/08/06 12:02:49
2026/08/01,APLNG Pipeline,540093,PIPE,0.000,1238.347,274.756,239.261,,,QLD,Regional - QLD,590001,2026/08/06 12:02:49
2026/08/01,Arcadia,540101,PROD,0.000,92.150,0.000,0.000,,,QLD,Regional - QLD,590001,2026/08/02 10:58:39
2026/08/01,ATGP,640013,PIPE,0.000,42.030,0.000,42.030,,,QLD,Regional - QLD,590001,2026/08/02 12:01:14
2026/08/01,ATHENA,535014,PROD,0.000,17.746,0.000,0.000,,,VIC,Iona Hub,530016,2026/08/06 10:35:14
2026/08/01,Atlas,544261,PROD,0.000,42.030,0.000,0.000,,,QLD,Regional - QLD,590001,2026/08/02 12:01:19
2026/08/01,Atlas East Central Processing Facility,640008,PROD,0.000,32.760,0.000,0.000,,,QLD,Regional - QLD,590001,2026/08/02 08:53:43
2026/08/01,Atlas to Reedy Creek Pipeline,640007,PIPE,0.000,32.760,0.000,32.002,,,QLD,Regional - QLD,590001,2026/08/02 12:46:37
2026/08/01,Australia Pacific LNG,544273,LNGEXPORT,1294.617,0.000,0.000,0.000,,,QLD,Curtis Island,540030,2026/08/02 12:00:25
2026/08/01,Australian Paper (Opal),535021,BBLARGE,11.664,0.000,0.000,0.000,,,VIC,Gippsland,590009,2026/08/07 11:00:03
2026/08/01,B1PL,540077,PIPE,0.035,41.326,0.000,31.695,,,QLD,Regional - QLD,590001,2026/08/02 11:00:53
2026/08/01,B2PL,540071,PIPE,0.000,55.176,4.698,58.674,,,QLD,Regional - QLD,590001,2026/08/02 10:20:59
2026/08/01,Bairnsdale Power Station,535020,BBGPG,0.000,0.000,0.000,0.000,,,VIC,Regional - VIC,590012,2026/08/02 11:00:56
2026/08/01,BCF,540047,COMPRESSOR,0.000,0.000,65.300,65.300,,,QLD,Regional - QLD,590001,2026/08/06 13:18:53
2026/08/01,Bell Bay CCGT,577016,BBGPG,27.132,0.000,0.000,0.000,,,TAS,Regional - TAS,590014,2026/08/03 12:01:00
2026/08/01,Bell Bay GGT,577014,BBGPG,0.000,0.000,0.000,0.000,,,TAS,Regional - TAS,590014,2026/08/03 12:01:00
2026/08/01,Bell Bay OCGT,577015,BBGPG,0.000,0.000,0.000,0.000,,,TAS,Regional - TAS,590014,2026/08/03 12:01:00
2026/08/01,Bellevue,540083,PROD,0.000,115.017,0.000,0.000,,,QLD,Regional - QLD,590001,2026/08/02 10:36:13
2026/08/01,BGP,580020,PIPE,0.288,0.000,0.000,0.000,,,NT,Regional - NT,590017,2026/08/02 12:46:37
2026/08/01,BlueScope,523204,BBLARGE,9.772,0.000,0.000,0.000,,,NSW,Sydney,520008,2026/08/02 12:01:05
2026/08/01,Bolivar,555008,BBGPG,0.001,0.000,0.000,0.000,,,SA,Regional - SA,590013,2026/08/02 12:02:35
2026/08/01,Bomaderry Gas Pipeline,523202,PIPE,0.000,0.000,22.864,0.000,,,NSW,Regional - NSW,590011,2026/08/02 12:01:05
2026/08/01,BPP,530030,PIPE,2.820,21.880,0.000,19.059,,,VIC,Gippsland,590009,2026/08/07 11:00:03
2026/08/01,Braemar 2 Power Station,544085,BBGPG,0.000,0.000,0.000,0.000,,,QLD,Regional - QLD,590001,2026/08/02 10:20:59
2026/08/01,Braemar Power Station,544252,BBGPG,0.035,0.000,0.000,0.000,,,QLD,Regional - QLD,590001,2026/08/02 11:00:53
2026/08/01,BWP,540096,PIPE,0.000,0.000,0.000,135.908,,,QLD,Wallumbilla Hub,540032,2026/08/02 12:46:37
2026/08/01,BWP,540096,PIPE,0.000,133.842,0.000,0.000,,,QLD,Regional - QLD,590001,2026/08/02 12:46:37
2026/08/01,CGP,540059,PIPE,0.000,0.000,65.323,0.000,,,QLD,Ballera,540078,2026/08/02 12:46:37
2026/08/01,CGP,540059,PIPE,71.249,0.000,0.000,0.100,,,QLD,Regional - QLD,590001,2026/08/02 12:46:37
2026/08/01,Channel Island Power Station,580231,BBGPG,19.677,0.000,0.000,0.000,,,NT,Darwin,580001,2026/08/02 12:46:37
2026/08/01,Colongra,523120,BBGPG,0.000,0.000,0.000,0.000,,,NSW,Regional - NSW,590011,2026/08/02 12:00:05
2026/08/01,ColongraGP,520090,PIPE,0.000,0.000,0.000,0.000,,,NSW,Sydney,520008,2026/08/02 12:00:05
2026/08/01,ColongraGP,520090,PIPE,0.000,0.000,0.000,0.000,,,NSW,Regional - NSW,590011,2026/08/02 12:00:05
2026/08/01,Combabula,540094,PROD,0.000,293.448,0.000,0.000,,,QLD,Regional - QLD,590001,2026/08/06 12:02:49
2026/08/01,Condabri Central,540080,PROD,0.000,130.844,0.000,0.000,,,QLD,Regional - QLD,590001,2026/08/06 12:02:49
2026/08/01,Condabri North,540090,PROD,0.000,72.718,0.000,0.000,,,QLD,Regional - QLD,590001,2026/08/06 12:02:49
2026/08/01,Condabri South,540086,PROD,0.000,156.973,0.000,0.000,,,QLD,Regional - QLD,590001,2026/08/06 12:02:49
2026/08/01,Condamine Power Station,544274,BBGPG,0.000,0.000,0.000,0.000,,,QLD,Regional - QLD,590001,2026/08/02 10:35:34
2026/08/01,CRWP,540098,PIPE,0.000,0.000,193.390,0.000,,,QLD,Wallumbilla Hub,540032,2026/08/02 10:58:24
2026/08/01,CRWP,540098,PIPE,0.000,232.517,39.059,467.067,,,QLD,Regional - QLD,590001,2026/08/02 10:58:24
2026/08/01,CWP,520054,PIPE,4.191,0.000,3.903,0.000,,,NSW,Regional - NSW,590011,2026/08/02 12:46:37
2026/08/01,Daandine,540050,PROD,0.000,55.176,0.000,0.000,,,QLD,Regional - QLD,590001,2026/08/02 10:21:06
2026/08/01,Dandenong LNG,530038,STOR,0.000,0.326,0.000,0.000,614.346,27.889,VIC,Melbourne,590008,2026/08/02 12:46:37
2026/08/01,DDP,540097,PIPE,0.000,0.000,0.000,209.984,,,QLD,Wallumbilla Hub,540032,2026/08/05 13:01:15
2026/08/01,DDP,540097,PIPE,0.004,343.876,131.127,265.473,,,QLD,Regional - QLD,590001,2026/08/05 13:01:15
2026/08/01,DDPS,544027,BBGPG,0.004,0.000,0.000,0.000,,,QLD,Regional - QLD,590001,2026/08/05 13:01:15
2026/08/01,Diamantina Power Station,544077,BBGPG,34.717,0.000,0.000,0.000,,,QLD,Regional - QLD,590001,2026/08/02 12:46:37
2026/08/01,Dry Creek Power Station,555026,BBGPG,0.000,0.000,0.000,0.000,,,SA,Regional - SA,590013,2026/08/02 11:32:05
2026/08/01,EGP,520047,PIPE,110.110,0.000,0.000,0.000,,,NSW,Sydney,520008,2026/08/02 12:01:05
2026/08/01,EGP,520047,PIPE,16.362,0.000,0.000,0.000,,,NSW,Canberra,520009,2026/08/02 12:01:05
2026/08/01,EGP,520047,PIPE,0.000,226.569,0.000,95.396,,,VIC,Longford Hub,530015,2026/08/02 12:01:05
2026/08/01,EGP,520047,PIPE,5.017,0.000,0.000,22.864,,,NSW,Regional - NSW,590011,2026/08/02 12:01:05
2026/08/01,EGP,520047,PIPE,0.976,74.018,0.000,0.000,,,VIC,Regional - VIC,590012,2026/08/02 12:01:05
2026/08/01,EO4PL,540055,PIPE,0.000,0.000,0.000,0.000,,,QLD,Regional - QLD,590001,2026/08/02 10:36:13
2026/08/01,Eurombah Creek,540089,PROD,0.000,162.088,0.000,0.000,,,QLD,Regional - QLD,590001,2026/08/06 12:02:49
2026/08/01,Fairview,540070,PROD,0.000,284.539,0.000,0.000,,,QLD,Regional - QLD,590001,2026/08/02 10:58:39
2026/08/01,GLNG (Curtis Island),544276,LNGEXPORT,908.735,0.000,0.000,0.000,,,QLD,Curtis Island,540030,2026/08/02 10:58:24
2026/08/01,GLNG Pipeline,540092,PIPE,908.735,0.000,0.000,0.000,,,QLD,Curtis Island,540030,2026/08/02 10:58:24
2026/08/01,GLNG Pipeline,540092,PIPE,0.000,420.067,467.103,9.319,,,QLD,Regional - QLD,590001,2026/08/02 10:36:13
2026/08/01,Hallett,555029,BBGPG,2.258,0.000,0.000,0.000,,,SA,Regional - SA,590013,2026/08/02 11:32:05
2026/08/01,Hunter Power Station,523210,BBGPG,0.003,0.000,0.000,0.000,,,NSW,Sydney,520008,2026/08/02 12:46:37
2026/08/01,ICF,530071,COMPRESSOR,0.000,0.000,1.548,1.548,,,VIC,Iona Hub,530016,2026/08/02 08:35:03
2026/08/01,Iona UGS,530042,STOR,1.548,182.474,0.000,0.000,15086.544,0.000,VIC,Iona Hub,530016,2026/08/02 08:30:02
2026/08/01,Jeerelang,533161,BBGPG,0.000,0.000,0.000,0.000,,,VIC,Gippsland,590009,2026/08/07 11:00:03
2026/08/01,Jordan,540088,PROD,0.000,333.028,0.000,0.000,,,QLD,Regional - QLD,590001,2026/08/02 10:36:13
2026/08/01,Katherine Power Station,580233,BBGPG,0.000,0.000,0.000,0.000,,,NT,Regional - NT,590017,2026/08/02 12:46:37
2026/08/01,Kenya,540075,PROD,0.000,127.086,0.000,0.000,,,QLD,Regional - QLD,590001,2026/08/02 10:36:13
2026/08/01,Kincora,544253,PROD,0.000,0.000,0.000,0.000,,,QLD,Regional - QLD,590001,2026/08/02 12:46:37
2026/08/01,KKLP,523209,PIPE,0.003,0.000,0.000,0.000,,,NSW,Sydney,520008,2026/08/02 12:46:37
2026/08/01,Kogan North,540061,PROD,0.000,4.172,0.000,0.000,,,QLD,Regional - QLD,590001,2026/08/02 12:46:37
2026/08/01,Ladbroke Grove PS,555086,BBGPG,1.287,0.000,0.000,0.000,,,SA,Regional - SA,590013,2026/08/02 12:46:37
2026/08/01,Lang Lang,530039,PROD,0.000,21.880,0.000,0.000,,,VIC,Gippsland,590009,2026/08/02 11:20:13
2026/08/01,Laverton,533201,BBGPG,0.001,0.000,0.000,0.000,,,VIC,Geelong,590005,2026/08/07 11:00:03
2026/08/01,Longford,530040,PROD,0.000,662.690,0.000,0.000,,,VIC,Longford Hub,530015,2026/08/02 08:26:32
2026/08/01,Loy Yang B,533163,BBGPG,0.000,0.000,0.000,0.000,,,VIC,Gippsland,590009,2026/08/02 11:00:57
2026/08/01,LYB Transmission Pipeline,535023,PIPE,0.000,0.000,0.000,0.000,,,VIC,Gippsland,590009,2026/08/02 11:00:57
2026/08/01,MAPS,550054,PIPE,45.789,0.000,0.000,0.000,,,SA,Adelaide,550016,2026/08/02 11:32:05
2026/08/01,MAPS,550054,PIPE,0.000,35.052,136.044,0.000,,,SA,Moomba Hub,550017,2026/08/02 11:32:05
2026/08/01,MAPS,550054,PIPE,88.739,0.000,9.999,0.000,,,SA,Regional - SA,590013,2026/08/02 11:32:05
2026/08/01,McArthur River Mine,580220,BBGPG,8.664,0.000,0.000,0.000,,,NT,Regional - NT,590017,2026/08/02 09:26:18
2026/08/01,MCF,550050,COMPRESSOR,0.000,0.000,0.000,0.000,,,SA,Moomba Hub,550017,2026/08/02 12:46:37
2026/08/01,Mereenie,580040,PROD,0.000,24.692,0.000,0.000,,,NT,Regional - NT,590017,2026/08/02 12:06:10
2026/08/01,Meridian,540064,PROD,0.000,46.628,0.000,0.000,,,QLD,Regional - QLD,590001,2026/08/02 09:39:06
2026/08/01,Mintaro Power Station,555031,BBGPG,0.000,0.000,0.000,0.000,,,SA,Regional - SA,590013,2026/08/02 11:32:05
2026/08/01,Moomba,550045,PROD,0.000,212.500,0.000,0.000,,,SA,Moomba Hub,550017,2026/08/06 13:18:53
2026/08/01,Moomba Storage,550046,STOR,0.000,0.000,0.000,0.000,6309.300,0.000,SA,Moomba Hub,550017,2026/08/06 13:18:53
2026/08/01,Mortlake PS,530063,BBGPG,0.000,0.000,0.000,0.000,,,VIC,Regional - VIC,590012,2026/08/02 07:20:00
2026/08/01,MPL,530061,PIPE,0.000,0.000,19.710,0.199,,,VIC,Iona Hub,530016,2026/08/02 07:20:00
2026/08/01,MPL,530061,PIPE,0.000,0.000,0.000,0.000,,,VIC,Regional - VIC,590012,2026/08/02 07:20:00
2026/08/01,MRP,580100,PIPE,8.664,0.000,8.665,0.000,,,NT,Regional - NT,590017,2026/08/02 09:26:18
2026/08/01,MSP,520053,PIPE,138.148,0.000,0.000,0.000,,,NSW,Sydney,520008,2026/08/02 12:46:37
2026/08/01,MSP,520053,PIPE,0.000,0.000,248.638,38.639,,,SA,Moomba Hub,550017,2026/08/02 12:46:37
2026/08/01,MSP,520053,PIPE,40.659,0.000,0.000,3.903,,,NSW,Regional - NSW,590011,2026/08/02 12:46:37
2026/08/01,MSP,520053,PIPE,14.739,0.000,0.000,0.000,,,NSW,Regional - ACT,590015,2026/08/02 12:46:37
2026/08/01,MSP,520053,PIPE,0.000,0.000,55.087,0.000,,,NSW,Culcairn,590016,2026/08/02 12:46:37
2026/08/01,Newport,533171,BBGPG,0.004,0.000,0.000,0.000,,,VIC,Melbourne,590008,2026/08/07 11:00:03
2026/08/01,NGP,580050,PIPE,0.000,0.000,0.100,0.000,,,QLD,Regional - QLD,590001,2026/08/02 12:01:17
2026/08/01,NGP,580050,PIPE,0.000,0.000,0.000,0.000,,,NT,Regional - NT,590017,2026/08/02 12:01:17
2026/08/01,NGS,520060,STOR,0.000,0.648,0.000,0.000,684.026,76.810,NSW,Sydney,520008,2026/08/02 08:30:20
2026/08/01,Oakey PS,544095,BBGPG,0.000,0.000,0.000,0.000,,,QLD,Regional - QLD,590001,2026/08/02 12:46:37
2026/08/01,Orana,540084,PROD,0.000,169.373,0.000,0.000,,,QLD,Regional - QLD,590001,2026/08/06 12:02:49
2026/08/01,Orbost,530041,PROD,0.000,74.018,0.000,0.000,,,VIC,Regional - VIC,590012,2026/08/02 12:01:05
2026/08/01,Orica,544011,BBLARGE,9.108,0.000,0.000,0.000,,,QLD,Regional - QLD,590001,2026/08/02 12:01:06
2026/08/01,Orica (Kooragang Island),523206,BBLARGE,39.425,0.000,0.000,0.000,,,NSW,Sydney,520008,2026/08/02 13:00:00
2026/08/01,Osborne,555033,BBGPG,14.030,0.000,0.000,0.000,,,SA,Regional - SA,590013,2026/08/02 11:32:05
2026/08/01,Otway,530044,PROD,0.000,119.240,0.000,0.000,,,VIC,Iona Hub,530016,2026/08/02 10:00:55
2026/08/01,Owen Springs Power Station,580235,BBGPG,1.318,0.000,0.000,0.000,,,NT,Regional - NT,590017,2026/08/02 06:41:48
2026/08/01,Palm Valley,580060,PROD,0.000,5.730,0.000,0.000,,,NT,Regional - NT,590017,2026/08/02 12:06:10
2026/08/01,PCA,550052,PIPE,0.000,19.199,40.757,1.077,,,VIC,Iona Hub,530016,2026/08/02 07:20:01
2026/08/01,PCA,550052,PIPE,21.397,0.000,0.000,0.000,,,SA,Adelaide,550016,2026/08/02 07:20:01
2026/08/01,PCA,550052,PIPE,0.000,0.000,0.000,8.980,,,VIC,Regional - VIC,590012,2026/08/02 07:20:01
2026/08/01,PCA,550052,PIPE,0.365,0.000,0.000,10.030,,,SA,Regional - SA,590013,2026/08/02 07:20:01
2026/08/01,PCI,530060,PIPE,0.000,130.850,1.276,132.126,,,VIC,Iona Hub,530016,2026/08/02 07:20:01
2026/08/01,Peat,540065,PROD,0.000,11.997,0.000,0.000,,,QLD,Regional - QLD,590001,2026/08/06 12:02:49
2026/08/01,Pelican Point Power Station,555089,BBGPG,21.668,0.000,0.000,0.000,,,SA,Regional - SA,590013,2026/08/02 07:20:01
2026/08/01,Phosphate Hill,544081,BBLARGE,25.531,0.000,0.000,0.000,,,QLD,Regional - QLD,590001,2026/08/02 12:46:37
2026/08/01,Pipeline Compression Station,544279,COMPRESSOR,0.000,0.000,0.000,0.000,,,QLD,Regional - QLD,590001,2026/08/02 10:58:24
2026/08/01,PVP,580070,PIPE,1.855,0.000,1.876,0.000,,,NT,Regional - NT,590017,2026/08/02 06:41:48
2026/08/01,QCLNG LNG Plant,544272,LNGEXPORT,1487.326,0.000,0.000,0.000,,,QLD,Curtis Island,540030,2026/08/02 10:36:13
2026/08/01,QGP,540058,PIPE,0.000,0.000,27.065,0.000,,,QLD,Wallumbilla Hub,540032,2026/08/02 12:01:06
2026/08/01,QGP,540058,PIPE,118.348,23.464,73.374,0.000,,,QLD,Regional - QLD,590001,2026/08/02 12:01:06
2026/08/01,Quarantine Power Station,555087,BBGPG,0.000,0.000,0.000,0.000,,,SA,Regional - SA,590013,2026/08/02 11:32:05
2026/08/01,Queensland Aluminia,544012,BBLARGE,27.833,0.000,0.000,0.000,,,QLD,Regional - QLD,590001,2026/08/02 12:01:06
2026/08/01,RBP,540057,PIPE,0.000,0.000,0.000,76.300,,,QLD,Wallumbilla Hub,540032,2026/08/02 12:46:37
2026/08/01,RBP,540057,PIPE,2.917,87.777,37.995,4.698,,,QLD,Regional - QLD,590001,2026/08/02 12:46:37
2026/08/01,RBP,540057,PIPE,47.035,0.000,0.000,0.000,,,QLD,Brisbane,590002,2026/08/02 12:46:37
2026/08/01,RCWP,540102,PIPE,0.000,0.000,0.000,108.398,,,QLD,Wallumbilla Hub,540032,2026/08/02 12:46:37
2026/08/01,RCWP,540102,PIPE,0.000,0.000,108.291,0.000,,,QLD,Regional - QLD,590001,2026/08/02 12:46:37
2026/08/01,Reedy Creek,540085,PROD,0.000,200.482,0.000,0.000,,,QLD,Regional - QLD,590001,2026/08/06 12:02:49
2026/08/01,RMNGPF,640011,PROD,0.000,17.530,0.000,0.000,,,QLD,Regional - QLD,590001,2026/08/02 08:53:52
2026/08/01,RNMGP,640012,PIPE,0.000,17.530,0.000,17.530,,,QLD,Regional - QLD,590001,2026/08/02 08:53:52
2026/08/01,RNP,640009,PIPE,0.000,21.529,0.000,21.529,,,QLD,Regional - QLD,590001,2026/08/02 12:01:08
2026/08/01,Rolleston,540073,PROD,0.000,8.274,0.000,0.000,,,QLD,Regional - QLD,590001,2026/08/02 12:01:06
2026/08/01,Roma,540095,PROD,0.000,232.517,0.000,0.000,,,QLD,Regional - QLD,590001,2026/08/02 10:58:45
2026/08/01,Roma North,544260,PROD,0.000,21.529,0.000,0.000,,,QLD,Regional - QLD,590001,2026/08/02 12:01:18
2026/08/01,Roma Power Station,540120,BBGPG,0.000,0.000,0.000,0.000,,,QLD,Regional - QLD,590001,2026/08/02 11:35:57
2026/08/01,Ron Goodin Power Station,580234,BBGPG,0.000,0.000,0.000,0.000,,,NT,Regional - NT,590017,2026/08/02 06:41:48
2026/08/01,RPL,540110,PIPE,0.053,0.000,0.000,0.000,,,QLD,Regional - QLD,590001,2026/08/02 11:35:57
2026/08/01,Ruby Jo,540082,PROD,0.000,427.009,0.000,0.000,,,QLD,Regional - QLD,590001,2026/08/02 10:36:13
2026/08/01,RUGS,540040,STOR,0.000,3.861,0.000,0.000,15171.842,0.000,QLD,Regional - QLD,590001,2026/08/02 10:58:45
2026/08/01,Scotia,540072,PROD,0.000,103.641,0.000,0.000,,,QLD,Regional - QLD,590001,2026/08/02 10:58:45
2026/08/01,SEPS,550061,PIPE,6.835,0.000,7.517,0.000,,,SA,Regional - SA,590013,2026/08/02 11:33:05
2026/08/01,SESA,550060,PIPE,0.000,0.000,8.979,0.000,,,VIC,Regional - VIC,590012,2026/08/02 12:46:37
2026/08/01,SESA,550060,PIPE,1.287,0.000,0.000,7.523,,,SA,Regional - SA,590013,2026/08/02 12:46:37
2026/08/01,Smithfield Energy Facility,522004,BBGPG,0.000,0.000,0.000,0.000,,,NSW,Regional - NSW,590011,2026/08/02 12:02:43
2026/08/01,Snapper Point,555090,BBGPG,0.000,0.000,0.000,0.000,,,SA,Regional - SA,590013,2026/08/02 11:32:05
2026/08/01,Somerton,533174,BBGPG,0.001,0.000,0.000,0.000,,,VIC,Melbourne,590008,2026/08/07 11:00:03
2026/08/01,Spring Gully,540066,PROD,0.000,0.000,0.000,0.000,,,QLD,Regional - QLD,590001,2026/08/06 12:02:49
2026/08/01,SSP,540103,PIPE,0.000,6.300,0.000,6.300,,,QLD,Regional - QLD,590001,2026/08/02 09:49:42
2026/08/01,SSSF,540062,STOR,0.000,7.550,0.000,0.000,8676.662,0.000,QLD,Regional - QLD,590001,2026/08/02 09:49:42
2026/08/01,Strathblane,540067,PROD,0.000,60.214,0.000,0.000,,,QLD,Regional - QLD,590001,2026/08/06 12:02:49
2026/08/01,Swanbank Power Station,544104,BBGPG,0.000,0.000,0.000,0.000,,,QLD,Brisbane,590002,2026/08/02 12:46:37
2026/08/01,SWQP,540060,PIPE,0.000,0.000,530.590,220.455,,,QLD,Wallumbilla Hub,540032,2026/08/02 12:46:37
2026/08/01,SWQP,540060,PIPE,0.000,0.000,0.000,70.167,,,QLD,Ballera,540078,2026/08/02 12:46:37
2026/08/01,SWQP,540060,PIPE,0.000,177.434,0.000,346.043,,,SA,Moomba Hub,550017,2026/08/02 12:46:37
2026/08/01,SWQP,540060,PIPE,0.117,0.000,0.000,0.000,,,QLD,Regional - QLD,590001,2026/08/02 12:46:37
2026/08/01,Talinga,540076,PROD,0.000,87.033,0.000,0.000,,,QLD,Regional - QLD,590001,2026/08/06 12:02:49
2026/08/01,Tallawarra,522002,BBGPG,0.000,0.000,0.000,0.000,,,NSW,Regional - NSW,590011,2026/08/02 11:00:10
2026/08/01,Tallawarra Pipeline,523201,PIPE,0.000,0.000,0.000,0.000,,,NSW,Regional - NSW,590011,2026/08/02 11:00:10
2026/08/01,Taloona,540068,PROD,0.000,48.982,0.000,0.000,,,QLD,Regional - QLD,590001,2026/08/06 12:02:49
2026/08/01,Tanami GP,580210,PIPE,7.941,0.000,7.700,0.000,,,NT,Regional - NT,590017,2026/08/02 12:02:00
2026/08/01,TGP,570050,PIPE,0.000,0.000,92.761,19.788,,,VIC,Longford Hub,530015,2026/08/03 12:01:00
2026/08/01,TGP,570050,PIPE,43.776,0.000,0.000,0.000,,,TAS,Regional - TAS,590014,2026/08/03 12:01:00
2026/08/01,Tipton,540051,PROD,0.000,41.326,0.000,0.000,,,QLD,Regional - QLD,590001,2026/08/02 10:21:03
2026/08/01,Torrens Island PS,555041,BBGPG,27.725,0.000,0.000,0.000,,,SA,Regional - SA,590013,2026/08/02 11:32:05
2026/08/01,Uranquinty Power Station,522047,BBGPG,0.000,0.000,0.000,0.000,,,NSW,Regional - NSW,590011,2026/08/02 12:46:37
2026/08/01,Valley Power GPG,535024,BBGPG,0.000,0.000,0.000,0.000,,,VIC,Gippsland,590009,2026/08/02 11:00:57
2026/08/01,VicHub,532005,PIPE,0.000,0.000,2.656,2.656,,,VIC,Longford Hub,530015,2026/08/02 12:02:06
2026/08/01,Viva Energy Refinery,535018,BBLARGE,6.931,0.000,0.000,0.000,,,VIC,Geelong,590005,2026/08/02 07:30:11
2026/08/01,VTS,530110,PIPE,0.000,434.089,22.450,0.004,,,VIC,Longford Hub,530015,2026/08/07 11:00:03
2026/08/01,VTS,530110,PIPE,0.000,167.959,71.659,0.000,,,VIC,Iona Hub,530016,2026/08/07 11:00:03
2026/08/01,VTS,530110,PIPE,11.851,0.000,0.000,0.000,,,VIC,Western,590004,2026/08/07 11:00:03
2026/08/01,VTS,530110,PIPE,68.086,0.000,0.000,0.000,,,VIC,Geelong,590005,2026/08/07 11:00:03
2026/08/01,VTS,530110,PIPE,47.607,0.000,0.000,0.000,,,VIC,Ballarat,590006,2026/08/07 11:00:03
2026/08/01,VTS,530110,PIPE,66.859,0.000,0.000,0.000,,,VIC,Northern,590007,2026/08/07 11:00:03
2026/08/01,VTS,530110,PIPE,415.261,0.250,0.000,0.000,,,VIC,Melbourne,590008,2026/08/07 11:00:03
2026/08/01,VTS,530110,PIPE,47.043,0.000,19.059,0.000,,,VIC,Gippsland,590009,2026/08/07 11:00:03
2026/08/01,VTS,530110,PIPE,0.000,0.000,0.000,55.087,,,NSW,Culcairn,590016,2026/08/07 11:00:03
2026/08/01,Wallumbilla Compression Station,544280,COMPRESSOR,0.000,0.000,0.000,0.000,,,QLD,Wallumbilla Hub,540032,2026/08/02 10:58:24
2026/08/01,WCFA,540045,COMPRESSOR,0.000,0.000,392.060,392.060,,,QLD,Wallumbilla Hub,540032,2026/08/02 12:46:37
2026/08/01,WCFB,540046,COMPRESSOR,0.000,0.000,132.230,132.230,,,QLD,Wallumbilla Hub,540032,2026/08/02 12:46:37
2026/08/01,Weddell Power Station,580232,BBGPG,8.541,0.000,0.000,0.000,,,NT,Darwin,580001,2026/08/02 12:46:37
2026/08/01,WGP,540091,PIPE,1487.326,0.000,0.000,0.000,,,QLD,Curtis Island,540030,2026/08/02 10:36:13
2026/08/01,WGP,540091,PIPE,0.000,1454.182,58.674,0.000,,,QLD,Regional - QLD,590001,2026/08/02 10:36:13
2026/08/01,Whyalla Steelworks,555085,BBLARGE,4.617,0.000,0.000,0.000,,,SA,Regional - SA,590013,2026/08/02 11:32:05
2026/08/01,Windibri,540069,PROD,0.000,111.193,0.000,0.000,,,QLD,Regional - QLD,590001,2026/08/02 10:36:13
2026/08/01,Woleebee Creek,540087,PROD,0.000,644.438,0.000,0.000,,,QLD,Regional - QLD,590001,2026/08/02 10:36:13
2026/08/01,WPP,580030,PIPE,8.541,26.371,0.000,17.773,,,NT,Darwin,580001,2026/08/02 12:46:37
2026/08/01,Yarwun,544282,BBGPG,64.255,0.000,0.000,0.000,,,QLD,Regional - QLD,590001,2026/08/02 12:01:06
2026/08/01,Yelcherr,580180,PROD,0.000,0.000,0.000,0.000,,,NT,Regional - NT,590017,2026/08/02 12:46:37
2026/08/01,Yellowbank,540074,PROD,0.000,11.940,0.000,0.000,,,QLD,Regional - QLD,590001,2026/08/02 12:01:06
2026/08/02,Adelaide Brighton,555091,BBLARGE,13.483,0.000,0.000,0.000,,,SA,Adelaide,550016,2026/08/03 13:00:01
2026/08/02,AGP,580010,PIPE,19.002,0.000,17.006,0.000,,,NT,Darwin,580001,2026/08/03 12:46:37
2026/08/02,AGP,580010,PIPE,6.287,31.801,0.266,18.423,,,NT,Regional - NT,590017,2026/08/03 12:46:37
2026/08/02,APLNG Pipeline,540093,PIPE,1305.655,0.000,0.000,0.000,,,QLD,Curtis Island,540030,2026/08/07 12:05:06
2026/08/02,APLNG Pipeline,540093,PIPE,0.000,1239.553,269.901,223.819,,,QLD,Regional - QLD,590001,2026/08/07 12:05:06
2026/08/02,Arcadia,540101,PROD,0.000,92.313,0.000,0.000,,,QLD,Regional - QLD,590001,2026/08/03 10:58:36
2026/08/02,ATGP,640013,PIPE,0.000,43.304,0.000,43.304,,,QLD,Regional - QLD,590001,2026/08/03 12:01:09
2026/08/02,ATHENA,535014,PROD,0.000,17.486,0.000,0.000,,,VIC,Iona Hub,530016,2026/08/07 10:15:18
2026/08/02,Atlas,544261,PROD,0.000,43.304,0.000,0.000,,,QLD,Regional - QLD,590001,2026/08/03 12:01:13
2026/08/02,Atlas East Central Processing Facility,640008,PROD,0.000,30.830,0.000,0.000,,,QLD,Regional - QLD,590001,2026/08/03 12:07:10
2026/08/02,Atlas to Reedy Creek Pipeline,640007,PIPE,0.000,30.833,0.000,29.001,,,QLD,Regional - QLD,590001,2026/08/03 12:46:37
2026/08/02,Australia Pacific LNG,544273,LNGEXPORT,1305.654,0.000,0.000,0.000,,,QLD,Curtis Island,540030,2026/08/03 12:00:25
2026/08/02,Australian Paper (Opal),535021,BBLARGE,9.661,0.000,0.000,0.000,,,VIC,Gippsland,590009,2026/08/03 11:00:01
2026/08/02,B1PL,540077,PIPE,0.032,39.991,0.000,37.391,,,QLD,Regional - QLD,590001,2026/08/03 11:00:46
2026/08/02,B2PL,540071,PIPE,0.000,55.204,6.010,60.761,,,QLD,Regional - QLD,590001,2026/08/03 10:15:53
2026/08/02,Bairnsdale Power Station,535020,BBGPG,0.000,0.000,0.000,0.000,,,VIC,Regional - VIC,590012,2026/08/03 11:00:53
2026/08/02,BCF,540047,COMPRESSOR,0.000,0.000,64.800,64.800,,,QLD,Regional - QLD,590001,2026/08/07 21:18:51
2026/08/02,Bell Bay CCGT,577016,BBGPG,26.941,0.000,0.000,0.000,,,TAS,Regional - TAS,590014,2026/08/04 12:01:00
2026/08/02,Bell Bay GGT,577014,BBGPG,0.000,0.000,0.000,0.000,,,TAS,Regional - TAS,590014,2026/08/04 12:01:00
2026/08/02,Bell Bay OCGT,577015,BBGPG,0.000,0.000,0.000,0.000,,,TAS,Regional - TAS,590014,2026/08/04 12:01:00
2026/08/02,Bellevue,540083,PROD,0.000,115.818,0.000,0.000,,,QLD,Regional - QLD,590001,2026/08/03 10:35:38
2026/08/02,BGP,580020,PIPE,0.285,0.000,0.000,0.000,,,NT,Regional - NT,590017,2026/08/03 12:46:37
2026/08/02,BlueScope,523204,BBLARGE,9.517,0.000,0.000,0.000,,,NSW,Sydney,520008,2026/08/03 12:01:05
2026/08/02,Bolivar,555008,BBGPG,0.000,0.000,0.000,0.000,,,SA,Regional - SA,590013,2026/08/03 12:04:09
2026/08/02,Bomaderry Gas Pipeline,523202,PIPE,22.402,0.000,22.402,0.000,,,NSW,Regional - NSW,590011,2026/08/03 13:56:37
2026/08/02,BPP,530030,PIPE,2.430,21.130,0.000,18.701,,,VIC,Gippsland,590009,2026/08/03 11:00:01
2026/08/02,Braemar 2 Power Station,544085,BBGPG,0.000,0.000,0.000,0.000,,,QLD,Regional - QLD,590001,2026/08/03 10:15:53
2026/08/02,Braemar Power Station,544252,BBGPG,0.032,0.000,0.000,0.000,,,QLD,Regional - QLD,590001,2026/08/03 11:00:46
2026/08/02,BWP,540096,PIPE,0.000,0.000,0.000,126.877,,,QLD,Wallumbilla Hub,540032,2026/08/03 12:46:37
2026/08/02,BWP,540096,PIPE,0.000,127.051,0.000,0.000,,,QLD,Regional - QLD,590001,2026/08/03 12:46:37
2026/08/02,CGP,540059,PIPE,0.000,0.000,64.776,0.000,,,QLD,Ballera,540078,2026/08/03 12:46:37
2026/08/02,CGP,540059,PIPE,68.348,0.000,0.000,0.000,,,QLD,Regional - QLD,590001,2026/08/03 12:46:37
2026/08/02,Channel Island Power Station,580231,BBGPG,19.002,0.000,0.000,0.000,,,NT,Darwin,580001,2026/08/03 12:46:37
2026/08/02,Colongra,523120,BBGPG,0.000,0.000,0.000,0.000,,,NSW,Regional - NSW,590011,2026/08/03 12:00:05
2026/08/02,ColongraGP,520090,PIPE,-2.515,0.000,0.000,0.000,,,NSW,Sydney,520008,2026/08/03 12:00:05
2026/08/02,ColongraGP,520090,PIPE,0.000,0.000,0.000,0.000,,,NSW,Regional - NSW,590011,2026/08/03 12:00:05
2026/08/02,Combabula,540094,PROD,0.000,293.475,0.000,0.000,,,QLD,Regional - QLD,590001,2026/08/07 12:05:06
2026/08/02,Condabri Central,540080,PROD,0.000,130.851,0.000,0.000,,,QLD,Regional - QLD,590001,2026/08/07 12:05:06
2026/08/02,Condabri North,540090,PROD,0.000,72.178,0.000,0.000,,,QLD,Regional - QLD,590001,2026/08/07 12:05:06
2026/08/02,Condabri South,540086,PROD,0.000,156.369,0.000,0.000,,,QLD,Regional - QLD,590001,2026/08/07 12:05:06
2026/08/02,Condamine Power Station,544274,BBGPG,0.000,0.000,0.000,0.000,,,QLD,Regional - QLD,590001,2026/08/03 10:36:12
2026/08/02,CRWP,540098,PIPE,0.000,0.000,222.305,0.000,,,QLD,Wallumbilla Hub,540032,2026/08/03 10:58:05
2026/08/02,CRWP,540098,PIPE,0.000,232.126,38.974,488.927,,,QLD,Regional - QLD,590001,2026/08/03 10:58:05
2026/08/02,CWP,520054,PIPE,4.436,0.000,5.615,0.000,,,NSW,Regional - NSW,590011,2026/08/03 12:46:37
2026/08/02,Daandine,540050,PROD,0.000,55.204,0.000,0.000,,,QLD,Regional - QLD,590001,2026/08/03 10:16:05
2026/08/02,Dandenong LNG,530038,STOR,0.000,0.321,0.000,0.000,613.927,27.889,VIC,Melbourne,590008,2026/08/03 12:46:37
2026/08/02,DDP,540097,PIPE,0.000,0.000,0.000,206.515,,,QLD,Wallumbilla Hub,540032,2026/08/05 13:01:17
2026/08/02,DDP,540097,PIPE,0.004,345.527,132.819,269.900,,,QLD,Regional - QLD,590001,2026/08/05 13:01:17
2026/08/02,DDPS,544027,BBGPG,0.004,0.000,0.000,0.000,,,QLD,Regional - QLD,590001,2026/08/05 13:01:17
2026/08/02,Diamantina Power Station,544077,BBGPG,28.552,0.000,0.000,0.000,,,QLD,Regional - QLD,590001,2026/08/03 12:46:37
2026/08/02,Dry Creek Power Station,555026,BBGPG,0.000,0.000,0.000,0.000,,,SA,Regional - SA,590013,2026/08/03 11:40:05
2026/08/02,EGP,520047,PIPE,116.162,0.000,0.000,0.000,,,NSW,Sydney,520008,2026/08/03 12:01:05
2026/08/02,EGP,520047,PIPE,16.371,0.000,0.000,0.000,,,NSW,Canberra,520009,2026/08/03 12:01:05
2026/08/02,EGP,520047,PIPE,0.000,218.440,0.000,96.011,,,VIC,Longford Hub,530015,2026/08/03 12:01:05
2026/08/02,EGP,520047,PIPE,5.011,0.000,0.000,22.402,,,NSW,Regional - NSW,590011,2026/08/03 12:01:05
2026/08/02,EGP,520047,PIPE,0.953,74.105,0.000,0.000,,,VIC,Regional - VIC,590012,2026/08/03 12:01:05
2026/08/02,EO4PL,540055,PIPE,0.000,0.000,0.000,0.000,,,QLD,Regional - QLD,590001,2026/08/03 10:35:38
2026/08/02,Eurombah Creek,540089,PROD,0.000,159.615,0.000,0.000,,,QLD,Regional - QLD,590001,2026/08/07 12:05:06
2026/08/02,Fairview,540070,PROD,0.000,283.972,0.000,0.000,,,QLD,Regional - QLD,590001,2026/08/03 10:58:36
2026/08/02,GLNG (Curtis Island),544276,LNGEXPORT,896.795,0.000,0.000,0.000,,,QLD,Curtis Island,540030,2026/08/03 10:58:05
2026/08/02,GLNG Pipeline,540092,PIPE,896.795,0.000,0.000,0.000,,,QLD,Curtis Island,540030,2026/08/03 10:58:05
2026/08/02,GLNG Pipeline,540092,PIPE,0.000,419.811,490.223,0.719,,,QLD,Regional - QLD,590001,2026/08/03 10:35:38
2026/08/02,Hallett,555029,BBGPG,0.000,0.000,0.000,0.000,,,SA,Regional - SA,590013,2026/08/03 11:40:05
2026/08/02,Hunter Power Station,523210,BBGPG,0.000,0.000,0.000,0.000,,,NSW,Sydney,520008,2026/08/03 12:46:37
2026/08/02,ICF,530071,COMPRESSOR,0.000,0.000,11.099,11.099,,,VIC,Iona Hub,530016,2026/08/03 08:35:03
2026/08/02,Iona UGS,530042,STOR,25.809,52.826,0.000,0.000,15059.527,0.000,VIC,Iona Hub,530016,2026/08/03 08:30:02
2026/08/02,Jeerelang,533161,BBGPG,0.000,0.000,0.000,0.000,,,VIC,Gippsland,590009,2026/08/03 11:00:01
2026/08/02,Jordan,540088,PROD,0.000,332.404,0.000,0.000,,,QLD,Regional - QLD,590001,2026/08/03 10:35:38
2026/08/02,Katherine Power Station,580233,BBGPG,0.000,0.000,0.000,0.000,,,NT,Regional - NT,590017,2026/08/03 12:46:37
2026/08/02,Kenya,540075,PROD,0.000,127.954,0.000,0.000,,,QLD,Regional - QLD,590001,2026/08/03 10:35:38
2026/08/02,Kincora,544253,PROD,0.000,0.000,0.000,0.000,,,QLD,Regional - QLD,590001,2026/08/03 12:46:37
2026/08/02,KKLP,523209,PIPE,0.000,0.000,0.000,0.000,,,NSW,Sydney,520008,2026/08/03 12:46:37
2026/08/02,Kogan North,540061,PROD,0.000,4.172,0.000,0.000,,,QLD,Regional - QLD,590001,2026/08/03 12:46:37
2026/08/02,Ladbroke Grove PS,555086,BBGPG,0.000,0.000,0.000,0.000,,,SA,Regional - SA,590013,2026/08/03 12:46:37
2026/08/02,Lang Lang,530039,PROD,0.000,21.130,0.000,0.000,,,VIC,Gippsland,590009,2026/08/03 10:57:17
2026/08/02,Laverton,533201,BBGPG,0.001,0.000,0.000,0.000,,,VIC,Geelong,590005,2026/08/03 11:00:01
2026/08/02,Longford,530040,PROD,0.000,656.020,0.000,0.000,,,VIC,Longford Hub,530015,2026/08/03 08:32:03
2026/08/02,Loy Yang B,533163,BBGPG,0.000,0.000,0.000,0.000,,,VIC,Gippsland,590009,2026/08/03 11:00:47
2026/08/02,LYB Transmission Pipeline,535023,PIPE,0.000,0.000,0.000,0.000,,,VIC,Gippsland,590009,2026/08/03 11:00:47
2026/08/02,MAPS,550054,PIPE,36.381,0.000,0.000,0.000,,,SA,Adelaide,550016,2026/08/03 11:40:05
2026/08/02,MAPS,550054,PIPE,0.000,34.525,74.231,0.000,,,SA,Moomba Hub,550017,2026/08/03 11:40:05
2026/08/02,MAPS,550054,PIPE,43.668,0.000,0.031,0.000,,,SA,Regional - SA,590013,2026/08/03 11:40:05
2026/08/02,McArthur River Mine,580220,BBGPG,9.190,0.000,0.000,0.000,,,NT,Regional - NT,590017,2026/08/03 09:18:48
2026/08/02,MCF,550050,COMPRESSOR,0.000,0.000,0.000,0.000,,,SA,Moomba Hub,550017,2026/08/03 12:46:37
2026/08/02,Mereenie,580040,PROD,0.000,26.081,0.000,0.000,,,NT,Regional - NT,590017,2026/08/03 11:36:18
2026/08/02,Meridian,540064,PROD,0.000,46.776,0.000,0.000,,,QLD,Regional - QLD,590001,2026/08/03 09:39:16
2026/08/02,Mintaro Power Station,555031,BBGPG,0.000,0.000,0.000,0.000,,,SA,Regional - SA,590013,2026/08/03 11:40:05
2026/08/02,Moomba,550045,PROD,0.000,229.500,0.000,0.000,,,SA,Moomba Hub,550017,2026/08/07 21:18:51
2026/08/02,Moomba Storage,550046,STOR,0.000,0.800,0.000,0.000,6308.400,0.000,SA,Moomba Hub,550017,2026/08/07 21:18:51
2026/08/02,Mortlake PS,530063,BBGPG,0.000,0.000,0.000,0.000,,,VIC,Regional - VIC,590012,2026/08/03 07:20:00
2026/08/02,MPL,530061,PIPE,0.000,0.000,0.009,0.000,,,VIC,Iona Hub,530016,2026/08/03 07:20:00
2026/08/02,MPL,530061,PIPE,0.000,0.000,0.000,0.000,,,VIC,Regional - VIC,590012,2026/08/03 07:20:00
2026/08/02,MRP,580100,PIPE,9.190,0.000,9.191,0.000,,,NT,Regional - NT,590017,2026/08/03 09:18:48
2026/08/02,MSP,520053,PIPE,125.652,0.000,0.000,0.000,,,NSW,Sydney,520008,2026/08/03 12:46:37
2026/08/02,MSP,520053,PIPE,0.000,0.000,178.513,3.100,,,SA,Moomba Hub,550017,2026/08/03 12:46:37
2026/08/02,MSP,520053,PIPE,35.420,0.000,0.000,5.615,,,NSW,Regional - NSW,590011,2026/08/03 12:46:37
2026/08/02,MSP,520053,PIPE,12.193,0.000,0.000,0.000,,,NSW,Regional - ACT,590015,2026/08/03 12:46:37
2026/08/02,MSP,520053,PIPE,0.000,0.000,50.635,0.002,,,NSW,Culcairn,590016,2026/08/03 12:46:37
2026/08/02,Newport,533171,BBGPG,0.003,0.000,0.000,0.000,,,VIC,Melbourne,590008,2026/08/03 11:00:01
2026/08/02,NGP,580050,PIPE,0.000,0.000,0.213,0.000,,,QLD,Regional - QLD,590001,2026/08/03 12:01:11
2026/08/02,NGP,580050,PIPE,0.000,0.000,0.000,0.000,,,NT,Regional - NT,590017,2026/08/03 12:01:11
2026/08/02,NGS,520060,STOR,0.380,0.697,0.000,0.000,683.199,76.810,NSW,Sydney,520008,2026/08/03 09:55:41
2026/08/02,Oakey PS,544095,BBGPG,0.000,0.000,0.000,0.000,,,QLD,Regional - QLD,590001,2026/08/03 12:46:37
2026/08/02,Orana,540084,PROD,0.000,170.190,0.000,0.000,,,QLD,Regional - QLD,590001,2026/08/07 12:05:06
2026/08/02,Orbost,530041,PROD,0.000,74.105,0.000,0.000,,,VIC,Regional - VIC,590012,2026/08/03 12:01:05
2026/08/02,Orica,544011,BBLARGE,9.770,0.000,0.000,0.000,,,QLD,Regional - QLD,590001,2026/08/09 20:00:05
2026/08/02,Orica (Kooragang Island),523206,BBLARGE,39.115,0.000,0.000,0.000,,,NSW,Sydney,520008,2026/08/03 13:00:00
2026/08/02,Osborne,555033,BBGPG,0.000,0.000,0.000,0.000,,,SA,Regional - SA,590013,2026/08/03 11:40:05
2026/08/02,Otway,530044,PROD,0.000,143.644,0.000,0.000,,,VIC,Iona Hub,530016,2026/08/03 14:06:14
2026/08/02,Owen Springs Power Station,580235,BBGPG,0.826,0.000,0.000,0.000,,,NT,Regional - NT,590017,2026/08/03 06:41:36
2026/08/02,Palm Valley,580060,PROD,0.000,5.720,0.000,0.000,,,NT,Regional - NT,590017,2026/08/03 11:36:18
2026/08/02,PCA,550052,PIPE,0.002,17.109,39.549,1.003,,,VIC,Iona Hub,530016,2026/08/03 07:20:20
2026/08/02,PCA,550052,PIPE,28.413,0.000,0.000,0.000,,,SA,Adelaide,550016,2026/08/03 07:20:20
2026/08/02,PCA,550052,PIPE,0.000,0.000,0.000,6.795,,,VIC,Regional - VIC,590012,2026/08/03 07:20:20
2026/08/02,PCA,550052,PIPE,4.939,0.000,0.000,0.001,,,SA,Regional - SA,590013,2026/08/03 07:20:20
2026/08/02,PCI,530060,PIPE,0.000,155.119,1.003,156.122,,,VIC,Iona Hub,530016,2026/08/03 07:20:20
2026/08/02,Peat,540065,PROD,0.000,11.806,0.000,0.000,,,QLD,Regional - QLD,590001,2026/08/07 12:05:06
2026/08/02,Pelican Point Power Station,555089,BBGPG,15.155,0.000,0.000,0.000,,,SA,Regional - SA,590013,2026/08/03 07:20:20
2026/08/02,Phosphate Hill,544081,BBLARGE,28.527,0.000,0.000,0.000,,,QLD,Regional - QLD,590001,2026/08/03 12:46:37
2026/08/02,Pipeline Compression Station,544279,COMPRESSOR,0.000,0.000,0.000,0.000,,,QLD,Regional - QLD,590001,2026/08/03 10:58:05
2026/08/02,PVP,580070,PIPE,1.309,0.000,1.331,0.000,,,NT,Regional - NT,590017,2026/08/03 06:41:36
2026/08/02,QCLNG LNG Plant,544272,LNGEXPORT,1525.309,0.000,0.000,0.000,,,QLD,Curtis Island,540030,2026/08/03 10:35:38
2026/08/02,QGP,540058,PIPE,0.000,0.000,22.837,0.000,,,QLD,Wallumbilla Hub,540032,2026/08/09 20:00:05
2026/08/02,QGP,540058,PIPE,116.689,23.555,65.982,0.000,,,QLD,Regional - QLD,590001,2026/08/09 20:00:05
2026/08/02,Quarantine Power Station,555087,BBGPG,4.575,0.000,0.000,0.000,,,SA,Regional - SA,590013,2026/08/03 11:40:05
2026/08/02,Queensland Aluminia,544012,BBLARGE,29.174,0.000,0.000,0.000,,,QLD,Regional - QLD,590001,2026/08/09 20:00:05
2026/08/02,RBP,540057,PIPE,0.000,0.000,0.000,66.300,,,QLD,Wallumbilla Hub,540032,2026/08/03 12:46:37
2026/08/02,RBP,540057,PIPE,2.498,82.585,43.691,6.010,,,QLD,Regional - QLD,590001,2026/08/03 12:46:37
2026/08/02,RBP,540057,PIPE,45.147,0.000,0.000,0.000,,,QLD,Brisbane,590002,2026/08/03 12:46:37
2026/08/02,RCWP,540102,PIPE,0.000,0.000,0.000,96.536,,,QLD,Wallumbilla Hub,540032,2026/08/03 12:46:37
2026/08/02,RCWP,540102,PIPE,0.000,0.000,96.338,0.000,,,QLD,Regional - QLD,590001,2026/08/03 12:46:37
2026/08/02,Reedy Creek,540085,PROD,0.000,200.581,0.000,0.000,,,QLD,Regional - QLD,590001,2026/08/07 12:05:06
2026/08/02,RMNGPF,640011,PROD,0.000,16.750,0.000,0.000,,,QLD,Regional - QLD,590001,2026/08/03 12:07:19
2026/08/02,RNMGP,640012,PIPE,0.000,16.750,0.000,16.750,,,QLD,Regional - QLD,590001,2026/08/03 12:07:19
2026/08/02,RNP,640009,PIPE,0.000,22.224,0.000,22.224,,,QLD,Regional - QLD,590001,2026/08/03 12:01:07
2026/08/02,Rolleston,540073,PROD,0.000,8.261,0.000,0.000,,,QLD,Regional - QLD,590001,2026/08/09 20:00:05
2026/08/02,Roma,540095,PROD,0.000,232.126,0.000,0.000,,,QLD,Regional - QLD,590001,2026/08/03 10:58:42
2026/08/02,Roma North,544260,PROD,0.000,22.224,0.000,0.000,,,QLD,Regional - QLD,590001,2026/08/03 12:01:12
2026/08/02,Roma Power Station,540120,BBGPG,0.000,0.000,0.000,0.000,,,QLD,Regional - QLD,590001,2026/08/03 11:16:57
2026/08/02,Ron Goodin Power Station,580234,BBGPG,0.000,0.000,0.000,0.000,,,NT,Regional - NT,590017,2026/08/03 06:41:36
2026/08/02,RPL,540110,PIPE,0.053,0.000,0.000,0.000,,,QLD,Regional - QLD,590001,2026/08/03 11:16:57
2026/08/02,Ruby Jo,540082,PROD,0.000,427.022,0.000,0.000,,,QLD,Regional - QLD,590001,2026/08/03 10:35:38
2026/08/02,RUGS,540040,STOR,0.000,1.489,0.000,0.000,15171.842,0.000,QLD,Regional - QLD,590001,2026/08/03 10:58:42
2026/08/02,Scotia,540072,PROD,0.000,103.281,0.000,0.000,,,QLD,Regional - QLD,590001,2026/08/03 10:58:42
2026/08/02,SEPS,550061,PIPE,6.342,0.000,6.756,0.000,,,SA,Regional - SA,590013,2026/08/03 11:41:05
2026/08/02,SESA,550060,PIPE,0.000,0.000,6.796,0.000,,,VIC,Regional - VIC,590012,2026/08/03 12:46:37
2026/08/02,SESA,550060,PIPE,0.000,0.000,0.000,6.744,,,SA,Regional - SA,590013,2026/08/03 12:46:37
2026/08/02,Shoalhaven Starches Cogeneration Plant,523203,BBLARGE,22.402,0.000,0.000,0.000,,,NSW,Regional - NSW,590011,2026/08/03 13:56:37
2026/08/02,Smithfield Energy Facility,522004,BBGPG,0.000,0.000,0.000,0.000,,,NSW,Regional - NSW,590011,2026/08/03 12:04:15
2026/08/02,Snapper Point,555090,BBGPG,0.000,0.000,0.000,0.000,,,SA,Regional - SA,590013,2026/08/03 11:40:05
2026/08/02,Somerton,533174,BBGPG,0.002,0.000,0.000,0.000,,,VIC,Melbourne,590008,2026/08/03 11:00:01
2026/08/02,Spring Gully,540066,PROD,0.000,0.000,0.000,0.000,,,QLD,Regional - QLD,590001,2026/08/07 12:05:06
2026/08/02,SSP,540103,PIPE,0.000,7.720,0.000,7.720,,,QLD,Regional - QLD,590001,2026/08/03 09:47:10
2026/08/02,SSSF,540062,STOR,0.000,6.300,0.000,0.000,8661.932,0.000,QLD,Regional - QLD,590001,2026/08/03 09:47:10
2026/08/02,Strathblane,540067,PROD,0.000,62.883,0.000,0.000,,,QLD,Regional - QLD,590001,2026/08/07 12:05:06
2026/08/02,Swanbank Power Station,544104,BBGPG,0.000,0.000,0.000,0.000,,,QLD,Brisbane,590002,2026/08/03 12:46:37
2026/08/02,SWQP,540060,PIPE,0.000,0.000,496.228,245.142,,,QLD,Wallumbilla Hub,540032,2026/08/03 12:46:37
2026/08/02,SWQP,540060,PIPE,0.000,0.000,0.000,69.536,,,QLD,Ballera,540078,2026/08/03 12:46:37
2026/08/02,SWQP,540060,PIPE,0.000,194.958,0.000,249.644,,,SA,Moomba Hub,550017,2026/08/03 12:46:37
2026/08/02,SWQP,540060,PIPE,0.115,0.000,0.000,0.000,,,QLD,Regional - QLD,590001,2026/08/03 12:46:37
2026/08/02,Talinga,540076,PROD,0.000,87.375,0.000,0.000,,,QLD,Regional - QLD,590001,2026/08/07 12:05:06
2026/08/02,Tallawarra,522002,BBGPG,0.000,0.000,0.000,0.000,,,NSW,Regional - NSW,590011,2026/08/03 11:00:07
2026/08/02,Tallawarra Pipeline,523201,PIPE,0.000,0.000,0.000,0.000,,,NSW,Regional - NSW,590011,2026/08/03 11:00:07
2026/08/02,Taloona,540068,PROD,0.000,51.017,0.000,0.000,,,QLD,Regional - QLD,590001,2026/08/07 12:05:06
2026/08/02,Tanami GP,580210,PIPE,7.807,0.000,7.900,0.000,,,NT,Regional - NT,590017,2026/08/03 12:02:00
2026/08/02,TGP,570050,PIPE,0.000,0.000,95.097,29.191,,,VIC,Longford Hub,530015,2026/08/04 12:01:00
2026/08/02,TGP,570050,PIPE,43.183,0.000,0.000,0.000,,,TAS,Regional - TAS,590014,2026/08/04 12:01:00
2026/08/02,Tipton,540051,PROD,0.000,39.990,0.000,0.000,,,QLD,Regional - QLD,590001,2026/08/03 10:15:58
2026/08/02,Torrens Island PS,555041,BBGPG,6.829,0.000,0.000,0.000,,,SA,Regional - SA,590013,2026/08/03 11:40:05
2026/08/02,Uranquinty Power Station,522047,BBGPG,0.000,0.000,0.000,0.000,,,NSW,Regional - NSW,590011,2026/08/03 12:46:37
2026/08/02,Valley Power GPG,535024,BBGPG,0.000,0.000,0.000,0.000,,,VIC,Gippsland,590009,2026/08/03 11:00:47
2026/08/02,VicHub,532005,PIPE,0.000,0.000,0.909,0.909,,,VIC,Longford Hub,530015,2026/08/03 12:01:14
2026/08/02,Viva Energy Refinery,535018,BBLARGE,6.619,0.000,0.000,0.000,,,VIC,Geelong,590005,2026/08/03 07:30:12
2026/08/02,VTS,530110,PIPE,0.000,435.627,30.107,0.004,,,VIC,Longford Hub,530015,2026/08/03 11:00:01
2026/08/02,VTS,530110,PIPE,0.000,15.922,116.567,0.000,,,VIC,Iona Hub,530016,2026/08/03 11:00:01
2026/08/02,VTS,530110,PIPE,10.779,0.000,0.000,0.000,,,VIC,Western,590004,2026/08/03 11:00:01
2026/08/02,VTS,530110,PIPE,57.156,0.000,0.000,0.000,,,VIC,Geelong,590005,2026/08/03 11:00:01
2026/08/02,VTS,530110,PIPE,40.319,0.000,0.000,0.000,,,VIC,Ballarat,590006,2026/08/03 11:00:01
2026/08/02,VTS,530110,PIPE,61.690,0.000,0.000,0.000,,,VIC,Northern,590007,2026/08/03 11:00:01
2026/08/02,VTS,530110,PIPE,345.411,0.245,0.000,0.000,,,VIC,Melbourne,590008,2026/08/03 11:00:01
2026/08/02,VTS,530110,PIPE,41.075,0.000,18.701,0.000,,,VIC,Gippsland,590009,2026/08/03 11:00:01
2026/08/02,VTS,530110,PIPE,0.000,0.000,0.002,50.637,,,NSW,Culcairn,590016,2026/08/03 11:00:01
2026/08/02,Wallumbilla Compression Station,544280,COMPRESSOR,0.000,0.000,0.000,0.000,,,QLD,Wallumbilla Hub,540032,2026/08/03 10:58:05
2026/08/02,WCFA,540045,COMPRESSOR,0.000,0.000,352.675,352.675,,,QLD,Wallumbilla Hub,540032,2026/08/03 12:46:37
2026/08/02,WCFB,540046,COMPRESSOR,0.000,0.000,137.254,137.254,,,QLD,Wallumbilla Hub,540032,2026/08/03 12:46:37
2026/08/02,Weddell Power Station,580232,BBGPG,8.489,0.000,0.000,0.000,,,NT,Darwin,580001,2026/08/03 12:46:37
2026/08/02,WGP,540091,PIPE,1525.309,0.000,0.000,0.000,,,QLD,Curtis Island,540030,2026/08/03 10:35:38
2026/08/02,WGP,540091,PIPE,0.000,1471.221,60.761,0.000,,,QLD,Regional - QLD,590001,2026/08/03 10:35:38
2026/08/02,Whyalla Steelworks,555085,BBLARGE,4.729,0.000,0.000,0.000,,,SA,Regional - SA,590013,2026/08/03 11:40:05
2026/08/02,Windibri,540069,PROD,0.000,114.339,0.000,0.000,,,QLD,Regional - QLD,590001,2026/08/03 10:35:38
2026/08/02,Woleebee Creek,540087,PROD,0.000,644.608,0.000,0.000,,,QLD,Regional - QLD,590001,2026/08/03 10:35:38
2026/08/02,WPP,580030,PIPE,8.489,25.427,0.000,17.006,,,NT,Darwin,580001,2026/08/03 12:46:37
2026/08/02,Yarwun,544282,BBGPG,61.560,0.000,0.000,0.000,,,QLD,Regional - QLD,590001,2026/08/09 20:00:05
2026/08/02,Yelcherr,580180,PROD,0.000,0.000,0.000,0.000,,,NT,Regional - NT,590017,2026/08/03 12:46:37
2026/08/02,Yellowbank,540074,PROD,0.000,12.044,0.000,0.000,,,QLD,Regional - QLD,590001,2026/08/09 20:00:05
2026/08/03,Adelaide Brighton,555091,BBLARGE,11.653,0.000,0.000,0.000,,,SA,Adelaide,550016,2026/08/04 13:00:01
2026/08/03,AGP,580010,PIPE,20.510,0.000,15.195,0.000,,,NT,Darwin,580001,2026/08/04 12:46:37
2026/08/03,AGP,580010,PIPE,6.709,32.205,0.266,17.586,,,NT,Regional - NT,590017,2026/08/04 12:46:37
2026/08/03,APLNG Pipeline,540093,PIPE,1302.274,0.000,0.000,0.000,,,QLD,Curtis Island,540030,2026/08/08 11:51:29
2026/08/03,APLNG Pipeline,540093,PIPE,0.000,1238.678,269.951,227.953,,,QLD,Regional - QLD,590001,2026/08/08 11:51:29
2026/08/03,Arcadia,540101,PROD,0.000,92.942,0.000,0.000,,,QLD,Regional - QLD,590001,2026/08/04 10:58:17
2026/08/03,ATGP,640013,PIPE,0.000,42.565,0.000,42.565,,,QLD,Regional - QLD,590001,2026/08/04 12:01:11
2026/08/03,ATHENA,535014,PROD,0.000,16.737,0.000,0.000,,,VIC,Iona Hub,530016,2026/08/08 10:12:08
2026/08/03,Atlas,544261,PROD,0.000,42.565,0.000,0.000,,,QLD,Regional - QLD,590001,2026/08/04 12:01:18
2026/08/03,Atlas East Central Processing Facility,640008,PROD,0.000,32.230,0.000,0.000,,,QLD,Regional - QLD,590001,2026/08/04 11:37:09
2026/08/03,Atlas to Reedy Creek Pipeline,640007,PIPE,0.000,32.229,0.000,32.000,,,QLD,Regional - QLD,590001,2026/08/04 12:46:37
2026/08/03,Australia Pacific LNG,544273,LNGEXPORT,1302.274,0.000,0.000,0.000,,,QLD,Curtis Island,540030,2026/08/04 12:15:25
2026/08/03,Australian Paper (Opal),535021,BBLARGE,12.877,0.000,0.000,0.000,,,VIC,Gippsland,590009,2026/08/04 11:00:06
2026/08/03,B1PL,540077,PIPE,0.032,40.966,0.000,40.125,,,QLD,Regional - QLD,590001,2026/08/04 11:01:06
2026/08/03,B2PL,540071,PIPE,4.491,54.967,4.906,56.655,,,QLD,Regional - QLD,590001,2026/08/04 12:30:15
2026/08/03,Bairnsdale Power Station,535020,BBGPG,0.000,0.000,0.000,0.000,,,VIC,Regional - VIC,590012,2026/08/04 11:01:08
2026/08/03,BCF,540047,COMPRESSOR,0.000,0.000,79.800,79.800,,,QLD,Regional - QLD,590001,2026/08/08 21:10:44
2026/08/03,Bell Bay CCGT,577016,BBGPG,27.001,0.000,0.000,0.000,,,TAS,Regional - TAS,590014,2026/08/05 12:01:00
2026/08/03,Bell Bay GGT,577014,BBGPG,0.000,0.000,0.000,0.000,,,TAS,Regional - TAS,590014,2026/08/05 12:01:00
2026/08/03,Bell Bay OCGT,577015,BBGPG,0.001,0.000,0.000,0.000,,,TAS,Regional - TAS,590014,2026/08/05 12:01:00
2026/08/03,Bellevue,540083,PROD,0.000,192.081,0.000,0.000,,,QLD,Regional - QLD,590001,2026/08/04 10:35:33
2026/08/03,BGP,580020,PIPE,0.287,0.000,0.000,0.000,,,NT,Regional - NT,590017,2026/08/04 12:46:37
2026/08/03,BlueScope,523204,BBLARGE,9.791,0.000,0.000,0.000,,,NSW,Sydney,520008,2026/08/04 12:01:05
2026/08/03,Bolivar,555008,BBGPG,0.000,0.000,0.000,0.000,,,SA,Regional - SA,590013,2026/08/04 12:06:47
2026/08/03,Bomaderry Gas Pipeline,523202,PIPE,22.402,0.000,22.165,0.000,,,NSW,Regional - NSW,590011,2026/08/04 13:47:04
2026/08/03,BPP,530030,PIPE,2.910,21.050,0.000,18.137,,,VIC,Gippsland,590009,2026/08/04 11:00:06
2026/08/03,Braemar 2 Power Station,544085,BBGPG,4.491,0.000,0.000,0.000,,,QLD,Regional - QLD,590001,2026/08/04 12:30:15
2026/08/03,Braemar Power Station,544252,BBGPG,0.032,0.000,0.000,0.000,,,QLD,Regional - QLD,590001,2026/08/04 11:01:06
2026/08/03,BWP,540096,PIPE,0.000,0.000,0.000,124.803,,,QLD,Wallumbilla Hub,540032,2026/08/04 12:46:37
2026/08/03,BWP,540096,PIPE,0.000,125.257,0.000,0.000,,,QLD,Regional - QLD,590001,2026/08/04 12:46:37
2026/08/03,CGP,540059,PIPE,0.000,0.000,79.787,0.000,,,QLD,Ballera,540078,2026/08/04 12:46:37
2026/08/03,CGP,540059,PIPE,67.803,0.000,0.000,0.000,,,QLD,Regional - QLD,590001,2026/08/04 12:46:37
2026/08/03,Channel Island Power Station,580231,BBGPG,20.510,0.000,0.000,0.000,,,NT,Darwin,580001,2026/08/04 12:46:37
2026/08/03,Colongra,523120,BBGPG,0.007,0.000,0.000,0.000,,,NSW,Regional - NSW,590011,2026/08/04 12:00:05
2026/08/03,ColongraGP,520090,PIPE,0.000,0.000,0.000,0.000,,,NSW,Sydney,520008,2026/08/04 12:00:05
2026/08/03,ColongraGP,520090,PIPE,0.007,0.000,0.000,0.000,,,NSW,Regional - NSW,590011,2026/08/04 12:00:05
2026/08/03,Combabula,540094,PROD,0.000,293.454,0.000,0.000,,,QLD,Regional - QLD,590001,2026/08/08 11:51:29
2026/08/03,Condabri Central,540080,PROD,0.000,129.798,0.000,0.000,,,QLD,Regional - QLD,590001,2026/08/08 11:51:29
2026/08/03,Condabri North,540090,PROD,0.000,73.364,0.000,0.000,,,QLD,Regional - QLD,590001,2026/08/08 11:51:29
2026/08/03,Condabri South,540086,PROD,0.000,157.057,0.000,0.000,,,QLD,Regional - QLD,590001,2026/08/08 11:51:29
2026/08/03,Condamine Power Station,544274,BBGPG,0.000,0.000,0.000,0.000,,,QLD,Regional - QLD,590001,2026/08/04 10:35:30
2026/08/03,CRWP,540098,PIPE,0.000,0.000,192.970,0.000,,,QLD,Wallumbilla Hub,540032,2026/08/04 10:58:05
2026/08/03,CRWP,540098,PIPE,0.000,236.257,39.500,475.380,,,QLD,Regional - QLD,590001,2026/08/04 10:58:05
2026/08/03,CWP,520054,PIPE,4.844,0.000,4.634,0.000,,,NSW,Regional - NSW,590011,2026/08/04 12:46:37
2026/08/03,Daandine,540050,PROD,0.000,54.967,0.000,0.000,,,QLD,Regional - QLD,590001,2026/08/04 12:30:15
2026/08/03,Dandenong LNG,530038,STOR,0.000,0.292,0.000,0.000,613.701,27.889,VIC,Melbourne,590008,2026/08/04 12:46:37
2026/08/03,DDP,540097,PIPE,0.000,0.000,0.000,199.479,,,QLD,Wallumbilla Hub,540032,2026/08/05 13:01:18
2026/08/03,DDP,540097,PIPE,13.153,345.536,128.327,269.952,,,QLD,Regional - QLD,590001,2026/08/05 13:01:18
2026/08/03,DDPS,544027,BBGPG,13.153,0.000,0.000,0.000,,,QLD,Regional - QLD,590001,2026/08/05 13:01:18
2026/08/03,Diamantina Power Station,544077,BBGPG,28.802,0.000,0.000,0.000,,,QLD,Regional - QLD,590001,2026/08/04 12:46:37
2026/08/03,Dry Creek Power Station,555026,BBGPG,0.000,0.000,0.000,0.000,,,SA,Regional - SA,590013,2026/08/04 11:31:05
2026/08/03,EGP,520047,PIPE,134.504,0.000,0.000,0.000,,,NSW,Sydney,520008,2026/08/04 12:01:05
2026/08/03,EGP,520047,PIPE,14.389,0.000,0.000,0.000,,,NSW,Canberra,520009,2026/08/04 12:01:05
2026/08/03,EGP,520047,PIPE,0.000,205.798,0.000,103.274,,,VIC,Longford Hub,530015,2026/08/04 12:01:05
2026/08/03,EGP,520047,PIPE,5.158,0.000,0.000,22.165,,,NSW,Regional - NSW,590011,2026/08/04 12:01:05
2026/08/03,EGP,520047,PIPE,1.053,73.906,0.000,0.000,,,VIC,Regional - VIC,590012,2026/08/04 12:01:05
2026/08/03,EO4PL,540055,PIPE,0.000,0.000,0.000,0.000,,,QLD,Regional - QLD,590001,2026/08/04 10:35:33
2026/08/03,Eurombah Creek,540089,PROD,0.000,158.018,0.000,0.000,,,QLD,Regional - QLD,590001,2026/08/08 11:51:29
2026/08/03,Fairview,540070,PROD,0.000,281.942,0.000,0.000,,,QLD,Regional - QLD,590001,2026/08/04 10:58:17
2026/08/03,GLNG (Curtis Island),544276,LNGEXPORT,907.704,0.000,0.000,0.000,,,QLD,Curtis Island,540030,2026/08/04 10:58:05
2026/08/03,GLNG Pipeline,540092,PIPE,907.704,0.000,0.000,0.000,,,QLD,Curtis Island,540030,2026/08/04 10:58:05
2026/08/03,GLNG Pipeline,540092,PIPE,0.000,415.432,481.440,0.152,,,QLD,Regional - QLD,590001,2026/08/04 10:35:33
2026/08/03,Hallett,555029,BBGPG,0.000,0.000,0.000,0.000,,,SA,Regional - SA,590013,2026/08/04 11:31:05
2026/08/03,Hunter Power Station,523210,BBGPG,0.004,0.000,0.000,0.000,,,NSW,Sydney,520008,2026/08/04 12:46:37
2026/08/03,ICF,530071,COMPRESSOR,0.000,0.000,11.000,11.000,,,VIC,Iona Hub,530016,2026/08/04 08:35:03
2026/08/03,Iona UGS,530042,STOR,25.763,94.428,0.000,0.000,14990.862,0.000,VIC,Iona Hub,530016,2026/08/04 08:30:02
2026/08/03,Jeerelang,533161,BBGPG,0.000,0.000,0.000,0.000,,,VIC,Gippsland,590009,2026/08/04 11:00:06
2026/08/03,Jordan,540088,PROD,0.000,251.747,0.000,0.000,,,QLD,Regional - QLD,590001,2026/08/04 10:35:33
2026/08/03,Katherine Power Station,580233,BBGPG,0.000,0.000,0.000,0.000,,,NT,Regional - NT,590017,2026/08/04 12:46:37
2026/08/03,Kenya,540075,PROD,0.000,130.661,0.000,0.000,,,QLD,Regional - QLD,590001,2026/08/04 10:35:33
2026/08/03,Kincora,544253,PROD,0.000,0.000,0.000,0.000,,,QLD,Regional - QLD,590001,2026/08/04 12:46:37
2026/08/03,KKLP,523209,PIPE,0.004,0.000,0.000,0.000,,,NSW,Sydney,520008,2026/08/04 12:46:37
2026/08/03,Kogan North,540061,PROD,0.000,4.168,0.000,0.000,,,QLD,Regional - QLD,590001,2026/08/04 12:46:37
2026/08/03,Ladbroke Grove PS,555086,BBGPG,3.113,0.000,0.000,0.000,,,SA,Regional - SA,590013,2026/08/04 12:46:37
2026/08/03,Lang Lang,530039,PROD,0.000,21.050,0.000,0.000,,,VIC,Gippsland,590009,2026/08/04 10:03:45
2026/08/03,Laverton,533201,BBGPG,0.000,0.000,0.000,0.000,,,VIC,Geelong,590005,2026/08/04 11:00:06
2026/08/03,Longford,530040,PROD,0.000,653.166,0.000,0.000,,,VIC,Longford Hub,530015,2026/08/04 07:51:59
2026/08/03,Loy Yang B,533163,BBGPG,0.000,0.000,0.000,0.000,,,VIC,Gippsland,590009,2026/08/04 11:01:11
2026/08/03,LYB Transmission Pipeline,535023,PIPE,0.000,0.000,0.000,0.000,,,VIC,Gippsland,590009,2026/08/04 11:01:11
2026/08/03,MAPS,550054,PIPE,40.849,0.000,0.000,0.000,,,SA,Adelaide,550016,2026/08/04 11:31:05
2026/08/03,MAPS,550054,PIPE,0.000,38.395,139.970,0.000,,,SA,Moomba Hub,550017,2026/08/04 11:31:05
2026/08/03,MAPS,550054,PIPE,113.348,0.000,0.000,0.000,,,SA,Regional - SA,590013,2026/08/04 11:31:05
2026/08/03,McArthur River Mine,580220,BBGPG,8.358,0.000,0.000,0.000,,,NT,Regional - NT,590017,2026/08/04 08:36:18
2026/08/03,MCF,550050,COMPRESSOR,0.000,0.000,0.000,0.000,,,SA,Moomba Hub,550017,2026/08/04 12:46:37
2026/08/03,Mereenie,580040,PROD,0.000,26.480,0.000,0.000,,,NT,Regional - NT,590017,2026/08/04 11:52:01
2026/08/03,Meridian,540064,PROD,0.000,43.798,0.000,0.000,,,QLD,Regional - QLD,590001,2026/08/04 09:39:06
2026/08/03,Mintaro Power Station,555031,BBGPG,0.000,0.000,0.000,0.000,,,SA,Regional - SA,590013,2026/08/04 11:31:05
2026/08/03,Moomba,550045,PROD,0.000,218.400,0.000,0.000,,,SA,Moomba Hub,550017,2026/08/08 21:10:44
2026/08/03,Moomba Storage,550046,STOR,0.000,0.900,0.000,0.000,6307.500,0.000,SA,Moomba Hub,550017,2026/08/08 21:10:44
2026/08/03,Mortlake PS,530063,BBGPG,0.000,0.000,0.000,0.000,,,VIC,Regional - VIC,590012,2026/08/04 07:20:00
2026/08/03,MPL,530061,PIPE,0.000,0.000,0.000,0.000,,,VIC,Iona Hub,530016,2026/08/04 07:20:00
2026/08/03,MPL,530061,PIPE,0.000,0.000,0.000,0.000,,,VIC,Regional - VIC,590012,2026/08/04 07:20:00
2026/08/03,MRP,580100,PIPE,8.358,0.000,8.359,0.000,,,NT,Regional - NT,590017,2026/08/04 08:36:18
2026/08/03,MSP,520053,PIPE,134.004,0.000,0.000,0.000,,,NSW,Sydney,520008,2026/08/04 12:46:37
2026/08/03,MSP,520053,PIPE,0.000,0.000,150.477,2.700,,,SA,Moomba Hub,550017,2026/08/04 12:46:37
2026/08/03,MSP,520053,PIPE,40.211,0.000,0.000,4.634,,,NSW,Regional - NSW,590011,2026/08/04 12:46:37
2026/08/03,MSP,520053,PIPE,19.228,0.000,0.000,0.000,,,NSW,Regional - ACT,590015,2026/08/04 12:46:37
2026/08/03,MSP,520053,PIPE,0.000,0.000,28.130,4.576,,,NSW,Culcairn,590016,2026/08/04 12:46:37
2026/08/03,Newport,533171,BBGPG,0.002,0.000,0.000,0.000,,,VIC,Melbourne,590008,2026/08/04 11:00:06
2026/08/03,NGP,580050,PIPE,0.000,0.000,0.047,0.000,,,QLD,Regional - QLD,590001,2026/08/04 12:01:16
2026/08/03,NGP,580050,PIPE,0.000,0.000,0.000,0.000,,,NT,Regional - NT,590017,2026/08/04 12:01:16
2026/08/03,NGS,520060,STOR,0.160,0.771,0.000,0.000,682.372,76.810,NSW,Sydney,520008,2026/08/04 08:30:09
2026/08/03,Oakey PS,544095,BBGPG,0.000,0.000,0.000,0.000,,,QLD,Regional - QLD,590001,2026/08/04 12:46:37
2026/08/03,Orana,540084,PROD,0.000,170.435,0.000,0.000,,,QLD,Regional - QLD,590001,2026/08/08 11:51:29
2026/08/03,Orbost,530041,PROD,0.000,73.906,0.000,0.000,,,VIC,Regional - VIC,590012,2026/08/04 12:01:05
2026/08/03,Orica,544011,BBLARGE,7.893,0.000,0.000,0.000,,,QLD,Regional - QLD,590001,2026/08/04 12:01:07
2026/08/03,Orica (Kooragang Island),523206,BBLARGE,39.091,0.000,0.000,0.000,,,NSW,Sydney,520008,2026/08/04 13:00:00
2026/08/03,Osborne,555033,BBGPG,18.611,0.000,0.000,0.000,,,SA,Regional - SA,590013,2026/08/04 11:31:05
2026/08/03,Otway,530044,PROD,0.000,156.380,0.000,0.000,,,VIC,Iona Hub,530016,2026/08/04 14:54:51
2026/08/03,Owen Springs Power Station,580235,BBGPG,0.848,0.000,0.000,0.000,,,NT,Regional - NT,590017,2026/08/04 06:41:27
2026/08/03,Palm Valley,580060,PROD,0.000,5.725,0.000,0.000,,,NT,Regional - NT,590017,2026/08/04 11:52:01
2026/08/03,PCA,550052,PIPE,0.000,16.633,50.993,1.665,,,VIC,Iona Hub,530016,2026/08/04 07:20:01
2026/08/03,PCA,550052,PIPE,28.113,0.000,0.000,0.000,,,SA,Adelaide,550016,2026/08/04 07:20:01
2026/08/03,PCA,550052,PIPE,0.000,0.000,0.000,10.977,,,VIC,Regional - VIC,590012,2026/08/04 07:20:01
2026/08/03,PCA,550052,PIPE,4.654,0.000,0.000,0.000,,,SA,Regional - SA,590013,2026/08/04 07:20:01
2026/08/03,PCI,530060,PIPE,0.000,167.486,1.665,169.151,,,VIC,Iona Hub,530016,2026/08/04 07:20:01
2026/08/03,Peat,540065,PROD,0.000,10.038,0.000,0.000,,,QLD,Regional - QLD,590001,2026/08/08 11:51:29
2026/08/03,Pelican Point Power Station,555089,BBGPG,23.014,0.000,0.000,0.000,,,SA,Regional - SA,590013,2026/08/04 07:20:01
2026/08/03,Phosphate Hill,544081,BBLARGE,28.096,0.000,0.000,0.000,,,QLD,Regional - QLD,590001,2026/08/04 12:46:37
2026/08/03,Pipeline Compression Station,544279,COMPRESSOR,0.000,0.000,0.000,0.000,,,QLD,Regional - QLD,590001,2026/08/04 10:58:05
2026/08/03,PVP,580070,PIPE,1.331,0.000,1.327,0.000,,,NT,Regional - NT,590017,2026/08/04 06:41:27
2026/08/03,QCLNG LNG Plant,544272,LNGEXPORT,1492.434,0.000,0.000,0.000,,,QLD,Curtis Island,540030,2026/08/04 10:35:33
2026/08/03,QGP,540058,PIPE,0.000,0.000,24.854,0.000,,,QLD,Wallumbilla Hub,540032,2026/08/04 12:01:07
2026/08/03,QGP,540058,PIPE,122.566,23.201,71.883,0.000,,,QLD,Regional - QLD,590001,2026/08/04 12:01:07
2026/08/03,Quarantine Power Station,555087,BBGPG,3.952,0.000,0.000,0.000,,,SA,Regional - SA,590013,2026/08/04 11:31:05
2026/08/03,Queensland Aluminia,544012,BBLARGE,29.800,0.000,0.000,0.000,,,QLD,Regional - QLD,590001,2026/08/04 12:01:07
2026/08/03,RBP,540057,PIPE,0.000,0.000,0.000,60.300,,,QLD,Wallumbilla Hub,540032,2026/08/04 12:46:37
2026/08/03,RBP,540057,PIPE,4.125,82.731,46.425,4.906,,,QLD,Regional - QLD,590001,2026/08/04 12:46:37
2026/08/03,RBP,540057,PIPE,57.788,0.000,0.000,0.000,,,QLD,Brisbane,590002,2026/08/04 12:46:37
2026/08/03,RCWP,540102,PIPE,0.000,0.000,0.000,96.453,,,QLD,Wallumbilla Hub,540032,2026/08/04 12:46:37
2026/08/03,RCWP,540102,PIPE,0.000,0.000,96.333,0.000,,,QLD,Regional - QLD,590001,2026/08/04 12:46:37
2026/08/03,Reedy Creek,540085,PROD,0.000,200.569,0.000,0.000,,,QLD,Regional - QLD,590001,2026/08/08 11:51:29
2026/08/03,RMNGPF,640011,PROD,0.000,16.600,0.000,0.000,,,QLD,Regional - QLD,590001,2026/08/04 11:37:57
2026/08/03,RNMGP,640012,PIPE,0.000,16.600,0.000,16.600,,,QLD,Regional - QLD,590001,2026/08/04 11:37:57
2026/08/03,RNP,640009,PIPE,0.000,22.900,0.000,22.900,,,QLD,Regional - QLD,590001,2026/08/04 12:01:08
2026/08/03,Rolleston,540073,PROD,0.000,8.371,0.000,0.000,,,QLD,Regional - QLD,590001,2026/08/04 12:01:07
2026/08/03,Roma,540095,PROD,0.000,236.257,0.000,0.000,,,QLD,Regional - QLD,590001,2026/08/04 10:58:22
2026/08/03,Roma North,544260,PROD,0.000,22.900,0.000,0.000,,,QLD,Regional - QLD,590001,2026/08/04 12:01:17
2026/08/03,Roma Power Station,540120,BBGPG,0.000,0.000,0.000,0.000,,,QLD,Regional - QLD,590001,2026/08/04 12:29:57
2026/08/03,Ron Goodin Power Station,580234,BBGPG,0.000,0.000,0.000,0.000,,,NT,Regional - NT,590017,2026/08/04 06:41:27
2026/08/03,RPL,540110,PIPE,0.059,0.000,0.000,0.000,,,QLD,Regional - QLD,590001,2026/08/04 12:29:57
2026/08/03,Ruby Jo,540082,PROD,0.000,427.531,0.000,0.000,,,QLD,Regional - QLD,590001,2026/08/04 10:35:33
2026/08/03,RUGS,540040,STOR,0.000,3.413,0.000,0.000,15168.301,0.000,QLD,Regional - QLD,590001,2026/08/04 10:58:22
2026/08/03,Scotia,540072,PROD,0.000,102.909,0.000,0.000,,,QLD,Regional - QLD,590001,2026/08/04 10:58:22
2026/08/03,SEPS,550061,PIPE,7.409,0.000,7.663,0.000,,,SA,Regional - SA,590013,2026/08/04 11:32:05
2026/08/03,SESA,550060,PIPE,0.000,0.000,10.975,0.000,,,VIC,Regional - VIC,590012,2026/08/04 12:46:37
2026/08/03,SESA,550060,PIPE,3.113,0.000,0.000,7.671,,,SA,Regional - SA,590013,2026/08/04 12:46:37
2026/08/03,Shoalhaven Starches Cogeneration Plant,523203,BBLARGE,22.165,0.000,0.000,0.000,,,NSW,Regional - NSW,590011,2026/08/04 13:47:04
2026/08/03,Smithfield Energy Facility,522004,BBGPG,0.000,0.000,0.000,0.000,,,NSW,Regional - NSW,590011,2026/08/04 12:06:53
2026/08/03,Snapper Point,555090,BBGPG,0.000,0.000,0.000,0.000,,,SA,Regional - SA,590013,2026/08/04 11:31:05
2026/08/03,Somerton,533174,BBGPG,0.000,0.000,0.000,0.000,,,VIC,Melbourne,590008,2026/08/04 11:00:06
2026/08/03,Spring Gully,540066,PROD,0.000,0.000,0.000,0.000,,,QLD,Regional - QLD,590001,2026/08/08 11:51:29
2026/08/03,SSP,540103,PIPE,0.000,7.760,0.000,7.760,,,QLD,Regional - QLD,590001,2026/08/04 10:22:16
2026/08/03,SSSF,540062,STOR,0.000,6.300,0.000,0.000,8653.632,0.000,QLD,Regional - QLD,590001,2026/08/04 10:22:16
2026/08/03,Strathblane,540067,PROD,0.000,63.416,0.000,0.000,,,QLD,Regional - QLD,590001,2026/08/08 11:51:29
2026/08/03,Swanbank Power Station,544104,BBGPG,0.000,0.000,0.000,0.000,,,QLD,Brisbane,590002,2026/08/04 12:46:37
2026/08/03,SWQP,540060,PIPE,0.000,0.000,481.035,217.824,,,QLD,Wallumbilla Hub,540032,2026/08/04 12:46:37
2026/08/03,SWQP,540060,PIPE,0.000,0.000,0.000,84.783,,,QLD,Ballera,540078,2026/08/04 12:46:37
2026/08/03,SWQP,540060,PIPE,0.000,179.959,0.000,290.447,,,SA,Moomba Hub,550017,2026/08/04 12:46:37
2026/08/03,SWQP,540060,PIPE,0.116,0.000,0.000,0.000,,,QLD,Regional - QLD,590001,2026/08/04 12:46:37
2026/08/03,Talinga,540076,PROD,0.000,87.387,0.000,0.000,,,QLD,Regional - QLD,590001,2026/08/08 11:51:29
2026/08/03,Tallawarra,522002,BBGPG,0.000,0.000,0.000,0.000,,,NSW,Regional - NSW,590011,2026/08/04 11:00:10
2026/08/03,Tallawarra Pipeline,523201,PIPE,0.000,0.000,0.000,0.000,,,NSW,Regional - NSW,590011,2026/08/04 11:00:10
2026/08/03,Taloona,540068,PROD,0.000,50.782,0.000,0.000,,,QLD,Regional - QLD,590001,2026/08/08 11:51:29
2026/08/03,Tanami GP,580210,PIPE,7.806,0.000,7.900,0.000,,,NT,Regional - NT,590017,2026/08/04 12:02:00
2026/08/03,TGP,570050,PIPE,0.000,0.000,80.451,34.594,,,VIC,Longford Hub,530015,2026/08/05 12:01:00
2026/08/03,TGP,570050,PIPE,44.972,0.000,0.000,0.000,,,TAS,Regional - TAS,590014,2026/08/05 12:01:00
2026/08/03,Tipton,540051,PROD,0.000,40.966,0.000,0.000,,,QLD,Regional - QLD,590001,2026/08/04 12:30:15
2026/08/03,Torrens Island PS,555041,BBGPG,48.222,0.000,0.000,0.000,,,SA,Regional - SA,590013,2026/08/04 11:31:05
2026/08/03,Uranquinty Power Station,522047,BBGPG,0.000,0.000,0.000,0.000,,,NSW,Regional - NSW,590011,2026/08/04 12:46:37
2026/08/03,Valley Power GPG,535024,BBGPG,0.000,0.000,0.000,0.000,,,VIC,Gippsland,590009,2026/08/04 11:01:11
2026/08/03,VicHub,532005,PIPE,0.000,0.000,22.785,22.785,,,VIC,Longford Hub,530015,2026/08/04 12:01:19
2026/08/03,Viva Energy Refinery,535018,BBLARGE,9.006,0.000,0.000,0.000,,,VIC,Geelong,590005,2026/08/04 07:30:12
2026/08/03,VTS,530110,PIPE,0.000,445.505,57.395,0.000,,,VIC,Longford Hub,530015,2026/08/04 11:00:06
2026/08/03,VTS,530110,PIPE,0.000,57.771,118.160,0.000,,,VIC,Iona Hub,530016,2026/08/04 11:00:06
2026/08/03,VTS,530110,PIPE,14.389,0.000,0.000,0.000,,,VIC,Western,590004,2026/08/04 11:00:06
2026/08/03,VTS,530110,PIPE,69.223,0.000,0.000,0.000,,,VIC,Geelong,590005,2026/08/04 11:00:06
2026/08/03,VTS,530110,PIPE,47.218,0.000,0.000,0.000,,,VIC,Ballarat,590006,2026/08/04 11:00:06
2026/08/03,VTS,530110,PIPE,72.790,0.000,0.000,0.000,,,VIC,Northern,590007,2026/08/04 11:00:06
2026/08/03,VTS,530110,PIPE,421.168,0.217,0.000,0.000,,,VIC,Melbourne,590008,2026/08/04 11:00:06
2026/08/03,VTS,530110,PIPE,45.617,0.000,18.137,0.047,,,VIC,Gippsland,590009,2026/08/04 11:00:06
2026/08/03,VTS,530110,PIPE,0.000,0.000,4.576,28.129,,,NSW,Culcairn,590016,2026/08/04 11:00:06
2026/08/03,Wallumbilla Compression Station,544280,COMPRESSOR,0.000,0.000,0.000,0.000,,,QLD,Wallumbilla Hub,540032,2026/08/04 10:58:05
2026/08/03,WCFA,540045,COMPRESSOR,0.000,0.000,337.629,337.629,,,QLD,Wallumbilla Hub,540032,2026/08/04 12:46:37
2026/08/03,WCFB,540046,COMPRESSOR,0.000,0.000,137.105,137.105,,,QLD,Wallumbilla Hub,540032,2026/08/04 12:46:37
2026/08/03,Weddell Power Station,580232,BBGPG,9.426,0.000,0.000,0.000,,,NT,Darwin,580001,2026/08/04 12:46:37
2026/08/03,WGP,540091,PIPE,1492.434,0.000,0.000,0.000,,,QLD,Curtis Island,540030,2026/08/04 10:35:33
2026/08/03,WGP,540091,PIPE,0.000,1470.031,56.655,0.000,,,QLD,Regional - QLD,590001,2026/08/04 10:35:33
2026/08/03,Whyalla Steelworks,555085,BBLARGE,4.513,0.000,0.000,0.000,,,SA,Regional - SA,590013,2026/08/04 11:31:05
2026/08/03,Windibri,540069,PROD,0.000,115.924,0.000,0.000,,,QLD,Regional - QLD,590001,2026/08/04 10:35:33
2026/08/03,Woleebee Creek,540087,PROD,0.000,644.274,0.000,0.000,,,QLD,Regional - QLD,590001,2026/08/04 10:35:33
2026/08/03,WPP,580030,PIPE,9.426,24.573,0.000,15.195,,,NT,Darwin,580001,2026/08/04 12:46:37
2026/08/03,Yarwun,544282,BBGPG,67.873,0.000,0.000,0.000,,,QLD,Regional - QLD,590001,2026/08/04 12:01:07
2026/08/03,Yelcherr,580180,PROD,0.000,0.000,0.000,0.000,,,NT,Regional - NT,590017,2026/08/04 12:46:37
2026/08/03,Yellowbank,540074,PROD,0.000,11.580,0.000,0.000,,,QLD,Regional - QLD,590001,2026/08/04 12:01:07
2026/08/04,Adelaide Brighton,555091,BBLARGE,8.356,0.000,0.000,0.000,,,SA,Adelaide,550016,2026/08/05 13:00:01
2026/08/04,AGP,580010,PIPE,21.266,0.000,14.250,0.000,,,NT,Darwin,580001,2026/08/05 12:46:38
2026/08/04,AGP,580010,PIPE,6.604,32.075,0.259,17.714,,,NT,Regional - NT,590017,2026/08/05 12:46:38
2026/08/04,APLNG Pipeline,540093,PIPE,1301.974,0.000,0.000,0.000,,,QLD,Curtis Island,540030,2026/08/09 11:50:36
2026/08/04,APLNG Pipeline,540093,PIPE,0.000,1245.720,267.989,227.992,,,QLD,Regional - QLD,590001,2026/08/09 11:50:36
2026/08/04,Arcadia,540101,PROD,0.000,92.921,0.000,0.000,,,QLD,Regional - QLD,590001,2026/08/05 11:13:17
2026/08/04,ATGP,640013,PIPE,0.000,41.251,0.000,41.251,,,QLD,Regional - QLD,590001,2026/08/05 12:01:10
2026/08/04,ATHENA,535014,PROD,0.000,16.744,0.000,0.000,,,VIC,Iona Hub,530016,2026/08/09 09:29:21
2026/08/04,Atlas,544261,PROD,0.000,41.251,0.000,0.000,,,QLD,Regional - QLD,590001,2026/08/05 12:01:34
2026/08/04,Atlas East Central Processing Facility,640008,PROD,0.000,32.880,0.000,0.000,,,QLD,Regional - QLD,590001,2026/08/05 10:43:22
2026/08/04,Atlas to Reedy Creek Pipeline,640007,PIPE,0.000,32.875,0.000,33.202,,,QLD,Regional - QLD,590001,2026/08/05 12:46:38
2026/08/04,Australia Pacific LNG,544273,LNGEXPORT,1301.974,0.000,0.000,0.000,,,QLD,Curtis Island,540030,2026/08/05 12:00:25
2026/08/04,Australian Paper (Opal),535021,BBLARGE,12.721,0.000,0.000,0.000,,,VIC,Gippsland,590009,2026/08/05 11:00:02
2026/08/04,B1PL,540077,PIPE,0.033,40.159,0.000,44.136,,,QLD,Regional - QLD,590001,2026/08/05 11:00:55
2026/08/04,B2PL,540071,PIPE,12.112,10.683,0.000,23.111,,,QLD,Regional - QLD,590001,2026/08/05 12:30:14
2026/08/04,Bairnsdale Power Station,535020,BBGPG,0.000,0.000,0.000,0.000,,,VIC,Regional - VIC,590012,2026/08/05 11:00:52
2026/08/04,BCF,540047,COMPRESSOR,0.000,0.000,73.000,73.000,,,QLD,Regional - QLD,590001,2026/08/09 21:02:49
2026/08/04,Bell Bay CCGT,577016,BBGPG,35.411,0.000,0.000,0.000,,,TAS,Regional - TAS,590014,2026/08/06 12:01:00
2026/08/04,Bell Bay GGT,577014,BBGPG,0.000,0.000,0.000,0.000,,,TAS,Regional - TAS,590014,2026/08/06 12:01:00
2026/08/04,Bell Bay OCGT,577015,BBGPG,0.000,0.000,0.000,0.000,,,TAS,Regional - TAS,590014,2026/08/06 12:01:00
2026/08/04,Bellevue,540083,PROD,0.000,142.299,0.000,0.000,,,QLD,Regional - QLD,590001,2026/08/05 10:36:14
2026/08/04,BGP,580020,PIPE,0.291,0.000,0.000,0.000,,,NT,Regional - NT,590017,2026/08/05 12:46:38
2026/08/04,BlueScope,523204,BBLARGE,12.998,0.000,0.000,0.000,,,NSW,Sydney,520008,2026/08/05 12:01:05
2026/08/04,Bolivar,555008,BBGPG,0.000,0.000,0.000,0.000,,,SA,Regional - SA,590013,2026/08/05 12:06:59
2026/08/04,Bomaderry Gas Pipeline,523202,PIPE,22.118,0.000,22.118,0.000,,,NSW,Regional - NSW,590011,2026/08/05 12:26:14
2026/08/04,BPP,530030,PIPE,2.540,20.170,0.000,17.629,,,VIC,Gippsland,590009,2026/08/05 11:00:02
2026/08/04,Braemar 2 Power Station,544085,BBGPG,12.112,0.000,0.000,0.000,,,QLD,Regional - QLD,590001,2026/08/05 12:30:14
2026/08/04,Braemar Power Station,544252,BBGPG,0.033,0.000,0.000,0.000,,,QLD,Regional - QLD,590001,2026/08/05 11:00:55
2026/08/04,BWP,540096,PIPE,0.000,0.000,0.000,106.010,,,QLD,Wallumbilla Hub,540032,2026/08/05 12:46:38
2026/08/04,BWP,540096,PIPE,0.000,103.840,0.000,0.000,,,QLD,Regional - QLD,590001,2026/08/05 12:46:38
2026/08/04,CGP,540059,PIPE,0.000,0.000,73.038,0.000,,,QLD,Ballera,540078,2026/08/05 12:46:38
2026/08/04,CGP,540059,PIPE,68.172,0.000,0.000,0.000,,,QLD,Regional - QLD,590001,2026/08/05 12:46:38
2026/08/04,Channel Island Power Station,580231,BBGPG,21.266,0.000,0.000,0.000,,,NT,Darwin,580001,2026/08/05 12:46:38
2026/08/04,Colongra,523120,BBGPG,0.000,0.000,0.000,0.000,,,NSW,Regional - NSW,590011,2026/08/05 12:00:05
2026/08/04,ColongraGP,520090,PIPE,0.000,0.000,0.000,0.000,,,NSW,Sydney,520008,2026/08/05 12:00:05
2026/08/04,ColongraGP,520090,PIPE,0.000,0.000,0.000,0.000,,,NSW,Regional - NSW,590011,2026/08/05 12:00:05
2026/08/04,Combabula,540094,PROD,0.000,293.436,0.000,0.000,,,QLD,Regional - QLD,590001,2026/08/09 11:50:36
2026/08/04,Condabri Central,540080,PROD,0.000,133.954,0.000,0.000,,,QLD,Regional - QLD,590001,2026/08/09 11:50:36
2026/08/04,Condabri North,540090,PROD,0.000,77.655,0.000,0.000,,,QLD,Regional - QLD,590001,2026/08/09 11:50:36
2026/08/04,Condabri South,540086,PROD,0.000,157.343,0.000,0.000,,,QLD,Regional - QLD,590001,2026/08/09 11:50:36
2026/08/04,Condamine Power Station,544274,BBGPG,0.002,0.000,0.000,0.000,,,QLD,Regional - QLD,590001,2026/08/05 10:36:21
2026/08/04,CRWP,540098,PIPE,0.000,0.000,194.394,0.000,,,QLD,Wallumbilla Hub,540032,2026/08/05 11:13:05
2026/08/04,CRWP,540098,PIPE,0.000,234.969,39.190,469.291,,,QLD,Regional - QLD,590001,2026/08/05 11:13:05
2026/08/04,CWP,520054,PIPE,5.160,0.000,4.445,0.000,,,NSW,Regional - NSW,590011,2026/08/05 12:46:38
2026/08/04,Daandine,540050,PROD,0.000,33.776,0.000,0.000,,,QLD,Regional - QLD,590001,2026/08/05 12:30:14
2026/08/04,Dandenong LNG,530038,STOR,0.000,0.291,0.000,0.000,613.622,27.889,VIC,Melbourne,590008,2026/08/05 12:46:38
2026/08/04,DDP,540097,PIPE,0.000,0.000,0.000,210.487,,,QLD,Wallumbilla Hub,540032,2026/08/05 13:01:19
2026/08/04,DDP,540097,PIPE,0.004,345.155,130.760,267.989,,,QLD,Regional - QLD,590001,2026/08/05 13:01:19
2026/08/04,DDPS,544027,BBGPG,0.004,0.000,0.000,0.000,,,QLD,Regional - QLD,590001,2026/08/05 13:01:19
2026/08/04,Diamantina Power Station,544077,BBGPG,30.774,0.000,0.000,0.000,,,QLD,Regional - QLD,590001,2026/08/05 12:46:38
2026/08/04,Dry Creek Power Station,555026,BBGPG,0.000,0.000,0.000,0.000,,,SA,Regional - SA,590013,2026/08/05 11:31:05
2026/08/04,EGP,520047,PIPE,130.746,0.000,0.000,0.000,,,NSW,Sydney,520008,2026/08/05 12:01:05
2026/08/04,EGP,520047,PIPE,16.529,0.000,0.000,0.000,,,NSW,Canberra,520009,2026/08/05 12:01:05
2026/08/04,EGP,520047,PIPE,0.000,224.457,0.000,141.573,,,VIC,Longford Hub,530015,2026/08/05 12:01:05
2026/08/04,EGP,520047,PIPE,5.547,0.000,0.000,22.118,,,NSW,Regional - NSW,590011,2026/08/05 12:01:05
2026/08/04,EGP,520047,PIPE,1.181,73.133,0.000,0.000,,,VIC,Regional - VIC,590012,2026/08/05 12:01:05
2026/08/04,EO4PL,540055,PIPE,0.000,0.000,0.000,0.000,,,QLD,Regional - QLD,590001,2026/08/05 10:36:14
2026/08/04,Eurombah Creek,540089,PROD,0.000,156.532,0.000,0.000,,,QLD,Regional - QLD,590001,2026/08/09 11:50:36
2026/08/04,Fairview,540070,PROD,0.000,284.983,0.000,0.000,,,QLD,Regional - QLD,590001,2026/08/05 11:13:17
2026/08/04,GLNG (Curtis Island),544276,LNGEXPORT,894.476,0.000,0.000,0.000,,,QLD,Curtis Island,540030,2026/08/05 11:13:05
2026/08/04,GLNG Pipeline,540092,PIPE,894.476,0.000,0.000,0.000,,,QLD,Curtis Island,540030,2026/08/05 11:13:05
2026/08/04,GLNG Pipeline,540092,PIPE,0.000,421.017,475.536,0.504,,,QLD,Regional - QLD,590001,2026/08/05 10:36:14
2026/08/04,Hallett,555029,BBGPG,0.000,0.000,0.000,0.000,,,SA,Regional - SA,590013,2026/08/05 11:31:05
2026/08/04,Hunter Power Station,523210,BBGPG,0.009,0.000,0.000,0.000,,,NSW,Sydney,520008,2026/08/05 12:46:38
2026/08/04,ICF,530071,COMPRESSOR,0.000,0.000,11.500,11.500,,,VIC,Iona Hub,530016,2026/08/05 08:35:03
2026/08/04,Iona UGS,530042,STOR,24.760,189.086,0.000,0.000,14826.536,0.000,VIC,Iona Hub,530016,2026/08/05 08:30:02
2026/08/04,Jeerelang,533161,BBGPG,0.000,0.000,0.000,0.000,,,VIC,Gippsland,590009,2026/08/05 11:00:02
2026/08/04,Jordan,540088,PROD,0.000,304.401,0.000,0.000,,,QLD,Regional - QLD,590001,2026/08/05 10:36:14
2026/08/04,Katherine Power Station,580233,BBGPG,0.006,0.000,0.000,0.000,,,NT,Regional - NT,590017,2026/08/05 12:46:38
2026/08/04,Kenya,540075,PROD,0.000,134.733,0.000,0.000,,,QLD,Regional - QLD,590001,2026/08/05 10:36:14
2026/08/04,Kincora,544253,PROD,0.000,0.000,0.000,0.000,,,QLD,Regional - QLD,590001,2026/08/05 12:46:38
2026/08/04,KKLP,523209,PIPE,0.009,0.000,0.000,0.000,,,NSW,Sydney,520008,2026/08/05 12:46:38
2026/08/04,Kogan North,540061,PROD,0.000,4.160,0.000,0.000,,,QLD,Regional - QLD,590001,2026/08/05 12:46:38
2026/08/04,Ladbroke Grove PS,555086,BBGPG,8.304,0.000,0.000,0.000,,,SA,Regional - SA,590013,2026/08/05 12:46:38
2026/08/04,Lang Lang,530039,PROD,0.000,20.170,0.000,0.000,,,VIC,Gippsland,590009,2026/08/05 08:34:37
2026/08/04,Laverton,533201,BBGPG,0.024,0.000,0.000,0.000,,,VIC,Geelong,590005,2026/08/05 11:00:02
2026/08/04,Longford,530040,PROD,0.000,652.652,0.000,0.000,,,VIC,Longford Hub,530015,2026/08/05 09:27:55
2026/08/04,Loy Yang B,533163,BBGPG,0.000,0.000,0.000,0.000,,,VIC,Gippsland,590009,2026/08/05 11:00:50
2026/08/04,LYB Transmission Pipeline,535023,PIPE,0.008,0.000,0.000,0.000,,,VIC,Gippsland,590009,2026/08/05 11:00:50
2026/08/04,MAPS,550054,PIPE,45.402,0.000,0.000,0.000,,,SA,Adelaide,550016,2026/08/05 11:31:05
2026/08/04,MAPS,550054,PIPE,0.000,34.560,184.595,0.000,,,SA,Moomba Hub,550017,2026/08/05 11:31:05
2026/08/04,MAPS,550054,PIPE,183.945,0.000,0.000,0.000,,,SA,Regional - SA,590013,2026/08/05 11:31:05
2026/08/04,McArthur River Mine,580220,BBGPG,8.235,0.000,0.000,0.000,,,NT,Regional - NT,590017,2026/08/05 09:30:07
2026/08/04,MCF,550050,COMPRESSOR,0.000,0.000,0.000,0.000,,,SA,Moomba Hub,550017,2026/08/05 12:46:38
2026/08/04,Mereenie,580040,PROD,0.000,26.345,0.000,0.000,,,NT,Regional - NT,590017,2026/08/05 11:49:27
2026/08/04,Meridian,540064,PROD,0.000,46.363,0.000,0.000,,,QLD,Regional - QLD,590001,2026/08/05 09:39:14
2026/08/04,Mintaro Power Station,555031,BBGPG,0.000,0.000,0.000,0.000,,,SA,Regional - SA,590013,2026/08/05 11:31:05
2026/08/04,Moomba,550045,PROD,0.000,214.700,0.000,0.000,,,SA,Moomba Hub,550017,2026/08/09 21:02:49
2026/08/04,Moomba Storage,550046,STOR,0.000,1.100,0.000,0.000,6306.400,0.000,SA,Moomba Hub,550017,2026/08/09 21:02:49
2026/08/04,Mortlake PS,530063,BBGPG,42.598,0.000,0.000,0.000,,,VIC,Regional - VIC,590012,2026/08/05 07:20:00
2026/08/04,MPL,530061,PIPE,0.000,0.000,15.401,0.000,,,VIC,Iona Hub,530016,2026/08/05 07:20:00
2026/08/04,MPL,530061,PIPE,42.598,0.000,0.000,0.000,,,VIC,Regional - VIC,590012,2026/08/05 07:20:00
2026/08/04,MRP,580100,PIPE,8.235,0.000,8.236,0.000,,,NT,Regional - NT,590017,2026/08/05 09:30:07
2026/08/04,MSP,520053,PIPE,148.770,0.000,0.000,0.000,,,NSW,Sydney,520008,2026/08/05 12:46:38
2026/08/04,MSP,520053,PIPE,0.000,0.000,180.023,4.500,,,SA,Moomba Hub,550017,2026/08/05 12:46:38
2026/08/04,MSP,520053,PIPE,49.093,0.000,0.000,4.445,,,NSW,Regional - NSW,590011,2026/08/05 12:46:38
2026/08/04,MSP,520053,PIPE,22.152,0.000,0.000,0.000,,,NSW,Regional - ACT,590015,2026/08/05 12:46:38
2026/08/04,MSP,520053,PIPE,0.000,0.000,48.290,0.000,,,NSW,Culcairn,590016,2026/08/05 12:46:38
2026/08/04,Newport,533171,BBGPG,0.001,0.000,0.000,0.000,,,VIC,Melbourne,590008,2026/08/05 11:00:02
2026/08/04,NGP,580050,PIPE,0.000,0.000,0.000,0.000,,,QLD,Regional - QLD,590001,2026/08/05 12:01:32
2026/08/04,NGP,580050,PIPE,0.000,0.000,0.000,0.000,,,NT,Regional - NT,590017,2026/08/05 12:01:32
2026/08/04,NGS,520060,STOR,0.190,0.706,0.000,0.000,681.684,76.810,NSW,Sydney,520008,2026/08/05 09:10:25
2026/08/04,Oakey PS,544095,BBGPG,0.000,0.000,0.000,0.000,,,QLD,Regional - QLD,590001,2026/08/05 12:46:38
2026/08/04,Orana,540084,PROD,0.000,170.493,0.000,0.000,,,QLD,Regional - QLD,590001,2026/08/09 11:50:36
2026/08/04,Orbost,530041,PROD,0.000,73.133,0.000,0.000,,,VIC,Regional - VIC,590012,2026/08/05 12:01:05
2026/08/04,Orica,544011,BBLARGE,8.491,0.000,0.000,0.000,,,QLD,Regional - QLD,590001,2026/08/06 12:01:10
2026/08/04,Orica (Kooragang Island),523206,BBLARGE,39.634,0.000,0.000,0.000,,,NSW,Sydney,520008,2026/08/05 13:00:00
2026/08/04,Osborne,555033,BBGPG,35.229,0.000,0.000,0.000,,,SA,Regional - SA,590013,2026/08/05 11:31:05
2026/08/04,Otway,530044,PROD,0.000,167.040,0.000,0.000,,,VIC,Iona Hub,530016,2026/08/05 12:22:49
2026/08/04,Owen Springs Power Station,580235,BBGPG,1.052,0.000,0.000,0.000,,,NT,Regional - NT,590017,2026/08/05 06:41:27
2026/08/04,Palm Valley,580060,PROD,0.000,5.730,0.000,0.000,,,NT,Regional - NT,590017,2026/08/05 11:49:27
2026/08/04,PCA,550052,PIPE,0.001,17.281,29.488,1.282,,,VIC,Iona Hub,530016,2026/08/05 07:20:01
2026/08/04,PCA,550052,PIPE,22.907,0.000,0.000,0.000,,,SA,Adelaide,550016,2026/08/05 07:20:01
2026/08/04,PCA,550052,PIPE,0.000,0.000,0.000,15.984,,,VIC,Regional - VIC,590012,2026/08/05 07:20:01
2026/08/04,PCA,550052,PIPE,14.368,0.000,0.000,0.000,,,SA,Regional - SA,590013,2026/08/05 07:20:01
2026/08/04,PCI,530060,PIPE,0.000,178.015,1.282,179.301,,,VIC,Iona Hub,530016,2026/08/05 07:20:01
2026/08/04,Peat,540065,PROD,0.000,10.806,0.000,0.000,,,QLD,Regional - QLD,590001,2026/08/09 11:50:36
2026/08/04,Pelican Point Power Station,555089,BBGPG,43.960,0.000,0.000,0.000,,,SA,Regional - SA,590013,2026/08/05 07:20:01
2026/08/04,Phosphate Hill,544081,BBLARGE,26.763,0.000,0.000,0.000,,,QLD,Regional - QLD,590001,2026/08/05 12:46:38
2026/08/04,Pipeline Compression Station,544279,COMPRESSOR,0.000,0.000,0.000,0.000,,,QLD,Regional - QLD,590001,2026/08/05 11:13:05
2026/08/04,PVP,580070,PIPE,1.559,0.000,1.576,0.000,,,NT,Regional - NT,590017,2026/08/05 06:41:27
2026/08/04,QCLNG LNG Plant,544272,LNGEXPORT,1546.870,0.000,0.000,0.000,,,QLD,Curtis Island,540030,2026/08/05 10:36:14
2026/08/04,QGP,540058,PIPE,0.000,0.000,24.131,0.000,,,QLD,Wallumbilla Hub,540032,2026/08/06 12:01:10
2026/08/04,QGP,540058,PIPE,124.273,23.197,76.885,0.000,,,QLD,Regional - QLD,590001,2026/08/06 12:01:10
2026/08/04,Quarantine Power Station,555087,BBGPG,13.680,0.000,0.000,0.000,,,SA,Regional - SA,590013,2026/08/05 11:31:05
2026/08/04,Queensland Aluminia,544012,BBLARGE,30.026,0.000,0.000,0.000,,,QLD,Regional - QLD,590001,2026/08/06 12:01:10
2026/08/04,RBP,540057,PIPE,0.000,0.000,0.000,76.300,,,QLD,Wallumbilla Hub,540032,2026/08/05 12:46:38
2026/08/04,RBP,540057,PIPE,4.217,81.569,73.529,0.000,,,QLD,Regional - QLD,590001,2026/08/05 12:46:38
2026/08/04,RBP,540057,PIPE,77.260,0.000,0.000,0.000,,,QLD,Brisbane,590002,2026/08/05 12:46:38
2026/08/04,RCWP,540102,PIPE,0.000,0.000,0.000,88.679,,,QLD,Wallumbilla Hub,540032,2026/08/05 12:46:38
2026/08/04,RCWP,540102,PIPE,0.000,0.000,88.540,0.000,,,QLD,Regional - QLD,590001,2026/08/05 12:46:38
2026/08/04,Reedy Creek,540085,PROD,0.000,200.360,0.000,0.000,,,QLD,Regional - QLD,590001,2026/08/09 11:50:36
2026/08/04,RMNGPF,640011,PROD,0.000,16.330,0.000,0.000,,,QLD,Regional - QLD,590001,2026/08/05 10:43:33
2026/08/04,RNMGP,640012,PIPE,0.000,16.330,0.000,16.330,,,QLD,Regional - QLD,590001,2026/08/05 10:43:33
2026/08/04,RNP,640009,PIPE,0.000,22.860,0.000,22.860,,,QLD,Regional - QLD,590001,2026/08/05 12:01:08
2026/08/04,Rolleston,540073,PROD,0.000,8.289,0.000,0.000,,,QLD,Regional - QLD,590001,2026/08/06 12:01:10
2026/08/04,Roma,540095,PROD,0.000,234.969,0.000,0.000,,,QLD,Regional - QLD,590001,2026/08/05 11:13:42
2026/08/04,Roma North,544260,PROD,0.000,22.860,0.000,0.000,,,QLD,Regional - QLD,590001,2026/08/05 12:01:33
2026/08/04,Roma Power Station,540120,BBGPG,0.000,0.000,0.000,0.000,,,QLD,Regional - QLD,590001,2026/08/05 11:42:57
2026/08/04,Ron Goodin Power Station,580234,BBGPG,0.000,0.000,0.000,0.000,,,NT,Regional - NT,590017,2026/08/05 06:41:27
2026/08/04,RPL,540110,PIPE,0.070,0.000,0.000,0.000,,,QLD,Regional - QLD,590001,2026/08/05 11:42:57
2026/08/04,Ruby Jo,540082,PROD,0.000,441.029,0.000,0.000,,,QLD,Regional - QLD,590001,2026/08/05 10:36:14
2026/08/04,RUGS,540040,STOR,0.000,3.129,0.000,0.000,15165.149,0.000,QLD,Regional - QLD,590001,2026/08/05 11:13:42
2026/08/04,Scotia,540072,PROD,0.000,102.562,0.000,0.000,,,QLD,Regional - QLD,590001,2026/08/05 11:13:42
2026/08/04,SEPS,550061,PIPE,7.663,0.000,7.657,0.000,,,SA,Regional - SA,590013,2026/08/05 11:32:05
2026/08/04,SESA,550060,PIPE,0.000,0.000,15.986,0.000,,,VIC,Regional - VIC,590012,2026/08/05 12:46:38
2026/08/04,SESA,550060,PIPE,8.304,0.000,0.000,7.654,,,SA,Regional - SA,590013,2026/08/05 12:46:38
2026/08/04,Shoalhaven Starches Cogeneration Plant,523203,BBLARGE,22.118,0.000,0.000,0.000,,,NSW,Regional - NSW,590011,2026/08/05 12:26:14
2026/08/04,Smithfield Energy Facility,522004,BBGPG,0.000,0.000,0.000,0.000,,,NSW,Regional - NSW,590011,2026/08/05 12:06:59
2026/08/04,Snapper Point,555090,BBGPG,0.000,0.000,0.000,0.000,,,SA,Regional - SA,590013,2026/08/05 11:31:05
2026/08/04,Somerton,533174,BBGPG,7.434,0.000,0.000,0.000,,,VIC,Melbourne,590008,2026/08/05 11:00:02
2026/08/04,Spring Gully,540066,PROD,0.000,0.000,0.000,0.000,,,QLD,Regional - QLD,590001,2026/08/09 11:50:36
2026/08/04,SSP,540103,PIPE,0.000,7.380,0.000,7.380,,,QLD,Regional - QLD,590001,2026/08/05 09:30:09
2026/08/04,SSSF,540062,STOR,0.000,6.300,0.000,0.000,8646.252,0.000,QLD,Regional - QLD,590001,2026/08/05 09:30:09
2026/08/04,Strathblane,540067,PROD,0.000,63.328,0.000,0.000,,,QLD,Regional - QLD,590001,2026/08/09 11:50:36
2026/08/04,Swanbank Power Station,544104,BBGPG,19.868,0.000,0.000,0.000,,,QLD,Brisbane,590002,2026/08/05 12:46:38
2026/08/04,SWQP,540060,PIPE,0.000,0.000,481.476,218.525,,,QLD,Wallumbilla Hub,540032,2026/08/05 12:46:38
2026/08/04,SWQP,540060,PIPE,0.000,0.000,0.000,77.813,,,QLD,Ballera,540078,2026/08/05 12:46:38
2026/08/04,SWQP,540060,PIPE,0.000,180.174,0.000,360.118,,,SA,Moomba Hub,550017,2026/08/05 12:46:38
2026/08/04,SWQP,540060,PIPE,0.115,0.000,0.000,0.000,,,QLD,Regional - QLD,590001,2026/08/05 12:46:38
2026/08/04,Talinga,540076,PROD,0.000,88.024,0.000,0.000,,,QLD,Regional - QLD,590001,2026/08/09 11:50:36
2026/08/04,Tallawarra,522002,BBGPG,0.001,0.000,0.000,0.000,,,NSW,Regional - NSW,590011,2026/08/05 11:00:04
2026/08/04,Tallawarra Pipeline,523201,PIPE,0.001,0.000,0.001,0.000,,,NSW,Regional - NSW,590011,2026/08/05 11:00:04
2026/08/04,Taloona,540068,PROD,0.000,50.602,0.000,0.000,,,QLD,Regional - QLD,590001,2026/08/09 11:50:36
2026/08/04,Tanami GP,580210,PIPE,7.912,0.000,7.900,0.000,,,NT,Regional - NT,590017,2026/08/05 12:02:00
2026/08/04,TGP,570050,PIPE,0.000,0.000,92.879,40.495,,,VIC,Longford Hub,530015,2026/08/06 12:01:00
2026/08/04,TGP,570050,PIPE,55.324,0.000,0.000,0.000,,,TAS,Regional - TAS,590014,2026/08/06 12:01:00
2026/08/04,Tipton,540051,PROD,0.000,40.159,0.000,0.000,,,QLD,Regional - QLD,590001,2026/08/05 12:30:14
2026/08/04,Torrens Island PS,555041,BBGPG,81.614,0.000,0.000,0.000,,,SA,Regional - SA,590013,2026/08/05 11:31:05
2026/08/04,Uranquinty Power Station,522047,BBGPG,0.000,0.000,0.000,0.000,,,NSW,Regional - NSW,590011,2026/08/05 12:46:38
2026/08/04,Valley Power GPG,535024,BBGPG,0.008,0.000,0.000,0.000,,,VIC,Gippsland,590009,2026/08/05 11:00:50
2026/08/04,VicHub,532005,PIPE,0.000,0.000,48.698,48.698,,,VIC,Longford Hub,530015,2026/08/05 12:01:35
2026/08/04,Viva Energy Refinery,535018,BBLARGE,12.830,0.000,0.000,0.000,,,VIC,Geelong,590005,2026/08/05 07:30:14
2026/08/04,VTS,530110,PIPE,0.000,426.392,89.216,0.000,,,VIC,Longford Hub,530015,2026/08/05 11:00:02
2026/08/04,VTS,530110,PIPE,0.000,153.238,134.415,0.000,,,VIC,Iona Hub,530016,2026/08/05 11:00:02
2026/08/04,VTS,530110,PIPE,13.625,0.000,0.000,0.000,,,VIC,Western,590004,2026/08/05 11:00:02
2026/08/04,VTS,530110,PIPE,80.044,0.000,0.000,0.000,,,VIC,Geelong,590005,2026/08/05 11:00:02
2026/08/04,VTS,530110,PIPE,51.977,0.000,0.000,0.000,,,VIC,Ballarat,590006,2026/08/05 11:00:02
2026/08/04,VTS,530110,PIPE,78.965,0.000,0.000,0.000,,,VIC,Northern,590007,2026/08/05 11:00:02
2026/08/04,VTS,530110,PIPE,484.252,0.213,0.000,0.000,,,VIC,Melbourne,590008,2026/08/05 11:00:02
2026/08/04,VTS,530110,PIPE,50.496,0.000,17.629,0.078,,,VIC,Gippsland,590009,2026/08/05 11:00:02
2026/08/04,VTS,530110,PIPE,0.000,0.000,0.000,48.289,,,NSW,Culcairn,590016,2026/08/05 11:00:02
2026/08/04,Wallumbilla Compression Station,544280,COMPRESSOR,0.000,0.000,0.000,0.000,,,QLD,Wallumbilla Hub,540032,2026/08/05 11:13:05
2026/08/04,WCFA,540045,COMPRESSOR,0.000,0.000,343.832,343.832,,,QLD,Wallumbilla Hub,540032,2026/08/05 12:46:38
2026/08/04,WCFB,540046,COMPRESSOR,0.000,0.000,131.343,131.343,,,QLD,Wallumbilla Hub,540032,2026/08/05 12:46:38
2026/08/04,Weddell Power Station,580232,BBGPG,10.700,0.000,0.000,0.000,,,NT,Darwin,580001,2026/08/05 12:46:38
2026/08/04,WGP,540091,PIPE,1546.870,0.000,0.000,0.000,,,QLD,Curtis Island,540030,2026/08/05 10:36:14
2026/08/04,WGP,540091,PIPE,0.000,1506.328,0.018,0.000,,,QLD,Regional - QLD,590001,2026/08/05 10:36:14
2026/08/04,Whyalla Steelworks,555085,BBLARGE,4.703,0.000,0.000,0.000,,,SA,Regional - SA,590013,2026/08/05 11:31:05
2026/08/04,Windibri,540069,PROD,0.000,109.096,0.000,0.000,,,QLD,Regional - QLD,590001,2026/08/05 10:36:14
2026/08/04,Woleebee Creek,540087,PROD,0.000,644.259,0.000,0.000,,,QLD,Regional - QLD,590001,2026/08/05 10:36:14
2026/08/04,WPP,580030,PIPE,10.700,24.967,0.000,14.250,,,NT,Darwin,580001,2026/08/05 12:46:38
2026/08/04,Yarwun,544282,BBGPG,68.253,0.000,0.000,0.000,,,QLD,Regional - QLD,590001,2026/08/06 12:01:10
2026/08/04,Yelcherr,580180,PROD,0.000,0.000,0.000,0.000,,,NT,Regional - NT,590017,2026/08/05 12:46:38
2026/08/04,Yellowbank,540074,PROD,0.000,11.658,0.000,0.000,,,QLD,Regional - QLD,590001,2026/08/06 12:01:10
2026/08/05,Adelaide Brighton,555091,BBLARGE,9.493,0.000,0.000,0.000,,,SA,Adelaide,550016,2026/08/06 13:00:01
2026/08/05,AGP,580010,PIPE,21.094,0.000,14.548,0.000,,,NT,Darwin,580001,2026/08/06 12:46:37
2026/08/05,AGP,580010,PIPE,6.615,30.145,0.248,17.835,,,NT,Regional - NT,590017,2026/08/06 12:46:37
2026/08/05,APLNG Pipeline,540093,PIPE,1282.654,0.000,0.000,0.000,,,QLD,Curtis Island,540030,2026/08/10 11:30:08
2026/08/05,APLNG Pipeline,540093,PIPE,0.000,1266.471,271.308,234.784,,,QLD,Regional - QLD,590001,2026/08/10 11:30:08
2026/08/05,Arcadia,540101,PROD,0.000,93.178,0.000,0.000,,,QLD,Regional - QLD,590001,2026/08/06 11:28:29
2026/08/05,ATGP,640013,PIPE,0.000,43.125,0.000,43.125,,,QLD,Regional - QLD,590001,2026/08/06 12:01:16
2026/08/05,ATHENA,535014,PROD,0.000,15.570,0.000,0.000,,,VIC,Iona Hub,530016,2026/08/10 09:49:41
2026/08/05,Atlas,544261,PROD,0.000,43.125,0.000,0.000,,,QLD,Regional - QLD,590001,2026/08/06 12:01:21
2026/08/05,Atlas East Central Processing Facility,640008,PROD,0.000,31.780,0.000,0.000,,,QLD,Regional - QLD,590001,2026/08/06 09:43:33
2026/08/05,Atlas to Reedy Creek Pipeline,640007,PIPE,0.000,31.777,0.000,32.647,,,QLD,Regional - QLD,590001,2026/08/06 12:46:37
2026/08/05,Australia Pacific LNG,544273,LNGEXPORT,1282.655,0.000,0.000,0.000,,,QLD,Curtis Island,540030,2026/08/06 12:00:25
2026/08/05,Australian Paper (Opal),535021,BBLARGE,12.560,0.000,0.000,0.000,,,VIC,Gippsland,590009,2026/08/08 11:00:02
2026/08/05,B1PL,540077,PIPE,8.253,42.725,0.000,37.042,,,QLD,Regional - QLD,590001,2026/08/06 11:00:51
2026/08/05,B2PL,540071,PIPE,2.450,4.421,0.000,28.144,,,QLD,Regional - QLD,590001,2026/08/06 12:30:03
2026/08/05,Bairnsdale Power Station,535020,BBGPG,2.990,0.000,0.000,0.000,,,VIC,Regional - VIC,590012,2026/08/06 11:00:50
2026/08/05,BCF,540047,COMPRESSOR,0.000,0.000,63.500,63.500,,,QLD,Regional - QLD,590001,2026/08/10 12:43:42
2026/08/05,Bell Bay CCGT,577016,BBGPG,40.282,0.000,0.000,0.000,,,TAS,Regional - TAS,590014,2026/08/07 12:01:00
2026/08/05,Bell Bay GGT,577014,BBGPG,1.221,0.000,0.000,0.000,,,TAS,Regional - TAS,590014,2026/08/07 12:01:00
2026/08/05,Bell Bay OCGT,577015,BBGPG,2.131,0.000,0.000,0.000,,,TAS,Regional - TAS,590014,2026/08/07 12:01:00
2026/08/05,Bellevue,540083,PROD,0.000,160.160,0.000,0.000,,,QLD,Regional - QLD,590001,2026/08/06 10:35:37
2026/08/05,BGP,580020,PIPE,0.301,0.000,0.000,0.000,,,NT,Regional - NT,590017,2026/08/06 12:46:37
2026/08/05,BlueScope,523204,BBLARGE,11.517,0.000,0.000,0.000,,,NSW,Sydney,520008,2026/08/06 12:01:05
2026/08/05,Bolivar,555008,BBGPG,6.050,0.000,0.000,0.000,,,SA,Regional - SA,590013,2026/08/06 12:03:31
2026/08/05,Bomaderry Gas Pipeline,523202,PIPE,22.136,0.000,22.363,0.000,,,NSW,Regional - NSW,590011,2026/08/07 13:03:22
2026/08/05,BPP,530030,PIPE,2.650,20.230,0.000,17.581,,,VIC,Gippsland,590009,2026/08/08 11:00:02
2026/08/05,Braemar 2 Power Station,544085,BBGPG,2.450,0.000,0.000,0.000,,,QLD,Regional - QLD,590001,2026/08/06 12:30:03
2026/08/05,Braemar Power Station,544252,BBGPG,8.253,0.000,0.000,0.000,,,QLD,Regional - QLD,590001,2026/08/06 11:00:51
2026/08/05,BWP,540096,PIPE,0.000,0.000,0.000,125.038,,,QLD,Wallumbilla Hub,540032,2026/08/06 12:46:37
2026/08/05,BWP,540096,PIPE,0.000,127.047,0.000,0.000,,,QLD,Regional - QLD,590001,2026/08/06 12:46:37
2026/08/05,CGP,540059,PIPE,0.000,0.000,63.462,0.000,,,QLD,Ballera,540078,2026/08/06 12:46:37
2026/08/05,CGP,540059,PIPE,66.174,0.000,0.000,0.000,,,QLD,Regional - QLD,590001,2026/08/06 12:46:37
2026/08/05,Channel Island Power Station,580231,BBGPG,21.094,0.000,0.000,0.000,,,NT,Darwin,580001,2026/08/06 12:46:37
2026/08/05,Colongra,523120,BBGPG,0.009,0.000,0.000,0.000,,,NSW,Regional - NSW,590011,2026/08/06 12:00:05
2026/08/05,ColongraGP,520090,PIPE,0.000,0.000,0.000,0.000,,,NSW,Sydney,520008,2026/08/06 12:00:05
2026/08/05,ColongraGP,520090,PIPE,0.009,0.000,0.000,0.000,,,NSW,Regional - NSW,590011,2026/08/06 12:00:05
2026/08/05,Combabula,540094,PROD,0.000,293.865,0.000,0.000,,,QLD,Regional - QLD,590001,2026/08/10 11:30:08
2026/08/05,Condabri Central,540080,PROD,0.000,139.351,0.000,0.000,,,QLD,Regional - QLD,590001,2026/08/10 11:30:08
2026/08/05,Condabri North,540090,PROD,0.000,91.406,0.000,0.000,,,QLD,Regional - QLD,590001,2026/08/10 11:30:08
2026/08/05,Condabri South,540086,PROD,0.000,157.431,0.000,0.000,,,QLD,Regional - QLD,590001,2026/08/10 11:30:08
2026/08/05,Condamine Power Station,544274,BBGPG,0.000,0.000,0.000,0.000,,,QLD,Regional - QLD,590001,2026/08/06 10:35:36
2026/08/05,CRWP,540098,PIPE,0.000,0.000,217.256,0.000,,,QLD,Wallumbilla Hub,540032,2026/08/06 11:28:08
2026/08/05,CRWP,540098,PIPE,0.000,228.853,39.039,486.694,,,QLD,Regional - QLD,590001,2026/08/06 11:28:08
2026/08/05,CWP,520054,PIPE,5.337,0.000,4.606,0.000,,,NSW,Regional - NSW,590011,2026/08/06 12:46:37
2026/08/05,Daandine,540050,PROD,0.000,33.781,0.000,0.000,,,QLD,Regional - QLD,590001,2026/08/06 12:30:02
2026/08/05,Dandenong LNG,530038,STOR,0.000,0.277,0.000,0.000,613.364,27.889,VIC,Melbourne,590008,2026/08/06 12:46:37
2026/08/05,DDP,540097,PIPE,0.000,0.000,0.000,184.503,,,QLD,Wallumbilla Hub,540032,2026/08/06 12:01:15
2026/08/05,DDP,540097,PIPE,23.964,349.960,132.592,271.308,,,QLD,Regional - QLD,590001,2026/08/06 12:01:15
2026/08/05,DDPS,544027,BBGPG,23.964,0.000,0.000,0.000,,,QLD,Regional - QLD,590001,2026/08/06 12:01:15
2026/08/05,Diamantina Power Station,544077,BBGPG,29.650,0.000,0.000,0.000,,,QLD,Regional - QLD,590001,2026/08/06 12:46:37
2026/08/05,Dry Creek Power Station,555026,BBGPG,0.000,0.000,0.000,0.000,,,SA,Regional - SA,590013,2026/08/06 11:31:05
2026/08/05,EGP,520047,PIPE,131.118,0.000,0.000,0.000,,,NSW,Sydney,520008,2026/08/06 12:01:05
2026/08/05,EGP,520047,PIPE,16.518,0.000,0.000,0.000,,,NSW,Canberra,520009,2026/08/06 12:01:05
2026/08/05,EGP,520047,PIPE,0.000,226.944,0.000,120.421,,,VIC,Longford Hub,530015,2026/08/06 12:01:05
2026/08/05,EGP,520047,PIPE,10.596,0.000,0.000,22.363,,,NSW,Regional - NSW,590011,2026/08/06 12:01:05
2026/08/05,EGP,520047,PIPE,4.279,71.648,0.000,0.000,,,VIC,Regional - VIC,590012,2026/08/06 12:01:05
2026/08/05,EO4PL,540055,PIPE,0.000,0.000,0.000,0.000,,,QLD,Regional - QLD,590001,2026/08/06 10:35:37
2026/08/05,Eurombah Creek,540089,PROD,0.000,158.210,0.000,0.000,,,QLD,Regional - QLD,590001,2026/08/10 11:30:08
2026/08/05,Fairview,540070,PROD,0.000,285.772,0.000,0.000,,,QLD,Regional - QLD,590001,2026/08/06 11:28:29
2026/08/05,GLNG (Curtis Island),544276,LNGEXPORT,909.366,0.000,0.000,0.000,,,QLD,Curtis Island,540030,2026/08/06 11:28:08
2026/08/05,GLNG Pipeline,540092,PIPE,909.366,0.000,0.000,0.000,,,QLD,Curtis Island,540030,2026/08/06 11:28:08
2026/08/05,GLNG Pipeline,540092,PIPE,0.000,422.114,493.267,0.007,,,QLD,Regional - QLD,590001,2026/08/06 10:35:37
2026/08/05,Hallett,555029,BBGPG,10.445,0.000,0.000,0.000,,,SA,Regional - SA,590013,2026/08/06 11:31:05
2026/08/05,Hunter Power Station,523210,BBGPG,0.003,0.000,0.000,0.000,,,NSW,Sydney,520008,2026/08/06 12:46:37
2026/08/05,ICF,530071,COMPRESSOR,0.000,0.000,26.772,26.772,,,VIC,Iona Hub,530016,2026/08/06 08:35:03
2026/08/05,Iona UGS,530042,STOR,26.772,219.156,0.000,0.000,14634.152,0.000,VIC,Iona Hub,530016,2026/08/06 08:30:04
2026/08/05,Jeerelang,533161,BBGPG,0.000,0.000,0.000,0.000,,,VIC,Gippsland,590009,2026/08/08 11:00:02
2026/08/05,Jordan,540088,PROD,0.000,331.320,0.000,0.000,,,QLD,Regional - QLD,590001,2026/08/06 10:35:37
2026/08/05,Katherine Power Station,580233,BBGPG,0.000,0.000,0.000,0.000,,,NT,Regional - NT,590017,2026/08/06 12:46:37
2026/08/05,Kenya,540075,PROD,0.000,118.659,0.000,0.000,,,QLD,Regional - QLD,590001,2026/08/06 10:35:37
2026/08/05,Kincora,544253,PROD,0.000,0.000,0.000,0.000,,,QLD,Regional - QLD,590001,2026/08/06 12:46:37
2026/08/05,KKLP,523209,PIPE,0.003,0.000,0.000,0.000,,,NSW,Sydney,520008,2026/08/06 12:46:37
2026/08/05,Kogan North,540061,PROD,0.000,4.171,0.000,0.000,,,QLD,Regional - QLD,590001,2026/08/06 12:46:37
2026/08/05,Ladbroke Grove PS,555086,BBGPG,19.780,0.000,0.000,0.000,,,SA,Regional - SA,590013,2026/08/06 12:46:37
2026/08/05,Lang Lang,530039,PROD,0.000,20.230,0.000,0.000,,,VIC,Gippsland,590009,2026/08/06 10:30:34
2026/08/05,Laverton,533201,BBGPG,0.000,0.000,0.000,0.000,,,VIC,Geelong,590005,2026/08/08 11:00:02
2026/08/05,Longford,530040,PROD,0.000,652.128,0.000,0.000,,,VIC,Longford Hub,530015,2026/08/06 09:29:38
2026/08/05,Loy Yang B,533163,BBGPG,0.000,0.000,0.000,0.000,,,VIC,Gippsland,590009,2026/08/06 11:00:52
2026/08/05,LYB Transmission Pipeline,535023,PIPE,0.749,0.000,0.733,0.000,,,VIC,Gippsland,590009,2026/08/06 11:00:52
2026/08/05,MAPS,550054,PIPE,52.495,0.000,0.000,0.000,,,SA,Adelaide,550016,2026/08/06 11:31:05
2026/08/05,MAPS,550054,PIPE,0.000,34.673,189.103,0.000,,,SA,Moomba Hub,550017,2026/08/06 11:31:05
2026/08/05,MAPS,550054,PIPE,194.518,0.000,0.000,0.000,,,SA,Regional - SA,590013,2026/08/06 11:31:05
2026/08/05,McArthur River Mine,580220,BBGPG,8.451,0.000,0.000,0.000,,,NT,Regional - NT,590017,2026/08/06 08:56:07
2026/08/05,MCF,550050,COMPRESSOR,0.000,0.000,0.000,0.000,,,SA,Moomba Hub,550017,2026/08/06 12:46:37
2026/08/05,Mereenie,580040,PROD,0.000,24.434,0.000,0.000,,,NT,Regional - NT,590017,2026/08/06 11:51:39
2026/08/05,Meridian,540064,PROD,0.000,46.414,0.000,0.000,,,QLD,Regional - QLD,590001,2026/08/06 09:38:52
2026/08/05,Mintaro Power Station,555031,BBGPG,0.000,0.000,0.000,0.000,,,SA,Regional - SA,590013,2026/08/06 11:31:05
2026/08/05,Moomba,550045,PROD,0.000,213.500,0.000,0.000,,,SA,Moomba Hub,550017,2026/08/10 12:43:42
2026/08/05,Moomba Storage,550046,STOR,0.000,0.700,0.000,0.000,6305.700,0.000,SA,Moomba Hub,550017,2026/08/10 12:43:42
2026/08/05,Mortlake PS,530063,BBGPG,73.586,0.000,0.000,0.000,,,VIC,Regional - VIC,590012,2026/08/06 07:20:00
2026/08/05,MPL,530061,PIPE,0.000,0.000,68.951,0.000,,,VIC,Iona Hub,530016,2026/08/06 07:20:00
2026/08/05,MPL,530061,PIPE,73.586,0.000,0.000,0.000,,,VIC,Regional - VIC,590012,2026/08/06 07:20:00
2026/08/05,MRP,580100,PIPE,8.451,0.000,8.452,0.000,,,NT,Regional - NT,590017,2026/08/06 08:56:07
2026/08/05,MSP,520053,PIPE,153.834,0.000,0.000,0.000,,,NSW,Sydney,520008,2026/08/06 12:46:37
2026/08/05,MSP,520053,PIPE,0.000,0.000,191.010,1.000,,,SA,Moomba Hub,550017,2026/08/06 12:46:37
2026/08/05,MSP,520053,PIPE,76.283,0.000,0.000,4.606,,,NSW,Regional - NSW,590011,2026/08/06 12:46:37
2026/08/05,MSP,520053,PIPE,21.150,0.000,0.000,0.000,,,NSW,Regional - ACT,590015,2026/08/06 12:46:37
2026/08/05,MSP,520053,PIPE,0.000,0.000,29.218,0.000,,,NSW,Culcairn,590016,2026/08/06 12:46:37
2026/08/05,Newport,533171,BBGPG,0.002,0.000,0.000,0.000,,,VIC,Melbourne,590008,2026/08/08 11:00:02
2026/08/05,NGP,580050,PIPE,0.000,0.000,0.000,0.000,,,QLD,Regional - QLD,590001,2026/08/07 09:36:05
2026/08/05,NGP,580050,PIPE,0.000,0.000,0.000,0.000,,,NT,Regional - NT,590017,2026/08/07 09:36:05
2026/08/05,NGS,520060,STOR,0.180,0.579,0.000,0.000,681.604,76.810,NSW,Sydney,520008,2026/08/06 11:40:03
2026/08/05,Oakey PS,544095,BBGPG,0.000,0.000,0.000,0.000,,,QLD,Regional - QLD,590001,2026/08/06 12:46:37
2026/08/05,Orana,540084,PROD,0.000,170.714,0.000,0.000,,,QLD,Regional - QLD,590001,2026/08/10 11:30:08
2026/08/05,Orbost,530041,PROD,0.000,71.648,0.000,0.000,,,VIC,Regional - VIC,590012,2026/08/06 12:01:05
2026/08/05,Orica,544011,BBLARGE,8.409,0.000,0.000,0.000,,,QLD,Regional - QLD,590001,2026/08/07 11:00:05
2026/08/05,Orica (Kooragang Island),523206,BBLARGE,39.285,0.000,0.000,0.000,,,NSW,Sydney,520008,2026/08/06 13:00:00
2026/08/05,Osborne,555033,BBGPG,35.376,0.000,0.000,0.000,,,SA,Regional - SA,590013,2026/08/06 11:31:05
2026/08/05,Otway,530044,PROD,0.000,140.140,0.000,0.000,,,VIC,Iona Hub,530016,2026/08/06 11:06:18
2026/08/05,Owen Springs Power Station,580235,BBGPG,0.907,0.000,0.000,0.000,,,NT,Regional - NT,590017,2026/08/06 06:41:06
2026/08/05,Palm Valley,580060,PROD,0.000,5.711,0.000,0.000,,,NT,Regional - NT,590017,2026/08/06 11:51:39
2026/08/05,PCA,550052,PIPE,0.000,32.298,12.286,2.525,,,VIC,Iona Hub,530016,2026/08/06 14:20:00
2026/08/05,PCA,550052,PIPE,21.629,0.000,0.000,0.000,,,SA,Adelaide,550016,2026/08/06 14:20:00
2026/08/05,PCA,550052,PIPE,0.000,0.000,0.000,27.141,,,VIC,Regional - VIC,590012,2026/08/06 14:20:00
2026/08/05,PCA,550052,PIPE,60.106,0.000,0.000,0.000,,,SA,Regional - SA,590013,2026/08/06 14:20:00
2026/08/05,PCI,530060,PIPE,0.000,181.412,8.525,190.034,,,VIC,Iona Hub,530016,2026/08/06 07:20:01
2026/08/05,Peat,540065,PROD,0.000,11.652,0.000,0.000,,,QLD,Regional - QLD,590001,2026/08/10 11:30:08
2026/08/05,Pelican Point Power Station,555089,BBGPG,46.410,0.000,0.000,0.000,,,SA,Regional - SA,590013,2026/08/06 14:20:00
2026/08/05,Phosphate Hill,544081,BBLARGE,26.427,0.000,0.000,0.000,,,QLD,Regional - QLD,590001,2026/08/06 12:46:37
2026/08/05,Pipeline Compression Station,544279,COMPRESSOR,0.000,0.000,0.000,0.000,,,QLD,Regional - QLD,590001,2026/08/06 11:28:08
2026/08/05,PVP,580070,PIPE,1.392,0.000,1.463,0.000,,,NT,Regional - NT,590017,2026/08/06 06:41:06
2026/08/05,QCLNG LNG Plant,544272,LNGEXPORT,1488.727,0.000,0.000,0.000,,,QLD,Curtis Island,540030,2026/08/06 10:35:37
2026/08/05,QGP,540058,PIPE,0.000,0.000,22.763,0.000,,,QLD,Wallumbilla Hub,540032,2026/08/07 11:00:05
2026/08/05,QGP,540058,PIPE,114.240,23.312,66.881,0.000,,,QLD,Regional - QLD,590001,2026/08/07 11:00:05
2026/08/05,Quarantine Power Station,555087,BBGPG,34.178,0.000,0.000,0.000,,,SA,Regional - SA,590013,2026/08/06 11:31:05
2026/08/05,Queensland Aluminia,544012,BBLARGE,30.356,0.000,0.000,0.000,,,QLD,Regional - QLD,590001,2026/08/07 11:00:05
2026/08/05,RBP,540057,PIPE,0.000,0.000,0.000,95.348,,,QLD,Wallumbilla Hub,540032,2026/08/06 12:46:37
2026/08/05,RBP,540057,PIPE,4.066,82.427,71.507,0.000,,,QLD,Regional - QLD,590001,2026/08/06 12:46:37
2026/08/05,RBP,540057,PIPE,53.830,0.000,0.000,0.000,,,QLD,Brisbane,590002,2026/08/06 12:46:37
2026/08/05,RCWP,540102,PIPE,0.000,0.000,0.000,104.054,,,QLD,Wallumbilla Hub,540032,2026/08/06 12:46:37
2026/08/05,RCWP,540102,PIPE,0.000,0.000,103.967,0.000,,,QLD,Regional - QLD,590001,2026/08/06 12:46:37
2026/08/05,Reedy Creek,540085,PROD,0.000,200.420,0.000,0.000,,,QLD,Regional - QLD,590001,2026/08/10 11:30:08
2026/08/05,RMNGPF,640011,PROD,0.000,16.230,0.000,0.000,,,QLD,Regional - QLD,590001,2026/08/06 09:44:01
2026/08/05,RNMGP,640012,PIPE,0.000,16.230,0.000,16.230,,,QLD,Regional - QLD,590001,2026/08/06 09:44:01
2026/08/05,RNP,640009,PIPE,0.000,22.809,0.000,22.809,,,QLD,Regional - QLD,590001,2026/08/06 12:01:14
2026/08/05,Rolleston,540073,PROD,0.000,8.047,0.000,0.000,,,QLD,Regional - QLD,590001,2026/08/07 11:00:05
2026/08/05,Roma,540095,PROD,0.000,228.853,0.000,0.000,,,QLD,Regional - QLD,590001,2026/08/06 11:28:39
2026/08/05,Roma North,544260,PROD,0.000,22.809,0.000,0.000,,,QLD,Regional - QLD,590001,2026/08/06 12:01:20
2026/08/05,Roma Power Station,540120,BBGPG,0.000,0.000,0.000,0.000,,,QLD,Regional - QLD,590001,2026/08/06 11:02:57
2026/08/05,Ron Goodin Power Station,580234,BBGPG,0.000,0.000,0.000,0.000,,,NT,Regional - NT,590017,2026/08/06 06:41:06
2026/08/05,RPL,540110,PIPE,0.067,0.000,0.000,0.000,,,QLD,Regional - QLD,590001,2026/08/06 11:02:57
2026/08/05,Ruby Jo,540082,PROD,0.000,442.498,0.000,0.000,,,QLD,Regional - QLD,590001,2026/08/06 10:35:37
2026/08/05,RUGS,540040,STOR,5.334,1.717,0.000,0.000,15165.036,0.000,QLD,Regional - QLD,590001,2026/08/06 11:28:39
2026/08/05,Scotia,540072,PROD,0.000,102.496,0.000,0.000,,,QLD,Regional - QLD,590001,2026/08/06 11:28:39
2026/08/05,SEPS,550061,PIPE,6.659,0.000,6.957,0.000,,,SA,Regional - SA,590013,2026/08/06 11:32:05
2026/08/05,SESA,550060,PIPE,0.000,0.000,27.139,0.000,,,VIC,Regional - VIC,590012,2026/08/06 12:46:37
2026/08/05,SESA,550060,PIPE,19.780,0.000,0.000,6.956,,,SA,Regional - SA,590013,2026/08/06 12:46:37
2026/08/05,Shoalhaven Starches Cogeneration Plant,523203,BBLARGE,22.136,0.000,0.000,0.000,,,NSW,Regional - NSW,590011,2026/08/07 13:03:22
2026/08/05,Smithfield Energy Facility,522004,BBGPG,4.968,0.000,0.000,0.000,,,NSW,Regional - NSW,590011,2026/08/06 12:03:55
2026/08/05,Snapper Point,555090,BBGPG,1.042,0.000,0.000,0.000,,,SA,Regional - SA,590013,2026/08/06 11:31:05
2026/08/05,Somerton,533174,BBGPG,12.264,0.000,0.000,0.000,,,VIC,Melbourne,590008,2026/08/08 11:00:02
2026/08/05,Spring Gully,540066,PROD,0.000,0.000,0.000,0.000,,,QLD,Regional - QLD,590001,2026/08/10 11:30:08
2026/08/05,SSP,540103,PIPE,0.000,7.060,0.000,7.060,,,QLD,Regional - QLD,590001,2026/08/06 10:54:36
2026/08/05,SSSF,540062,STOR,0.000,6.300,0.000,0.000,8639.192,0.000,QLD,Regional - QLD,590001,2026/08/06 10:54:36
2026/08/05,Strathblane,540067,PROD,0.000,62.617,0.000,0.000,,,QLD,Regional - QLD,590001,2026/08/10 11:30:08
2026/08/05,Swanbank Power Station,544104,BBGPG,0.000,0.000,0.000,0.000,,,QLD,Brisbane,590002,2026/08/06 12:46:37
2026/08/05,SWQP,540060,PIPE,0.000,0.000,508.942,240.019,,,QLD,Wallumbilla Hub,540032,2026/08/06 12:46:37
2026/08/05,SWQP,540060,PIPE,0.000,0.000,0.000,68.188,,,QLD,Ballera,540078,2026/08/06 12:46:37
2026/08/05,SWQP,540060,PIPE,0.000,178.876,0.000,379.113,,,SA,Moomba Hub,550017,2026/08/06 12:46:37
2026/08/05,SWQP,540060,PIPE,0.107,0.000,0.000,0.000,,,QLD,Regional - QLD,590001,2026/08/06 12:46:37
2026/08/05,Talinga,540076,PROD,0.000,88.839,0.000,0.000,,,QLD,Regional - QLD,590001,2026/08/10 11:30:08
2026/08/05,Tallawarra,522002,BBGPG,0.000,0.000,0.000,0.000,,,NSW,Regional - NSW,590011,2026/08/06 11:00:04
2026/08/05,Tallawarra Pipeline,523201,PIPE,0.000,0.000,0.000,0.000,,,NSW,Regional - NSW,590011,2026/08/06 11:00:04
2026/08/05,Taloona,540068,PROD,0.000,49.913,0.000,0.000,,,QLD,Regional - QLD,590001,2026/08/10 11:30:08
2026/08/05,Tanami GP,580210,PIPE,6.955,0.000,7.900,0.000,,,NT,Regional - NT,590017,2026/08/06 12:02:00
2026/08/05,TGP,570050,PIPE,0.000,0.000,88.404,34.314,,,VIC,Longford Hub,530015,2026/08/07 12:01:00
2026/08/05,TGP,570050,PIPE,59.816,0.000,0.000,0.000,,,TAS,Regional - TAS,590014,2026/08/07 12:01:00
2026/08/05,Tipton,540051,PROD,0.000,41.509,0.000,0.000,,,QLD,Regional - QLD,590001,2026/08/06 12:30:03
2026/08/05,Torrens Island PS,555041,BBGPG,96.257,0.000,0.000,0.000,,,SA,Regional - SA,590013,2026/08/06 11:31:05
2026/08/05,Uranquinty Power Station,522047,BBGPG,28.328,0.000,0.000,0.000,,,NSW,Regional - NSW,590011,2026/08/06 12:46:37
2026/08/05,Valley Power GPG,535024,BBGPG,0.749,0.000,0.000,0.000,,,VIC,Gippsland,590009,2026/08/06 11:00:52
2026/08/05,VicHub,532005,PIPE,0.000,0.000,32.022,32.022,,,VIC,Longford Hub,530015,2026/08/06 12:01:22
2026/08/05,Viva Energy Refinery,535018,BBLARGE,13.469,0.000,0.000,0.000,,,VIC,Geelong,590005,2026/08/06 07:30:20
2026/08/05,VTS,530110,PIPE,0.000,423.351,66.353,0.000,,,VIC,Longford Hub,530015,2026/08/08 11:00:02
2026/08/05,VTS,530110,PIPE,0.000,132.758,102.757,0.000,,,VIC,Iona Hub,530016,2026/08/08 11:00:02
2026/08/05,VTS,530110,PIPE,12.069,0.000,0.000,0.000,,,VIC,Western,590004,2026/08/08 11:00:02
2026/08/05,VTS,530110,PIPE,76.691,0.000,0.000,0.000,,,VIC,Geelong,590005,2026/08/08 11:00:02
2026/08/05,VTS,530110,PIPE,47.225,0.000,0.000,0.000,,,VIC,Ballarat,590006,2026/08/08 11:00:02
2026/08/05,VTS,530110,PIPE,74.039,0.000,0.000,0.000,,,VIC,Northern,590007,2026/08/08 11:00:02
2026/08/05,VTS,530110,PIPE,455.605,0.194,0.000,0.000,,,VIC,Melbourne,590008,2026/08/08 11:00:02
2026/08/05,VTS,530110,PIPE,47.769,0.000,17.581,0.733,,,VIC,Gippsland,590009,2026/08/08 11:00:02
2026/08/05,VTS,530110,PIPE,0.000,0.000,0.000,29.218,,,NSW,Culcairn,590016,2026/08/08 11:00:02
2026/08/05,Wallumbilla Compression Station,544280,COMPRESSOR,0.000,0.000,0.000,0.000,,,QLD,Wallumbilla Hub,540032,2026/08/06 11:28:08
2026/08/05,WCFA,540045,COMPRESSOR,0.000,0.000,371.499,371.499,,,QLD,Wallumbilla Hub,540032,2026/08/06 12:46:37
2026/08/05,WCFB,540046,COMPRESSOR,0.000,0.000,131.143,131.143,,,QLD,Wallumbilla Hub,540032,2026/08/06 12:46:37
2026/08/05,Weddell Power Station,580232,BBGPG,10.551,0.000,0.000,0.000,,,NT,Darwin,580001,2026/08/06 12:46:37
2026/08/05,WGP,540091,PIPE,1488.727,0.000,0.000,0.000,,,QLD,Curtis Island,540030,2026/08/06 10:35:37
2026/08/05,WGP,540091,PIPE,0.000,1475.664,0.000,0.000,,,QLD,Regional - QLD,590001,2026/08/06 10:35:37
2026/08/05,Whyalla Steelworks,555085,BBLARGE,4.694,0.000,0.000,0.000,,,SA,Regional - SA,590013,2026/08/06 11:31:05
2026/08/05,Windibri,540069,PROD,0.000,76.888,0.000,0.000,,,QLD,Regional - QLD,590001,2026/08/06 10:35:37
2026/08/05,Woleebee Creek,540087,PROD,0.000,643.476,0.000,0.000,,,QLD,Regional - QLD,590001,2026/08/06 10:35:37
2026/08/05,WPP,580030,PIPE,10.551,25.099,0.000,14.548,,,NT,Darwin,580001,2026/08/06 12:46:37
2026/08/05,Yarwun,544282,BBGPG,58.511,0.000,0.000,0.000,,,QLD,Regional - QLD,590001,2026/08/07 11:00:05
2026/08/05,Yelcherr,580180,PROD,0.000,0.000,0.000,0.000,,,NT,Regional - NT,590017,2026/08/06 12:46:37
2026/08/05,Yellowbank,540074,PROD,0.000,12.015,0.000,0.000,,,QLD,Regional - QLD,590001,2026/08/07 11:00:05
2026/08/06,Adelaide Brighton,555091,BBLARGE,8.783,0.000,0.000,0.000,,,SA,Adelaide,550016,2026/08/07 13:00:01
2026/08/06,AGP,580010,PIPE,21.588,0.000,14.528,0.000,,,NT,Darwin,580001,2026/08/07 12:46:30
2026/08/06,AGP,580010,PIPE,6.664,32.327,0.248,17.683,,,NT,Regional - NT,590017,2026/08/07 12:46:30
2026/08/06,APLNG Pipeline,540093,PIPE,1306.723,0.000,0.000,0.000,,,QLD,Curtis Island,540030,2026/08/11 12:15:34
2026/08/06,APLNG Pipeline,540093,PIPE,0.000,1263.470,293.783,263.026,,,QLD,Regional - QLD,590001,2026/08/11 12:15:34
2026/08/06,Arcadia,540101,PROD,0.000,93.107,0.000,0.000,,,QLD,Regional - QLD,590001,2026/08/07 11:43:26
2026/08/06,ATGP,640013,PIPE,0.000,43.391,0.000,43.391,,,QLD,Regional - QLD,590001,2026/08/07 12:01:10
2026/08/06,ATHENA,535014,PROD,0.000,16.635,0.000,0.000,,,VIC,Iona Hub,530016,2026/08/11 09:45:36
2026/08/06,Atlas,544261,PROD,0.000,43.391,0.000,0.000,,,QLD,Regional - QLD,590001,2026/08/07 12:01:15
2026/08/06,Atlas East Central Processing Facility,640008,PROD,0.000,31.530,0.000,0.000,,,QLD,Regional - QLD,590001,2026/08/07 10:54:04
2026/08/06,Atlas to Reedy Creek Pipeline,640007,PIPE,0.000,31.529,0.000,31.026,,,QLD,Regional - QLD,590001,2026/08/07 12:46:30
2026/08/06,Australia Pacific LNG,544273,LNGEXPORT,1306.723,0.000,0.000,0.000,,,QLD,Curtis Island,540030,2026/08/07 12:00:25
2026/08/06,Australian Paper (Opal),535021,BBLARGE,15.425,0.000,0.000,0.000,,,VIC,Gippsland,590009,2026/08/11 11:00:02
2026/08/06,B1PL,540077,PIPE,0.034,41.573,0.000,48.115,,,QLD,Regional - QLD,590001,2026/08/07 11:01:06
2026/08/06,B2PL,540071,PIPE,10.250,4.394,0.000,29.156,,,QLD,Regional - QLD,590001,2026/08/07 10:18:32
2026/08/06,Bairnsdale Power Station,535020,BBGPG,0.000,0.000,0.000,0.000,,,VIC,Regional - VIC,590012,2026/08/07 11:01:09
2026/08/06,BCF,540047,COMPRESSOR,0.000,0.000,63.100,63.100,,,QLD,Regional - QLD,590001,2026/08/11 14:45:37
2026/08/06,Bell Bay CCGT,577016,BBGPG,36.542,0.000,0.000,0.000,,,TAS,Regional - TAS,590014,2026/08/08 12:01:00
2026/08/06,Bell Bay GGT,577014,BBGPG,0.000,0.000,0.000,0.000,,,TAS,Regional - TAS,590014,2026/08/08 12:01:00
2026/08/06,Bell Bay OCGT,577015,BBGPG,0.001,0.000,0.000,0.000,,,TAS,Regional - TAS,590014,2026/08/08 12:01:00
2026/08/06,Bellevue,540083,PROD,0.000,181.503,0.000,0.000,,,QLD,Regional - QLD,590001,2026/08/07 10:36:18
2026/08/06,BGP,580020,PIPE,0.295,0.000,0.000,0.000,,,NT,Regional - NT,590017,2026/08/07 12:46:30
2026/08/06,BlueScope,523204,BBLARGE,10.693,0.000,0.000,0.000,,,NSW,Sydney,520008,2026/08/07 12:01:05
2026/08/06,Bolivar,555008,BBGPG,0.152,0.000,0.000,0.000,,,SA,Regional - SA,590013,2026/08/07 12:07:34
2026/08/06,Bomaderry Gas Pipeline,523202,PIPE,0.000,0.000,22.136,0.000,,,NSW,Regional - NSW,590011,2026/08/07 12:01:05
2026/08/06,BPP,530030,PIPE,2.630,20.210,0.000,17.584,,,VIC,Gippsland,590009,2026/08/11 11:00:02
2026/08/06,Braemar 2 Power Station,544085,BBGPG,10.250,0.000,0.000,0.000,,,QLD,Regional - QLD,590001,2026/08/07 10:18:32
2026/08/06,Braemar Power Station,544252,BBGPG,0.034,0.000,0.000,0.000,,,QLD,Regional - QLD,590001,2026/08/07 11:01:06
2026/08/06,BWP,540096,PIPE,0.000,0.000,0.000,119.645,,,QLD,Wallumbilla Hub,540032,2026/08/07 12:46:30
2026/08/06,BWP,540096,PIPE,0.000,118.549,0.000,0.000,,,QLD,Regional - QLD,590001,2026/08/07 12:46:30
2026/08/06,CGP,540059,PIPE,0.000,0.000,63.084,0.000,,,QLD,Ballera,540078,2026/08/07 12:46:30
2026/08/06,CGP,540059,PIPE,63.785,0.000,0.000,0.000,,,QLD,Regional - QLD,590001,2026/08/07 12:46:30
2026/08/06,Channel Island Power Station,580231,BBGPG,21.588,0.000,0.000,0.000,,,NT,Darwin,580001,2026/08/07 12:46:30
2026/08/06,Colongra,523120,BBGPG,0.007,0.000,0.000,0.000,,,NSW,Regional - NSW,590011,2026/08/07 12:00:05
2026/08/06,ColongraGP,520090,PIPE,0.000,0.000,0.000,0.000,,,NSW,Sydney,520008,2026/08/07 12:00:05
2026/08/06,ColongraGP,520090,PIPE,0.007,0.000,0.000,0.000,,,NSW,Regional - NSW,590011,2026/08/07 12:00:05
2026/08/06,Combabula,540094,PROD,0.000,293.355,0.000,0.000,,,QLD,Regional - QLD,590001,2026/08/11 12:15:34
2026/08/06,Condabri Central,540080,PROD,0.000,148.386,0.000,0.000,,,QLD,Regional - QLD,590001,2026/08/11 12:15:34
2026/08/06,Condabri North,540090,PROD,0.000,83.832,0.000,0.000,,,QLD,Regional - QLD,590001,2026/08/11 12:15:34
2026/08/06,Condabri South,540086,PROD,0.000,157.081,0.000,0.000,,,QLD,Regional - QLD,590001,2026/08/11 12:15:34
2026/08/06,Condamine Power Station,544274,BBGPG,0.014,0.000,0.000,0.000,,,QLD,Regional - QLD,590001,2026/08/07 10:36:21
2026/08/06,CRWP,540098,PIPE,0.000,0.000,216.526,0.000,,,QLD,Wallumbilla Hub,540032,2026/08/07 11:43:07
2026/08/06,CRWP,540098,PIPE,0.000,235.361,38.956,494.819,,,QLD,Regional - QLD,590001,2026/08/07 11:43:07
2026/08/06,CWP,520054,PIPE,6.636,0.000,8.171,0.000,,,NSW,Regional - NSW,590011,2026/08/07 12:46:30
2026/08/06,Daandine,540050,PROD,0.000,33.550,0.000,0.000,,,QLD,Regional - QLD,590001,2026/08/07 10:18:45
2026/08/06,Dandenong LNG,530038,STOR,0.000,0.276,0.000,0.000,612.830,27.889,VIC,Melbourne,590008,2026/08/07 12:46:30
2026/08/06,DDP,540097,PIPE,0.000,0.000,0.000,184.486,,,QLD,Wallumbilla Hub,540032,2026/08/08 09:00:05
2026/08/06,DDP,540097,PIPE,29.955,357.881,132.894,280.442,,,QLD,Regional - QLD,590001,2026/08/08 09:00:05
2026/08/06,DDPS,544027,BBGPG,29.955,0.000,0.000,0.000,,,QLD,Regional - QLD,590001,2026/08/08 09:00:05
2026/08/06,Diamantina Power Station,544077,BBGPG,27.221,0.000,0.000,0.000,,,QLD,Regional - QLD,590001,2026/08/07 12:46:30
2026/08/06,Dry Creek Power Station,555026,BBGPG,0.000,0.000,0.000,0.000,,,SA,Regional - SA,590013,2026/08/07 11:31:09
2026/08/06,EGP,520047,PIPE,123.694,0.000,0.000,0.000,,,NSW,Sydney,520008,2026/08/07 12:01:05
2026/08/06,EGP,520047,PIPE,16.873,0.000,0.000,0.000,,,NSW,Canberra,520009,2026/08/07 12:01:05
2026/08/06,EGP,520047,PIPE,0.000,235.815,0.000,111.785,,,VIC,Longford Hub,530015,2026/08/07 12:01:05
2026/08/06,EGP,520047,PIPE,6.301,0.000,0.000,22.136,,,NSW,Regional - NSW,590011,2026/08/07 12:01:05
2026/08/06,EGP,520047,PIPE,1.142,73.091,0.000,0.000,,,VIC,Regional - VIC,590012,2026/08/07 12:01:05
2026/08/06,EO4PL,540055,PIPE,0.000,0.000,0.000,0.000,,,QLD,Regional - QLD,590001,2026/08/07 10:36:18
2026/08/06,Eurombah Creek,540089,PROD,0.000,156.942,0.000,0.000,,,QLD,Regional - QLD,590001,2026/08/11 12:15:34
2026/08/06,Fairview,540070,PROD,0.000,284.653,0.000,0.000,,,QLD,Regional - QLD,590001,2026/08/07 11:43:26
2026/08/06,GLNG (Curtis Island),544276,LNGEXPORT,908.080,0.000,0.000,0.000,,,QLD,Curtis Island,540030,2026/08/07 11:43:07
2026/08/06,GLNG Pipeline,540092,PIPE,908.080,0.000,0.000,0.000,,,QLD,Curtis Island,540030,2026/08/07 11:43:07
2026/08/06,GLNG Pipeline,540092,PIPE,0.000,420.476,495.066,13.588,,,QLD,Regional - QLD,590001,2026/08/07 10:36:18
2026/08/06,Hallett,555029,BBGPG,0.000,0.000,0.000,0.000,,,SA,Regional - SA,590013,2026/08/07 11:31:09
2026/08/06,Hunter Power Station,523210,BBGPG,0.002,0.000,0.000,0.000,,,NSW,Sydney,520008,2026/08/07 12:46:30
2026/08/06,ICF,530071,COMPRESSOR,0.000,0.000,16.079,16.079,,,VIC,Iona Hub,530016,2026/08/07 08:35:22
2026/08/06,Iona UGS,530042,STOR,16.079,175.928,0.000,0.000,14474.303,0.000,VIC,Iona Hub,530016,2026/08/07 08:30:02
2026/08/06,Jeerelang,533161,BBGPG,0.000,0.000,0.000,0.000,,,VIC,Gippsland,590009,2026/08/11 11:00:02
2026/08/06,Jordan,540088,PROD,0.000,332.422,0.000,0.000,,,QLD,Regional - QLD,590001,2026/08/07 10:36:18
2026/08/06,Katherine Power Station,580233,BBGPG,0.000,0.000,0.000,0.000,,,NT,Regional - NT,590017,2026/08/07 12:46:30
2026/08/06,Kenya,540075,PROD,0.000,113.345,0.000,0.000,,,QLD,Regional - QLD,590001,2026/08/07 10:36:18
2026/08/06,Kincora,544253,PROD,0.000,4.000,0.000,0.000,,,QLD,Regional - QLD,590001,2026/08/07 12:46:30
2026/08/06,KKLP,523209,PIPE,0.002,0.000,0.000,0.000,,,NSW,Sydney,520008,2026/08/07 12:46:30
2026/08/06,Kogan North,540061,PROD,0.000,4.347,0.000,0.000,,,QLD,Regional - QLD,590001,2026/08/07 12:46:30
2026/08/06,Ladbroke Grove PS,555086,BBGPG,14.353,0.000,0.000,0.000,,,SA,Regional - SA,590013,2026/08/07 12:46:30
2026/08/06,Lang Lang,530039,PROD,0.000,20.210,0.000,0.000,,,VIC,Gippsland,590009,2026/08/07 10:40:21
2026/08/06,Laverton,533201,BBGPG,0.008,0.000,0.000,0.000,,,VIC,Geelong,590005,2026/08/11 11:00:02
2026/08/06,Longford,530040,PROD,0.000,651.803,0.000,0.000,,,VIC,Longford Hub,530015,2026/08/07 07:57:16
2026/08/06,Loy Yang B,533163,BBGPG,0.000,0.000,0.000,0.000,,,VIC,Gippsland,590009,2026/08/07 11:01:07
2026/08/06,LYB Transmission Pipeline,535023,PIPE,0.002,0.000,0.009,0.000,,,VIC,Gippsland,590009,2026/08/07 11:01:07
2026/08/06,MAPS,550054,PIPE,51.921,0.000,0.000,0.000,,,SA,Adelaide,550016,2026/08/07 11:31:09
2026/08/06,MAPS,550054,PIPE,0.000,32.858,198.327,0.000,,,SA,Moomba Hub,550017,2026/08/07 11:31:09
2026/08/06,MAPS,550054,PIPE,183.820,0.000,0.000,0.000,,,SA,Regional - SA,590013,2026/08/07 11:31:09
2026/08/06,McArthur River Mine,580220,BBGPG,8.521,0.000,0.000,0.000,,,NT,Regional - NT,590017,2026/08/07 09:06:18
2026/08/06,MCF,550050,COMPRESSOR,0.000,0.000,0.000,0.000,,,SA,Moomba Hub,550017,2026/08/07 12:46:30
2026/08/06,Mereenie,580040,PROD,0.000,26.619,0.000,0.000,,,NT,Regional - NT,590017,2026/08/07 11:58:30
2026/08/06,Meridian,540064,PROD,0.000,45.966,0.000,0.000,,,QLD,Regional - QLD,590001,2026/08/07 09:39:15
2026/08/06,Mintaro Power Station,555031,BBGPG,0.000,0.000,0.000,0.000,,,SA,Regional - SA,590013,2026/08/07 11:31:09
2026/08/06,Moomba,550045,PROD,0.000,214.300,0.000,0.000,,,SA,Moomba Hub,550017,2026/08/11 14:45:37
2026/08/06,Moomba Storage,550046,STOR,0.000,0.000,0.000,0.000,6305.600,0.000,SA,Moomba Hub,550017,2026/08/11 14:45:37
2026/08/06,Mortlake PS,530063,BBGPG,75.623,0.000,0.000,0.000,,,VIC,Regional - VIC,590012,2026/08/07 07:20:00
2026/08/06,MPL,530061,PIPE,0.000,0.000,85.540,0.000,,,VIC,Iona Hub,530016,2026/08/07 07:20:00
2026/08/06,MPL,530061,PIPE,75.623,0.000,0.000,0.000,,,VIC,Regional - VIC,590012,2026/08/07 07:20:00
2026/08/06,MRP,580100,PIPE,8.521,0.000,8.522,0.000,,,NT,Regional - NT,590017,2026/08/07 09:06:18
2026/08/06,MSP,520053,PIPE,161.442,0.000,0.000,0.000,,,NSW,Sydney,520008,2026/08/07 12:46:30
2026/08/06,MSP,520053,PIPE,0.000,0.000,252.000,2.000,,,SA,Moomba Hub,550017,2026/08/07 12:46:30
2026/08/06,MSP,520053,PIPE,62.833,0.000,0.000,8.171,,,NSW,Regional - NSW,590011,2026/08/07 12:46:30
2026/08/06,MSP,520053,PIPE,21.243,0.000,0.000,0.000,,,NSW,Regional - ACT,590015,2026/08/07 12:46:30
2026/08/06,MSP,520053,PIPE,0.000,0.000,27.321,0.000,,,NSW,Culcairn,590016,2026/08/07 12:46:30
2026/08/06,Newport,533171,BBGPG,0.002,0.000,0.000,0.000,,,VIC,Melbourne,590008,2026/08/11 11:00:02
2026/08/06,NGP,580050,PIPE,0.000,0.000,0.000,0.000,,,QLD,Regional - QLD,590001,2026/08/07 12:01:12
2026/08/06,NGP,580050,PIPE,0.000,0.000,0.000,0.000,,,NT,Regional - NT,590017,2026/08/07 12:01:12
2026/08/06,NGS,520060,STOR,0.180,0.470,0.000,0.000,680.540,76.810,NSW,Sydney,520008,2026/08/07 07:51:20
2026/08/06,Oakey PS,544095,BBGPG,0.000,0.000,0.000,0.000,,,QLD,Regional - QLD,590001,2026/08/07 12:46:30
2026/08/06,Orana,540084,PROD,0.000,170.757,0.000,0.000,,,QLD,Regional - QLD,590001,2026/08/11 12:15:34
2026/08/06,Orbost,530041,PROD,0.000,73.091,0.000,0.000,,,VIC,Regional - VIC,590012,2026/08/07 12:01:05
2026/08/06,Orica,544011,BBLARGE,9.730,0.000,0.000,0.000,,,QLD,Regional - QLD,590001,2026/08/07 12:01:06
2026/08/06,Orica (Kooragang Island),523206,BBLARGE,39.162,0.000,0.000,0.000,,,NSW,Sydney,520008,2026/08/07 13:00:00
2026/08/06,Osborne,555033,BBGPG,35.596,0.000,0.000,0.000,,,SA,Regional - SA,590013,2026/08/07 11:31:09
2026/08/06,Otway,530044,PROD,0.000,170.709,0.000,0.000,,,VIC,Iona Hub,530016,2026/08/07 13:08:57
2026/08/06,Owen Springs Power Station,580235,BBGPG,0.732,0.000,0.000,0.000,,,NT,Regional - NT,590017,2026/08/07 06:41:02
2026/08/06,Palm Valley,580060,PROD,0.000,5.708,0.000,0.000,,,NT,Regional - NT,590017,2026/08/07 11:58:30
2026/08/06,PCA,550052,PIPE,0.003,23.548,46.260,0.000,,,VIC,Iona Hub,530016,2026/08/07 07:20:01
2026/08/06,PCA,550052,PIPE,11.825,0.000,0.000,0.000,,,SA,Adelaide,550016,2026/08/07 07:20:01
2026/08/06,PCA,550052,PIPE,0.000,0.000,0.000,21.723,,,VIC,Regional - VIC,590012,2026/08/07 07:20:01
2026/08/06,PCA,550052,PIPE,41.871,0.000,0.000,0.000,,,SA,Regional - SA,590013,2026/08/07 07:20:01
2026/08/06,PCI,530060,PIPE,0.000,181.812,0.000,181.812,,,VIC,Iona Hub,530016,2026/08/07 07:20:01
2026/08/06,Peat,540065,PROD,0.000,11.980,0.000,0.000,,,QLD,Regional - QLD,590001,2026/08/11 12:15:34
2026/08/06,Pelican Point Power Station,555089,BBGPG,48.896,0.000,0.000,0.000,,,SA,Regional - SA,590013,2026/08/07 07:20:01
2026/08/06,Phosphate Hill,544081,BBLARGE,26.124,0.000,0.000,0.000,,,QLD,Regional - QLD,590001,2026/08/07 12:46:30
2026/08/06,Pipeline Compression Station,544279,COMPRESSOR,0.000,0.000,0.000,0.000,,,QLD,Regional - QLD,590001,2026/08/07 11:43:07
2026/08/06,PVP,580070,PIPE,1.222,0.000,1.246,0.000,,,NT,Regional - NT,590017,2026/08/07 06:41:02
2026/08/06,QCLNG LNG Plant,544272,LNGEXPORT,1517.150,0.000,0.000,0.000,,,QLD,Curtis Island,540030,2026/08/07 10:36:18
2026/08/06,QGP,540058,PIPE,0.000,0.000,24.824,0.000,,,QLD,Wallumbilla Hub,540032,2026/08/07 12:01:06
2026/08/06,QGP,540058,PIPE,124.860,23.624,76.886,0.000,,,QLD,Regional - QLD,590001,2026/08/07 12:01:06
2026/08/06,Quarantine Power Station,555087,BBGPG,26.811,0.000,0.000,0.000,,,SA,Regional - SA,590013,2026/08/07 11:31:09
2026/08/06,Queensland Aluminia,544012,BBLARGE,29.380,0.000,0.000,0.000,,,QLD,Regional - QLD,590001,2026/08/07 12:01:06
2026/08/06,RBP,540057,PIPE,0.000,0.000,0.000,28.299,,,QLD,Wallumbilla Hub,540032,2026/08/07 12:46:30
2026/08/06,RBP,540057,PIPE,4.052,39.932,83.571,0.000,,,QLD,Regional - QLD,590001,2026/08/07 12:46:30
2026/08/06,RBP,540057,PIPE,90.203,0.000,0.000,0.000,,,QLD,Brisbane,590002,2026/08/07 12:46:30
2026/08/06,RCWP,540102,PIPE,0.000,0.000,0.000,127.555,,,QLD,Wallumbilla Hub,540032,2026/08/07 12:46:30
2026/08/06,RCWP,540102,PIPE,0.000,0.000,127.290,0.000,,,QLD,Regional - QLD,590001,2026/08/07 12:46:30
2026/08/06,Reedy Creek,540085,PROD,0.000,200.181,0.000,0.000,,,QLD,Regional - QLD,590001,2026/08/11 12:15:34
2026/08/06,RMNGPF,640011,PROD,0.000,16.240,0.000,0.000,,,QLD,Regional - QLD,590001,2026/08/07 10:54:16
2026/08/06,RNMGP,640012,PIPE,0.000,16.240,0.000,16.240,,,QLD,Regional - QLD,590001,2026/08/07 10:54:16
2026/08/06,RNP,640009,PIPE,0.000,22.716,0.000,22.716,,,QLD,Regional - QLD,590001,2026/08/07 12:01:08
2026/08/06,Rolleston,540073,PROD,0.000,8.488,0.000,0.000,,,QLD,Regional - QLD,590001,2026/08/07 12:01:06
2026/08/06,Roma,540095,PROD,0.000,235.361,0.000,0.000,,,QLD,Regional - QLD,590001,2026/08/07 11:43:34
2026/08/06,Roma North,544260,PROD,0.000,22.716,0.000,0.000,,,QLD,Regional - QLD,590001,2026/08/07 12:01:14
2026/08/06,Roma Power Station,540120,BBGPG,0.000,0.000,0.000,0.000,,,QLD,Regional - QLD,590001,2026/08/07 11:32:57
2026/08/06,Ron Goodin Power Station,580234,BBGPG,0.000,0.000,0.000,0.000,,,NT,Regional - NT,590017,2026/08/07 06:41:02
2026/08/06,RPL,540110,PIPE,0.075,0.000,0.000,0.000,,,QLD,Regional - QLD,590001,2026/08/07 11:32:57
2026/08/06,Ruby Jo,540082,PROD,0.000,441.329,0.000,0.000,,,QLD,Regional - QLD,590001,2026/08/07 10:36:18
2026/08/06,RUGS,540040,STOR,0.000,2.358,0.000,0.000,15162.453,0.000,QLD,Regional - QLD,590001,2026/08/07 11:43:34
2026/08/06,Scotia,540072,PROD,0.000,100.461,0.000,0.000,,,QLD,Regional - QLD,590001,2026/08/07 11:43:34
2026/08/06,SEPS,550061,PIPE,6.932,0.000,6.938,0.000,,,SA,Regional - SA,590013,2026/08/07 11:32:05
2026/08/06,SESA,550060,PIPE,0.000,0.000,21.721,0.000,,,VIC,Regional - VIC,590012,2026/08/07 12:46:30
2026/08/06,SESA,550060,PIPE,14.353,0.000,0.000,6.960,,,SA,Regional - SA,590013,2026/08/07 12:46:30
2026/08/06,Smithfield Energy Facility,522004,BBGPG,1.924,0.000,0.000,0.000,,,NSW,Regional - NSW,590011,2026/08/07 12:07:34
2026/08/06,Snapper Point,555090,BBGPG,0.352,0.000,0.000,0.000,,,SA,Regional - SA,590013,2026/08/07 11:31:09
2026/08/06,Somerton,533174,BBGPG,12.994,0.000,0.000,0.000,,,VIC,Melbourne,590008,2026/08/11 11:00:02
2026/08/06,Spring Gully,540066,PROD,0.000,0.000,0.000,0.000,,,QLD,Regional - QLD,590001,2026/08/11 12:15:34
2026/08/06,SSP,540103,PIPE,0.000,7.470,0.000,7.470,,,QLD,Regional - QLD,590001,2026/08/07 09:05:00
2026/08/06,SSSF,540062,STOR,0.000,6.300,0.000,0.000,8631.722,0.000,QLD,Regional - QLD,590001,2026/08/07 09:05:00
2026/08/06,Strathblane,540067,PROD,0.000,62.304,0.000,0.000,,,QLD,Regional - QLD,590001,2026/08/11 12:15:34
2026/08/06,Swanbank Power Station,544104,BBGPG,35.225,0.000,0.000,0.000,,,QLD,Brisbane,590002,2026/08/07 12:46:30
2026/08/06,SWQP,540060,PIPE,0.000,0.000,459.973,241.350,,,QLD,Wallumbilla Hub,540032,2026/08/07 12:46:30
2026/08/06,SWQP,540060,PIPE,0.000,0.000,0.000,67.691,,,QLD,Ballera,540078,2026/08/07 12:46:30
2026/08/06,SWQP,540060,PIPE,0.000,181.417,0.000,448.327,,,SA,Moomba Hub,550017,2026/08/07 12:46:30
2026/08/06,SWQP,540060,PIPE,0.112,0.000,0.000,0.000,,,QLD,Regional - QLD,590001,2026/08/07 12:46:30
2026/08/06,Talinga,540076,PROD,0.000,89.088,0.000,0.000,,,QLD,Regional - QLD,590001,2026/08/11 12:15:34
2026/08/06,Tallawarra,522002,BBGPG,0.000,0.000,0.000,0.000,,,NSW,Regional - NSW,590011,2026/08/07 11:00:10
2026/08/06,Tallawarra Pipeline,523201,PIPE,0.000,0.000,0.000,0.000,,,NSW,Regional - NSW,590011,2026/08/07 11:00:10
2026/08/06,Taloona,540068,PROD,0.000,49.910,0.000,0.000,,,QLD,Regional - QLD,590001,2026/08/11 12:15:34
2026/08/06,Tanami GP,580210,PIPE,8.175,0.000,7.900,0.000,,,NT,Regional - NT,590017,2026/08/07 12:02:00
2026/08/06,TGP,570050,PIPE,0.000,0.000,92.355,29.489,,,VIC,Longford Hub,530015,2026/08/08 12:01:00
2026/08/06,TGP,570050,PIPE,56.250,0.000,0.000,0.000,,,TAS,Regional - TAS,590014,2026/08/08 12:01:00
2026/08/06,Tipton,540051,PROD,0.000,41.573,0.000,0.000,,,QLD,Regional - QLD,590001,2026/08/07 10:18:35
2026/08/06,Torrens Island PS,555041,BBGPG,90.499,0.000,0.000,0.000,,,SA,Regional - SA,590013,2026/08/07 11:31:09
2026/08/06,Uranquinty Power Station,522047,BBGPG,16.831,0.000,0.000,0.000,,,NSW,Regional - NSW,590011,2026/08/07 12:46:30
2026/08/06,Valley Power GPG,535024,BBGPG,0.002,0.000,0.000,0.000,,,VIC,Gippsland,590009,2026/08/07 11:01:07
2026/08/06,VicHub,532005,PIPE,0.000,0.000,19.439,19.439,,,VIC,Longford Hub,530015,2026/08/07 12:01:16
2026/08/06,Viva Energy Refinery,535018,BBLARGE,11.870,0.000,0.000,0.000,,,VIC,Geelong,590005,2026/08/07 07:30:14
2026/08/06,VTS,530110,PIPE,0.000,413.868,48.941,0.001,,,VIC,Longford Hub,530015,2026/08/11 11:00:02
2026/08/06,VTS,530110,PIPE,0.000,142.411,50.010,0.000,,,VIC,Iona Hub,530016,2026/08/11 11:00:02
2026/08/06,VTS,530110,PIPE,13.152,0.000,0.000,0.000,,,VIC,Western,590004,2026/08/11 11:00:02
2026/08/06,VTS,530110,PIPE,68.937,0.000,0.000,0.000,,,VIC,Geelong,590005,2026/08/11 11:00:02
2026/08/06,VTS,530110,PIPE,43.480,0.000,0.000,0.000,,,VIC,Ballarat,590006,2026/08/11 11:00:02
2026/08/06,VTS,530110,PIPE,70.837,0.000,0.000,0.000,,,VIC,Northern,590007,2026/08/11 11:00:02
2026/08/06,VTS,530110,PIPE,407.098,0.202,0.000,0.000,,,VIC,Melbourne,590008,2026/08/11 11:00:02
2026/08/06,VTS,530110,PIPE,47.778,0.000,17.584,0.009,,,VIC,Gippsland,590009,2026/08/11 11:00:02
2026/08/06,VTS,530110,PIPE,0.000,0.000,0.000,27.320,,,NSW,Culcairn,590016,2026/08/11 11:00:02
2026/08/06,Wallumbilla Compression Station,544280,COMPRESSOR,0.000,0.000,0.000,0.000,,,QLD,Wallumbilla Hub,540032,2026/08/07 11:43:07
2026/08/06,WCFA,540045,COMPRESSOR,0.000,0.000,323.341,323.341,,,QLD,Wallumbilla Hub,540032,2026/08/07 12:46:30
2026/08/06,WCFB,540046,COMPRESSOR,0.000,0.000,126.332,126.332,,,QLD,Wallumbilla Hub,540032,2026/08/07 12:46:30
2026/08/06,Weddell Power Station,580232,BBGPG,10.599,0.000,0.000,0.000,,,NT,Darwin,580001,2026/08/07 12:46:30
2026/08/06,WGP,540091,PIPE,1517.150,0.000,0.000,0.000,,,QLD,Curtis Island,540030,2026/08/07 10:36:18
2026/08/06,WGP,540091,PIPE,0.000,1527.964,0.000,0.000,,,QLD,Regional - QLD,590001,2026/08/07 10:36:18
2026/08/06,Whyalla Steelworks,555085,BBLARGE,4.702,0.000,0.000,0.000,,,SA,Regional - SA,590013,2026/08/07 11:31:09
2026/08/06,Windibri,540069,PROD,0.000,65.065,0.000,0.000,,,QLD,Regional - QLD,590001,2026/08/07 10:36:18
2026/08/06,Woleebee Creek,540087,PROD,0.000,644.112,0.000,0.000,,,QLD,Regional - QLD,590001,2026/08/07 10:36:18
2026/08/06,WPP,580030,PIPE,10.599,25.130,0.000,14.528,,,NT,Darwin,580001,2026/08/07 12:46:30
2026/08/06,Yarwun,544282,BBGPG,67.959,0.000,0.000,0.000,,,QLD,Regional - QLD,590001,2026/08/07 12:01:06
2026/08/06,Yelcherr,580180,PROD,0.000,0.000,0.000,0.000,,,NT,Regional - NT,590017,2026/08/07 12:46:30
2026/08/06,Yellowbank,540074,PROD,0.000,11.886,0.000,0.000,,,QLD,Regional - QLD,590001,2026/08/07 12:01:06
2026/08/07,Adelaide Brighton,555091,BBLARGE,9.351,0.000,0.000,0.000,,,SA,Adelaide,550016,2026/08/08 13:00:01
2026/08/07,AGP,580010,PIPE,19.956,0.000,13.154,0.000,,,NT,Darwin,580001,2026/08/09 13:27:48
2026/08/07,AGP,580010,PIPE,6.822,32.217,0.515,17.858,,,NT,Regional - NT,590017,2026/08/09 13:27:48
2026/08/07,APLNG Pipeline,540093,PIPE,1303.359,0.000,0.000,0.000,,,QLD,Curtis Island,540030,2026/08/12 12:34:38
2026/08/07,APLNG Pipeline,540093,PIPE,0.000,1248.528,295.660,255.023,,,QLD,Regional - QLD,590001,2026/08/12 12:34:38
2026/08/07,Arcadia,540101,PROD,0.000,92.981,0.000,0.000,,,QLD,Regional - QLD,590001,2026/08/08 10:43:30
2026/08/07,ATGP,640013,PIPE,0.000,43.503,0.000,43.503,,,QLD,Regional - QLD,590001,2026/08/08 12:01:14
2026/08/07,ATHENA,535014,PROD,0.000,17.293,0.000,0.000,,,VIC,Iona Hub,530016,2026/08/12 09:32:54
2026/08/07,Atlas,544261,PROD,0.000,43.503,0.000,0.000,,,QLD,Regional - QLD,590001,2026/08/08 12:01:37
2026/08/07,Atlas East Central Processing Facility,640008,PROD,0.000,31.500,0.000,0.000,,,QLD,Regional - QLD,590001,2026/08/08 09:10:36
2026/08/07,Atlas to Reedy Creek Pipeline,640007,PIPE,0.000,31.539,0.000,31.259,,,QLD,Regional - QLD,590001,2026/08/09 13:27:48
2026/08/07,Australia Pacific LNG,544273,LNGEXPORT,1303.360,0.000,0.000,0.000,,,QLD,Curtis Island,540030,2026/08/08 12:00:25
2026/08/07,Australian Paper (Opal),535021,BBLARGE,12.840,0.000,0.000,0.000,,,VIC,Gippsland,590009,2026/08/11 11:00:02
2026/08/07,B1PL,540077,PIPE,0.032,41.490,0.000,31.527,,,QLD,Regional - QLD,590001,2026/08/08 11:00:54
2026/08/07,B2PL,540071,PIPE,0.000,1.863,0.000,31.706,,,QLD,Regional - QLD,590001,2026/08/08 12:30:09
2026/08/07,Bairnsdale Power Station,535020,BBGPG,0.000,0.000,0.000,0.000,,,VIC,Regional - VIC,590012,2026/08/08 11:00:49
2026/08/07,BCF,540047,COMPRESSOR,0.000,0.000,62.600,62.600,,,QLD,Regional - QLD,590001,2026/08/12 14:29:23
2026/08/07,Bell Bay CCGT,577016,BBGPG,33.707,0.000,0.000,0.000,,,TAS,Regional - TAS,590014,2026/08/09 12:01:00
2026/08/07,Bell Bay GGT,577014,BBGPG,0.000,0.000,0.000,0.000,,,TAS,Regional - TAS,590014,2026/08/09 12:01:00
2026/08/07,Bell Bay OCGT,577015,BBGPG,0.000,0.000,0.000,0.000,,,TAS,Regional - TAS,590014,2026/08/09 12:01:00
2026/08/07,Bellevue,540083,PROD,0.000,174.690,0.000,0.000,,,QLD,Regional - QLD,590001,2026/08/08 10:35:44
2026/08/07,BGP,580020,PIPE,0.285,0.000,0.000,0.000,,,NT,Regional - NT,590017,2026/08/09 13:27:48
2026/08/07,BlueScope,523204,BBLARGE,11.246,0.000,0.000,0.000,,,NSW,Sydney,520008,2026/08/08 12:01:05
2026/08/07,Bolivar,555008,BBGPG,0.000,0.000,0.000,0.000,,,SA,Regional - SA,590013,2026/08/08 12:04:29
2026/08/07,Bomaderry Gas Pipeline,523202,PIPE,22.775,0.000,22.775,0.000,,,NSW,Regional - NSW,590011,2026/08/09 12:25:01
2026/08/07,BPP,530030,PIPE,2.930,20.280,0.000,17.351,,,VIC,Gippsland,590009,2026/08/11 11:00:02
2026/08/07,Braemar 2 Power Station,544085,BBGPG,0.000,0.000,0.000,0.000,,,QLD,Regional - QLD,590001,2026/08/08 12:30:09
2026/08/07,Braemar Power Station,544252,BBGPG,0.032,0.000,0.000,0.000,,,QLD,Regional - QLD,590001,2026/08/08 11:00:54
2026/08/07,BWP,540096,PIPE,0.000,0.000,0.000,133.137,,,QLD,Wallumbilla Hub,540032,2026/08/09 13:27:48
2026/08/07,BWP,540096,PIPE,0.000,136.051,0.000,0.000,,,QLD,Regional - QLD,590001,2026/08/09 13:27:48
2026/08/07,CGP,540059,PIPE,0.000,0.000,62.626,0.000,,,QLD,Ballera,540078,2026/08/09 13:27:48
2026/08/07,CGP,540059,PIPE,64.032,0.000,0.000,0.000,,,QLD,Regional - QLD,590001,2026/08/09 13:27:48
2026/08/07,Channel Island Power Station,580231,BBGPG,19.956,0.000,0.000,0.000,,,NT,Darwin,580001,2026/08/09 13:27:48
2026/08/07,Colongra,523120,BBGPG,0.000,0.000,0.000,0.000,,,NSW,Regional - NSW,590011,2026/08/08 12:00:05
2026/08/07,ColongraGP,520090,PIPE,0.000,0.000,0.000,0.000,,,NSW,Sydney,520008,2026/08/08 12:00:05
2026/08/07,ColongraGP,520090,PIPE,0.000,0.000,0.000,0.000,,,NSW,Regional - NSW,590011,2026/08/08 12:00:05
2026/08/07,Combabula,540094,PROD,0.000,293.440,0.000,0.000,,,QLD,Regional - QLD,590001,2026/08/12 12:34:38
2026/08/07,Condabri Central,540080,PROD,0.000,135.077,0.000,0.000,,,QLD,Regional - QLD,590001,2026/08/12 12:34:38
2026/08/07,Condabri North,540090,PROD,0.000,77.274,0.000,0.000,,,QLD,Regional - QLD,590001,2026/08/12 12:34:38
2026/08/07,Condabri South,540086,PROD,0.000,156.738,0.000,0.000,,,QLD,Regional - QLD,590001,2026/08/12 12:34:38
2026/08/07,Condamine Power Station,544274,BBGPG,1.011,0.000,0.000,0.000,,,QLD,Regional - QLD,590001,2026/08/08 10:35:49
2026/08/07,CRWP,540098,PIPE,0.000,0.000,200.653,0.000,,,QLD,Wallumbilla Hub,540032,2026/08/08 10:43:07
2026/08/07,CRWP,540098,PIPE,0.000,235.959,39.015,473.147,,,QLD,Regional - QLD,590001,2026/08/08 10:43:07
2026/08/07,CWP,520054,PIPE,6.830,0.000,7.446,0.000,,,NSW,Regional - NSW,590011,2026/08/09 13:27:48
2026/08/07,Daandine,540050,PROD,0.000,33.569,0.000,0.000,,,QLD,Regional - QLD,590001,2026/08/08 12:30:09
2026/08/07,Dandenong LNG,530038,STOR,0.000,0.275,0.000,0.000,612.604,27.889,VIC,Melbourne,590008,2026/08/09 13:27:48
2026/08/07,DDP,540097,PIPE,0.000,0.000,0.000,193.993,,,QLD,Wallumbilla Hub,540032,2026/08/08 12:01:12
2026/08/07,DDP,540097,PIPE,20.517,342.067,133.131,263.351,,,QLD,Regional - QLD,590001,2026/08/08 12:01:12
2026/08/07,DDPS,544027,BBGPG,20.517,0.000,0.000,0.000,,,QLD,Regional - QLD,590001,2026/08/08 12:01:12
2026/08/07,Diamantina Power Station,544077,BBGPG,28.161,0.000,0.000,0.000,,,QLD,Regional - QLD,590001,2026/08/09 13:27:48
2026/08/07,Dry Creek Power Station,555026,BBGPG,0.000,0.000,0.000,0.000,,,SA,Regional - SA,590013,2026/08/08 11:31:05
2026/08/07,EGP,520047,PIPE,118.959,0.000,0.000,0.000,,,NSW,Sydney,520008,2026/08/08 12:01:05
2026/08/07,EGP,520047,PIPE,16.686,0.000,0.000,0.000,,,NSW,Canberra,520009,2026/08/08 12:01:05
2026/08/07,EGP,520047,PIPE,0.000,169.400,0.000,103.298,,,VIC,Longford Hub,530015,2026/08/08 12:01:05
2026/08/07,EGP,520047,PIPE,5.692,0.000,0.000,22.775,,,NSW,Regional - NSW,590011,2026/08/08 12:01:05
2026/08/07,EGP,520047,PIPE,1.019,73.534,0.000,0.000,,,VIC,Regional - VIC,590012,2026/08/08 12:01:05
2026/08/07,EO4PL,540055,PIPE,0.000,0.000,0.000,0.000,,,QLD,Regional - QLD,590001,2026/08/08 10:35:44
2026/08/07,Eurombah Creek,540089,PROD,0.000,150.411,0.000,0.000,,,QLD,Regional - QLD,590001,2026/08/12 12:34:38
2026/08/07,Fairview,540070,PROD,0.000,284.194,0.000,0.000,,,QLD,Regional - QLD,590001,2026/08/08 10:43:30
2026/08/07,GLNG (Curtis Island),544276,LNGEXPORT,814.907,0.000,0.000,0.000,,,QLD,Curtis Island,540030,2026/08/08 10:43:07
2026/08/07,GLNG Pipeline,540092,PIPE,814.907,0.000,0.000,0.000,,,QLD,Curtis Island,540030,2026/08/08 10:43:07
2026/08/07,GLNG Pipeline,540092,PIPE,0.000,420.303,473.147,32.310,,,QLD,Regional - QLD,590001,2026/08/08 10:35:44
2026/08/07,Hallett,555029,BBGPG,0.000,0.000,0.000,0.000,,,SA,Regional - SA,590013,2026/08/08 11:31:05
2026/08/07,Hunter Power Station,523210,BBGPG,0.009,0.000,0.000,0.000,,,NSW,Sydney,520008,2026/08/09 13:27:48
2026/08/07,ICF,530071,COMPRESSOR,0.000,0.000,9.000,9.000,,,VIC,Iona Hub,530016,2026/08/08 08:35:03
2026/08/07,Iona UGS,530042,STOR,42.367,94.750,0.000,0.000,14421.920,0.000,VIC,Iona Hub,530016,2026/08/08 08:30:02
2026/08/07,Jeerelang,533161,BBGPG,0.000,0.000,0.000,0.000,,,VIC,Gippsland,590009,2026/08/11 11:00:02
2026/08/07,Jordan,540088,PROD,0.000,334.478,0.000,0.000,,,QLD,Regional - QLD,590001,2026/08/08 10:35:44
2026/08/07,Katherine Power Station,580233,BBGPG,0.000,0.000,0.000,0.000,,,NT,Regional - NT,590017,2026/08/09 13:27:48
2026/08/07,Kenya,540075,PROD,0.000,115.729,0.000,0.000,,,QLD,Regional - QLD,590001,2026/08/08 10:35:44
2026/08/07,Kincora,544253,PROD,0.000,4.000,0.000,0.000,,,QLD,Regional - QLD,590001,2026/08/09 13:27:48
2026/08/07,KKLP,523209,PIPE,0.009,0.000,0.000,0.000,,,NSW,Sydney,520008,2026/08/09 13:27:48
2026/08/07,Kogan North,540061,PROD,0.000,4.350,0.000,0.000,,,QLD,Regional - QLD,590001,2026/08/09 13:27:48
2026/08/07,Ladbroke Grove PS,555086,BBGPG,8.939,0.000,0.000,0.000,,,SA,Regional - SA,590013,2026/08/09 13:27:48
2026/08/07,Lang Lang,530039,PROD,0.000,20.280,0.000,0.000,,,VIC,Gippsland,590009,2026/08/08 08:00:08
2026/08/07,Laverton,533201,BBGPG,0.000,0.000,0.000,0.000,,,VIC,Geelong,590005,2026/08/11 11:00:02
2026/08/07,Longford,530040,PROD,0.000,542.375,0.000,0.000,,,VIC,Longford Hub,530015,2026/08/08 09:55:26
2026/08/07,Loy Yang B,533163,BBGPG,0.000,0.000,0.000,0.000,,,VIC,Gippsland,590009,2026/08/08 11:00:47
2026/08/07,LYB Transmission Pipeline,535023,PIPE,0.003,0.000,0.000,0.000,,,VIC,Gippsland,590009,2026/08/08 11:00:47
2026/08/07,MAPS,550054,PIPE,55.927,0.000,0.000,0.000,,,SA,Adelaide,550016,2026/08/08 11:31:05
2026/08/07,MAPS,550054,PIPE,0.000,32.216,149.001,0.000,,,SA,Moomba Hub,550017,2026/08/08 11:31:05
2026/08/07,MAPS,550054,PIPE,114.467,0.000,0.000,0.000,,,SA,Regional - SA,590013,2026/08/08 11:31:05
2026/08/07,McArthur River Mine,580220,BBGPG,8.799,0.000,0.000,0.000,,,NT,Regional - NT,590017,2026/08/08 09:26:19
2026/08/07,MCF,550050,COMPRESSOR,0.000,0.000,0.000,0.000,,,SA,Moomba Hub,550017,2026/08/09 13:27:48
2026/08/07,Mereenie,580040,PROD,0.000,26.518,0.000,0.000,,,NT,Regional - NT,590017,2026/08/08 11:42:30
2026/08/07,Meridian,540064,PROD,0.000,46.378,0.000,0.000,,,QLD,Regional - QLD,590001,2026/08/08 09:38:52
2026/08/07,Mintaro Power Station,555031,BBGPG,0.000,0.000,0.000,0.000,,,SA,Regional - SA,590013,2026/08/08 11:31:05
2026/08/07,Moomba,550045,PROD,0.000,180.500,0.000,0.000,,,SA,Moomba Hub,550017,2026/08/12 14:29:23
2026/08/07,Moomba Storage,550046,STOR,0.000,0.000,0.000,0.000,6305.600,0.000,SA,Moomba Hub,550017,2026/08/12 14:29:23
2026/08/07,Mortlake PS,530063,BBGPG,11.245,0.000,0.000,0.000,,,VIC,Regional - VIC,590012,2026/08/08 07:20:00
2026/08/07,MPL,530061,PIPE,0.000,0.000,31.137,0.000,,,VIC,Iona Hub,530016,2026/08/08 07:20:00
2026/08/07,MPL,530061,PIPE,11.245,0.000,0.000,0.000,,,VIC,Regional - VIC,590012,2026/08/08 07:20:00
2026/08/07,MRP,580100,PIPE,8.799,0.000,8.800,0.000,,,NT,Regional - NT,590017,2026/08/08 09:26:19
2026/08/07,MSP,520053,PIPE,143.682,0.000,0.000,0.000,,,NSW,Sydney,520008,2026/08/09 13:27:48
2026/08/07,MSP,520053,PIPE,0.000,0.000,230.724,0.700,,,SA,Moomba Hub,550017,2026/08/09 13:27:48
2026/08/07,MSP,520053,PIPE,60.384,0.000,0.000,7.446,,,NSW,Regional - NSW,590011,2026/08/09 13:27:48
2026/08/07,MSP,520053,PIPE,20.968,0.000,0.000,0.000,,,NSW,Regional - ACT,590015,2026/08/09 13:27:48
2026/08/07,MSP,520053,PIPE,0.000,0.000,22.897,0.000,,,NSW,Culcairn,590016,2026/08/09 13:27:48
2026/08/07,Newport,533171,BBGPG,0.005,0.000,0.000,0.000,,,VIC,Melbourne,590008,2026/08/11 11:00:02
2026/08/07,NGP,580050,PIPE,0.000,0.000,0.000,0.000,,,QLD,Regional - QLD,590001,2026/08/08 12:01:16
2026/08/07,NGP,580050,PIPE,0.000,0.000,0.000,0.000,,,NT,Regional - NT,590017,2026/08/08 12:01:16
2026/08/07,NGS,520060,STOR,0.140,0.547,0.000,0.000,680.009,76.810,NSW,Sydney,520008,2026/08/08 08:34:49
2026/08/07,Oakey PS,544095,BBGPG,0.000,0.000,0.000,0.000,,,QLD,Regional - QLD,590001,2026/08/09 13:27:48
2026/08/07,Orana,540084,PROD,0.000,170.239,0.000,0.000,,,QLD,Regional - QLD,590001,2026/08/12 12:34:38
2026/08/07,Orbost,530041,PROD,0.000,73.534,0.000,0.000,,,VIC,Regional - VIC,590012,2026/08/08 12:01:05
2026/08/07,Orica,544011,BBLARGE,9.605,0.000,0.000,0.000,,,QLD,Regional - QLD,590001,2026/08/08 12:01:10
2026/08/07,Orica (Kooragang Island),523206,BBLARGE,39.250,0.000,0.000,0.000,,,NSW,Sydney,520008,2026/08/08 13:00:00
2026/08/07,Osborne,555033,BBGPG,22.861,0.000,0.000,0.000,,,SA,Regional - SA,590013,2026/08/08 11:31:05
2026/08/07,Otway,530044,PROD,0.000,173.580,0.000,0.000,,,VIC,Iona Hub,530016,2026/08/08 11:22:29
2026/08/07,Owen Springs Power Station,580235,BBGPG,0.581,0.000,0.000,0.000,,,NT,Regional - NT,590017,2026/08/08 06:41:45
2026/08/07,Palm Valley,580060,PROD,0.000,5.699,0.000,0.000,,,NT,Regional - NT,590017,2026/08/08 11:42:30
2026/08/07,PCA,550052,PIPE,0.000,12.973,73.737,0.000,,,VIC,Iona Hub,530016,2026/08/08 07:20:01
2026/08/07,PCA,550052,PIPE,1.901,0.000,0.000,0.000,,,SA,Adelaide,550016,2026/08/08 07:20:01
2026/08/07,PCA,550052,PIPE,0.000,0.000,0.000,15.199,,,VIC,Regional - VIC,590012,2026/08/08 07:20:01
2026/08/07,PCA,550052,PIPE,27.231,0.000,0.000,0.000,,,SA,Regional - SA,590013,2026/08/08 07:20:01
2026/08/07,PCI,530060,PIPE,0.000,184.896,0.000,184.896,,,VIC,Iona Hub,530016,2026/08/08 07:20:01
2026/08/07,Peat,540065,PROD,0.000,11.813,0.000,0.000,,,QLD,Regional - QLD,590001,2026/08/12 12:34:38
2026/08/07,Pelican Point Power Station,555089,BBGPG,39.641,0.000,0.000,0.000,,,SA,Regional - SA,590013,2026/08/08 07:20:01
2026/08/07,Phosphate Hill,544081,BBLARGE,26.123,0.000,0.000,0.000,,,QLD,Regional - QLD,590001,2026/08/09 13:27:48
2026/08/07,Pipeline Compression Station,544279,COMPRESSOR,0.000,0.000,0.000,0.000,,,QLD,Regional - QLD,590001,2026/08/08 10:43:07
2026/08/07,PVP,580070,PIPE,1.051,0.000,1.145,0.000,,,NT,Regional - NT,590017,2026/08/08 06:41:45
2026/08/07,QCLNG LNG Plant,544272,LNGEXPORT,1498.389,0.000,0.000,0.000,,,QLD,Curtis Island,540030,2026/08/08 10:35:44
2026/08/07,QGP,540058,PIPE,0.000,0.000,26.823,0.000,,,QLD,Wallumbilla Hub,540032,2026/08/08 12:01:10
2026/08/07,QGP,540058,PIPE,121.983,23.271,76.885,0.000,,,QLD,Regional - QLD,590001,2026/08/08 12:01:10
2026/08/07,Quarantine Power Station,555087,BBGPG,16.051,0.000,0.000,0.000,,,SA,Regional - SA,590013,2026/08/08 11:31:05
2026/08/07,Queensland Aluminia,544012,BBLARGE,27.100,0.000,0.000,0.000,,,QLD,Regional - QLD,590001,2026/08/08 12:01:10
2026/08/07,RBP,540057,PIPE,0.000,0.000,0.000,32.299,,,QLD,Wallumbilla Hub,540032,2026/08/09 13:27:48
2026/08/07,RBP,540057,PIPE,3.624,36.992,69.533,0.000,,,QLD,Regional - QLD,590001,2026/08/09 13:27:48
2026/08/07,RBP,540057,PIPE,71.374,0.000,0.000,0.000,,,QLD,Brisbane,590002,2026/08/09 13:27:48
2026/08/07,RCWP,540102,PIPE,0.000,0.000,0.000,119.873,,,QLD,Wallumbilla Hub,540032,2026/08/09 13:27:48
2026/08/07,RCWP,540102,PIPE,0.000,0.000,119.536,0.000,,,QLD,Regional - QLD,590001,2026/08/09 13:27:48
2026/08/07,Reedy Creek,540085,PROD,0.000,200.155,0.000,0.000,,,QLD,Regional - QLD,590001,2026/08/12 12:34:38
2026/08/07,RMNGPF,640011,PROD,0.000,16.220,0.000,0.000,,,QLD,Regional - QLD,590001,2026/08/08 09:09:17
2026/08/07,RNMGP,640012,PIPE,0.000,16.220,0.000,16.220,,,QLD,Regional - QLD,590001,2026/08/08 09:09:17
2026/08/07,RNP,640009,PIPE,0.000,22.795,0.000,22.795,,,QLD,Regional - QLD,590001,2026/08/08 12:01:11
2026/08/07,Rolleston,540073,PROD,0.000,8.363,0.000,0.000,,,QLD,Regional - QLD,590001,2026/08/08 12:01:10
2026/08/07,Roma,540095,PROD,0.000,235.959,0.000,0.000,,,QLD,Regional - QLD,590001,2026/08/08 10:58:05
2026/08/07,Roma North,544260,PROD,0.000,22.795,0.000,0.000,,,QLD,Regional - QLD,590001,2026/08/08 12:01:37
2026/08/07,Roma Power Station,540120,BBGPG,0.000,0.000,0.000,0.000,,,QLD,Regional - QLD,590001,2026/08/08 11:06:57
2026/08/07,Ron Goodin Power Station,580234,BBGPG,0.000,0.000,0.000,0.000,,,NT,Regional - NT,590017,2026/08/08 06:41:45
2026/08/07,RPL,540110,PIPE,0.067,0.000,0.000,0.000,,,QLD,Regional - QLD,590001,2026/08/08 11:06:57
2026/08/07,Ruby Jo,540082,PROD,0.000,442.389,0.000,0.000,,,QLD,Regional - QLD,590001,2026/08/08 10:35:44
2026/08/07,RUGS,540040,STOR,0.000,2.760,0.000,0.000,15159.700,0.000,QLD,Regional - QLD,590001,2026/08/08 10:58:05
2026/08/07,Scotia,540072,PROD,0.000,97.496,0.000,0.000,,,QLD,Regional - QLD,590001,2026/08/08 10:58:05
2026/08/07,SEPS,550061,PIPE,5.915,0.000,5.931,0.000,,,SA,Regional - SA,590013,2026/08/08 11:32:05
2026/08/07,SESA,550060,PIPE,0.000,0.000,15.198,0.000,,,VIC,Regional - VIC,590012,2026/08/09 13:27:48
2026/08/07,SESA,550060,PIPE,8.939,0.000,0.000,5.918,,,SA,Regional - SA,590013,2026/08/09 13:27:48
2026/08/07,Shoalhaven Starches Cogeneration Plant,523203,BBLARGE,22.532,0.000,0.000,0.000,,,NSW,Regional - NSW,590011,2026/08/09 12:25:01
2026/08/07,Smithfield Energy Facility,522004,BBGPG,0.000,0.000,0.000,0.000,,,NSW,Regional - NSW,590011,2026/08/08 12:04:36
2026/08/07,Snapper Point,555090,BBGPG,0.000,0.000,0.000,0.000,,,SA,Regional - SA,590013,2026/08/08 11:31:05
2026/08/07,Somerton,533174,BBGPG,12.899,0.000,0.000,0.000,,,VIC,Melbourne,590008,2026/08/11 11:00:02
2026/08/07,Spring Gully,540066,PROD,0.000,29.313,0.000,0.000,,,QLD,Regional - QLD,590001,2026/08/12 12:34:38
2026/08/07,SSP,540103,PIPE,0.000,6.300,0.000,6.300,,,QLD,Regional - QLD,590001,2026/08/08 13:03:29
2026/08/07,SSSF,540062,STOR,0.000,7.470,0.000,0.000,8624.252,0.000,QLD,Regional - QLD,590001,2026/08/08 13:03:29
2026/08/07,Strathblane,540067,PROD,0.000,55.626,0.000,0.000,,,QLD,Regional - QLD,590001,2026/08/12 12:34:38
2026/08/07,Swanbank Power Station,544104,BBGPG,23.861,0.000,0.000,0.000,,,QLD,Brisbane,590002,2026/08/09 13:27:48
2026/08/07,SWQP,540060,PIPE,0.000,0.000,479.302,227.476,,,QLD,Wallumbilla Hub,540032,2026/08/09 13:27:48
2026/08/07,SWQP,540060,PIPE,0.000,0.000,0.000,67.627,,,QLD,Ballera,540078,2026/08/09 13:27:48
2026/08/07,SWQP,540060,PIPE,0.000,148.297,0.000,379.025,,,SA,Moomba Hub,550017,2026/08/09 13:27:48
2026/08/07,SWQP,540060,PIPE,0.113,0.000,0.000,0.000,,,QLD,Regional - QLD,590001,2026/08/09 13:27:48
2026/08/07,Talinga,540076,PROD,0.000,86.813,0.000,0.000,,,QLD,Regional - QLD,590001,2026/08/12 12:34:38
2026/08/07,Tallawarra,522002,BBGPG,0.000,0.000,0.000,0.000,,,NSW,Regional - NSW,590011,2026/08/08 11:00:09
2026/08/07,Tallawarra Pipeline,523201,PIPE,0.000,0.000,0.000,0.000,,,NSW,Regional - NSW,590011,2026/08/08 11:00:09
2026/08/07,Taloona,540068,PROD,0.000,44.262,0.000,0.000,,,QLD,Regional - QLD,590001,2026/08/12 12:34:38
2026/08/07,Tanami GP,580210,PIPE,8.317,0.000,7.900,0.000,,,NT,Regional - NT,590017,2026/08/08 12:02:00
2026/08/07,TGP,570050,PIPE,0.000,0.000,77.945,32.660,,,VIC,Longford Hub,530015,2026/08/09 12:01:00
2026/08/07,TGP,570050,PIPE,51.919,0.000,0.000,0.000,,,TAS,Regional - TAS,590014,2026/08/09 12:01:00
2026/08/07,Tipton,540051,PROD,0.000,41.490,0.000,0.000,,,QLD,Regional - QLD,590001,2026/08/08 12:30:09
2026/08/07,Torrens Island PS,555041,BBGPG,42.739,0.000,0.000,0.000,,,SA,Regional - SA,590013,2026/08/08 11:31:05
2026/08/07,Uranquinty Power Station,522047,BBGPG,17.737,0.000,0.000,0.000,,,NSW,Regional - NSW,590011,2026/08/09 13:27:48
2026/08/07,Valley Power GPG,535024,BBGPG,0.003,0.000,0.000,0.000,,,VIC,Gippsland,590009,2026/08/08 11:00:47
2026/08/07,VicHub,532005,PIPE,0.000,0.000,25.341,25.341,,,VIC,Longford Hub,530015,2026/08/08 12:02:05
2026/08/07,Viva Energy Refinery,535018,BBLARGE,12.295,0.000,0.000,0.000,,,VIC,Geelong,590005,2026/08/08 07:30:16
2026/08/07,VTS,530110,PIPE,0.000,371.746,58.017,0.000,,,VIC,Longford Hub,530015,2026/08/11 11:00:02
2026/08/07,VTS,530110,PIPE,0.000,45.424,80.023,0.000,,,VIC,Iona Hub,530016,2026/08/11 11:00:02
2026/08/07,VTS,530110,PIPE,11.525,0.000,0.000,0.000,,,VIC,Western,590004,2026/08/11 11:00:02
2026/08/07,VTS,530110,PIPE,63.948,0.000,0.000,0.000,,,VIC,Geelong,590005,2026/08/11 11:00:02
2026/08/07,VTS,530110,PIPE,36.506,0.000,0.000,0.000,,,VIC,Ballarat,590006,2026/08/11 11:00:02
2026/08/07,VTS,530110,PIPE,59.442,0.000,0.000,0.000,,,VIC,Northern,590007,2026/08/11 11:00:02
2026/08/07,VTS,530110,PIPE,358.210,0.197,0.000,0.000,,,VIC,Melbourne,590008,2026/08/11 11:00:02
2026/08/07,VTS,530110,PIPE,42.518,0.000,17.351,0.000,,,VIC,Gippsland,590009,2026/08/11 11:00:02
2026/08/07,VTS,530110,PIPE,0.000,0.000,0.000,22.897,,,NSW,Culcairn,590016,2026/08/11 11:00:02
2026/08/07,Wallumbilla Compression Station,544280,COMPRESSOR,0.000,0.000,0.000,0.000,,,QLD,Wallumbilla Hub,540032,2026/08/08 10:43:07
2026/08/07,WCFA,540045,COMPRESSOR,0.000,0.000,357.544,357.544,,,QLD,Wallumbilla Hub,540032,2026/08/09 13:27:48
2026/08/07,WCFB,540046,COMPRESSOR,0.000,0.000,111.459,111.459,,,QLD,Wallumbilla Hub,540032,2026/08/09 13:27:48
2026/08/07,Weddell Power Station,580232,BBGPG,12.120,0.000,0.000,0.000,,,NT,Darwin,580001,2026/08/09 13:27:48
2026/08/07,WGP,540091,PIPE,1498.389,0.000,0.000,0.000,,,QLD,Curtis Island,540030,2026/08/08 10:35:44
2026/08/07,WGP,540091,PIPE,0.000,1532.051,0.000,0.000,,,QLD,Regional - QLD,590001,2026/08/08 10:35:44
2026/08/07,Whyalla Steelworks,555085,BBLARGE,4.134,0.000,0.000,0.000,,,SA,Regional - SA,590013,2026/08/08 11:31:05
2026/08/07,Windibri,540069,PROD,0.000,70.655,0.000,0.000,,,QLD,Regional - QLD,590001,2026/08/08 10:35:44
2026/08/07,Woleebee Creek,540087,PROD,0.000,643.402,0.000,0.000,,,QLD,Regional - QLD,590001,2026/08/08 10:35:44
2026/08/07,WPP,580030,PIPE,12.120,25.269,0.000,13.154,,,NT,Darwin,580001,2026/08/09 13:27:48
2026/08/07,Yarwun,544282,BBGPG,67.483,0.000,0.000,0.000,,,QLD,Regional - QLD,590001,2026/08/08 12:01:10
2026/08/07,Yelcherr,580180,PROD,0.000,0.000,0.000,0.000,,,NT,Regional - NT,590017,2026/08/09 13:27:48
2026/08/07,Yellowbank,540074,PROD,0.000,11.658,0.000,0.000,,,QLD,Regional - QLD,590001,2026/08/08 12:01:10
2026/08/08,Adelaide Brighton,555091,BBLARGE,8.495,0.000,0.000,0.000,,,SA,Adelaide,550016,2026/08/09 13:00:01
2026/08/08,AGP,580010,PIPE,19.558,0.000,14.944,0.000,,,NT,Darwin,580001,2026/08/09 13:32:30
2026/08/08,AGP,580010,PIPE,6.696,31.975,0.662,17.374,,,NT,Regional - NT,590017,2026/08/09 13:32:30
2026/08/08,APLNG Pipeline,540093,PIPE,1366.090,0.000,0.000,0.000,,,QLD,Curtis Island,540030,2026/08/13 11:41:35
2026/08/08,APLNG Pipeline,540093,PIPE,0.000,1237.624,336.397,139.212,,,QLD,Regional - QLD,590001,2026/08/13 11:41:35
2026/08/08,Arcadia,540101,PROD,0.000,92.947,0.000,0.000,,,QLD,Regional - QLD,590001,2026/08/09 11:41:49
2026/08/08,ATGP,640013,PIPE,0.000,43.558,0.000,43.558,,,QLD,Regional - QLD,590001,2026/08/09 12:01:13
2026/08/08,ATHENA,535014,PROD,0.000,17.261,0.000,0.000,,,VIC,Iona Hub,530016,2026/08/13 09:30:05
2026/08/08,Atlas,544261,PROD,0.000,43.558,0.000,0.000,,,QLD,Regional - QLD,590001,2026/08/09 12:01:17
2026/08/08,Atlas East Central Processing Facility,640008,PROD,0.000,31.360,0.000,0.000,,,QLD,Regional - QLD,590001,2026/08/09 09:19:22
2026/08/08,Atlas to Reedy Creek Pipeline,640007,PIPE,0.000,31.365,0.000,31.232,,,QLD,Regional - QLD,590001,2026/08/09 13:32:30
2026/08/08,Australia Pacific LNG,544273,LNGEXPORT,1366.089,0.000,0.000,0.000,,,QLD,Curtis Island,540030,2026/08/09 12:00:25
2026/08/08,Australian Paper (Opal),535021,BBLARGE,14.499,0.000,0.000,0.000,,,VIC,Gippsland,590009,2026/08/11 11:00:02
2026/08/08,B1PL,540077,PIPE,0.031,41.404,0.000,33.511,,,QLD,Regional - QLD,590001,2026/08/09 11:27:59
2026/08/08,B2PL,540071,PIPE,0.000,1.566,0.000,32.150,,,QLD,Regional - QLD,590001,2026/08/09 12:38:50
2026/08/08,Bairnsdale Power Station,535020,BBGPG,0.000,0.000,0.000,0.000,,,VIC,Regional - VIC,590012,2026/08/09 11:28:02
2026/08/08,BCF,540047,COMPRESSOR,0.000,0.000,70.900,70.900,,,QLD,Regional - QLD,590001,2026/08/13 15:45:26
2026/08/08,Bell Bay CCGT,577016,BBGPG,26.912,0.000,0.000,0.000,,,TAS,Regional - TAS,590014,2026/08/10 12:01:00
2026/08/08,Bell Bay GGT,577014,BBGPG,0.000,0.000,0.000,0.000,,,TAS,Regional - TAS,590014,2026/08/10 12:01:00
2026/08/08,Bell Bay OCGT,577015,BBGPG,0.000,0.000,0.000,0.000,,,TAS,Regional - TAS,590014,2026/08/10 12:01:00
2026/08/08,Bellevue,540083,PROD,0.000,171.892,0.000,0.000,,,QLD,Regional - QLD,590001,2026/08/09 10:35:46
2026/08/08,BGP,580020,PIPE,0.291,0.000,0.000,0.000,,,NT,Regional - NT,590017,2026/08/09 13:32:30
2026/08/08,BlueScope,523204,BBLARGE,9.778,0.000,0.000,0.000,,,NSW,Sydney,520008,2026/08/09 12:01:05
2026/08/08,Bolivar,555008,BBGPG,0.000,0.000,0.000,0.000,,,SA,Regional - SA,590013,2026/08/09 12:02:43
2026/08/08,Bomaderry Gas Pipeline,523202,PIPE,0.000,0.000,22.532,0.000,,,NSW,Regional - NSW,590011,2026/08/09 12:01:05
2026/08/08,BPP,530030,PIPE,2.220,20.220,0.000,17.997,,,VIC,Gippsland,590009,2026/08/11 11:00:02
2026/08/08,Braemar 2 Power Station,544085,BBGPG,0.000,0.000,0.000,0.000,,,QLD,Regional - QLD,590001,2026/08/09 12:38:50
2026/08/08,Braemar Power Station,544252,BBGPG,0.031,0.000,0.000,0.000,,,QLD,Regional - QLD,590001,2026/08/09 11:27:59
2026/08/08,BWP,540096,PIPE,0.000,0.000,0.000,148.884,,,QLD,Wallumbilla Hub,540032,2026/08/09 13:32:30
2026/08/08,BWP,540096,PIPE,0.000,147.999,0.000,0.000,,,QLD,Regional - QLD,590001,2026/08/09 13:32:30
2026/08/08,CGP,540059,PIPE,0.000,0.000,70.894,0.000,,,QLD,Ballera,540078,2026/08/09 13:32:30
2026/08/08,CGP,540059,PIPE,63.749,0.000,0.000,0.000,,,QLD,Regional - QLD,590001,2026/08/09 13:32:30
2026/08/08,Channel Island Power Station,580231,BBGPG,19.558,0.000,0.000,0.000,,,NT,Darwin,580001,2026/08/09 13:32:30
2026/08/08,Colongra,523120,BBGPG,0.000,0.000,0.000,0.000,,,NSW,Regional - NSW,590011,2026/08/09 12:00:05
2026/08/08,ColongraGP,520090,PIPE,0.000,0.000,0.000,0.000,,,NSW,Sydney,520008,2026/08/09 12:00:05
2026/08/08,ColongraGP,520090,PIPE,0.000,0.000,0.000,0.000,,,NSW,Regional - NSW,590011,2026/08/09 12:00:05
2026/08/08,Combabula,540094,PROD,0.000,293.226,0.000,0.000,,,QLD,Regional - QLD,590001,2026/08/13 11:41:35
2026/08/08,Condabri Central,540080,PROD,0.000,143.899,0.000,0.000,,,QLD,Regional - QLD,590001,2026/08/13 11:41:35
2026/08/08,Condabri North,540090,PROD,0.000,82.575,0.000,0.000,,,QLD,Regional - QLD,590001,2026/08/13 11:41:35
2026/08/08,Condabri South,540086,PROD,0.000,156.695,0.000,0.000,,,QLD,Regional - QLD,590001,2026/08/13 11:41:35
2026/08/08,Condamine Power Station,544274,BBGPG,0.000,0.000,0.000,0.000,,,QLD,Regional - QLD,590001,2026/08/09 10:35:53
2026/08/08,CRWP,540098,PIPE,0.000,0.000,233.813,0.000,,,QLD,Wallumbilla Hub,540032,2026/08/09 11:39:44
2026/08/08,CRWP,540098,PIPE,0.000,229.133,38.495,500.272,,,QLD,Regional - QLD,590001,2026/08/09 11:39:44
2026/08/08,CWP,520054,PIPE,5.046,0.000,5.083,0.000,,,NSW,Regional - NSW,590011,2026/08/09 13:32:30
2026/08/08,Daandine,540050,PROD,0.000,33.716,0.000,0.000,,,QLD,Regional - QLD,590001,2026/08/09 12:38:57
2026/08/08,Dandenong LNG,530038,STOR,0.000,0.286,0.000,0.000,612.249,27.889,VIC,Melbourne,590008,2026/08/09 13:32:30
2026/08/08,DDP,540097,PIPE,0.000,0.000,0.000,183.828,,,QLD,Wallumbilla Hub,540032,2026/08/09 12:01:12
2026/08/08,DDP,540097,PIPE,0.004,347.358,105.271,270.344,,,QLD,Regional - QLD,590001,2026/08/09 12:01:12
2026/08/08,DDPS,544027,BBGPG,0.004,0.000,0.000,0.000,,,QLD,Regional - QLD,590001,2026/08/09 12:01:12
2026/08/08,Diamantina Power Station,544077,BBGPG,29.396,0.000,0.000,0.000,,,QLD,Regional - QLD,590001,2026/08/09 13:32:30
2026/08/08,Dry Creek Power Station,555026,BBGPG,0.000,0.000,0.000,0.000,,,SA,Regional - SA,590013,2026/08/09 11:31:06
2026/08/08,EGP,520047,PIPE,115.098,0.000,0.000,0.000,,,NSW,Sydney,520008,2026/08/09 12:01:05
2026/08/08,EGP,520047,PIPE,16.546,0.000,0.000,0.000,,,NSW,Canberra,520009,2026/08/09 12:01:05
2026/08/08,EGP,520047,PIPE,0.000,212.299,0.000,93.540,,,VIC,Longford Hub,530015,2026/08/09 12:01:05
2026/08/08,EGP,520047,PIPE,5.363,0.000,0.000,22.532,,,NSW,Regional - NSW,590011,2026/08/09 12:01:05
2026/08/08,EGP,520047,PIPE,0.895,73.236,0.000,0.000,,,VIC,Regional - VIC,590012,2026/08/09 12:01:05
2026/08/08,EO4PL,540055,PIPE,0.000,0.000,0.000,0.000,,,QLD,Regional - QLD,590001,2026/08/09 10:35:46
2026/08/08,Eurombah Creek,540089,PROD,0.000,147.104,0.000,0.000,,,QLD,Regional - QLD,590001,2026/08/13 11:41:35
2026/08/08,Fairview,540070,PROD,0.000,283.723,0.000,0.000,,,QLD,Regional - QLD,590001,2026/08/09 11:41:49
2026/08/08,GLNG (Curtis Island),544276,LNGEXPORT,820.679,0.000,0.000,0.000,,,QLD,Curtis Island,540030,2026/08/09 11:39:44
2026/08/08,GLNG Pipeline,540092,PIPE,820.679,0.000,0.000,0.000,,,QLD,Curtis Island,540030,2026/08/09 11:39:44
2026/08/08,GLNG Pipeline,540092,PIPE,0.000,420.807,500.275,66.056,,,QLD,Regional - QLD,590001,2026/08/09 10:35:46
2026/08/08,Hallett,555029,BBGPG,0.000,0.000,0.000,0.000,,,SA,Regional - SA,590013,2026/08/09 11:31:06
2026/08/08,Hunter Power Station,523210,BBGPG,0.002,0.000,0.000,0.000,,,NSW,Sydney,520008,2026/08/09 13:32:30
2026/08/08,ICF,530071,COMPRESSOR,0.000,0.000,5.000,5.000,,,VIC,Iona Hub,530016,2026/08/09 08:35:03
2026/08/08,Iona UGS,530042,STOR,44.296,46.468,0.000,0.000,14419.748,0.000,VIC,Iona Hub,530016,2026/08/09 08:30:21
2026/08/08,Jeerelang,533161,BBGPG,0.000,0.000,0.000,0.000,,,VIC,Gippsland,590009,2026/08/11 11:00:02
2026/08/08,Jordan,540088,PROD,0.000,333.546,0.000,0.000,,,QLD,Regional - QLD,590001,2026/08/09 10:35:46
2026/08/08,Katherine Power Station,580233,BBGPG,0.002,0.000,0.000,0.000,,,NT,Regional - NT,590017,2026/08/09 13:32:30
2026/08/08,Kenya,540075,PROD,0.000,125.828,0.000,0.000,,,QLD,Regional - QLD,590001,2026/08/09 10:35:46
2026/08/08,Kincora,544253,PROD,0.000,4.000,0.000,0.000,,,QLD,Regional - QLD,590001,2026/08/09 13:32:30
2026/08/08,KKLP,523209,PIPE,0.002,0.000,0.000,0.000,,,NSW,Sydney,520008,2026/08/09 13:32:30
2026/08/08,Kogan North,540061,PROD,0.000,4.169,0.000,0.000,,,QLD,Regional - QLD,590001,2026/08/09 13:32:30
2026/08/08,Ladbroke Grove PS,555086,BBGPG,0.000,0.000,0.000,0.000,,,SA,Regional - SA,590013,2026/08/09 13:32:30
2026/08/08,Lang Lang,530039,PROD,0.000,20.220,0.000,0.000,,,VIC,Gippsland,590009,2026/08/09 12:29:34
2026/08/08,Laverton,533201,BBGPG,0.000,0.000,0.000,0.000,,,VIC,Geelong,590005,2026/08/11 11:00:02
2026/08/08,Longford,530040,PROD,0.000,643.423,0.000,0.000,,,VIC,Longford Hub,530015,2026/08/09 07:59:55
2026/08/08,Loy Yang B,533163,BBGPG,0.072,0.000,0.000,0.000,,,VIC,Gippsland,590009,2026/08/09 12:32:00
2026/08/08,LYB Transmission Pipeline,535023,PIPE,0.081,0.000,0.027,0.000,,,VIC,Gippsland,590009,2026/08/09 12:32:00
2026/08/08,MAPS,550054,PIPE,27.452,0.000,0.000,0.000,,,SA,Adelaide,550016,2026/08/09 11:31:06
2026/08/08,MAPS,550054,PIPE,0.000,34.150,33.049,0.000,,,SA,Moomba Hub,550017,2026/08/09 11:31:06
2026/08/08,MAPS,550054,PIPE,35.320,0.000,0.000,0.000,,,SA,Regional - SA,590013,2026/08/09 11:31:06
2026/08/08,McArthur River Mine,580220,BBGPG,9.015,0.000,0.000,0.000,,,NT,Regional - NT,590017,2026/08/09 08:46:17
2026/08/08,MCF,550050,COMPRESSOR,0.000,0.000,0.000,0.000,,,SA,Moomba Hub,550017,2026/08/09 13:32:30
2026/08/08,Meridian,540064,PROD,0.000,47.387,0.000,0.000,,,QLD,Regional - QLD,590001,2026/08/09 09:38:57
2026/08/08,Mintaro Power Station,555031,BBGPG,0.000,0.000,0.000,0.000,,,SA,Regional - SA,590013,2026/08/09 11:31:06
2026/08/08,Moomba,550045,PROD,0.000,160.600,0.000,0.000,,,SA,Moomba Hub,550017,2026/08/13 15:45:26
2026/08/08,Moomba Storage,550046,STOR,0.000,0.000,0.000,0.000,6305.600,0.000,SA,Moomba Hub,550017,2026/08/13 15:45:26
2026/08/08,Mortlake PS,530063,BBGPG,0.000,0.000,0.000,0.000,,,VIC,Regional - VIC,590012,2026/08/09 07:20:00
2026/08/08,MPL,530061,PIPE,0.000,0.000,0.036,0.000,,,VIC,Iona Hub,530016,2026/08/09 07:20:00
2026/08/08,MPL,530061,PIPE,0.000,0.000,0.000,0.000,,,VIC,Regional - VIC,590012,2026/08/09 07:20:00
2026/08/08,MRP,580100,PIPE,9.015,0.000,9.016,0.000,,,NT,Regional - NT,590017,2026/08/09 08:46:17
2026/08/08,MSP,520053,PIPE,124.515,0.000,0.000,0.000,,,NSW,Sydney,520008,2026/08/09 13:32:30
2026/08/08,MSP,520053,PIPE,0.000,0.000,182.051,2.000,,,SA,Moomba Hub,550017,2026/08/09 13:32:30
2026/08/08,MSP,520053,PIPE,38.417,0.000,0.000,5.083,,,NSW,Regional - NSW,590011,2026/08/09 13:32:30
2026/08/08,MSP,520053,PIPE,15.520,0.000,0.000,0.000,,,NSW,Regional - ACT,590015,2026/08/09 13:32:30
2026/08/08,MSP,520053,PIPE,0.000,0.000,75.401,0.000,,,NSW,Culcairn,590016,2026/08/09 13:32:30
2026/08/08,Newport,533171,BBGPG,0.006,0.000,0.000,0.000,,,VIC,Melbourne,590008,2026/08/11 11:00:02
2026/08/08,NGP,580050,PIPE,0.000,0.000,0.000,0.000,,,QLD,Regional - QLD,590001,2026/08/09 12:01:14
2026/08/08,NGP,580050,PIPE,0.000,0.000,0.000,0.000,,,NT,Regional - NT,590017,2026/08/09 12:01:14
2026/08/08,NGS,520060,STOR,0.120,0.662,0.000,0.000,679.300,76.810,NSW,Sydney,520008,2026/08/09 08:35:23
2026/08/08,Oakey PS,544095,BBGPG,0.000,0.000,0.000,0.000,,,QLD,Regional - QLD,590001,2026/08/09 13:32:30
2026/08/08,Orana,540084,PROD,0.000,170.217,0.000,0.000,,,QLD,Regional - QLD,590001,2026/08/13 11:41:35
2026/08/08,Orbost,530041,PROD,0.000,73.236,0.000,0.000,,,VIC,Regional - VIC,590012,2026/08/09 12:01:05
2026/08/08,Orica,544011,BBLARGE,9.757,0.000,0.000,0.000,,,QLD,Regional - QLD,590001,2026/08/09 12:01:10
2026/08/08,Orica (Kooragang Island),523206,BBLARGE,39.389,0.000,0.000,0.000,,,NSW,Sydney,520008,2026/08/09 13:00:00
2026/08/08,Osborne,555033,BBGPG,0.000,0.000,0.000,0.000,,,SA,Regional - SA,590013,2026/08/09 11:31:06
2026/08/08,Otway,530044,PROD,0.000,170.030,0.000,0.000,,,VIC,Iona Hub,530016,2026/08/09 12:28:29
2026/08/08,Owen Springs Power Station,580235,BBGPG,0.179,0.000,0.000,0.000,,,NT,Regional - NT,590017,2026/08/09 06:41:03
2026/08/08,PCA,550052,PIPE,0.000,10.904,50.935,1.023,,,VIC,Iona Hub,530016,2026/08/09 07:20:01
2026/08/08,PCA,550052,PIPE,26.910,0.000,0.000,0.000,,,SA,Adelaide,550016,2026/08/09 07:20:01
2026/08/08,PCA,550052,PIPE,0.000,0.000,0.000,6.722,,,VIC,Regional - VIC,590012,2026/08/09 07:20:01
2026/08/08,PCA,550052,PIPE,0.258,0.000,0.000,0.001,,,SA,Regional - SA,590013,2026/08/09 07:20:01
2026/08/08,PCI,530060,PIPE,0.000,181.368,1.023,182.391,,,VIC,Iona Hub,530016,2026/08/09 07:20:01
2026/08/08,Peat,540065,PROD,0.000,11.623,0.000,0.000,,,QLD,Regional - QLD,590001,2026/08/13 11:41:35
2026/08/08,Pelican Point Power Station,555089,BBGPG,14.610,0.000,0.000,0.000,,,SA,Regional - SA,590013,2026/08/09 07:20:01
2026/08/08,Phosphate Hill,544081,BBLARGE,24.854,0.000,0.000,0.000,,,QLD,Regional - QLD,590001,2026/08/09 13:32:30
2026/08/08,Pipeline Compression Station,544279,COMPRESSOR,0.000,0.000,0.000,0.000,,,QLD,Regional - QLD,590001,2026/08/09 11:39:44
2026/08/08,PVP,580070,PIPE,0.599,0.000,0.658,0.000,,,NT,Regional - NT,590017,2026/08/09 06:41:03
2026/08/08,QCLNG LNG Plant,544272,LNGEXPORT,1534.852,0.000,0.000,0.000,,,QLD,Curtis Island,540030,2026/08/09 10:35:46
2026/08/08,QGP,540058,PIPE,0.000,0.000,20.629,0.000,,,QLD,Wallumbilla Hub,540032,2026/08/09 12:01:10
2026/08/08,QGP,540058,PIPE,119.295,23.598,76.885,0.000,,,QLD,Regional - QLD,590001,2026/08/09 12:01:10
2026/08/08,Quarantine Power Station,555087,BBGPG,0.000,0.000,0.000,0.000,,,SA,Regional - SA,590013,2026/08/09 11:31:06
2026/08/08,Queensland Aluminia,544012,BBLARGE,24.162,0.000,0.000,0.000,,,QLD,Regional - QLD,590001,2026/08/09 12:01:10
2026/08/08,RBP,540057,PIPE,0.000,0.000,0.000,105.302,,,QLD,Wallumbilla Hub,540032,2026/08/09 13:32:30
2026/08/08,RBP,540057,PIPE,2.470,69.409,71.961,0.000,,,QLD,Regional - QLD,590001,2026/08/09 13:32:30
2026/08/08,RBP,540057,PIPE,41.290,0.000,0.000,0.000,,,QLD,Brisbane,590002,2026/08/09 13:32:30
2026/08/08,RCWP,540102,PIPE,0.000,0.000,0.000,31.935,,,QLD,Wallumbilla Hub,540032,2026/08/09 13:32:30
2026/08/08,RCWP,540102,PIPE,0.000,0.000,31.816,0.000,,,QLD,Regional - QLD,590001,2026/08/09 13:32:30
2026/08/08,Reedy Creek,540085,PROD,0.000,199.751,0.000,0.000,,,QLD,Regional - QLD,590001,2026/08/13 11:41:35
2026/08/08,RMNGPF,640011,PROD,0.000,15.600,0.000,0.000,,,QLD,Regional - QLD,590001,2026/08/09 09:19:41
2026/08/08,RNMGP,640012,PIPE,0.000,15.600,0.000,15.600,,,QLD,Regional - QLD,590001,2026/08/09 09:19:41
2026/08/08,RNP,640009,PIPE,0.000,22.895,0.000,22.895,,,QLD,Regional - QLD,590001,2026/08/09 12:01:11
2026/08/08,Rolleston,540073,PROD,0.000,8.345,0.000,0.000,,,QLD,Regional - QLD,590001,2026/08/09 12:01:10
2026/08/08,Roma,540095,PROD,0.000,229.133,0.000,0.000,,,QLD,Regional - QLD,590001,2026/08/09 11:42:49
2026/08/08,Roma North,544260,PROD,0.000,22.895,0.000,0.000,,,QLD,Regional - QLD,590001,2026/08/09 12:01:16
2026/08/08,Roma Power Station,540120,BBGPG,0.000,0.000,0.000,0.000,,,QLD,Regional - QLD,590001,2026/08/09 11:31:35
2026/08/08,Ron Goodin Power Station,580234,BBGPG,0.000,0.000,0.000,0.000,,,NT,Regional - NT,590017,2026/08/09 06:41:03
2026/08/08,RPL,540110,PIPE,0.050,0.000,0.000,0.000,,,QLD,Regional - QLD,590001,2026/08/09 11:31:35
2026/08/08,Ruby Jo,540082,PROD,0.000,439.956,0.000,0.000,,,QLD,Regional - QLD,590001,2026/08/09 10:35:46
2026/08/08,RUGS,540040,STOR,0.000,0.000,0.000,0.000,15160.059,0.000,QLD,Regional - QLD,590001,2026/08/09 11:42:49
2026/08/08,Scotia,540072,PROD,0.000,97.836,0.000,0.000,,,QLD,Regional - QLD,590001,2026/08/09 11:42:49
2026/08/08,SEPS,550061,PIPE,6.602,0.000,6.630,0.000,,,SA,Regional - SA,590013,2026/08/09 11:32:05
2026/08/08,SESA,550060,PIPE,0.000,0.000,6.721,0.000,,,VIC,Regional - VIC,590012,2026/08/09 13:32:30
2026/08/08,SESA,550060,PIPE,0.000,0.000,0.000,6.630,,,SA,Regional - SA,590013,2026/08/09 13:32:30
2026/08/08,Smithfield Energy Facility,522004,BBGPG,0.000,0.000,0.000,0.000,,,NSW,Regional - NSW,590011,2026/08/09 12:02:43
2026/08/08,Snapper Point,555090,BBGPG,0.000,0.000,0.000,0.000,,,SA,Regional - SA,590013,2026/08/09 11:31:06
2026/08/08,Somerton,533174,BBGPG,0.002,0.000,0.000,0.000,,,VIC,Melbourne,590008,2026/08/11 11:00:02
2026/08/08,Spring Gully,540066,PROD,0.000,47.619,0.000,0.000,,,QLD,Regional - QLD,590001,2026/08/13 11:41:35
2026/08/08,SSP,540103,PIPE,0.000,6.300,0.000,6.300,,,QLD,Regional - QLD,590001,2026/08/09 20:14:06
2026/08/08,SSSF,540062,STOR,0.000,6.030,0.000,0.000,8618.222,0.000,QLD,Regional - QLD,590001,2026/08/09 20:14:06
2026/08/08,Strathblane,540067,PROD,0.000,51.969,0.000,0.000,,,QLD,Regional - QLD,590001,2026/08/13 11:41:35
2026/08/08,Swanbank Power Station,544104,BBGPG,0.000,0.000,0.000,0.000,,,QLD,Brisbane,590002,2026/08/09 13:32:30
2026/08/08,SWQP,540060,PIPE,0.000,0.000,469.949,254.442,,,QLD,Wallumbilla Hub,540032,2026/08/09 13:32:30
2026/08/08,SWQP,540060,PIPE,0.000,0.000,0.000,75.561,,,QLD,Ballera,540078,2026/08/09 13:32:30
2026/08/08,SWQP,540060,PIPE,0.000,127.439,0.000,213.100,,,SA,Moomba Hub,550017,2026/08/09 13:32:30
2026/08/08,SWQP,540060,PIPE,0.115,0.000,0.000,0.000,,,QLD,Regional - QLD,590001,2026/08/09 13:32:30
2026/08/08,Talinga,540076,PROD,0.000,86.842,0.000,0.000,,,QLD,Regional - QLD,590001,2026/08/13 11:41:35
2026/08/08,Tallawarra,522002,BBGPG,0.000,0.000,0.000,0.000,,,NSW,Regional - NSW,590011,2026/08/09 11:25:01
2026/08/08,Tallawarra Pipeline,523201,PIPE,0.000,0.000,0.000,0.000,,,NSW,Regional - NSW,590011,2026/08/09 11:25:01
2026/08/08,Taloona,540068,PROD,0.000,41.180,0.000,0.000,,,QLD,Regional - QLD,590001,2026/08/13 11:41:35
2026/08/08,Tanami GP,580210,PIPE,8.363,0.000,7.700,0.000,,,NT,Regional - NT,590017,2026/08/09 12:02:00
2026/08/08,TGP,570050,PIPE,0.000,0.000,91.315,33.241,,,VIC,Longford Hub,530015,2026/08/10 12:01:00
2026/08/08,TGP,570050,PIPE,44.262,0.000,0.000,0.000,,,TAS,Regional - TAS,590014,2026/08/10 12:01:00
2026/08/08,Tipton,540051,PROD,0.000,41.403,0.000,0.000,,,QLD,Regional - QLD,590001,2026/08/09 12:39:00
2026/08/08,Torrens Island PS,555041,BBGPG,1.325,0.000,0.000,0.000,,,SA,Regional - SA,590013,2026/08/09 11:31:06
2026/08/08,Uranquinty Power Station,522047,BBGPG,0.000,0.000,0.000,0.000,,,NSW,Regional - NSW,590011,2026/08/09 13:32:30
2026/08/08,Valley Power GPG,535024,BBGPG,0.009,0.000,0.000,0.000,,,VIC,Gippsland,590009,2026/08/09 12:32:00
2026/08/08,VicHub,532005,PIPE,0.000,0.000,2.241,2.241,,,VIC,Longford Hub,530015,2026/08/09 12:01:18
2026/08/08,Viva Energy Refinery,535018,BBLARGE,11.536,0.000,0.000,0.000,,,VIC,Geelong,590005,2026/08/09 07:30:13
2026/08/08,VTS,530110,PIPE,0.000,429.206,35.490,0.002,,,VIC,Longford Hub,530015,2026/08/11 11:00:02
2026/08/08,VTS,530110,PIPE,10.832,7.648,131.425,0.000,,,VIC,Iona Hub,530016,2026/08/11 11:00:02
2026/08/08,VTS,530110,PIPE,11.560,0.000,0.000,0.000,,,VIC,Western,590004,2026/08/11 11:00:02
2026/08/08,VTS,530110,PIPE,59.718,0.000,0.000,0.000,,,VIC,Geelong,590005,2026/08/11 11:00:02
2026/08/08,VTS,530110,PIPE,37.445,0.000,0.000,0.000,,,VIC,Ballarat,590006,2026/08/11 11:00:02
2026/08/08,VTS,530110,PIPE,55.466,0.000,0.000,0.000,,,VIC,Northern,590007,2026/08/11 11:00:02
2026/08/08,VTS,530110,PIPE,318.753,0.206,0.000,0.000,,,VIC,Melbourne,590008,2026/08/11 11:00:02
2026/08/08,VTS,530110,PIPE,39.223,0.000,17.997,0.027,,,VIC,Gippsland,590009,2026/08/11 11:00:02
2026/08/08,VTS,530110,PIPE,0.000,0.000,0.000,75.401,,,NSW,Culcairn,590016,2026/08/11 11:00:02
2026/08/08,Wallumbilla Compression Station,544280,COMPRESSOR,0.000,0.000,0.000,0.000,,,QLD,Wallumbilla Hub,540032,2026/08/09 11:39:44
2026/08/08,WCFA,540045,COMPRESSOR,0.000,0.000,325.430,325.430,,,QLD,Wallumbilla Hub,540032,2026/08/09 13:32:30
2026/08/08,WCFB,540046,COMPRESSOR,0.000,0.000,134.219,134.219,,,QLD,Wallumbilla Hub,540032,2026/08/09 13:32:30
2026/08/08,Weddell Power Station,580232,BBGPG,9.952,0.000,0.000,0.000,,,NT,Darwin,580001,2026/08/09 13:32:30
2026/08/08,WGP,540091,PIPE,1534.852,0.000,0.000,0.000,,,QLD,Curtis Island,540030,2026/08/09 10:35:46
2026/08/08,WGP,540091,PIPE,0.000,1515.516,0.000,0.000,,,QLD,Regional - QLD,590001,2026/08/09 10:35:46
2026/08/08,Whyalla Steelworks,555085,BBLARGE,4.196,0.000,0.000,0.000,,,SA,Regional - SA,590013,2026/08/09 11:31:06
2026/08/08,Windibri,540069,PROD,0.000,67.931,0.000,0.000,,,QLD,Regional - QLD,590001,2026/08/09 10:35:46
2026/08/08,Woleebee Creek,540087,PROD,0.000,642.736,0.000,0.000,,,QLD,Regional - QLD,590001,2026/08/09 10:35:46
2026/08/08,WPP,580030,PIPE,9.952,24.894,0.000,14.944,,,NT,Darwin,580001,2026/08/09 13:32:30
2026/08/08,Yarwun,544282,BBGPG,68.108,0.000,0.000,0.000,,,QLD,Regional - QLD,590001,2026/08/09 12:01:10
2026/08/08,Yelcherr,580180,PROD,0.000,0.000,0.000,0.000,,,NT,Regional - NT,590017,2026/08/09 13:32:30
2026/08/08,Yellowbank,540074,PROD,0.000,12.003,0.000,0.000,,,QLD,Regional - QLD,590001,2026/08/09 12:01:10
2026/08/09,Adelaide Brighton,555091,BBLARGE,8.342,0.000,0.000,0.000,,,SA,Adelaide,550016,2026/08/10 13:00:00
2026/08/09,AGP,580010,PIPE,17.215,0.000,12.531,0.000,,,NT,Darwin,580001,2026/08/10 12:46:30
2026/08/09,AGP,580010,PIPE,6.982,32.197,0.001,17.879,,,NT,Regional - NT,590017,2026/08/10 12:46:30
2026/08/09,APLNG Pipeline,540093,PIPE,1448.215,0.000,0.000,0.000,,,QLD,Curtis Island,540030,2026/08/13 11:41:35
2026/08/09,APLNG Pipeline,540093,PIPE,0.000,1244.242,337.672,140.710,,,QLD,Regional - QLD,590001,2026/08/13 11:41:35
2026/08/09,Arcadia,540101,PROD,0.000,92.859,0.000,0.000,,,QLD,Regional - QLD,590001,2026/08/10 11:43:34
2026/08/09,ATGP,640013,PIPE,0.000,43.407,0.000,43.407,,,QLD,Regional - QLD,590001,2026/08/10 12:01:10
2026/08/09,ATHENA,535014,PROD,0.000,17.747,0.000,0.000,,,VIC,Iona Hub,530016,2026/08/13 09:30:05
2026/08/09,Atlas,544261,PROD,0.000,43.407,0.000,0.000,,,QLD,Regional - QLD,590001,2026/08/10 12:01:14
2026/08/09,Atlas East Central Processing Facility,640008,PROD,0.000,31.550,0.000,0.000,,,QLD,Regional - QLD,590001,2026/08/10 09:35:21
2026/08/09,Atlas to Reedy Creek Pipeline,640007,PIPE,0.000,31.551,0.000,30.624,,,QLD,Regional - QLD,590001,2026/08/10 12:46:30
2026/08/09,Australia Pacific LNG,544273,LNGEXPORT,1448.215,0.000,0.000,0.000,,,QLD,Curtis Island,540030,2026/08/10 12:00:25
2026/08/09,Australian Paper (Opal),535021,BBLARGE,15.315,0.000,0.000,0.000,,,VIC,Gippsland,590009,2026/08/11 11:00:02
2026/08/09,B1PL,540077,PIPE,0.035,41.123,0.000,37.875,,,QLD,Regional - QLD,590001,2026/08/10 11:00:52
2026/08/09,B2PL,540071,PIPE,0.000,0.174,0.000,33.671,,,QLD,Regional - QLD,590001,2026/08/10 12:30:13
2026/08/09,Bairnsdale Power Station,535020,BBGPG,0.000,0.000,0.000,0.000,,,VIC,Regional - VIC,590012,2026/08/10 11:00:53
2026/08/09,BCF,540047,COMPRESSOR,0.000,0.000,64.600,64.600,,,QLD,Regional - QLD,590001,2026/08/13 15:45:26
2026/08/09,Bell Bay CCGT,577016,BBGPG,28.302,0.000,0.000,0.000,,,TAS,Regional - TAS,590014,2026/08/11 12:01:00
2026/08/09,Bell Bay GGT,577014,BBGPG,0.000,0.000,0.000,0.000,,,TAS,Regional - TAS,590014,2026/08/11 12:01:00
2026/08/09,Bell Bay OCGT,577015,BBGPG,0.000,0.000,0.000,0.000,,,TAS,Regional - TAS,590014,2026/08/11 12:01:00
2026/08/09,Bellevue,540083,PROD,0.000,159.803,0.000,0.000,,,QLD,Regional - QLD,590001,2026/08/10 10:35:42
2026/08/09,BGP,580020,PIPE,0.295,0.000,0.000,0.000,,,NT,Regional - NT,590017,2026/08/10 12:46:30
2026/08/09,BlueScope,523204,BBLARGE,8.846,0.000,0.000,0.000,,,NSW,Sydney,520008,2026/08/10 12:01:05
2026/08/09,Bolivar,555008,BBGPG,0.000,0.000,0.000,0.000,,,SA,Regional - SA,590013,2026/08/10 12:06:37
2026/08/09,Bomaderry Gas Pipeline,523202,PIPE,22.515,0.000,22.515,0.000,,,NSW,Regional - NSW,590011,2026/08/10 12:52:09
2026/08/09,BPP,530030,PIPE,2.650,20.040,0.000,17.389,,,VIC,Gippsland,590009,2026/08/11 11:00:02
2026/08/09,Braemar 2 Power Station,544085,BBGPG,0.000,0.000,0.000,0.000,,,QLD,Regional - QLD,590001,2026/08/10 12:30:13
2026/08/09,Braemar Power Station,544252,BBGPG,0.035,0.000,0.000,0.000,,,QLD,Regional - QLD,590001,2026/08/10 11:00:52
2026/08/09,BWP,540096,PIPE,0.000,0.000,0.000,153.328,,,QLD,Wallumbilla Hub,540032,2026/08/10 12:46:30
2026/08/09,BWP,540096,PIPE,0.000,153.351,0.000,0.000,,,QLD,Regional - QLD,590001,2026/08/10 12:46:30
2026/08/09,CGP,540059,PIPE,0.000,0.000,64.552,0.000,,,QLD,Ballera,540078,2026/08/10 12:46:30
2026/08/09,CGP,540059,PIPE,65.274,0.000,0.000,0.000,,,QLD,Regional - QLD,590001,2026/08/10 12:46:30
2026/08/09,Channel Island Power Station,580231,BBGPG,17.215,0.000,0.000,0.000,,,NT,Darwin,580001,2026/08/10 12:46:30
2026/08/09,Colongra,523120,BBGPG,0.000,0.000,0.000,0.000,,,NSW,Regional - NSW,590011,2026/08/10 12:00:05
2026/08/09,ColongraGP,520090,PIPE,0.000,0.000,0.000,0.000,,,NSW,Sydney,520008,2026/08/10 12:00:05
2026/08/09,ColongraGP,520090,PIPE,0.000,0.000,0.000,0.000,,,NSW,Regional - NSW,590011,2026/08/10 12:00:05
2026/08/09,Combabula,540094,PROD,0.000,293.102,0.000,0.000,,,QLD,Regional - QLD,590001,2026/08/13 11:41:35
2026/08/09,Condabri Central,540080,PROD,0.000,152.419,0.000,0.000,,,QLD,Regional - QLD,590001,2026/08/13 11:41:35
2026/08/09,Condabri North,540090,PROD,0.000,86.328,0.000,0.000,,,QLD,Regional - QLD,590001,2026/08/13 11:41:35
2026/08/09,Condabri South,540086,PROD,0.000,156.027,0.000,0.000,,,QLD,Regional - QLD,590001,2026/08/13 11:41:35
2026/08/09,Condamine Power Station,544274,BBGPG,0.000,0.000,0.000,0.000,,,QLD,Regional - QLD,590001,2026/08/10 10:35:56
2026/08/09,CRWP,540098,PIPE,0.000,0.000,267.568,0.000,,,QLD,Wallumbilla Hub,540032,2026/08/10 11:43:05
2026/08/09,CRWP,540098,PIPE,0.000,234.930,38.871,521.884,,,QLD,Regional - QLD,590001,2026/08/10 11:43:05
2026/08/09,CWP,520054,PIPE,4.301,0.000,4.727,0.000,,,NSW,Regional - NSW,590011,2026/08/10 12:46:30
2026/08/09,Daandine,540050,PROD,0.000,33.845,0.000,0.000,,,QLD,Regional - QLD,590001,2026/08/10 12:30:13
2026/08/09,Dandenong LNG,530038,STOR,0.000,0.277,0.000,0.000,612.105,27.889,VIC,Melbourne,590008,2026/08/10 12:46:30
2026/08/09,DDP,540097,PIPE,0.000,0.000,0.000,184.059,,,QLD,Wallumbilla Hub,540032,2026/08/10 12:01:09
2026/08/09,DDP,540097,PIPE,0.004,346.926,105.085,270.608,,,QLD,Regional - QLD,590001,2026/08/10 12:01:09
2026/08/09,DDPS,544027,BBGPG,0.004,0.000,0.000,0.000,,,QLD,Regional - QLD,590001,2026/08/10 12:01:09
2026/08/09,Diamantina Power Station,544077,BBGPG,30.755,0.000,0.000,0.000,,,QLD,Regional - QLD,590001,2026/08/10 12:46:30
2026/08/09,Dry Creek Power Station,555026,BBGPG,0.000,0.000,0.000,0.000,,,SA,Regional - SA,590013,2026/08/10 11:31:05
2026/08/09,EGP,520047,PIPE,118.519,0.000,0.000,0.000,,,NSW,Sydney,520008,2026/08/10 12:01:05
2026/08/09,EGP,520047,PIPE,16.563,0.000,0.000,0.000,,,NSW,Canberra,520009,2026/08/10 12:01:05
2026/08/09,EGP,520047,PIPE,0.000,208.771,0.000,100.369,,,VIC,Longford Hub,530015,2026/08/10 12:01:05
2026/08/09,EGP,520047,PIPE,5.374,0.000,0.000,22.515,,,NSW,Regional - NSW,590011,2026/08/10 12:01:05
2026/08/09,EGP,520047,PIPE,1.004,73.782,0.000,0.000,,,VIC,Regional - VIC,590012,2026/08/10 12:01:05
2026/08/09,EO4PL,540055,PIPE,0.000,0.000,0.000,0.000,,,QLD,Regional - QLD,590001,2026/08/10 10:35:42
2026/08/09,Eurombah Creek,540089,PROD,0.000,148.658,0.000,0.000,,,QLD,Regional - QLD,590001,2026/08/13 11:41:35
2026/08/09,Fairview,540070,PROD,0.000,285.672,0.000,0.000,,,QLD,Regional - QLD,590001,2026/08/10 11:43:34
2026/08/09,GLNG (Curtis Island),544276,LNGEXPORT,814.883,0.000,0.000,0.000,,,QLD,Curtis Island,540030,2026/08/10 11:43:05
2026/08/09,GLNG Pipeline,540092,PIPE,814.883,0.000,0.000,0.000,,,QLD,Curtis Island,540030,2026/08/10 11:43:05
2026/08/09,GLNG Pipeline,540092,PIPE,0.000,422.374,521.884,67.064,,,QLD,Regional - QLD,590001,2026/08/10 10:35:42
2026/08/09,Hallett,555029,BBGPG,0.000,0.000,0.000,0.000,,,SA,Regional - SA,590013,2026/08/10 11:31:05
2026/08/09,Hunter Power Station,523210,BBGPG,0.000,0.000,0.000,0.000,,,NSW,Sydney,520008,2026/08/10 12:46:30
2026/08/09,ICF,530071,COMPRESSOR,0.000,0.000,5.300,5.300,,,VIC,Iona Hub,530016,2026/08/10 08:35:03
2026/08/09,Iona UGS,530042,STOR,27.956,44.967,0.000,0.000,14402.737,0.000,VIC,Iona Hub,530016,2026/08/10 08:30:02
2026/08/09,Jeerelang,533161,BBGPG,0.000,0.000,0.000,0.000,,,VIC,Gippsland,590009,2026/08/11 11:00:02
2026/08/09,Jordan,540088,PROD,0.000,333.894,0.000,0.000,,,QLD,Regional - QLD,590001,2026/08/10 10:35:42
2026/08/09,Katherine Power Station,580233,BBGPG,0.324,0.000,0.000,0.000,,,NT,Regional - NT,590017,2026/08/10 12:46:30
2026/08/09,Kenya,540075,PROD,0.000,128.896,0.000,0.000,,,QLD,Regional - QLD,590001,2026/08/10 10:35:42
2026/08/09,Kincora,544253,PROD,0.000,4.000,0.000,0.000,,,QLD,Regional - QLD,590001,2026/08/10 12:46:30
2026/08/09,KKLP,523209,PIPE,0.000,0.000,0.000,0.000,,,NSW,Sydney,520008,2026/08/10 12:46:30
2026/08/09,Kogan North,540061,PROD,0.000,4.168,0.000,0.000,,,QLD,Regional - QLD,590001,2026/08/10 12:46:30
2026/08/09,Ladbroke Grove PS,555086,BBGPG,3.418,0.000,0.000,0.000,,,SA,Regional - SA,590013,2026/08/10 12:46:30
2026/08/09,Lang Lang,530039,PROD,0.000,20.040,0.000,0.000,,,VIC,Gippsland,590009,2026/08/10 09:50:19
2026/08/09,Laverton,533201,BBGPG,0.001,0.000,0.000,0.000,,,VIC,Geelong,590005,2026/08/11 11:00:02
2026/08/09,Longford,530040,PROD,0.000,639.200,0.000,0.000,,,VIC,Longford Hub,530015,2026/08/10 08:32:36
2026/08/09,Loy Yang B,533163,BBGPG,0.000,0.000,0.000,0.000,,,VIC,Gippsland,590009,2026/08/10 11:00:46
2026/08/09,LYB Transmission Pipeline,535023,PIPE,0.000,0.000,0.047,0.000,,,VIC,Gippsland,590009,2026/08/10 11:00:46
2026/08/09,MAPS,550054,PIPE,29.974,0.000,0.000,0.000,,,SA,Adelaide,550016,2026/08/10 11:31:05
2026/08/09,MAPS,550054,PIPE,0.000,33.391,33.891,0.000,,,SA,Moomba Hub,550017,2026/08/10 11:31:05
2026/08/09,MAPS,550054,PIPE,53.489,0.000,15.000,0.000,,,SA,Regional - SA,590013,2026/08/10 11:31:05
2026/08/09,McArthur River Mine,580220,BBGPG,8.908,0.000,0.000,0.000,,,NT,Regional - NT,590017,2026/08/10 08:56:17
2026/08/09,MCF,550050,COMPRESSOR,0.000,0.000,0.000,0.000,,,SA,Moomba Hub,550017,2026/08/10 12:46:30
2026/08/09,Mereenie,580040,PROD,0.000,26.478,0.000,0.000,,,NT,Regional - NT,590017,2026/08/10 11:26:52
2026/08/09,Meridian,540064,PROD,0.000,47.093,0.000,0.000,,,QLD,Regional - QLD,590001,2026/08/10 09:38:59
2026/08/09,Mintaro Power Station,555031,BBGPG,0.000,0.000,0.000,0.000,,,SA,Regional - SA,590013,2026/08/10 11:31:05
2026/08/09,Moomba,550045,PROD,0.000,192.900,0.000,0.000,,,SA,Moomba Hub,550017,2026/08/13 15:45:26
2026/08/09,Moomba Storage,550046,STOR,0.000,0.000,0.000,0.000,6305.600,0.000,SA,Moomba Hub,550017,2026/08/13 15:45:26
2026/08/09,Mortlake PS,530063,BBGPG,0.000,0.000,0.000,0.000,,,VIC,Regional - VIC,590012,2026/08/10 07:20:00
2026/08/09,MPL,530061,PIPE,0.000,0.000,0.000,0.000,,,VIC,Iona Hub,530016,2026/08/10 07:20:00
2026/08/09,MPL,530061,PIPE,0.000,0.000,0.000,0.000,,,VIC,Regional - VIC,590012,2026/08/10 07:20:00
2026/08/09,MRP,580100,PIPE,8.908,0.000,8.909,0.000,,,NT,Regional - NT,590017,2026/08/10 08:56:17
2026/08/09,MSP,520053,PIPE,127.365,0.000,0.000,0.000,,,NSW,Sydney,520008,2026/08/10 12:46:30
2026/08/09,MSP,520053,PIPE,0.000,0.000,180.072,0.000,,,SA,Moomba Hub,550017,2026/08/10 12:46:30
2026/08/09,MSP,520053,PIPE,39.826,0.000,0.000,4.727,,,NSW,Regional - NSW,590011,2026/08/10 12:46:30
2026/08/09,MSP,520053,PIPE,19.189,0.000,0.000,0.000,,,NSW,Regional - ACT,590015,2026/08/10 12:46:30
2026/08/09,MSP,520053,PIPE,0.000,0.000,30.303,0.000,,,NSW,Culcairn,590016,2026/08/10 12:46:30
2026/08/09,Newport,533171,BBGPG,0.005,0.000,0.000,0.000,,,VIC,Melbourne,590008,2026/08/11 11:00:02
2026/08/09,NGP,580050,PIPE,0.000,0.000,0.000,0.000,,,QLD,Regional - QLD,590001,2026/08/10 12:01:12
2026/08/09,NGP,580050,PIPE,0.000,0.000,0.000,0.000,,,NT,Regional - NT,590017,2026/08/10 12:01:12
2026/08/09,NGS,520060,STOR,0.110,0.976,0.000,0.000,677.882,76.810,NSW,Sydney,520008,2026/08/10 08:06:13
2026/08/09,Oakey PS,544095,BBGPG,0.000,0.000,0.000,0.000,,,QLD,Regional - QLD,590001,2026/08/10 12:46:30
2026/08/09,Orana,540084,PROD,0.000,170.109,0.000,0.000,,,QLD,Regional - QLD,590001,2026/08/13 11:41:35
2026/08/09,Orbost,530041,PROD,0.000,73.782,0.000,0.000,,,VIC,Regional - VIC,590012,2026/08/10 12:01:05
2026/08/09,Orica,544011,BBLARGE,9.775,0.000,0.000,0.000,,,QLD,Regional - QLD,590001,2026/08/10 12:01:06
2026/08/09,Orica (Kooragang Island),523206,BBLARGE,39.428,0.000,0.000,0.000,,,NSW,Sydney,520008,2026/08/10 13:00:00
2026/08/09,Osborne,555033,BBGPG,0.000,0.000,0.000,0.000,,,SA,Regional - SA,590013,2026/08/10 11:31:05
2026/08/09,Otway,530044,PROD,0.000,163.080,0.000,0.000,,,VIC,Iona Hub,530016,2026/08/10 12:56:01
2026/08/09,Owen Springs Power Station,580235,BBGPG,0.653,0.000,0.000,0.000,,,NT,Regional - NT,590017,2026/08/10 06:41:38
2026/08/09,Palm Valley,580060,PROD,0.000,5.719,0.000,0.000,,,NT,Regional - NT,590017,2026/08/10 11:26:52
2026/08/09,PCA,550052,PIPE,0.000,11.444,25.239,1.695,,,VIC,Iona Hub,530016,2026/08/10 07:20:01
2026/08/09,PCA,550052,PIPE,24.885,0.000,0.000,0.000,,,SA,Adelaide,550016,2026/08/10 07:20:01
2026/08/09,PCA,550052,PIPE,0.000,0.000,0.000,10.872,,,VIC,Regional - VIC,590012,2026/08/10 07:20:01
2026/08/09,PCA,550052,PIPE,5.349,0.000,0.000,15.004,,,SA,Regional - SA,590013,2026/08/10 07:20:01
2026/08/09,PCI,530060,PIPE,0.000,174.685,1.695,176.430,,,VIC,Iona Hub,530016,2026/08/10 07:20:01
2026/08/09,Peat,540065,PROD,0.000,11.824,0.000,0.000,,,QLD,Regional - QLD,590001,2026/08/13 11:41:35
2026/08/09,Pelican Point Power Station,555089,BBGPG,14.509,0.000,0.000,0.000,,,SA,Regional - SA,590013,2026/08/10 07:20:01
2026/08/09,Phosphate Hill,544081,BBLARGE,24.405,0.000,0.000,0.000,,,QLD,Regional - QLD,590001,2026/08/10 12:46:30
2026/08/09,Pipeline Compression Station,544279,COMPRESSOR,0.000,0.000,0.000,0.000,,,QLD,Regional - QLD,590001,2026/08/10 11:43:05
2026/08/09,PVP,580070,PIPE,1.120,0.000,1.070,0.000,,,NT,Regional - NT,590017,2026/08/10 06:41:38
2026/08/09,QCLNG LNG Plant,544272,LNGEXPORT,1496.521,0.000,0.000,0.000,,,QLD,Curtis Island,540030,2026/08/10 10:35:42
2026/08/09,QGP,540058,PIPE,0.000,0.000,19.761,0.000,,,QLD,Wallumbilla Hub,540032,2026/08/10 12:01:06
2026/08/09,QGP,540058,PIPE,124.327,23.585,76.885,0.000,,,QLD,Regional - QLD,590001,2026/08/10 12:01:06
2026/08/09,Quarantine Power Station,555087,BBGPG,4.990,0.000,0.000,0.000,,,SA,Regional - SA,590013,2026/08/10 11:31:05
2026/08/09,Queensland Aluminia,544012,BBLARGE,26.348,0.000,0.000,0.000,,,QLD,Regional - QLD,590001,2026/08/10 12:01:06
2026/08/09,RBP,540057,PIPE,0.000,0.000,0.000,104.688,,,QLD,Wallumbilla Hub,540032,2026/08/10 12:46:30
2026/08/09,RBP,540057,PIPE,1.947,68.342,77.846,0.000,,,QLD,Regional - QLD,590001,2026/08/10 12:46:30
2026/08/09,RBP,540057,PIPE,41.856,0.000,0.000,0.000,,,QLD,Brisbane,590002,2026/08/10 12:46:30
2026/08/09,RCWP,540102,PIPE,0.000,0.000,0.000,32.472,,,QLD,Wallumbilla Hub,540032,2026/08/10 12:46:30
2026/08/09,RCWP,540102,PIPE,0.000,0.000,32.448,0.000,,,QLD,Regional - QLD,590001,2026/08/10 12:46:30
2026/08/09,Reedy Creek,540085,PROD,0.000,198.986,0.000,0.000,,,QLD,Regional - QLD,590001,2026/08/13 11:41:35
2026/08/09,RMNGPF,640011,PROD,0.000,16.040,0.000,0.000,,,QLD,Regional - QLD,590001,2026/08/10 09:35:11
2026/08/09,RNMGP,640012,PIPE,0.000,16.040,0.000,16.040,,,QLD,Regional - QLD,590001,2026/08/10 09:35:11
2026/08/09,RNP,640009,PIPE,0.000,22.831,0.000,22.831,,,QLD,Regional - QLD,590001,2026/08/10 12:01:08
2026/08/09,Rolleston,540073,PROD,0.000,8.299,0.000,0.000,,,QLD,Regional - QLD,590001,2026/08/10 12:01:06
2026/08/09,Roma,540095,PROD,0.000,234.930,0.000,0.000,,,QLD,Regional - QLD,590001,2026/08/10 11:43:37
2026/08/09,Roma North,544260,PROD,0.000,22.831,0.000,0.000,,,QLD,Regional - QLD,590001,2026/08/10 12:01:13
2026/08/09,Roma Power Station,540120,BBGPG,0.000,0.000,0.000,0.000,,,QLD,Regional - QLD,590001,2026/08/10 18:43:57
2026/08/09,Ron Goodin Power Station,580234,BBGPG,0.000,0.000,0.000,0.000,,,NT,Regional - NT,590017,2026/08/10 06:41:38
2026/08/09,RPL,540110,PIPE,0.046,0.000,0.000,0.000,,,QLD,Regional - QLD,590001,2026/08/10 18:43:57
2026/08/09,Ruby Jo,540082,PROD,0.000,440.076,0.000,0.000,,,QLD,Regional - QLD,590001,2026/08/10 10:35:42
2026/08/09,RUGS,540040,STOR,0.000,2.642,0.000,0.000,15157.023,0.000,QLD,Regional - QLD,590001,2026/08/10 11:43:37
2026/08/09,Scotia,540072,PROD,0.000,89.941,0.000,0.000,,,QLD,Regional - QLD,590001,2026/08/10 11:43:37
2026/08/09,SEPS,550061,PIPE,7.255,0.000,7.246,0.000,,,SA,Regional - SA,590013,2026/08/10 11:32:08
2026/08/09,SESA,550060,PIPE,0.000,0.000,10.870,0.000,,,VIC,Regional - VIC,590012,2026/08/10 12:46:30
2026/08/09,SESA,550060,PIPE,3.418,0.000,0.000,7.248,,,SA,Regional - SA,590013,2026/08/10 12:46:30
2026/08/09,Shoalhaven Starches Cogeneration Plant,523203,BBLARGE,22.515,0.000,0.000,0.000,,,NSW,Regional - NSW,590011,2026/08/10 12:52:09
2026/08/09,Smithfield Energy Facility,522004,BBGPG,0.000,0.000,0.000,0.000,,,NSW,Regional - NSW,590011,2026/08/10 12:06:21
2026/08/09,Snapper Point,555090,BBGPG,0.000,0.000,0.000,0.000,,,SA,Regional - SA,590013,2026/08/10 11:31:05
2026/08/09,Somerton,533174,BBGPG,0.000,0.000,0.000,0.000,,,VIC,Melbourne,590008,2026/08/11 11:00:02
2026/08/09,Spring Gully,540066,PROD,0.000,48.295,0.000,0.000,,,QLD,Regional - QLD,590001,2026/08/13 11:41:35
2026/08/09,SSP,540103,PIPE,0.000,5.640,0.000,5.640,,,QLD,Regional - QLD,590001,2026/08/10 15:05:31
2026/08/09,SSSF,540062,STOR,0.000,6.300,0.000,0.000,8612.582,0.000,QLD,Regional - QLD,590001,2026/08/10 15:05:31
2026/08/09,Strathblane,540067,PROD,0.000,51.883,0.000,0.000,,,QLD,Regional - QLD,590001,2026/08/13 11:41:35
2026/08/09,Swanbank Power Station,544104,BBGPG,0.000,0.000,0.000,0.000,,,QLD,Brisbane,590002,2026/08/10 12:46:30
2026/08/09,SWQP,540060,PIPE,0.000,0.000,474.547,287.329,,,QLD,Wallumbilla Hub,540032,2026/08/10 12:46:30
2026/08/09,SWQP,540060,PIPE,0.000,0.000,0.000,69.272,,,QLD,Ballera,540078,2026/08/10 12:46:30
2026/08/09,SWQP,540060,PIPE,0.000,161.490,0.000,213.963,,,SA,Moomba Hub,550017,2026/08/10 12:46:30
2026/08/09,SWQP,540060,PIPE,0.119,0.000,0.000,0.000,,,QLD,Regional - QLD,590001,2026/08/10 12:46:30
2026/08/09,Talinga,540076,PROD,0.000,87.118,0.000,0.000,,,QLD,Regional - QLD,590001,2026/08/13 11:41:35
2026/08/09,Tallawarra,522002,BBGPG,0.000,0.000,0.000,0.000,,,NSW,Regional - NSW,590011,2026/08/10 11:00:10
2026/08/09,Tallawarra Pipeline,523201,PIPE,0.000,0.000,0.000,0.000,,,NSW,Regional - NSW,590011,2026/08/10 11:00:10
2026/08/09,Taloona,540068,PROD,0.000,41.303,0.000,0.000,,,QLD,Regional - QLD,590001,2026/08/13 11:41:35
2026/08/09,Tanami GP,580210,PIPE,7.183,0.000,7.900,0.000,,,NT,Regional - NT,590017,2026/08/10 12:02:00
2026/08/09,TGP,570050,PIPE,0.000,0.000,79.757,38.168,,,VIC,Longford Hub,530015,2026/08/11 12:01:00
2026/08/09,TGP,570050,PIPE,44.854,0.000,0.000,0.000,,,TAS,Regional - TAS,590014,2026/08/11 12:01:00
2026/08/09,Tipton,540051,PROD,0.000,41.123,0.000,0.000,,,QLD,Regional - QLD,590001,2026/08/10 12:30:13
2026/08/09,Torrens Island PS,555041,BBGPG,18.179,0.000,0.000,0.000,,,SA,Regional - SA,590013,2026/08/10 11:31:05
2026/08/09,Uranquinty Power Station,522047,BBGPG,0.000,0.000,0.000,0.000,,,NSW,Regional - NSW,590011,2026/08/10 12:46:30
2026/08/09,Valley Power GPG,535024,BBGPG,0.000,0.000,0.000,0.000,,,VIC,Gippsland,590009,2026/08/10 11:00:46
2026/08/09,VicHub,532005,PIPE,0.000,0.000,20.608,20.608,,,VIC,Longford Hub,530015,2026/08/10 12:01:15
2026/08/09,Viva Energy Refinery,535018,BBLARGE,11.934,0.000,0.000,0.000,,,VIC,Geelong,590005,2026/08/10 07:30:16
2026/08/09,VTS,530110,PIPE,0.000,428.670,58.791,0.002,,,VIC,Longford Hub,530015,2026/08/11 11:00:02
2026/08/09,VTS,530110,PIPE,2.541,14.198,151.162,0.000,,,VIC,Iona Hub,530016,2026/08/11 11:00:02
2026/08/09,VTS,530110,PIPE,10.711,0.000,0.000,0.000,,,VIC,Western,590004,2026/08/11 11:00:02
2026/08/09,VTS,530110,PIPE,71.452,0.000,0.000,0.000,,,VIC,Geelong,590005,2026/08/11 11:00:02
2026/08/09,VTS,530110,PIPE,46.892,0.000,0.000,0.000,,,VIC,Ballarat,590006,2026/08/11 11:00:02
2026/08/09,VTS,530110,PIPE,68.091,0.000,0.000,0.000,,,VIC,Northern,590007,2026/08/11 11:00:02
2026/08/09,VTS,530110,PIPE,378.647,0.204,0.000,0.000,,,VIC,Melbourne,590008,2026/08/11 11:00:02
2026/08/09,VTS,530110,PIPE,49.603,0.000,17.389,0.047,,,VIC,Gippsland,590009,2026/08/11 11:00:02
2026/08/09,VTS,530110,PIPE,0.000,0.000,0.000,30.303,,,NSW,Culcairn,590016,2026/08/11 11:00:02
2026/08/09,Wallumbilla Compression Station,544280,COMPRESSOR,0.000,0.000,0.000,0.000,,,QLD,Wallumbilla Hub,540032,2026/08/10 11:43:05
2026/08/09,WCFA,540045,COMPRESSOR,0.000,0.000,294.490,294.490,,,QLD,Wallumbilla Hub,540032,2026/08/10 12:46:30
2026/08/09,WCFB,540046,COMPRESSOR,0.000,0.000,169.734,169.734,,,QLD,Wallumbilla Hub,540032,2026/08/10 12:46:30
2026/08/09,Weddell Power Station,580232,BBGPG,12.126,0.000,0.000,0.000,,,NT,Darwin,580001,2026/08/10 12:46:30
2026/08/09,WGP,540091,PIPE,1496.521,0.000,0.000,0.000,,,QLD,Curtis Island,540030,2026/08/10 10:35:42
2026/08/09,WGP,540091,PIPE,0.000,1513.010,0.000,0.000,,,QLD,Regional - QLD,590001,2026/08/10 10:35:42
2026/08/09,Whyalla Steelworks,555085,BBLARGE,4.299,0.000,0.000,0.000,,,SA,Regional - SA,590013,2026/08/10 11:31:05
2026/08/09,Windibri,540069,PROD,0.000,78.089,0.000,0.000,,,QLD,Regional - QLD,590001,2026/08/10 10:35:42
2026/08/09,Woleebee Creek,540087,PROD,0.000,643.646,0.000,0.000,,,QLD,Regional - QLD,590001,2026/08/10 10:35:42
2026/08/09,WPP,580030,PIPE,12.126,24.649,0.000,12.531,,,NT,Darwin,580001,2026/08/10 12:46:30
2026/08/09,Yarwun,544282,BBGPG,72.559,0.000,0.000,0.000,,,QLD,Regional - QLD,590001,2026/08/10 12:01:06
2026/08/09,Yelcherr,580180,PROD,0.000,0.000,0.000,0.000,,,NT,Regional - NT,590017,2026/08/10 12:46:30
2026/08/09,Yellowbank,540074,PROD,0.000,12.036,0.000,0.000,,,QLD,Regional - QLD,590001,2026/08/10 12:01:06
2026/08/10,Adelaide Brighton,555091,BBLARGE,3.893,0.000,0.000,0.000,,,SA,Adelaide,550016,2026/08/11 13:00:01
2026/08/10,AGP,580010,PIPE,15.257,0.000,5.419,0.000,,,NT,Darwin,580001,2026/08/11 12:46:30
2026/08/10,AGP,580010,PIPE,7.039,32.113,0.000,18.593,,,NT,Regional - NT,590017,2026/08/11 12:46:30
2026/08/10,APLNG Pipeline,540093,PIPE,1510.226,0.000,0.000,0.000,,,QLD,Curtis Island,540030,2026/08/13 11:41:35
2026/08/10,APLNG Pipeline,540093,PIPE,0.000,1249.633,493.215,210.726,,,QLD,Regional - QLD,590001,2026/08/13 11:41:35
2026/08/10,Arcadia,540101,PROD,0.000,92.798,0.000,0.000,,,QLD,Regional - QLD,590001,2026/08/11 10:58:15
2026/08/10,ATGP,640013,PIPE,0.000,43.348,0.000,43.348,,,QLD,Regional - QLD,590001,2026/08/11 12:01:14
2026/08/10,ATHENA,535014,PROD,0.000,17.215,0.000,0.000,,,VIC,Iona Hub,530016,2026/08/13 09:30:05
2026/08/10,Atlas,544261,PROD,0.000,43.348,0.000,0.000,,,QLD,Regional - QLD,590001,2026/08/11 12:01:22
2026/08/10,Atlas East Central Processing Facility,640008,PROD,0.000,31.580,0.000,0.000,,,QLD,Regional - QLD,590001,2026/08/11 09:58:43
2026/08/10,Atlas to Reedy Creek Pipeline,640007,PIPE,0.000,31.580,0.000,25.765,,,QLD,Regional - QLD,590001,2026/08/11 12:46:30
2026/08/10,Australia Pacific LNG,544273,LNGEXPORT,1510.226,0.000,0.000,0.000,,,QLD,Curtis Island,540030,2026/08/11 12:00:25
2026/08/10,Australian Paper (Opal),535021,BBLARGE,13.854,0.000,0.000,0.000,,,VIC,Gippsland,590009,2026/08/13 11:00:03
2026/08/10,B1PL,540077,PIPE,0.032,41.300,0.000,39.153,,,QLD,Regional - QLD,590001,2026/08/11 11:00:51
2026/08/10,B2PL,540071,PIPE,15.353,19.070,0.000,15.062,,,QLD,Regional - QLD,590001,2026/08/11 12:30:10
2026/08/10,Bairnsdale Power Station,535020,BBGPG,0.000,0.000,0.000,0.000,,,VIC,Regional - VIC,590012,2026/08/11 11:01:04
2026/08/10,BCF,540047,COMPRESSOR,0.000,0.000,61.600,61.600,,,QLD,Regional - QLD,590001,2026/08/13 15:45:26
2026/08/10,Bell Bay CCGT,577016,BBGPG,32.663,0.000,0.000,0.000,,,TAS,Regional - TAS,590014,2026/08/12 12:01:00
2026/08/10,Bell Bay GGT,577014,BBGPG,0.000,0.000,0.000,0.000,,,TAS,Regional - TAS,590014,2026/08/12 12:01:00
2026/08/10,Bell Bay OCGT,577015,BBGPG,0.000,0.000,0.000,0.000,,,TAS,Regional - TAS,590014,2026/08/12 12:01:00
2026/08/10,Bellevue,540083,PROD,0.000,166.277,0.000,0.000,,,QLD,Regional - QLD,590001,2026/08/11 10:35:53
2026/08/10,BGP,580020,PIPE,0.302,0.000,0.000,0.000,,,NT,Regional - NT,590017,2026/08/11 12:46:30
2026/08/10,BlueScope,523204,BBLARGE,10.939,0.000,0.000,0.000,,,NSW,Sydney,520008,2026/08/13 14:00:05
2026/08/10,Bolivar,555008,BBGPG,0.000,0.000,0.000,0.000,,,SA,Regional - SA,590013,2026/08/11 12:05:47
2026/08/10,Bomaderry Gas Pipeline,523202,PIPE,22.869,0.000,22.869,0.000,,,NSW,Regional - NSW,590011,2026/08/11 12:52:03
2026/08/10,BPP,530030,PIPE,3.010,16.830,0.155,13.823,,,VIC,Gippsland,590009,2026/08/13 11:00:03
2026/08/10,Braemar 2 Power Station,544085,BBGPG,15.353,0.000,0.000,0.000,,,QLD,Regional - QLD,590001,2026/08/11 12:30:10
2026/08/10,Braemar Power Station,544252,BBGPG,0.032,0.000,0.000,0.000,,,QLD,Regional - QLD,590001,2026/08/11 11:00:51
2026/08/10,BWP,540096,PIPE,0.000,0.000,0.000,159.771,,,QLD,Wallumbilla Hub,540032,2026/08/11 12:46:30
2026/08/10,BWP,540096,PIPE,0.000,160.497,0.000,0.000,,,QLD,Regional - QLD,590001,2026/08/11 12:46:30
2026/08/10,CGP,540059,PIPE,0.000,0.000,61.614,0.000,,,QLD,Ballera,540078,2026/08/11 12:46:30
2026/08/10,CGP,540059,PIPE,63.673,0.000,0.000,0.000,,,QLD,Regional - QLD,590001,2026/08/11 12:46:30
2026/08/10,Channel Island Power Station,580231,BBGPG,15.257,0.000,0.000,0.000,,,NT,Darwin,580001,2026/08/11 12:46:30
2026/08/10,Colongra,523120,BBGPG,0.000,0.000,0.000,0.000,,,NSW,Regional - NSW,590011,2026/08/11 12:00:05
2026/08/10,ColongraGP,520090,PIPE,0.000,0.000,0.000,0.000,,,NSW,Sydney,520008,2026/08/11 12:00:05
2026/08/10,ColongraGP,520090,PIPE,0.000,0.000,0.000,0.000,,,NSW,Regional - NSW,590011,2026/08/11 12:00:05
2026/08/10,Combabula,540094,PROD,0.000,293.989,0.000,0.000,,,QLD,Regional - QLD,590001,2026/08/13 11:41:35
2026/08/10,Condabri Central,540080,PROD,0.000,149.203,0.000,0.000,,,QLD,Regional - QLD,590001,2026/08/13 11:41:35
2026/08/10,Condabri North,540090,PROD,0.000,93.313,0.000,0.000,,,QLD,Regional - QLD,590001,2026/08/13 11:41:35
2026/08/10,Condabri South,540086,PROD,0.000,155.924,0.000,0.000,,,QLD,Regional - QLD,590001,2026/08/13 11:41:35
2026/08/10,Condamine Power Station,544274,BBGPG,0.000,0.000,0.000,0.000,,,QLD,Regional - QLD,590001,2026/08/11 10:36:20
2026/08/10,CRWP,540098,PIPE,0.000,0.000,191.911,0.000,,,QLD,Wallumbilla Hub,540032,2026/08/11 10:43:06
2026/08/10,CRWP,540098,PIPE,0.000,237.476,39.181,473.600,,,QLD,Regional - QLD,590001,2026/08/11 10:43:06
2026/08/10,CWP,520054,PIPE,5.039,0.000,4.427,0.000,,,NSW,Regional - NSW,590011,2026/08/11 12:46:30
2026/08/10,Daandine,540050,PROD,0.000,34.128,0.000,0.000,,,QLD,Regional - QLD,590001,2026/08/11 12:30:10
2026/08/10,Dandenong LNG,530038,STOR,0.000,0.263,0.000,0.000,611.912,27.889,VIC,Melbourne,590008,2026/08/11 12:46:30
2026/08/10,DDP,540097,PIPE,0.000,0.000,0.000,252.393,,,QLD,Wallumbilla Hub,540032,2026/08/11 12:01:12
2026/08/10,DDP,540097,PIPE,0.005,347.139,171.904,273.414,,,QLD,Regional - QLD,590001,2026/08/11 12:01:12
2026/08/10,DDPS,544027,BBGPG,0.005,0.000,0.000,0.000,,,QLD,Regional - QLD,590001,2026/08/11 12:01:12
2026/08/10,Diamantina Power Station,544077,BBGPG,31.439,0.000,0.000,0.000,,,QLD,Regional - QLD,590001,2026/08/11 12:46:30
2026/08/10,Dry Creek Power Station,555026,BBGPG,0.000,0.000,0.000,0.000,,,SA,Regional - SA,590013,2026/08/11 11:31:05
2026/08/10,EGP,520047,PIPE,126.237,0.000,0.000,0.000,,,NSW,Sydney,520008,2026/08/13 14:00:05
2026/08/10,EGP,520047,PIPE,16.873,0.000,0.000,0.000,,,NSW,Canberra,520009,2026/08/13 14:00:05
2026/08/10,EGP,520047,PIPE,0.000,173.158,0.000,106.623,,,VIC,Longford Hub,530015,2026/08/13 14:00:05
2026/08/10,EGP,520047,PIPE,5.466,0.000,0.000,22.869,,,NSW,Regional - NSW,590011,2026/08/13 14:00:05
2026/08/10,EGP,520047,PIPE,1.195,73.858,0.000,0.000,,,VIC,Regional - VIC,590012,2026/08/13 14:00:05
2026/08/10,EO4PL,540055,PIPE,0.000,0.000,0.000,0.000,,,QLD,Regional - QLD,590001,2026/08/11 10:35:53
2026/08/10,Eurombah Creek,540089,PROD,0.000,147.329,0.000,0.000,,,QLD,Regional - QLD,590001,2026/08/13 11:41:35
2026/08/10,Fairview,540070,PROD,0.000,283.689,0.000,0.000,,,QLD,Regional - QLD,590001,2026/08/11 10:58:15
2026/08/10,GLNG (Curtis Island),544276,LNGEXPORT,803.440,0.000,0.000,0.000,,,QLD,Curtis Island,540030,2026/08/11 10:43:06
2026/08/10,GLNG Pipeline,540092,PIPE,803.440,0.000,0.000,0.000,,,QLD,Curtis Island,540030,2026/08/11 10:43:06
2026/08/10,GLNG Pipeline,540092,PIPE,0.000,420.814,473.600,68.227,,,QLD,Regional - QLD,590001,2026/08/11 10:35:53
2026/08/10,Hallett,555029,BBGPG,0.000,0.000,0.000,0.000,,,SA,Regional - SA,590013,2026/08/11 11:31:05
2026/08/10,Hunter Power Station,523210,BBGPG,0.000,0.000,0.000,0.000,,,NSW,Sydney,520008,2026/08/11 12:46:30
2026/08/10,ICF,530071,COMPRESSOR,0.000,0.000,6.900,6.900,,,VIC,Iona Hub,530016,2026/08/11 08:35:03
2026/08/10,Iona UGS,530042,STOR,11.685,119.529,0.000,0.000,14294.893,0.000,VIC,Iona Hub,530016,2026/08/11 08:30:02
2026/08/10,Jeerelang,533161,BBGPG,0.000,0.000,0.000,0.000,,,VIC,Gippsland,590009,2026/08/13 11:00:03
2026/08/10,Jordan,540088,PROD,0.000,334.879,0.000,0.000,,,QLD,Regional - QLD,590001,2026/08/11 10:35:53
2026/08/10,Katherine Power Station,580233,BBGPG,0.000,0.000,0.000,0.000,,,NT,Regional - NT,590017,2026/08/11 12:46:30
2026/08/10,Kenya,540075,PROD,0.000,126.532,0.000,0.000,,,QLD,Regional - QLD,590001,2026/08/11 10:35:53
2026/08/10,Kincora,544253,PROD,0.000,4.000,0.000,0.000,,,QLD,Regional - QLD,590001,2026/08/11 12:46:30
2026/08/10,KKLP,523209,PIPE,0.000,0.000,0.000,0.000,,,NSW,Sydney,520008,2026/08/11 12:46:30
2026/08/10,Kogan North,540061,PROD,0.000,4.359,0.000,0.000,,,QLD,Regional - QLD,590001,2026/08/11 12:46:30
2026/08/10,Ladbroke Grove PS,555086,BBGPG,4.134,0.000,0.000,0.000,,,SA,Regional - SA,590013,2026/08/11 12:46:30
2026/08/10,Lang Lang,530039,PROD,0.000,16.830,0.000,0.000,,,VIC,Gippsland,590009,2026/08/11 13:20:51
2026/08/10,Laverton,533201,BBGPG,0.000,0.000,0.000,0.000,,,VIC,Geelong,590005,2026/08/13 11:00:03
2026/08/10,Longford,530040,PROD,0.000,597.933,0.000,0.000,,,VIC,Longford Hub,530015,2026/08/11 08:53:00
2026/08/10,Loy Yang B,533163,BBGPG,0.000,0.000,0.000,0.000,,,VIC,Gippsland,590009,2026/08/11 11:00:54
2026/08/10,LYB Transmission Pipeline,535023,PIPE,0.006,0.000,0.000,0.000,,,VIC,Gippsland,590009,2026/08/11 11:00:54
2026/08/10,MAPS,550054,PIPE,43.836,0.000,0.000,0.000,,,SA,Adelaide,550016,2026/08/11 11:31:05
2026/08/10,MAPS,550054,PIPE,0.000,30.531,87.515,0.000,,,SA,Moomba Hub,550017,2026/08/11 11:31:05
2026/08/10,MAPS,550054,PIPE,57.127,0.000,1.304,0.000,,,SA,Regional - SA,590013,2026/08/11 11:31:05
2026/08/10,McArthur River Mine,580220,BBGPG,8.605,0.000,0.000,0.000,,,NT,Regional - NT,590017,2026/08/11 08:46:18
2026/08/10,MCF,550050,COMPRESSOR,0.000,0.000,0.000,0.000,,,SA,Moomba Hub,550017,2026/08/11 12:46:30
2026/08/10,Mereenie,580040,PROD,0.000,26.393,0.000,0.000,,,NT,Regional - NT,590017,2026/08/11 11:15:54
2026/08/10,Meridian,540064,PROD,0.000,47.577,0.000,0.000,,,QLD,Regional - QLD,590001,2026/08/11 09:39:02
2026/08/10,Mintaro Power Station,555031,BBGPG,0.000,0.000,0.000,0.000,,,SA,Regional - SA,590013,2026/08/11 11:31:05
2026/08/10,Moomba,550045,PROD,0.000,174.000,0.000,0.000,,,SA,Moomba Hub,550017,2026/08/13 15:45:26
2026/08/10,Moomba Storage,550046,STOR,0.000,0.000,0.000,0.000,6305.600,0.000,SA,Moomba Hub,550017,2026/08/13 15:45:26
2026/08/10,Mortlake PS,530063,BBGPG,0.000,0.000,0.000,0.000,,,VIC,Regional - VIC,590012,2026/08/11 07:20:00
2026/08/10,MPL,530061,PIPE,0.000,0.000,6.102,1.993,,,VIC,Iona Hub,530016,2026/08/11 07:20:00
2026/08/10,MPL,530061,PIPE,0.000,0.000,0.000,0.000,,,VIC,Regional - VIC,590012,2026/08/11 07:20:00
2026/08/10,MRP,580100,PIPE,8.605,0.000,8.606,0.000,,,NT,Regional - NT,590017,2026/08/11 08:46:18
2026/08/10,MSP,520053,PIPE,149.864,0.000,0.000,0.000,,,NSW,Sydney,520008,2026/08/11 12:46:30
2026/08/10,MSP,520053,PIPE,0.000,0.000,182.066,2.000,,,SA,Moomba Hub,550017,2026/08/11 12:46:30
2026/08/10,MSP,520053,PIPE,48.096,0.000,0.000,4.427,,,NSW,Regional - NSW,590011,2026/08/11 12:46:30
2026/08/10,MSP,520053,PIPE,23.336,0.000,0.000,0.000,,,NSW,Regional - ACT,590015,2026/08/11 12:46:30
2026/08/10,MSP,520053,PIPE,0.000,0.000,43.978,0.000,,,NSW,Culcairn,590016,2026/08/11 12:46:30
2026/08/10,Newport,533171,BBGPG,0.004,0.000,0.000,0.000,,,VIC,Melbourne,590008,2026/08/13 11:00:03
2026/08/10,NGP,580050,PIPE,0.000,0.000,0.000,0.000,,,QLD,Regional - QLD,590001,2026/08/11 12:01:19
2026/08/10,NGP,580050,PIPE,0.000,0.000,0.000,0.000,,,NT,Regional - NT,590017,2026/08/11 12:01:19
2026/08/10,NGS,520060,STOR,0.030,0.907,0.000,0.000,676.759,76.810,NSW,Sydney,520008,2026/08/11 07:55:46
2026/08/10,Oakey PS,544095,BBGPG,0.000,0.000,0.000,0.000,,,QLD,Regional - QLD,590001,2026/08/11 12:46:30
2026/08/10,Orana,540084,PROD,0.000,170.721,0.000,0.000,,,QLD,Regional - QLD,590001,2026/08/13 11:41:35
2026/08/10,Orbost,530041,PROD,0.000,73.858,0.000,0.000,,,VIC,Regional - VIC,590012,2026/08/13 14:00:05
2026/08/10,Orica,544011,BBLARGE,9.748,0.000,0.000,0.000,,,QLD,Regional - QLD,590001,2026/08/12 18:00:11
2026/08/10,Orica (Kooragang Island),523206,BBLARGE,39.826,0.000,0.000,0.000,,,NSW,Sydney,520008,2026/08/11 13:00:00
2026/08/10,Osborne,555033,BBGPG,0.000,0.000,0.000,0.000,,,SA,Regional - SA,590013,2026/08/11 11:31:05
2026/08/10,Otway,530044,PROD,0.000,115.667,0.000,0.000,,,VIC,Iona Hub,530016,2026/08/11 15:57:46
2026/08/10,Owen Springs Power Station,580235,BBGPG,1.157,0.000,0.000,0.000,,,NT,Regional - NT,590017,2026/08/11 06:41:56
2026/08/10,Palm Valley,580060,PROD,0.000,5.720,0.000,0.000,,,NT,Regional - NT,590017,2026/08/11 11:15:54
2026/08/10,PCA,550052,PIPE,0.002,12.813,36.313,6.867,,,VIC,Iona Hub,530016,2026/08/11 07:20:01
2026/08/10,PCA,550052,PIPE,14.745,0.000,0.000,0.000,,,SA,Adelaide,550016,2026/08/11 07:20:01
2026/08/10,PCA,550052,PIPE,0.000,0.000,0.000,10.863,,,VIC,Regional - VIC,590012,2026/08/11 07:20:01
2026/08/10,PCA,550052,PIPE,0.787,0.000,0.000,1.299,,,SA,Regional - SA,590013,2026/08/11 07:20:01
2026/08/10,PCI,530060,PIPE,0.000,126.984,8.860,135.844,,,VIC,Iona Hub,530016,2026/08/11 07:20:01
2026/08/10,Peat,540065,PROD,0.000,11.817,0.000,0.000,,,QLD,Regional - QLD,590001,2026/08/13 11:41:35
2026/08/10,Pelican Point Power Station,555089,BBGPG,13.455,0.000,0.000,0.000,,,SA,Regional - SA,590013,2026/08/11 07:20:01
2026/08/10,Phosphate Hill,544081,BBLARGE,22.657,0.000,0.000,0.000,,,QLD,Regional - QLD,590001,2026/08/11 12:46:30
2026/08/10,Pipeline Compression Station,544279,COMPRESSOR,0.000,0.000,0.000,0.000,,,QLD,Regional - QLD,590001,2026/08/11 10:43:06
2026/08/10,PVP,580070,PIPE,1.661,0.000,1.687,0.000,,,NT,Regional - NT,590017,2026/08/11 06:41:56
2026/08/10,QCLNG LNG Plant,544272,LNGEXPORT,1505.409,0.000,0.000,0.000,,,QLD,Curtis Island,540030,2026/08/11 10:35:53
2026/08/10,QGP,540058,PIPE,0.000,0.000,25.430,0.000,,,QLD,Wallumbilla Hub,540032,2026/08/12 18:00:11
2026/08/10,QGP,540058,PIPE,123.886,23.400,74.384,0.000,,,QLD,Regional - QLD,590001,2026/08/12 18:00:11
2026/08/10,Quarantine Power Station,555087,BBGPG,0.000,0.000,0.000,0.000,,,SA,Regional - SA,590013,2026/08/11 11:31:05
2026/08/10,Queensland Aluminia,544012,BBLARGE,25.846,0.000,0.000,0.000,,,QLD,Regional - QLD,590001,2026/08/12 18:00:11
2026/08/10,RBP,540057,PIPE,0.000,0.000,0.000,109.854,,,QLD,Wallumbilla Hub,540032,2026/08/11 12:46:30
2026/08/10,RBP,540057,PIPE,3.925,104.780,61.235,0.000,,,QLD,Regional - QLD,590001,2026/08/11 12:46:30
2026/08/10,RBP,540057,PIPE,54.731,0.000,0.000,0.000,,,QLD,Brisbane,590002,2026/08/11 12:46:30
2026/08/10,RCWP,540102,PIPE,0.000,0.000,130.631,0.384,,,QLD,Wallumbilla Hub,540032,2026/08/11 12:46:30
2026/08/10,RCWP,540102,PIPE,0.000,0.000,32.549,151.575,,,QLD,Regional - QLD,590001,2026/08/11 12:46:30
2026/08/10,Reedy Creek,540085,PROD,0.000,200.093,0.000,0.000,,,QLD,Regional - QLD,590001,2026/08/13 11:41:35
2026/08/10,RMNGPF,640011,PROD,0.000,16.170,0.000,0.000,,,QLD,Regional - QLD,590001,2026/08/11 09:58:33
2026/08/10,RNMGP,640012,PIPE,0.000,16.170,0.000,16.170,,,QLD,Regional - QLD,590001,2026/08/11 09:58:33
2026/08/10,RNP,640009,PIPE,0.000,23.011,0.000,23.011,,,QLD,Regional - QLD,590001,2026/08/11 12:01:10
2026/08/10,Rolleston,540073,PROD,0.000,8.271,0.000,0.000,,,QLD,Regional - QLD,590001,2026/08/12 18:00:11
2026/08/10,Roma,540095,PROD,0.000,237.476,0.000,0.000,,,QLD,Regional - QLD,590001,2026/08/11 10:58:19
2026/08/10,Roma North,544260,PROD,0.000,23.011,0.000,0.000,,,QLD,Regional - QLD,590001,2026/08/11 12:01:21
2026/08/10,Roma Power Station,540120,BBGPG,0.000,0.000,0.000,0.000,,,QLD,Regional - QLD,590001,2026/08/11 20:27:57
2026/08/10,Ron Goodin Power Station,580234,BBGPG,0.000,0.000,0.000,0.000,,,NT,Regional - NT,590017,2026/08/11 06:41:56
2026/08/10,RPL,540110,PIPE,0.061,0.000,0.000,0.000,,,QLD,Regional - QLD,590001,2026/08/11 20:27:57
2026/08/10,Ruby Jo,540082,PROD,0.000,435.301,0.000,0.000,,,QLD,Regional - QLD,590001,2026/08/11 10:35:53
2026/08/10,RUGS,540040,STOR,0.000,4.001,0.000,0.000,15153.108,0.000,QLD,Regional - QLD,590001,2026/08/11 10:58:19
2026/08/10,Scotia,540072,PROD,0.000,93.042,0.000,0.000,,,QLD,Regional - QLD,590001,2026/08/11 10:58:19
2026/08/10,SEPS,550061,PIPE,6.535,0.000,6.547,0.000,,,SA,Regional - SA,590013,2026/08/11 11:32:05
2026/08/10,SESA,550060,PIPE,0.000,0.000,10.864,0.000,,,VIC,Regional - VIC,590012,2026/08/11 12:46:30
2026/08/10,SESA,550060,PIPE,4.134,0.000,0.000,6.542,,,SA,Regional - SA,590013,2026/08/11 12:46:30
2026/08/10,Shoalhaven Starches Cogeneration Plant,523203,BBLARGE,22.869,0.000,0.000,0.000,,,NSW,Regional - NSW,590011,2026/08/11 12:52:03
2026/08/10,Smithfield Energy Facility,522004,BBGPG,0.000,0.000,0.000,0.000,,,NSW,Regional - NSW,590011,2026/08/11 12:05:35
2026/08/10,Snapper Point,555090,BBGPG,0.000,0.000,0.000,0.000,,,SA,Regional - SA,590013,2026/08/11 11:31:05
2026/08/10,Somerton,533174,BBGPG,0.000,0.000,0.000,0.000,,,VIC,Melbourne,590008,2026/08/13 11:00:03
2026/08/10,Spring Gully,540066,PROD,0.000,47.809,0.000,0.000,,,QLD,Regional - QLD,590001,2026/08/13 11:41:35
2026/08/10,SSP,540103,PIPE,0.000,6.070,0.000,6.070,,,QLD,Regional - QLD,590001,2026/08/11 10:46:25
2026/08/10,SSSF,540062,STOR,0.000,6.300,0.000,0.000,8606.512,0.000,QLD,Regional - QLD,590001,2026/08/11 10:46:25
2026/08/10,Strathblane,540067,PROD,0.000,52.874,0.000,0.000,,,QLD,Regional - QLD,590001,2026/08/13 11:41:35
2026/08/10,Swanbank Power Station,544104,BBGPG,0.000,0.000,0.000,0.000,,,QLD,Brisbane,590002,2026/08/11 12:46:30
2026/08/10,SWQP,540060,PIPE,0.000,0.000,522.402,347.972,,,QLD,Wallumbilla Hub,540032,2026/08/11 12:46:30
2026/08/10,SWQP,540060,PIPE,0.000,0.000,0.000,66.295,,,QLD,Ballera,540078,2026/08/11 12:46:30
2026/08/10,SWQP,540060,PIPE,0.000,143.427,0.000,267.581,,,SA,Moomba Hub,550017,2026/08/11 12:46:30
2026/08/10,SWQP,540060,PIPE,0.117,0.000,0.000,0.000,,,QLD,Regional - QLD,590001,2026/08/11 12:46:30
2026/08/10,Talinga,540076,PROD,0.000,85.843,0.000,0.000,,,QLD,Regional - QLD,590001,2026/08/13 11:41:35
2026/08/10,Tallawarra,522002,BBGPG,0.000,0.000,0.000,0.000,,,NSW,Regional - NSW,590011,2026/08/11 11:00:04
2026/08/10,Tallawarra Pipeline,523201,PIPE,0.000,0.000,0.000,0.000,,,NSW,Regional - NSW,590011,2026/08/11 11:00:04
2026/08/10,Taloona,540068,PROD,0.000,41.290,0.000,0.000,,,QLD,Regional - QLD,590001,2026/08/13 11:41:35
2026/08/10,Tanami GP,580210,PIPE,8.167,0.000,8.300,0.000,,,NT,Regional - NT,590017,2026/08/11 12:02:00
2026/08/10,TGP,570050,PIPE,0.000,0.000,83.422,34.516,,,VIC,Longford Hub,530015,2026/08/12 12:01:00
2026/08/10,TGP,570050,PIPE,50.141,0.000,0.000,0.000,,,TAS,Regional - TAS,590014,2026/08/12 12:01:00
2026/08/10,Tipton,540051,PROD,0.000,41.300,0.000,0.000,,,QLD,Regional - QLD,590001,2026/08/11 12:30:10
2026/08/10,Torrens Island PS,555041,BBGPG,23.147,0.000,0.000,0.000,,,SA,Regional - SA,590013,2026/08/11 11:31:05
2026/08/10,Uranquinty Power Station,522047,BBGPG,0.000,0.000,0.000,0.000,,,NSW,Regional - NSW,590011,2026/08/11 12:46:30
2026/08/10,Valley Power GPG,535024,BBGPG,0.006,0.000,0.000,0.000,,,VIC,Gippsland,590009,2026/08/11 11:00:54
2026/08/10,VicHub,532005,PIPE,0.000,0.000,23.200,23.200,,,VIC,Longford Hub,530015,2026/08/11 12:01:24
2026/08/10,Viva Energy Refinery,535018,BBLARGE,12.385,0.000,0.000,0.000,,,VIC,Geelong,590005,2026/08/11 07:30:16
2026/08/10,VTS,530110,PIPE,0.000,423.311,57.732,0.000,,,VIC,Longford Hub,530015,2026/08/13 11:00:03
2026/08/10,VTS,530110,PIPE,0.000,102.220,93.428,0.000,,,VIC,Iona Hub,530016,2026/08/13 11:00:03
2026/08/10,VTS,530110,PIPE,12.852,0.000,0.000,0.000,,,VIC,Western,590004,2026/08/13 11:00:03
2026/08/10,VTS,530110,PIPE,67.867,0.000,0.000,0.000,,,VIC,Geelong,590005,2026/08/13 11:00:03
2026/08/10,VTS,530110,PIPE,46.449,0.000,0.000,0.000,,,VIC,Ballarat,590006,2026/08/13 11:00:03
2026/08/10,VTS,530110,PIPE,71.459,0.000,0.000,0.000,,,VIC,Northern,590007,2026/08/13 11:00:03
2026/08/10,VTS,530110,PIPE,421.176,0.201,0.000,0.000,,,VIC,Melbourne,590008,2026/08/13 11:00:03
2026/08/10,VTS,530110,PIPE,49.372,0.000,13.823,0.155,,,VIC,Gippsland,590009,2026/08/13 11:00:03
2026/08/10,VTS,530110,PIPE,0.000,0.000,0.000,43.977,,,NSW,Culcairn,590016,2026/08/13 11:00:03
2026/08/10,Wallumbilla Compression Station,544280,COMPRESSOR,0.000,0.000,0.000,0.000,,,QLD,Wallumbilla Hub,540032,2026/08/11 10:43:06
2026/08/10,WCFA,540045,COMPRESSOR,0.000,0.000,357.492,357.492,,,QLD,Wallumbilla Hub,540032,2026/08/11 12:46:30
2026/08/10,WCFB,540046,COMPRESSOR,0.000,0.000,154.086,154.086,,,QLD,Wallumbilla Hub,540032,2026/08/11 12:46:30
2026/08/10,Weddell Power Station,580232,BBGPG,19.648,0.000,0.000,0.000,,,NT,Darwin,580001,2026/08/11 12:46:30
2026/08/10,WGP,540091,PIPE,1505.409,0.000,0.000,0.000,,,QLD,Curtis Island,540030,2026/08/11 10:35:53
2026/08/10,WGP,540091,PIPE,0.000,1469.028,0.003,0.000,,,QLD,Regional - QLD,590001,2026/08/11 10:35:53
2026/08/10,Whyalla Steelworks,555085,BBLARGE,3.616,0.000,0.000,0.000,,,SA,Regional - SA,590013,2026/08/11 11:31:05
2026/08/10,Windibri,540069,PROD,0.000,75.323,0.000,0.000,,,QLD,Regional - QLD,590001,2026/08/11 10:35:53
2026/08/10,Woleebee Creek,540087,PROD,0.000,643.864,0.000,0.000,,,QLD,Regional - QLD,590001,2026/08/11 10:35:53
2026/08/10,WPP,580030,PIPE,19.648,25.058,0.000,5.419,,,NT,Darwin,580001,2026/08/11 12:46:30
2026/08/10,Yarwun,544282,BBGPG,71.237,0.000,0.000,0.000,,,QLD,Regional - QLD,590001,2026/08/12 18:00:11
2026/08/10,Yelcherr,580180,PROD,0.000,0.000,0.000,0.000,,,NT,Regional - NT,590017,2026/08/11 12:46:30
2026/08/10,Yellowbank,540074,PROD,0.000,11.879,0.000,0.000,,,QLD,Regional - QLD,590001,2026/08/12 18:00:11
2026/08/11,Adelaide Brighton,555091,BBLARGE,11.208,0.000,0.000,0.000,,,SA,Adelaide,550016,2026/08/12 13:00:00
2026/08/11,AGP,580010,PIPE,21.345,0.000,8.998,0.000,,,NT,Darwin,580001,2026/08/12 12:46:30
2026/08/11,AGP,580010,PIPE,7.105,32.142,0.000,18.253,,,NT,Regional - NT,590017,2026/08/12 12:46:30
2026/08/11,APLNG Pipeline,540093,PIPE,1521.526,0.000,0.000,0.000,,,QLD,Curtis Island,540030,2026/08/13 11:41:35
2026/08/11,APLNG Pipeline,540093,PIPE,0.000,1277.282,502.705,199.367,,,QLD,Regional - QLD,590001,2026/08/13 11:41:35
2026/08/11,Arcadia,540101,PROD,0.000,97.718,0.000,0.000,,,QLD,Regional - QLD,590001,2026/08/12 11:13:18
2026/08/11,ATGP,640013,PIPE,0.000,43.462,0.000,43.462,,,QLD,Regional - QLD,590001,2026/08/12 12:01:10
2026/08/11,ATHENA,535014,PROD,0.000,17.068,0.000,0.000,,,VIC,Iona Hub,530016,2026/08/13 09:30:05
2026/08/11,Atlas,544261,PROD,0.000,43.462,0.000,0.000,,,QLD,Regional - QLD,590001,2026/08/12 12:01:14
2026/08/11,Atlas East Central Processing Facility,640008,PROD,0.000,31.540,0.000,0.000,,,QLD,Regional - QLD,590001,2026/08/12 10:52:44
2026/08/11,Atlas to Reedy Creek Pipeline,640007,PIPE,0.000,32.772,0.000,30.389,,,QLD,Regional - QLD,590001,2026/08/12 12:46:30
2026/08/11,Australia Pacific LNG,544273,LNGEXPORT,1521.527,0.000,0.000,0.000,,,QLD,Curtis Island,540030,2026/08/12 12:00:25
2026/08/11,Australian Paper (Opal),535021,BBLARGE,8.173,0.000,0.000,0.000,,,VIC,Gippsland,590009,2026/08/13 11:00:03
2026/08/11,B1PL,540077,PIPE,0.035,40.288,0.000,38.753,,,QLD,Regional - QLD,590001,2026/08/12 11:00:54
2026/08/11,B2PL,540071,PIPE,2.912,48.347,0.000,50.494,,,QLD,Regional - QLD,590001,2026/08/12 12:30:03
2026/08/11,Bairnsdale Power Station,535020,BBGPG,0.000,0.000,0.000,0.000,,,VIC,Regional - VIC,590012,2026/08/12 11:00:55
2026/08/11,BCF,540047,COMPRESSOR,0.000,0.000,66.000,66.000,,,QLD,Regional - QLD,590001,2026/08/13 15:45:26
2026/08/11,Bell Bay CCGT,577016,BBGPG,27.305,0.000,0.000,0.000,,,TAS,Regional - TAS,590014,2026/08/13 12:01:00
2026/08/11,Bell Bay GGT,577014,BBGPG,0.000,0.000,0.000,0.000,,,TAS,Regional - TAS,590014,2026/08/13 12:01:00
2026/08/11,Bell Bay OCGT,577015,BBGPG,0.000,0.000,0.000,0.000,,,TAS,Regional - TAS,590014,2026/08/13 12:01:00
2026/08/11,Bellevue,540083,PROD,0.000,162.626,0.000,0.000,,,QLD,Regional - QLD,590001,2026/08/12 10:36:19
2026/08/11,BGP,580020,PIPE,0.312,0.000,0.000,0.000,,,NT,Regional - NT,590017,2026/08/12 12:46:30
2026/08/11,BlueScope,523204,BBLARGE,12.328,0.000,0.000,0.000,,,NSW,Sydney,520008,2026/08/13 15:00:05
2026/08/11,Bolivar,555008,BBGPG,0.000,0.000,0.000,0.000,,,SA,Regional - SA,590013,2026/08/12 12:05:07
2026/08/11,Bomaderry Gas Pipeline,523202,PIPE,22.869,0.000,22.755,0.000,,,NSW,Regional - NSW,590011,2026/08/12 13:56:54
2026/08/11,BPP,530030,PIPE,2.730,21.290,0.000,18.558,,,VIC,Gippsland,590009,2026/08/13 11:00:03
2026/08/11,Braemar 2 Power Station,544085,BBGPG,2.912,0.000,0.000,0.000,,,QLD,Regional - QLD,590001,2026/08/12 12:30:03
2026/08/11,Braemar Power Station,544252,BBGPG,0.035,0.000,0.000,0.000,,,QLD,Regional - QLD,590001,2026/08/12 11:00:54
2026/08/11,BWP,540096,PIPE,0.000,0.000,0.000,156.810,,,QLD,Wallumbilla Hub,540032,2026/08/12 12:46:30
2026/08/11,BWP,540096,PIPE,0.000,155.998,0.000,0.000,,,QLD,Regional - QLD,590001,2026/08/12 12:46:30
2026/08/11,CGP,540059,PIPE,0.000,0.000,66.028,0.000,,,QLD,Ballera,540078,2026/08/12 12:46:30
2026/08/11,CGP,540059,PIPE,63.885,0.000,0.000,0.000,,,QLD,Regional - QLD,590001,2026/08/12 12:46:30
2026/08/11,Channel Island Power Station,580231,BBGPG,21.345,0.000,0.000,0.000,,,NT,Darwin,580001,2026/08/12 12:46:30
2026/08/11,Colongra,523120,BBGPG,0.000,0.000,0.000,0.000,,,NSW,Regional - NSW,590011,2026/08/12 12:00:05
2026/08/11,ColongraGP,520090,PIPE,0.000,0.000,0.000,0.000,,,NSW,Sydney,520008,2026/08/12 12:00:05
2026/08/11,ColongraGP,520090,PIPE,0.000,0.000,0.000,0.000,,,NSW,Regional - NSW,590011,2026/08/12 12:00:05
2026/08/11,Combabula,540094,PROD,0.000,293.174,0.000,0.000,,,QLD,Regional - QLD,590001,2026/08/13 11:41:35
2026/08/11,Condabri Central,540080,PROD,0.000,144.517,0.000,0.000,,,QLD,Regional - QLD,590001,2026/08/13 11:41:35
2026/08/11,Condabri North,540090,PROD,0.000,108.633,0.000,0.000,,,QLD,Regional - QLD,590001,2026/08/13 11:41:35
2026/08/11,Condabri South,540086,PROD,0.000,156.242,0.000,0.000,,,QLD,Regional - QLD,590001,2026/08/13 11:41:35
2026/08/11,Condamine Power Station,544274,BBGPG,0.000,0.000,0.000,0.000,,,QLD,Regional - QLD,590001,2026/08/12 10:35:42
2026/08/11,CRWP,540098,PIPE,0.000,0.000,170.404,0.000,,,QLD,Wallumbilla Hub,540032,2026/08/12 11:13:05
2026/08/11,CRWP,540098,PIPE,0.000,236.800,38.920,426.172,,,QLD,Regional - QLD,590001,2026/08/12 11:13:05
2026/08/11,CWP,520054,PIPE,5.908,0.000,6.087,0.000,,,NSW,Regional - NSW,590011,2026/08/12 12:46:30
2026/08/11,Daandine,540050,PROD,0.000,52.619,0.000,0.000,,,QLD,Regional - QLD,590001,2026/08/12 12:30:02
2026/08/11,Dandenong LNG,530038,STOR,0.000,0.289,0.000,0.000,611.654,27.889,VIC,Melbourne,590008,2026/08/12 12:46:30
2026/08/11,DDP,540097,PIPE,0.000,0.000,0.000,224.939,,,QLD,Wallumbilla Hub,540032,2026/08/12 12:01:08
2026/08/11,DDP,540097,PIPE,0.005,349.987,146.734,272.592,,,QLD,Regional - QLD,590001,2026/08/12 12:01:08
2026/08/11,DDPS,544027,BBGPG,0.005,0.000,0.000,0.000,,,QLD,Regional - QLD,590001,2026/08/12 12:01:08
2026/08/11,Diamantina Power Station,544077,BBGPG,32.740,0.000,0.000,0.000,,,QLD,Regional - QLD,590001,2026/08/12 12:46:30
2026/08/11,Dry Creek Power Station,555026,BBGPG,0.000,0.000,0.000,0.000,,,SA,Regional - SA,590013,2026/08/12 11:31:05
2026/08/11,EGP,520047,PIPE,127.938,0.000,0.000,0.000,,,NSW,Sydney,520008,2026/08/13 15:00:05
2026/08/11,EGP,520047,PIPE,16.685,0.000,0.000,0.000,,,NSW,Canberra,520009,2026/08/13 15:00:05
2026/08/11,EGP,520047,PIPE,0.000,187.423,0.000,101.853,,,VIC,Longford Hub,530015,2026/08/13 15:00:05
2026/08/11,EGP,520047,PIPE,5.204,0.000,0.000,22.755,,,NSW,Regional - NSW,590011,2026/08/13 15:00:05
2026/08/11,EGP,520047,PIPE,0.982,73.373,0.000,0.000,,,VIC,Regional - VIC,590012,2026/08/13 15:00:05
2026/08/11,EO4PL,540055,PIPE,0.000,0.000,0.000,0.000,,,QLD,Regional - QLD,590001,2026/08/12 10:36:19
2026/08/11,Eurombah Creek,540089,PROD,0.000,142.737,0.000,0.000,,,QLD,Regional - QLD,590001,2026/08/13 11:41:35
2026/08/11,Fairview,540070,PROD,0.000,280.453,0.000,0.000,,,QLD,Regional - QLD,590001,2026/08/12 11:13:18
2026/08/11,GLNG (Curtis Island),544276,LNGEXPORT,788.343,0.000,0.000,0.000,,,QLD,Curtis Island,540030,2026/08/12 11:13:05
2026/08/11,GLNG Pipeline,540092,PIPE,788.343,0.000,0.000,0.000,,,QLD,Curtis Island,540030,2026/08/12 11:13:05
2026/08/11,GLNG Pipeline,540092,PIPE,0.000,421.519,426.172,59.040,,,QLD,Regional - QLD,590001,2026/08/12 10:36:19
2026/08/11,Hallett,555029,BBGPG,0.000,0.000,0.000,0.000,,,SA,Regional - SA,590013,2026/08/12 11:31:05
2026/08/11,Hunter Power Station,523210,BBGPG,0.000,0.000,0.000,0.000,,,NSW,Sydney,520008,2026/08/12 12:46:30
2026/08/11,ICF,530071,COMPRESSOR,0.000,0.000,2.103,2.103,,,VIC,Iona Hub,530016,2026/08/12 08:35:03
2026/08/11,Iona UGS,530042,STOR,2.103,101.676,0.000,0.000,14195.320,0.000,VIC,Iona Hub,530016,2026/08/12 08:30:02
2026/08/11,Jeerelang,533161,BBGPG,0.000,0.000,0.000,0.000,,,VIC,Gippsland,590009,2026/08/13 11:00:03
2026/08/11,Jordan,540088,PROD,0.000,334.111,0.000,0.000,,,QLD,Regional - QLD,590001,2026/08/12 10:36:19
2026/08/11,Katherine Power Station,580233,BBGPG,0.000,0.000,0.000,0.000,,,NT,Regional - NT,590017,2026/08/12 12:46:30
2026/08/11,Kenya,540075,PROD,0.000,120.780,0.000,0.000,,,QLD,Regional - QLD,590001,2026/08/12 10:36:19
2026/08/11,Kincora,544253,PROD,0.000,4.000,0.000,0.000,,,QLD,Regional - QLD,590001,2026/08/12 12:46:30
2026/08/11,KKLP,523209,PIPE,0.000,0.000,0.000,0.000,,,NSW,Sydney,520008,2026/08/12 12:46:30
2026/08/11,Kogan North,540061,PROD,0.000,4.359,0.000,0.000,,,QLD,Regional - QLD,590001,2026/08/12 12:46:30
2026/08/11,Ladbroke Grove PS,555086,BBGPG,0.000,0.000,0.000,0.000,,,SA,Regional - SA,590013,2026/08/12 12:46:30
2026/08/11,Lang Lang,530039,PROD,0.000,21.290,0.000,0.000,,,VIC,Gippsland,590009,2026/08/12 13:00:33
2026/08/11,Laverton,533201,BBGPG,0.000,0.000,0.000,0.000,,,VIC,Geelong,590005,2026/08/13 11:00:03
2026/08/11,Longford,530040,PROD,0.000,595.805,0.000,0.000,,,VIC,Longford Hub,530015,2026/08/12 08:45:55
2026/08/11,Loy Yang B,533163,BBGPG,0.000,0.000,0.000,0.000,,,VIC,Gippsland,590009,2026/08/12 11:00:51
2026/08/11,LYB Transmission Pipeline,535023,PIPE,0.000,0.000,0.000,0.000,,,VIC,Gippsland,590009,2026/08/12 11:00:51
2026/08/11,MAPS,550054,PIPE,43.533,0.000,0.000,0.000,,,SA,Adelaide,550016,2026/08/12 11:31:05
2026/08/11,MAPS,550054,PIPE,0.000,31.840,28.693,0.000,,,SA,Moomba Hub,550017,2026/08/12 11:31:05
2026/08/11,MAPS,550054,PIPE,41.571,0.000,15.000,0.000,,,SA,Regional - SA,590013,2026/08/12 11:31:05
2026/08/11,McArthur River Mine,580220,BBGPG,8.492,0.000,0.000,0.000,,,NT,Regional - NT,590017,2026/08/12 09:07:07
2026/08/11,MCF,550050,COMPRESSOR,0.000,0.000,0.000,0.000,,,SA,Moomba Hub,550017,2026/08/12 12:46:30
2026/08/11,Mereenie,580040,PROD,0.000,26.434,0.000,0.000,,,NT,Regional - NT,590017,2026/08/12 11:33:20
2026/08/11,Meridian,540064,PROD,0.000,47.598,0.000,0.000,,,QLD,Regional - QLD,590001,2026/08/12 09:39:04
2026/08/11,Mintaro Power Station,555031,BBGPG,0.000,0.000,0.000,0.000,,,SA,Regional - SA,590013,2026/08/12 11:31:05
2026/08/11,Moomba,550045,PROD,0.000,173.300,0.000,0.000,,,SA,Moomba Hub,550017,2026/08/13 15:45:26
2026/08/11,Moomba Storage,550046,STOR,0.000,0.000,0.000,0.000,6305.600,0.000,SA,Moomba Hub,550017,2026/08/13 15:45:26
2026/08/11,Mortlake PS,530063,BBGPG,0.000,0.000,0.000,0.000,,,VIC,Regional - VIC,590012,2026/08/12 07:20:00
2026/08/11,MPL,530061,PIPE,0.000,0.000,1.425,10.442,,,VIC,Iona Hub,530016,2026/08/12 07:20:00
2026/08/11,MPL,530061,PIPE,0.000,0.000,0.000,0.000,,,VIC,Regional - VIC,590012,2026/08/12 07:20:00
2026/08/11,MRP,580100,PIPE,8.492,0.000,8.493,0.000,,,NT,Regional - NT,590017,2026/08/12 09:07:07
2026/08/11,MSP,520053,PIPE,135.634,0.000,0.000,0.000,,,NSW,Sydney,520008,2026/08/12 12:46:30
2026/08/11,MSP,520053,PIPE,0.000,0.000,181.498,1.500,,,SA,Moomba Hub,550017,2026/08/12 12:46:30
2026/08/11,MSP,520053,PIPE,44.283,0.000,0.000,6.087,,,NSW,Regional - NSW,590011,2026/08/12 12:46:30
2026/08/11,MSP,520053,PIPE,16.608,0.000,0.000,0.000,,,NSW,Regional - ACT,590015,2026/08/12 12:46:30
2026/08/11,MSP,520053,PIPE,0.000,0.000,46.188,0.000,,,NSW,Culcairn,590016,2026/08/12 12:46:30
2026/08/11,Newport,533171,BBGPG,0.002,0.000,0.000,0.000,,,VIC,Melbourne,590008,2026/08/13 11:00:03
2026/08/11,NGP,580050,PIPE,0.000,0.000,0.000,0.000,,,QLD,Regional - QLD,590001,2026/08/12 12:01:12
2026/08/11,NGP,580050,PIPE,0.000,0.000,0.000,0.000,,,NT,Regional - NT,590017,2026/08/12 12:01:12
2026/08/11,NGS,520060,STOR,0.190,0.486,0.000,0.000,676.582,76.810,NSW,Sydney,520008,2026/08/12 07:43:51
2026/08/11,Oakey PS,544095,BBGPG,0.000,0.000,0.000,0.000,,,QLD,Regional - QLD,590001,2026/08/12 12:46:30
2026/08/11,Orana,540084,PROD,0.000,170.272,0.000,0.000,,,QLD,Regional - QLD,590001,2026/08/13 11:41:35
2026/08/11,Orbost,530041,PROD,0.000,73.373,0.000,0.000,,,VIC,Regional - VIC,590012,2026/08/13 15:00:05
2026/08/11,Orica,544011,BBLARGE,8.819,0.000,0.000,0.000,,,QLD,Regional - QLD,590001,2026/08/13 10:00:05
2026/08/11,Orica (Kooragang Island),523206,BBLARGE,38.791,0.000,0.000,0.000,,,NSW,Sydney,520008,2026/08/12 13:00:00
2026/08/11,Osborne,555033,BBGPG,0.000,0.000,0.000,0.000,,,SA,Regional - SA,590013,2026/08/12 11:31:05
2026/08/11,Otway,530044,PROD,0.000,165.990,0.000,0.000,,,VIC,Iona Hub,530016,2026/08/12 12:59:46
2026/08/11,Owen Springs Power Station,580235,BBGPG,0.733,0.000,0.000,0.000,,,NT,Regional - NT,590017,2026/08/12 06:41:13
2026/08/11,Palm Valley,580060,PROD,0.000,5.708,0.000,0.000,,,NT,Regional - NT,590017,2026/08/12 11:33:20
2026/08/11,PCA,550052,PIPE,0.000,8.813,50.899,0.987,,,VIC,Iona Hub,530016,2026/08/12 07:20:01
2026/08/11,PCA,550052,PIPE,23.025,0.000,0.000,0.000,,,SA,Adelaide,550016,2026/08/12 07:20:01
2026/08/11,PCA,550052,PIPE,0.000,0.000,0.000,6.810,,,VIC,Regional - VIC,590012,2026/08/12 07:20:01
2026/08/11,PCA,550052,PIPE,0.731,0.000,0.000,15.020,,,SA,Regional - SA,590013,2026/08/12 07:20:01
2026/08/11,PCI,530060,PIPE,0.000,177.252,11.429,188.681,,,VIC,Iona Hub,530016,2026/08/12 07:20:01
2026/08/11,Peat,540065,PROD,0.000,11.919,0.000,0.000,,,QLD,Regional - QLD,590001,2026/08/13 11:41:35
2026/08/11,Pelican Point Power Station,555089,BBGPG,13.839,0.000,0.000,0.000,,,SA,Regional - SA,590013,2026/08/12 07:20:01
2026/08/11,Phosphate Hill,544081,BBLARGE,21.138,0.000,0.000,0.000,,,QLD,Regional - QLD,590001,2026/08/12 12:46:30
2026/08/11,Pipeline Compression Station,544279,COMPRESSOR,0.000,0.000,0.000,0.000,,,QLD,Regional - QLD,590001,2026/08/12 11:13:05
2026/08/11,PVP,580070,PIPE,1.190,0.000,1.360,0.000,,,NT,Regional - NT,590017,2026/08/12 06:41:13
2026/08/11,QCLNG LNG Plant,544272,LNGEXPORT,1491.419,0.000,0.000,0.000,,,QLD,Curtis Island,540030,2026/08/12 10:36:19
2026/08/11,QGP,540058,PIPE,0.000,0.000,5.815,0.000,,,QLD,Wallumbilla Hub,540032,2026/08/13 10:00:05
2026/08/11,QGP,540058,PIPE,126.731,24.783,95.887,0.000,,,QLD,Regional - QLD,590001,2026/08/13 10:00:05
2026/08/11,Quarantine Power Station,555087,BBGPG,0.000,0.000,0.000,0.000,,,SA,Regional - SA,590013,2026/08/12 11:31:05
2026/08/11,Queensland Aluminia,544012,BBLARGE,26.975,0.000,0.000,0.000,,,QLD,Regional - QLD,590001,2026/08/13 10:00:05
2026/08/11,RBP,540057,PIPE,0.000,0.000,0.000,85.800,,,QLD,Wallumbilla Hub,540032,2026/08/12 12:46:30
2026/08/11,RBP,540057,PIPE,4.475,94.075,49.825,0.000,,,QLD,Regional - QLD,590001,2026/08/12 12:46:30
2026/08/11,RBP,540057,PIPE,53.560,0.000,0.000,0.000,,,QLD,Brisbane,590002,2026/08/12 12:46:30
2026/08/11,RCWP,540102,PIPE,0.000,0.000,141.914,0.000,,,QLD,Wallumbilla Hub,540032,2026/08/12 12:46:30
2026/08/11,RCWP,540102,PIPE,0.000,0.000,30.389,171.074,,,QLD,Regional - QLD,590001,2026/08/12 12:46:30
2026/08/11,Reedy Creek,540085,PROD,0.000,199.814,0.000,0.000,,,QLD,Regional - QLD,590001,2026/08/13 11:41:35
2026/08/11,RMNGPF,640011,PROD,0.000,16.150,0.000,0.000,,,QLD,Regional - QLD,590001,2026/08/12 10:52:56
2026/08/11,RNMGP,640012,PIPE,0.000,16.150,0.000,16.150,,,QLD,Regional - QLD,590001,2026/08/12 10:52:56
2026/08/11,RNP,640009,PIPE,0.000,22.770,0.000,22.770,,,QLD,Regional - QLD,590001,2026/08/12 12:01:08
2026/08/11,Rolleston,540073,PROD,0.000,8.403,0.000,0.000,,,QLD,Regional - QLD,590001,2026/08/13 10:00:05
2026/08/11,Roma,540095,PROD,0.000,236.800,0.000,0.000,,,QLD,Regional - QLD,590001,2026/08/12 11:13:21
2026/08/11,Roma North,544260,PROD,0.000,22.770,0.000,0.000,,,QLD,Regional - QLD,590001,2026/08/12 12:01:13
2026/08/11,Roma Power Station,540120,BBGPG,0.000,0.000,0.000,0.000,,,QLD,Regional - QLD,590001,2026/08/12 11:10:57
2026/08/11,Ron Goodin Power Station,580234,BBGPG,0.000,0.000,0.000,0.000,,,NT,Regional - NT,590017,2026/08/12 06:41:13
2026/08/11,RPL,540110,PIPE,0.064,0.000,0.000,0.000,,,QLD,Regional - QLD,590001,2026/08/12 11:10:57
2026/08/11,Ruby Jo,540082,PROD,0.000,428.004,0.000,0.000,,,QLD,Regional - QLD,590001,2026/08/12 10:36:19
2026/08/11,RUGS,540040,STOR,0.000,3.467,0.000,0.000,15149.639,0.000,QLD,Regional - QLD,590001,2026/08/12 11:13:21
2026/08/11,Scotia,540072,PROD,0.000,97.012,0.000,0.000,,,QLD,Regional - QLD,590001,2026/08/12 11:13:21
2026/08/11,SEPS,550061,PIPE,6.749,0.000,6.760,0.000,,,SA,Regional - SA,590013,2026/08/12 11:32:05
2026/08/11,SESA,550060,PIPE,0.000,0.000,6.810,0.000,,,VIC,Regional - VIC,590012,2026/08/12 12:46:30
2026/08/11,SESA,550060,PIPE,0.000,0.000,0.000,6.766,,,SA,Regional - SA,590013,2026/08/12 12:46:30
2026/08/11,Shoalhaven Starches Cogeneration Plant,523203,BBLARGE,22.869,0.000,0.000,0.000,,,NSW,Regional - NSW,590011,2026/08/12 13:56:54
2026/08/11,Smithfield Energy Facility,522004,BBGPG,0.000,0.000,0.000,0.000,,,NSW,Regional - NSW,590011,2026/08/12 12:05:13
2026/08/11,Snapper Point,555090,BBGPG,0.000,0.000,0.000,0.000,,,SA,Regional - SA,590013,2026/08/12 11:31:05
2026/08/11,Somerton,533174,BBGPG,0.001,0.000,0.000,0.000,,,VIC,Melbourne,590008,2026/08/13 11:00:03
2026/08/11,Spring Gully,540066,PROD,0.000,52.192,0.000,0.000,,,QLD,Regional - QLD,590001,2026/08/13 11:41:35
2026/08/11,SSP,540103,PIPE,0.000,5.900,0.000,5.900,,,QLD,Regional - QLD,590001,2026/08/12 10:39:58
2026/08/11,SSSF,540062,STOR,0.000,6.300,0.000,0.000,8600.612,0.000,QLD,Regional - QLD,590001,2026/08/12 10:39:58
2026/08/11,Strathblane,540067,PROD,0.000,51.695,0.000,0.000,,,QLD,Regional - QLD,590001,2026/08/13 11:41:35
2026/08/11,Swanbank Power Station,544104,BBGPG,0.000,0.000,0.000,0.000,,,QLD,Brisbane,590002,2026/08/12 12:46:30
2026/08/11,SWQP,540060,PIPE,0.000,0.000,467.549,318.133,,,QLD,Wallumbilla Hub,540032,2026/08/12 12:46:30
2026/08/11,SWQP,540060,PIPE,0.000,0.000,0.000,70.409,,,QLD,Ballera,540078,2026/08/12 12:46:30
2026/08/11,SWQP,540060,PIPE,0.000,142.475,0.000,208.691,,,SA,Moomba Hub,550017,2026/08/12 12:46:30
2026/08/11,SWQP,540060,PIPE,0.117,0.000,0.000,0.000,,,QLD,Regional - QLD,590001,2026/08/12 12:46:30
2026/08/11,Talinga,540076,PROD,0.000,85.272,0.000,0.000,,,QLD,Regional - QLD,590001,2026/08/13 11:41:35
2026/08/11,Tallawarra,522002,BBGPG,0.000,0.000,0.000,0.000,,,NSW,Regional - NSW,590011,2026/08/12 11:00:04
2026/08/11,Tallawarra Pipeline,523201,PIPE,0.000,0.000,0.000,0.000,,,NSW,Regional - NSW,590011,2026/08/12 11:00:04
2026/08/11,Taloona,540068,PROD,0.000,40.565,0.000,0.000,,,QLD,Regional - QLD,590001,2026/08/13 11:41:35
2026/08/11,Tanami GP,580210,PIPE,7.617,0.000,8.400,0.000,,,NT,Regional - NT,590017,2026/08/12 12:02:00
2026/08/11,TGP,570050,PIPE,0.000,0.000,70.776,32.821,,,VIC,Longford Hub,530015,2026/08/13 12:01:00
2026/08/11,TGP,570050,PIPE,45.749,0.000,0.000,0.000,,,TAS,Regional - TAS,590014,2026/08/13 12:01:00
2026/08/11,Tipton,540051,PROD,0.000,40.288,0.000,0.000,,,QLD,Regional - QLD,590001,2026/08/12 12:30:02
2026/08/11,Torrens Island PS,555041,BBGPG,5.239,0.000,0.000,0.000,,,SA,Regional - SA,590013,2026/08/12 11:31:05
2026/08/11,Uranquinty Power Station,522047,BBGPG,0.000,0.000,0.000,0.000,,,NSW,Regional - NSW,590011,2026/08/12 12:46:30
2026/08/11,Valley Power GPG,535024,BBGPG,0.000,0.000,0.000,0.000,,,VIC,Gippsland,590009,2026/08/12 11:00:51
2026/08/11,VicHub,532005,PIPE,0.000,0.000,31.071,31.071,,,VIC,Longford Hub,530015,2026/08/12 12:01:15
2026/08/11,Viva Energy Refinery,535018,BBLARGE,11.494,0.000,0.000,0.000,,,VIC,Geelong,590005,2026/08/12 07:30:14
2026/08/11,VTS,530110,PIPE,0.000,406.631,63.909,0.000,,,VIC,Longford Hub,530015,2026/08/13 11:00:03
2026/08/11,VTS,530110,PIPE,0.000,96.607,136.361,0.000,,,VIC,Iona Hub,530016,2026/08/13 11:00:03
2026/08/11,VTS,530110,PIPE,11.723,0.000,0.000,0.000,,,VIC,Western,590004,2026/08/13 11:00:03
2026/08/11,VTS,530110,PIPE,70.205,0.000,0.000,0.000,,,VIC,Geelong,590005,2026/08/13 11:00:03
2026/08/11,VTS,530110,PIPE,49.518,0.000,0.000,0.000,,,VIC,Ballarat,590006,2026/08/13 11:00:03
2026/08/11,VTS,530110,PIPE,70.521,0.000,0.000,0.000,,,VIC,Northern,590007,2026/08/13 11:00:03
2026/08/11,VTS,530110,PIPE,437.366,0.205,0.000,0.000,,,VIC,Melbourne,590008,2026/08/13 11:00:03
2026/08/11,VTS,530110,PIPE,41.765,0.000,18.558,0.000,,,VIC,Gippsland,590009,2026/08/13 11:00:03
2026/08/11,VTS,530110,PIPE,0.000,0.000,0.000,46.188,,,NSW,Culcairn,590016,2026/08/13 11:00:03
2026/08/11,Wallumbilla Compression Station,544280,COMPRESSOR,0.000,0.000,0.000,0.000,,,QLD,Wallumbilla Hub,540032,2026/08/12 11:13:05
2026/08/11,WCFA,540045,COMPRESSOR,0.000,0.000,319.116,319.116,,,QLD,Wallumbilla Hub,540032,2026/08/12 12:46:30
2026/08/11,WCFB,540046,COMPRESSOR,0.000,0.000,137.632,137.632,,,QLD,Wallumbilla Hub,540032,2026/08/12 12:46:30
2026/08/11,Weddell Power Station,580232,BBGPG,15.279,0.000,0.000,0.000,,,NT,Darwin,580001,2026/08/12 12:46:30
2026/08/11,WGP,540091,PIPE,1491.419,0.000,0.000,0.000,,,QLD,Curtis Island,540030,2026/08/12 10:36:19
2026/08/11,WGP,540091,PIPE,0.000,1454.980,0.000,0.000,,,QLD,Regional - QLD,590001,2026/08/12 10:36:19
2026/08/11,Whyalla Steelworks,555085,BBLARGE,3.647,0.000,0.000,0.000,,,SA,Regional - SA,590013,2026/08/12 11:31:05
2026/08/11,Windibri,540069,PROD,0.000,83.346,0.000,0.000,,,QLD,Regional - QLD,590001,2026/08/12 10:36:19
2026/08/11,Woleebee Creek,540087,PROD,0.000,643.744,0.000,0.000,,,QLD,Regional - QLD,590001,2026/08/12 10:36:19
2026/08/11,WPP,580030,PIPE,15.279,24.279,0.000,8.998,,,NT,Darwin,580001,2026/08/12 12:46:30
2026/08/11,Yarwun,544282,BBGPG,72.859,0.000,0.000,0.000,,,QLD,Regional - QLD,590001,2026/08/13 10:00:05
2026/08/11,Yelcherr,580180,PROD,0.000,0.000,0.000,0.000,,,NT,Regional - NT,590017,2026/08/12 12:46:30
2026/08/11,Yellowbank,540074,PROD,0.000,12.130,0.000,0.000,,,QLD,Regional - QLD,590001,2026/08/13 10:00:05
2026/08/12,Adelaide Brighton,555091,BBLARGE,8.408,0.000,0.000,0.000,,,SA,Adelaide,550016,2026/08/13 13:00:01
2026/08/12,AGP,580010,PIPE,24.347,0.000,8.982,0.000,,,NT,Darwin,580001,2026/08/13 12:46:29
2026/08/12,AGP,580010,PIPE,5.447,32.089,0.000,17.541,,,NT,Regional - NT,590017,2026/08/13 12:46:29
2026/08/12,APLNG Pipeline,540093,PIPE,1553.641,0.000,0.000,0.000,,,QLD,Curtis Island,540030,2026/08/13 11:41:35
2026/08/12,APLNG Pipeline,540093,PIPE,0.000,1319.413,478.129,178.596,,,QLD,Regional - QLD,590001,2026/08/13 11:41:35
2026/08/12,Arcadia,540101,PROD,0.000,92.940,0.000,0.000,,,QLD,Regional - QLD,590001,2026/08/13 10:43:20
2026/08/12,ATGP,640013,PIPE,0.000,43.352,0.000,43.352,,,QLD,Regional - QLD,590001,2026/08/13 12:01:13
2026/08/12,ATHENA,535014,PROD,0.000,17.302,0.000,0.000,,,VIC,Iona Hub,530016,2026/08/13 09:30:05
2026/08/12,Atlas,544261,PROD,0.000,43.352,0.000,0.000,,,QLD,Regional - QLD,590001,2026/08/13 12:01:19
2026/08/12,Atlas East Central Processing Facility,640008,PROD,0.000,31.450,0.000,0.000,,,QLD,Regional - QLD,590001,2026/08/13 10:14:38
2026/08/12,Atlas to Reedy Creek Pipeline,640007,PIPE,0.000,31.448,0.000,30.431,,,QLD,Regional - QLD,590001,2026/08/13 12:46:29
2026/08/12,Australia Pacific LNG,544273,LNGEXPORT,1553.641,0.000,0.000,0.000,,,QLD,Curtis Island,540030,2026/08/13 12:00:25
2026/08/12,Australian Paper (Opal),535021,BBLARGE,7.842,0.000,0.000,0.000,,,VIC,Gippsland,590009,2026/08/13 11:00:03
2026/08/12,B1PL,540077,PIPE,0.038,39.242,0.000,38.698,,,QLD,Regional - QLD,590001,2026/08/13 11:00:47
2026/08/12,B2PL,540071,PIPE,7.098,47.883,0.000,48.762,,,QLD,Regional - QLD,590001,2026/08/13 12:30:03
2026/08/12,Bairnsdale Power Station,535020,BBGPG,0.000,0.000,0.000,0.000,,,VIC,Regional - VIC,590012,2026/08/13 11:00:56
2026/08/12,BCF,540047,COMPRESSOR,0.000,0.000,68.800,68.800,,,QLD,Regional - QLD,590001,2026/08/13 15:45:26
2026/08/12,Bell Bay CCGT,577016,BBGPG,29.483,0.000,0.000,0.000,,,TAS,Regional - TAS,590014,2026/08/13 12:01:00
2026/08/12,Bell Bay GGT,577014,BBGPG,0.000,0.000,0.000,0.000,,,TAS,Regional - TAS,590014,2026/08/13 12:01:00
2026/08/12,Bell Bay OCGT,577015,BBGPG,0.000,0.000,0.000,0.000,,,TAS,Regional - TAS,590014,2026/08/13 12:01:00
2026/08/12,Bellevue,540083,PROD,0.000,153.572,0.000,0.000,,,QLD,Regional - QLD,590001,2026/08/13 10:36:11
2026/08/12,BGP,580020,PIPE,0.317,0.000,0.000,0.000,,,NT,Regional - NT,590017,2026/08/13 12:46:29
2026/08/12,BlueScope,523204,BBLARGE,15.271,0.000,0.000,0.000,,,NSW,Sydney,520008,2026/08/13 15:01:05
2026/08/12,Bolivar,555008,BBGPG,0.000,0.000,0.000,0.000,,,SA,Regional - SA,590013,2026/08/13 12:05:18
2026/08/12,Bomaderry Gas Pipeline,523202,PIPE,22.270,0.000,22.270,0.000,,,NSW,Regional - NSW,590011,2026/08/13 12:53:51
2026/08/12,BPP,530030,PIPE,2.770,21.990,0.000,19.223,,,VIC,Gippsland,590009,2026/08/13 11:00:03
2026/08/12,Braemar 2 Power Station,544085,BBGPG,7.098,0.000,0.000,0.000,,,QLD,Regional - QLD,590001,2026/08/13 12:30:03
2026/08/12,Braemar Power Station,544252,BBGPG,0.038,0.000,0.000,0.000,,,QLD,Regional - QLD,590001,2026/08/13 11:00:47
2026/08/12,BWP,540096,PIPE,0.000,0.000,0.000,127.244,,,QLD,Wallumbilla Hub,540032,2026/08/13 12:46:29
2026/08/12,BWP,540096,PIPE,0.000,125.550,0.000,0.000,,,QLD,Regional - QLD,590001,2026/08/13 12:46:29
2026/08/12,CGP,540059,PIPE,0.000,0.000,68.846,0.000,,,QLD,Ballera,540078,2026/08/13 12:46:29
2026/08/12,CGP,540059,PIPE,65.214,0.000,0.000,0.000,,,QLD,Regional - QLD,590001,2026/08/13 12:46:29
2026/08/12,Channel Island Power Station,580231,BBGPG,24.347,0.000,0.000,0.000,,,NT,Darwin,580001,2026/08/13 12:46:29
2026/08/12,Colongra,523120,BBGPG,0.000,0.000,0.000,0.000,,,NSW,Regional - NSW,590011,2026/08/13 12:00:05
2026/08/12,ColongraGP,520090,PIPE,-0.103,0.000,0.000,0.000,,,NSW,Sydney,520008,2026/08/13 12:00:05
2026/08/12,ColongraGP,520090,PIPE,0.000,0.000,0.000,0.000,,,NSW,Regional - NSW,590011,2026/08/13 12:00:05
2026/08/12,Combabula,540094,PROD,0.000,293.129,0.000,0.000,,,QLD,Regional - QLD,590001,2026/08/13 11:41:35
2026/08/12,Condabri Central,540080,PROD,0.000,138.922,0.000,0.000,,,QLD,Regional - QLD,590001,2026/08/13 11:41:35
2026/08/12,Condabri North,540090,PROD,0.000,141.527,0.000,0.000,,,QLD,Regional - QLD,590001,2026/08/13 11:41:35
2026/08/12,Condabri South,540086,PROD,0.000,156.125,0.000,0.000,,,QLD,Regional - QLD,590001,2026/08/13 11:41:35
2026/08/12,Condamine Power Station,544274,BBGPG,0.000,0.000,0.000,0.000,,,QLD,Regional - QLD,590001,2026/08/13 10:35:32
2026/08/12,CRWP,540098,PIPE,0.000,0.000,140.851,0.000,,,QLD,Wallumbilla Hub,540032,2026/08/13 13:18:40
2026/08/12,CRWP,540098,PIPE,0.000,236.844,38.886,425.578,,,QLD,Regional - QLD,590001,2026/08/13 13:18:40
2026/08/12,CWP,520054,PIPE,5.759,0.000,5.586,0.000,,,NSW,Regional - NSW,590011,2026/08/13 12:46:29
2026/08/12,Daandine,540050,PROD,0.000,50.797,0.000,0.000,,,QLD,Regional - QLD,590001,2026/08/13 12:30:02
2026/08/12,Dandenong LNG,530038,STOR,0.000,0.282,0.000,0.000,611.152,27.889,VIC,Melbourne,590008,2026/08/13 12:46:29
2026/08/12,DDP,540097,PIPE,0.000,0.000,0.000,213.401,,,QLD,Wallumbilla Hub,540032,2026/08/13 12:01:11
2026/08/12,DDP,540097,PIPE,10.978,345.332,144.564,267.200,,,QLD,Regional - QLD,590001,2026/08/13 12:01:11
2026/08/12,DDPS,544027,BBGPG,10.978,0.000,0.000,0.000,,,QLD,Regional - QLD,590001,2026/08/13 12:01:11
2026/08/12,Diamantina Power Station,544077,BBGPG,32.382,0.000,0.000,0.000,,,QLD,Regional - QLD,590001,2026/08/13 12:46:29
2026/08/12,Dry Creek Power Station,555026,BBGPG,0.000,0.000,0.000,0.000,,,SA,Regional - SA,590013,2026/08/13 11:31:05
2026/08/12,EGP,520047,PIPE,131.562,0.000,0.000,0.000,,,NSW,Sydney,520008,2026/08/13 15:01:05
2026/08/12,EGP,520047,PIPE,16.931,0.000,0.000,0.000,,,NSW,Canberra,520009,2026/08/13 15:01:05
2026/08/12,EGP,520047,PIPE,0.000,193.363,0.000,100.352,,,VIC,Longford Hub,530015,2026/08/13 15:01:05
2026/08/12,EGP,520047,PIPE,5.933,0.000,0.000,22.270,,,NSW,Regional - NSW,590011,2026/08/13 15:01:05
2026/08/12,EGP,520047,PIPE,1.144,73.514,0.000,0.000,,,VIC,Regional - VIC,590012,2026/08/13 15:01:05
2026/08/12,EO4PL,540055,PIPE,0.000,0.000,0.000,0.000,,,QLD,Regional - QLD,590001,2026/08/13 10:36:11
2026/08/12,Eurombah Creek,540089,PROD,0.000,144.633,0.000,0.000,,,QLD,Regional - QLD,590001,2026/08/13 11:41:35
2026/08/12,Fairview,540070,PROD,0.000,280.281,0.000,0.000,,,QLD,Regional - QLD,590001,2026/08/13 10:43:20
2026/08/12,GLNG (Curtis Island),544276,LNGEXPORT,819.656,0.000,0.000,0.000,,,QLD,Curtis Island,540030,2026/08/13 13:18:40
2026/08/12,GLNG Pipeline,540092,PIPE,819.656,0.000,0.000,0.000,,,QLD,Curtis Island,540030,2026/08/13 13:18:40
2026/08/12,GLNG Pipeline,540092,PIPE,0.000,416.926,425.578,44.366,,,QLD,Regional - QLD,590001,2026/08/13 10:36:11
2026/08/12,Hallett,555029,BBGPG,0.000,0.000,0.000,0.000,,,SA,Regional - SA,590013,2026/08/13 11:31:05
2026/08/12,Hunter Power Station,523210,BBGPG,0.000,0.000,0.000,0.000,,,NSW,Sydney,520008,2026/08/13 12:46:29
2026/08/12,ICF,530071,COMPRESSOR,0.000,0.000,11.000,11.000,,,VIC,Iona Hub,530016,2026/08/13 08:35:03
2026/08/12,Iona UGS,530042,STOR,18.744,88.125,0.000,0.000,14125.939,0.000,VIC,Iona Hub,530016,2026/08/13 08:30:02
2026/08/12,Jeerelang,533161,BBGPG,0.000,0.000,0.000,0.000,,,VIC,Gippsland,590009,2026/08/13 11:00:03
2026/08/12,Jordan,540088,PROD,0.000,333.878,0.000,0.000,,,QLD,Regional - QLD,590001,2026/08/13 10:36:11
2026/08/12,Katherine Power Station,580233,BBGPG,0.000,0.000,0.000,0.000,,,NT,Regional - NT,590017,2026/08/13 12:46:29
2026/08/12,Kenya,540075,PROD,0.000,124.672,0.000,0.000,,,QLD,Regional - QLD,590001,2026/08/13 10:36:11
2026/08/12,Kincora,544253,PROD,0.000,4.000,0.000,0.000,,,QLD,Regional - QLD,590001,2026/08/13 12:46:29
2026/08/12,KKLP,523209,PIPE,0.000,0.000,0.000,0.000,,,NSW,Sydney,520008,2026/08/13 12:46:29
2026/08/12,Kogan North,540061,PROD,0.000,4.362,0.000,0.000,,,QLD,Regional - QLD,590001,2026/08/13 12:46:29
2026/08/12,Ladbroke Grove PS,555086,BBGPG,1.972,0.000,0.000,0.000,,,SA,Regional - SA,590013,2026/08/13 12:46:29
2026/08/12,Lang Lang,530039,PROD,0.000,21.990,0.000,0.000,,,VIC,Gippsland,590009,2026/08/13 11:22:57
2026/08/12,Laverton,533201,BBGPG,0.000,0.000,0.000,0.000,,,VIC,Geelong,590005,2026/08/13 11:00:03
2026/08/12,Longford,530040,PROD,0.000,616.246,0.000,0.000,,,VIC,Longford Hub,530015,2026/08/13 08:49:28
2026/08/12,Loy Yang B,533163,BBGPG,0.000,0.000,0.000,0.000,,,VIC,Gippsland,590009,2026/08/13 11:00:48
2026/08/12,LYB Transmission Pipeline,535023,PIPE,0.000,0.000,0.000,0.000,,,VIC,Gippsland,590009,2026/08/13 11:00:48
2026/08/12,MAPS,550054,PIPE,36.319,0.000,0.000,0.000,,,SA,Adelaide,550016,2026/08/13 11:31:05
2026/08/12,MAPS,550054,PIPE,0.000,33.544,48.909,0.000,,,SA,Moomba Hub,550017,2026/08/13 11:31:05
2026/08/12,MAPS,550054,PIPE,59.291,0.000,15.000,0.000,,,SA,Regional - SA,590013,2026/08/13 11:31:05
2026/08/12,McArthur River Mine,580220,BBGPG,8.552,0.000,0.000,0.000,,,NT,Regional - NT,590017,2026/08/13 09:06:39
2026/08/12,MCF,550050,COMPRESSOR,0.000,0.000,0.000,0.000,,,SA,Moomba Hub,550017,2026/08/13 12:46:29
2026/08/12,Mereenie,580040,PROD,0.000,26.373,0.000,0.000,,,NT,Regional - NT,590017,2026/08/13 11:24:43
2026/08/12,Meridian,540064,PROD,0.000,47.955,0.000,0.000,,,QLD,Regional - QLD,590001,2026/08/13 09:39:06
2026/08/12,Mintaro Power Station,555031,BBGPG,0.000,0.000,0.000,0.000,,,SA,Regional - SA,590013,2026/08/13 11:31:05
2026/08/12,Moomba,550045,PROD,0.000,171.900,0.000,0.000,,,SA,Moomba Hub,550017,2026/08/13 15:45:26
2026/08/12,Moomba Storage,550046,STOR,0.000,0.000,0.000,0.000,6305.600,0.000,SA,Moomba Hub,550017,2026/08/13 15:45:26
2026/08/12,Mortlake PS,530063,BBGPG,0.000,0.000,0.000,0.000,,,VIC,Regional - VIC,590012,2026/08/13 07:20:00
2026/08/12,MPL,530061,PIPE,0.000,0.000,0.000,0.023,,,VIC,Iona Hub,530016,2026/08/13 07:20:00
2026/08/12,MPL,530061,PIPE,0.000,0.000,0.000,0.000,,,VIC,Regional - VIC,590012,2026/08/13 07:20:00
2026/08/12,MRP,580100,PIPE,8.552,0.000,8.553,0.000,,,NT,Regional - NT,590017,2026/08/13 09:06:39
2026/08/12,MSP,520053,PIPE,141.706,0.000,0.000,0.000,,,NSW,Sydney,520008,2026/08/13 12:46:29
2026/08/12,MSP,520053,PIPE,0.000,0.000,142.001,2.000,,,SA,Moomba Hub,550017,2026/08/13 12:46:29
2026/08/12,MSP,520053,PIPE,42.615,0.000,0.000,5.586,,,NSW,Regional - NSW,590011,2026/08/13 12:46:29
2026/08/12,MSP,520053,PIPE,14.257,0.000,0.000,0.000,,,NSW,Regional - ACT,590015,2026/08/13 12:46:29
2026/08/12,MSP,520053,PIPE,0.000,0.000,38.003,0.000,,,NSW,Culcairn,590016,2026/08/13 12:46:29
2026/08/12,Newport,533171,BBGPG,0.004,0.000,0.000,0.000,,,VIC,Melbourne,590008,2026/08/13 11:00:03
2026/08/12,NGP,580050,PIPE,0.000,0.000,0.000,0.000,,,QLD,Regional - QLD,590001,2026/08/13 12:01:16
2026/08/12,NGP,580050,PIPE,0.000,0.000,0.000,0.000,,,NT,Regional - NT,590017,2026/08/13 12:01:16
2026/08/12,NGS,520060,STOR,0.180,0.468,0.000,0.000,676.286,76.810,NSW,Sydney,520008,2026/08/13 09:18:58
2026/08/12,Oakey PS,544095,BBGPG,0.000,0.000,0.000,0.000,,,QLD,Regional - QLD,590001,2026/08/13 12:46:29
2026/08/12,Orana,540084,PROD,0.000,165.841,0.000,0.000,,,QLD,Regional - QLD,590001,2026/08/13 11:41:35
2026/08/12,Orbost,530041,PROD,0.000,73.514,0.000,0.000,,,VIC,Regional - VIC,590012,2026/08/13 15:01:05
2026/08/12,Orica,544011,BBLARGE,9.168,0.000,0.000,0.000,,,QLD,Regional - QLD,590001,2026/08/13 12:01:07
2026/08/12,Orica (Kooragang Island),523206,BBLARGE,38.768,0.000,0.000,0.000,,,NSW,Sydney,520008,2026/08/13 13:00:00
2026/08/12,Osborne,555033,BBGPG,0.000,0.000,0.000,0.000,,,SA,Regional - SA,590013,2026/08/13 11:31:05
2026/08/12,Otway,530044,PROD,0.000,168.153,0.000,0.000,,,VIC,Iona Hub,530016,2026/08/13 12:35:04
2026/08/12,Owen Springs Power Station,580235,BBGPG,0.983,0.000,0.000,0.000,,,NT,Regional - NT,590017,2026/08/13 06:41:19
2026/08/12,Palm Valley,580060,PROD,0.000,5.716,0.000,0.000,,,NT,Regional - NT,590017,2026/08/13 11:24:43
2026/08/12,PCA,550052,PIPE,0.001,16.920,34.580,1.077,,,VIC,Iona Hub,530016,2026/08/13 07:20:01
2026/08/12,PCA,550052,PIPE,27.976,0.000,0.000,0.000,,,SA,Adelaide,550016,2026/08/13 07:20:01
2026/08/12,PCA,550052,PIPE,0.000,0.000,0.000,9.478,,,VIC,Regional - VIC,590012,2026/08/13 07:20:01
2026/08/12,PCA,550052,PIPE,0.714,0.000,0.000,14.999,,,SA,Regional - SA,590013,2026/08/13 07:20:01
2026/08/12,PCI,530060,PIPE,0.000,179.541,1.100,180.646,,,VIC,Iona Hub,530016,2026/08/13 07:20:01
2026/08/12,Peat,540065,PROD,0.000,11.931,0.000,0.000,,,QLD,Regional - QLD,590001,2026/08/13 11:41:35
2026/08/12,Pelican Point Power Station,555089,BBGPG,19.463,0.000,0.000,0.000,,,SA,Regional - SA,590013,2026/08/13 07:20:01
2026/08/12,Phosphate Hill,544081,BBLARGE,22.176,0.000,0.000,0.000,,,QLD,Regional - QLD,590001,2026/08/13 12:46:29
2026/08/12,Pipeline Compression Station,544279,COMPRESSOR,0.000,0.000,0.000,0.000,,,QLD,Regional - QLD,590001,2026/08/13 13:18:40
2026/08/12,PVP,580070,PIPE,1.491,0.000,1.488,0.000,,,NT,Regional - NT,590017,2026/08/13 06:41:19
2026/08/12,QCLNG LNG Plant,544272,LNGEXPORT,1511.347,0.000,0.000,0.000,,,QLD,Curtis Island,540030,2026/08/13 10:36:11
2026/08/12,QGP,540058,PIPE,0.000,0.000,24.713,0.000,,,QLD,Wallumbilla Hub,540032,2026/08/13 12:01:07
2026/08/12,QGP,540058,PIPE,127.061,24.335,76.883,0.000,,,QLD,Regional - QLD,590001,2026/08/13 12:01:07
2026/08/12,Quarantine Power Station,555087,BBGPG,0.000,0.000,0.000,0.000,,,SA,Regional - SA,590013,2026/08/13 11:31:05
2026/08/12,Queensland Aluminia,544012,BBLARGE,28.589,0.000,0.000,0.000,,,QLD,Regional - QLD,590001,2026/08/13 12:01:07
2026/08/12,RBP,540057,PIPE,0.000,0.000,0.000,82.001,,,QLD,Wallumbilla Hub,540032,2026/08/13 12:46:29
2026/08/12,RBP,540057,PIPE,4.364,87.696,48.412,0.000,,,QLD,Regional - QLD,590001,2026/08/13 12:46:29
2026/08/12,RBP,540057,PIPE,49.686,0.000,0.000,0.000,,,QLD,Brisbane,590002,2026/08/13 12:46:29
2026/08/12,RCWP,540102,PIPE,0.000,0.000,136.140,0.000,,,QLD,Wallumbilla Hub,540032,2026/08/13 12:46:29
2026/08/12,RCWP,540102,PIPE,0.000,0.000,30.431,166.564,,,QLD,Regional - QLD,590001,2026/08/13 12:46:29
2026/08/12,Reedy Creek,540085,PROD,0.000,199.969,0.000,0.000,,,QLD,Regional - QLD,590001,2026/08/13 11:41:35
2026/08/12,RMNGPF,640011,PROD,0.000,16.100,0.000,0.000,,,QLD,Regional - QLD,590001,2026/08/13 10:14:51
2026/08/12,RNMGP,640012,PIPE,0.000,16.100,0.000,16.100,,,QLD,Regional - QLD,590001,2026/08/13 10:14:51
2026/08/12,RNP,640009,PIPE,0.000,22.786,0.000,22.786,,,QLD,Regional - QLD,590001,2026/08/13 12:01:09
2026/08/12,Rolleston,540073,PROD,0.000,8.426,0.000,0.000,,,QLD,Regional - QLD,590001,2026/08/13 12:01:07
2026/08/12,Roma,540095,PROD,0.000,236.844,0.000,0.000,,,QLD,Regional - QLD,590001,2026/08/13 10:43:25
2026/08/12,Roma North,544260,PROD,0.000,22.786,0.000,0.000,,,QLD,Regional - QLD,590001,2026/08/13 12:01:17
2026/08/12,Roma Power Station,540120,BBGPG,0.000,0.000,0.000,0.000,,,QLD,Regional - QLD,590001,2026/08/13 12:09:57
2026/08/12,Ron Goodin Power Station,580234,BBGPG,0.000,0.000,0.000,0.000,,,NT,Regional - NT,590017,2026/08/13 06:41:19
2026/08/12,RPL,540110,PIPE,0.074,0.000,0.000,0.000,,,QLD,Regional - QLD,590001,2026/08/13 12:09:57
2026/08/12,Ruby Jo,540082,PROD,0.000,431.430,0.000,0.000,,,QLD,Regional - QLD,590001,2026/08/13 10:36:11
2026/08/12,RUGS,540040,STOR,0.000,3.136,0.000,0.000,15146.575,0.000,QLD,Regional - QLD,590001,2026/08/13 10:43:25
2026/08/12,Scotia,540072,PROD,0.000,97.123,0.000,0.000,,,QLD,Regional - QLD,590001,2026/08/13 10:43:25
2026/08/12,SEPS,550061,PIPE,7.519,0.000,7.511,0.000,,,SA,Regional - SA,590013,2026/08/13 11:32:05
2026/08/12,SESA,550060,PIPE,0.000,0.000,9.480,0.000,,,VIC,Regional - VIC,590012,2026/08/13 12:46:29
2026/08/12,SESA,550060,PIPE,1.972,0.000,0.000,7.504,,,SA,Regional - SA,590013,2026/08/13 12:46:29
2026/08/12,Shoalhaven Starches Cogeneration Plant,523203,BBLARGE,22.270,0.000,0.000,0.000,,,NSW,Regional - NSW,590011,2026/08/13 12:53:51
2026/08/12,Smithfield Energy Facility,522004,BBGPG,0.000,0.000,0.000,0.000,,,NSW,Regional - NSW,590011,2026/08/13 12:05:33
2026/08/12,Snapper Point,555090,BBGPG,0.000,0.000,0.000,0.000,,,SA,Regional - SA,590013,2026/08/13 11:31:05
2026/08/12,Somerton,533174,BBGPG,0.001,0.000,0.000,0.000,,,VIC,Melbourne,590008,2026/08/13 11:00:03
2026/08/12,Spring Gully,540066,PROD,0.000,51.915,0.000,0.000,,,QLD,Regional - QLD,590001,2026/08/13 11:41:35
2026/08/12,SSP,540103,PIPE,0.000,4.240,0.000,4.240,,,QLD,Regional - QLD,590001,2026/08/13 10:24:42
2026/08/12,SSSF,540062,STOR,0.000,6.300,0.000,0.000,8596.372,0.000,QLD,Regional - QLD,590001,2026/08/13 10:24:42
2026/08/12,Strathblane,540067,PROD,0.000,51.464,0.000,0.000,,,QLD,Regional - QLD,590001,2026/08/13 11:41:35
2026/08/12,Swanbank Power Station,544104,BBGPG,0.000,0.000,0.000,0.000,,,QLD,Brisbane,590002,2026/08/13 12:46:29
2026/08/12,SWQP,540060,PIPE,0.000,0.000,422.646,301.703,,,QLD,Wallumbilla Hub,540032,2026/08/13 12:46:29
2026/08/12,SWQP,540060,PIPE,0.000,0.000,0.000,73.533,,,QLD,Ballera,540078,2026/08/13 12:46:29
2026/08/12,SWQP,540060,PIPE,0.000,142.361,0.000,188.910,,,SA,Moomba Hub,550017,2026/08/13 12:46:29
2026/08/12,SWQP,540060,PIPE,0.118,0.000,0.000,0.000,,,QLD,Regional - QLD,590001,2026/08/13 12:46:29
2026/08/12,Talinga,540076,PROD,0.000,83.433,0.000,0.000,,,QLD,Regional - QLD,590001,2026/08/13 11:41:35
2026/08/12,Tallawarra,522002,BBGPG,0.000,0.000,0.000,0.000,,,NSW,Regional - NSW,590011,2026/08/13 11:00:10
2026/08/12,Tallawarra Pipeline,523201,PIPE,0.000,0.000,0.000,0.000,,,NSW,Regional - NSW,590011,2026/08/13 11:00:10
2026/08/12,Taloona,540068,PROD,0.000,40.718,0.000,0.000,,,QLD,Regional - QLD,590001,2026/08/13 11:41:35
2026/08/12,Tanami GP,580210,PIPE,8.239,0.000,7.500,0.000,,,NT,Regional - NT,590017,2026/08/13 12:02:00
2026/08/12,TGP,570050,PIPE,0.000,0.000,72.327,23.689,,,VIC,Longford Hub,530015,2026/08/13 12:01:00
2026/08/12,TGP,570050,PIPE,48.140,0.000,0.000,0.000,,,TAS,Regional - TAS,590014,2026/08/13 12:01:00
2026/08/12,Tipton,540051,PROD,0.000,39.242,0.000,0.000,,,QLD,Regional - QLD,590001,2026/08/13 12:30:03
2026/08/12,Torrens Island PS,555041,BBGPG,16.948,0.000,0.000,0.000,,,SA,Regional - SA,590013,2026/08/13 11:31:05
2026/08/12,Uranquinty Power Station,522047,BBGPG,0.000,0.000,0.000,0.000,,,NSW,Regional - NSW,590011,2026/08/13 12:46:29
2026/08/12,Valley Power GPG,535024,BBGPG,0.000,0.000,0.000,0.000,,,VIC,Gippsland,590009,2026/08/13 11:00:48
2026/08/12,VicHub,532005,PIPE,0.000,0.000,28.042,28.042,,,VIC,Longford Hub,530015,2026/08/13 12:01:20
2026/08/12,Viva Energy Refinery,535018,BBLARGE,11.520,0.000,0.000,0.000,,,VIC,Geelong,590005,2026/08/13 07:30:16
2026/08/12,VTS,530110,PIPE,0.000,421.318,51.744,0.000,,,VIC,Longford Hub,530015,2026/08/13 11:00:03
2026/08/12,VTS,530110,PIPE,0.000,58.712,146.059,0.000,,,VIC,Iona Hub,530016,2026/08/13 11:00:03
2026/08/12,VTS,530110,PIPE,12.450,0.000,0.000,0.000,,,VIC,Western,590004,2026/08/13 11:00:03
2026/08/12,VTS,530110,PIPE,66.824,0.000,0.000,0.000,,,VIC,Geelong,590005,2026/08/13 11:00:03
2026/08/12,VTS,530110,PIPE,45.848,0.000,0.000,0.000,,,VIC,Ballarat,590006,2026/08/13 11:00:03
2026/08/12,VTS,530110,PIPE,69.004,0.000,0.000,0.000,,,VIC,Northern,590007,2026/08/13 11:00:03
2026/08/12,VTS,530110,PIPE,413.948,0.204,0.000,0.000,,,VIC,Melbourne,590008,2026/08/13 11:00:03
2026/08/12,VTS,530110,PIPE,42.869,0.000,19.223,0.000,,,VIC,Gippsland,590009,2026/08/13 11:00:03
2026/08/12,VTS,530110,PIPE,0.000,0.000,0.000,38.002,,,NSW,Culcairn,590016,2026/08/13 11:00:03
2026/08/12,Wallumbilla Compression Station,544280,COMPRESSOR,0.000,0.000,0.000,0.000,,,QLD,Wallumbilla Hub,540032,2026/08/13 13:18:40
2026/08/12,WCFA,540045,COMPRESSOR,0.000,0.000,281.095,281.095,,,QLD,Wallumbilla Hub,540032,2026/08/13 12:46:29
2026/08/12,WCFB,540046,COMPRESSOR,0.000,0.000,130.750,130.750,,,QLD,Wallumbilla Hub,540032,2026/08/13 12:46:29
2026/08/12,Weddell Power Station,580232,BBGPG,16.026,0.000,0.000,0.000,,,NT,Darwin,580001,2026/08/13 12:46:29
2026/08/12,WGP,540091,PIPE,1511.347,0.000,0.000,0.000,,,QLD,Curtis Island,540030,2026/08/13 10:36:11
2026/08/12,WGP,540091,PIPE,0.000,1468.996,36.297,0.000,,,QLD,Regional - QLD,590001,2026/08/13 10:36:11
2026/08/12,Whyalla Steelworks,555085,BBLARGE,3.576,0.000,0.000,0.000,,,SA,Regional - SA,590013,2026/08/13 11:31:05
2026/08/12,Windibri,540069,PROD,0.000,78.629,0.000,0.000,,,QLD,Regional - QLD,590001,2026/08/13 10:36:11
2026/08/12,Woleebee Creek,540087,PROD,0.000,642.392,0.000,0.000,,,QLD,Regional - QLD,590001,2026/08/13 10:36:11
2026/08/12,WPP,580030,PIPE,16.026,25.011,0.000,8.982,,,NT,Darwin,580001,2026/08/13 12:46:29
2026/08/12,Yarwun,544282,BBGPG,71.567,0.000,0.000,0.000,,,QLD,Regional - QLD,590001,2026/08/13 12:01:07
2026/08/12,Yelcherr,580180,PROD,0.000,0.000,0.000,0.000,,,NT,Regional - NT,590017,2026/08/13 12:46:29
2026/08/12,Yellowbank,540074,PROD,0.000,11.659,0.000,0.000,,,QLD,Regional - QLD,590001,2026/08/13 12:01:07
2026/08/13,Arcadia,540101,PROD,0.000,93.602,0.000,0.000,,,QLD,Regional - QLD,590001,2026/08/14 07:13:23
2026/08/13,Atlas East Central Processing Facility,640008,PROD,0.000,31.500,0.000,0.000,,,QLD,Regional - QLD,590001,2026/08/14 08:05:18
2026/08/13,CRWP,540098,PIPE,0.000,0.000,115.365,0.000,,,QLD,Wallumbilla Hub,540032,2026/08/14 07:13:05
2026/08/13,CRWP,540098,PIPE,0.000,238.355,38.140,391.820,,,QLD,Regional - QLD,590001,2026/08/14 07:13:05
2026/08/13,Fairview,540070,PROD,0.000,281.855,0.000,0.000,,,QLD,Regional - QLD,590001,2026/08/14 07:13:23
2026/08/13,GLNG (Curtis Island),544276,LNGEXPORT,776.332,0.000,0.000,0.000,,,QLD,Curtis Island,540030,2026/08/14 07:13:05
2026/08/13,GLNG Pipeline,540092,PIPE,776.332,0.000,0.000,0.000,,,QLD,Curtis Island,540030,2026/08/14 07:13:05
2026/08/13,GLNG Pipeline,540092,PIPE,0.000,417.567,391.820,33.055,,,QLD,Regional - QLD,590001,2026/08/14 07:13:05
2026/08/13,ICF,530071,COMPRESSOR,0.000,0.000,14.000,14.000,,,VIC,Iona Hub,530016,2026/08/14 08:35:03
2026/08/13,Iona UGS,530042,STOR,15.620,104.898,0.000,0.000,14036.661,0.000,VIC,Iona Hub,530016,2026/08/14 08:30:02
2026/08/13,Longford,530040,PROD,0.000,632.362,0.000,0.000,,,VIC,Longford Hub,530015,2026/08/14 08:39:07
2026/08/13,Loy Yang B,533163,BBGPG,0.000,0.000,0.000,0.000,,,VIC,Gippsland,590009,2026/08/14 09:00:45
2026/08/13,LYB Transmission Pipeline,535023,PIPE,0.000,0.000,0.000,0.000,,,VIC,Gippsland,590009,2026/08/14 09:00:45
2026/08/13,McArthur River Mine,580220,BBGPG,8.513,0.000,0.000,0.000,,,NT,Regional - NT,590017,2026/08/14 08:56:18
2026/08/13,Mortlake PS,530063,BBGPG,22.264,0.000,0.000,0.000,,,VIC,Regional - VIC,590012,2026/08/14 07:20:00
2026/08/13,MPL,530061,PIPE,0.000,0.000,7.256,0.000,,,VIC,Iona Hub,530016,2026/08/14 07:20:00
2026/08/13,MPL,530061,PIPE,22.264,0.000,0.000,0.000,,,VIC,Regional - VIC,590012,2026/08/14 07:20:00
2026/08/13,MRP,580100,PIPE,8.513,0.000,0.000,0.000,,,NT,Regional - NT,590017,2026/08/14 08:56:18
2026/08/13,NGS,520060,STOR,0.220,0.295,0.000,0.000,676.286,76.810,NSW,Sydney,520008,2026/08/14 07:53:07
2026/08/13,Owen Springs Power Station,580235,BBGPG,1.224,0.000,0.000,0.000,,,NT,Regional - NT,590017,2026/08/14 06:41:06
2026/08/13,PCA,550052,PIPE,0.001,19.953,48.119,0.000,,,VIC,Iona Hub,530016,2026/08/14 07:20:01
2026/08/13,PCA,550052,PIPE,20.448,0.000,0.000,0.000,,,SA,Adelaide,550016,2026/08/14 07:20:01
2026/08/13,PCA,550052,PIPE,0.000,0.000,0.000,22.149,,,VIC,Regional - VIC,590012,2026/08/14 07:20:01
2026/08/13,PCA,550052,PIPE,31.997,0.000,0.000,3.777,,,SA,Regional - SA,590013,2026/08/14 07:20:01
2026/08/13,PCI,530060,PIPE,0.000,175.398,0.000,175.398,,,VIC,Iona Hub,530016,2026/08/14 07:20:01
2026/08/13,Pelican Point Power Station,555089,BBGPG,11.089,0.000,0.000,0.000,,,SA,Regional - SA,590013,2026/08/14 07:20:01
2026/08/13,Pipeline Compression Station,544279,COMPRESSOR,0.000,0.000,0.000,0.000,,,QLD,Regional - QLD,590001,2026/08/14 07:13:05
2026/08/13,PVP,580070,PIPE,1.745,0.000,0.000,0.000,,,NT,Regional - NT,590017,2026/08/14 06:41:06
2026/08/13,Quarantine Power Station,555087,BBGPG,20.184,0.000,0.000,0.000,,,SA,Regional - SA,590013,2026/08/14 07:20:01
2026/08/13,RMNGPF,640011,PROD,0.000,16.040,0.000,0.000,,,QLD,Regional - QLD,590001,2026/08/14 08:05:07
2026/08/13,RNMGP,640012,PIPE,0.000,16.040,0.000,16.040,,,QLD,Regional - QLD,590001,2026/08/14 08:05:07
2026/08/13,Roma,540095,PROD,0.000,238.355,0.000,0.000,,,QLD,Regional - QLD,590001,2026/08/14 07:13:29
2026/08/13,Ron Goodin Power Station,580234,BBGPG,0.000,0.000,0.000,0.000,,,NT,Regional - NT,590017,2026/08/14 06:41:06
2026/08/13,RUGS,540040,STOR,0.000,6.790,0.000,0.000,15153.365,0.000,QLD,Regional - QLD,590001,2026/08/14 07:13:29
2026/08/13,Scotia,540072,PROD,0.000,96.314,0.000,0.000,,,QLD,Regional - QLD,590001,2026/08/14 07:13:29
2026/08/13,SWQP,540060,PIPE,0.000,0.000,0.000,0.000,,,QLD,Wallumbilla Hub,540032,2026/08/14 07:13:05
2026/08/13,Torrens Island PS,555041,BBGPG,0.000,0.000,0.000,0.000,,,SA,Regional - SA,590013,2026/08/14 07:20:01
2026/08/13,Valley Power GPG,535024,BBGPG,0.000,0.000,0.000,0.000,,,VIC,Gippsland,590009,2026/08/14 09:00:45
2026/08/13,Viva Energy Refinery,535018,BBLARGE,9.975,0.000,0.000,0.000,,,VIC,Geelong,590005,2026/08/14 07:30:15
2026/08/13,Wallumbilla Compression Station,544280,COMPRESSOR,0.000,0.000,0.000,0.000,,,QLD,Wallumbilla Hub,540032,2026/08/14 07:13:05
