GasDate,FacilityName,FacilityId,FacilityType,Demand,Supply,TransferIn,TransferOut,HeldInStorage,CushionGasStorage,State,LocationName,LocationId,LastUpdated
2026/08/30,Adelaide Brighton,555091,BBLARGE,9.062,0.000,0.000,0.000,,,SA,Adelaide,550016,2026/08/31 13:00:01
2026/08/30,AGP,580010,PIPE,20.786,0.000,15.737,0.000,,,NT,Darwin,580001,2026/08/31 12:47:48
2026/08/30,AGP,580010,PIPE,7.744,31.584,0.000,18.871,,,NT,Regional - NT,590017,2026/08/31 12:47:48
2026/08/30,APLNG Pipeline,540093,PIPE,1664.227,0.000,0.000,0.000,,,QLD,Curtis Island,540030,2026/09/04 11:47:18
2026/08/30,APLNG Pipeline,540093,PIPE,0.000,1340.268,520.765,195.295,,,QLD,Regional - QLD,590001,2026/09/04 11:47:18
2026/08/30,Arcadia,540101,PROD,0.000,91.679,0.000,0.000,,,QLD,Regional - QLD,590001,2026/09/02 14:43:09
2026/08/30,ATGP,640013,PIPE,0.000,43.393,0.000,43.393,,,QLD,Regional - QLD,590001,2026/08/31 12:01:11
2026/08/30,ATHENA,535014,PROD,0.000,15.925,0.000,0.000,,,VIC,Iona Hub,530016,2026/09/04 09:53:21
2026/08/30,Atlas,544261,PROD,0.000,43.393,0.000,0.000,,,QLD,Regional - QLD,590001,2026/08/31 12:01:16
2026/08/30,Atlas East Central Processing Facility,640008,PROD,0.000,33.000,0.000,0.000,,,QLD,Regional - QLD,590001,2026/08/31 09:37:53
2026/08/30,Atlas to Reedy Creek Pipeline,640007,PIPE,0.000,33.003,0.000,32.498,,,QLD,Regional - QLD,590001,2026/08/31 12:47:48
2026/08/30,Australia Pacific LNG,544273,LNGEXPORT,1664.173,0.000,0.000,0.000,,,QLD,Curtis Island,540030,2026/08/31 12:00:25
2026/08/30,Australian Paper (Opal),535021,BBLARGE,11.925,0.000,0.000,0.000,,,VIC,Gippsland,590009,2026/09/18 11:00:14
2026/08/30,B1PL,540077,PIPE,0.037,40.964,0.000,37.202,,,QLD,Regional - QLD,590001,2026/08/31 11:00:55
2026/08/30,B2PL,540071,PIPE,0.000,54.667,3.011,60.692,,,QLD,Regional - QLD,590001,2026/08/31 10:21:42
2026/08/30,Bairnsdale Power Station,535020,BBGPG,0.000,0.000,0.000,0.000,,,VIC,Regional - VIC,590012,2026/08/31 11:00:53
2026/08/30,BCF,540047,COMPRESSOR,0.000,0.000,74.600,74.600,,,QLD,Regional - QLD,590001,2026/09/04 10:00:01
2026/08/30,Bell Bay CCGT,577016,BBGPG,27.001,0.000,0.000,0.000,,,TAS,Regional - TAS,590014,2026/09/01 12:01:00
2026/08/30,Bell Bay GGT,577014,BBGPG,0.000,0.000,0.000,0.000,,,TAS,Regional - TAS,590014,2026/09/01 12:01:00
2026/08/30,Bell Bay OCGT,577015,BBGPG,0.000,0.000,0.000,0.000,,,TAS,Regional - TAS,590014,2026/09/01 12:01:00
2026/08/30,Bellevue,540083,PROD,0.000,179.718,0.000,0.000,,,QLD,Regional - QLD,590001,2026/09/10 11:36:06
2026/08/30,BGP,580020,PIPE,0.309,0.000,0.000,0.000,,,NT,Regional - NT,590017,2026/08/31 12:47:48
2026/08/30,BlueScope,523204,BBLARGE,9.382,0.000,0.000,0.000,,,NSW,Sydney,520008,2026/08/31 12:01:05
2026/08/30,Bolivar,555008,BBGPG,0.000,0.000,0.000,0.000,,,SA,Regional - SA,590013,2026/08/31 12:06:28
2026/08/30,Bomaderry Gas Pipeline,523202,PIPE,23.255,0.000,23.255,0.000,,,NSW,Regional - NSW,590011,2026/08/31 15:01:52
2026/08/30,BPP,530030,PIPE,2.310,20.040,0.000,17.730,,,VIC,Gippsland,590009,2026/09/18 11:00:14
2026/08/30,Braemar 2 Power Station,544085,BBGPG,0.000,0.000,0.000,0.000,,,QLD,Regional - QLD,590001,2026/08/31 10:21:42
2026/08/30,Braemar Power Station,544252,BBGPG,0.037,0.000,0.000,0.000,,,QLD,Regional - QLD,590001,2026/08/31 11:00:55
2026/08/30,BWP,540096,PIPE,0.000,0.000,0.000,26.398,,,QLD,Wallumbilla Hub,540032,2026/08/31 12:47:48
2026/08/30,BWP,540096,PIPE,0.000,26.844,0.000,0.000,,,QLD,Regional - QLD,590001,2026/08/31 12:47:48
2026/08/30,CGP,540059,PIPE,0.000,0.000,74.608,0.000,,,QLD,Ballera,540078,2026/08/31 12:47:48
2026/08/30,CGP,540059,PIPE,69.899,0.000,0.000,0.000,,,QLD,Regional - QLD,590001,2026/08/31 12:47:48
2026/08/30,Channel Island Power Station,580231,BBGPG,20.786,0.000,0.000,0.000,,,NT,Darwin,580001,2026/08/31 12:47:48
2026/08/30,Colongra,523120,BBGPG,0.000,0.000,0.000,0.000,,,NSW,Regional - NSW,590011,2026/08/31 12:00:05
2026/08/30,ColongraGP,520090,PIPE,0.000,0.000,0.000,0.000,,,NSW,Sydney,520008,2026/08/31 12:00:05
2026/08/30,ColongraGP,520090,PIPE,0.000,0.000,0.000,0.000,,,NSW,Regional - NSW,590011,2026/08/31 12:00:05
2026/08/30,Combabula,540094,PROD,0.000,291.317,0.000,0.000,,,QLD,Regional - QLD,590001,2026/09/04 11:47:18
2026/08/30,Condabri Central,540080,PROD,0.000,138.162,0.000,0.000,,,QLD,Regional - QLD,590001,2026/09/04 11:47:18
2026/08/30,Condabri North,540090,PROD,0.000,161.833,0.000,0.000,,,QLD,Regional - QLD,590001,2026/09/04 11:47:18
2026/08/30,Condabri South,540086,PROD,0.000,157.079,0.000,0.000,,,QLD,Regional - QLD,590001,2026/09/04 11:47:18
2026/08/30,Condamine Power Station,544274,BBGPG,0.002,0.000,0.000,0.000,,,QLD,Regional - QLD,590001,2026/09/10 11:36:04
2026/08/30,CRWP,540098,PIPE,0.000,0.000,270.023,0.000,,,QLD,Wallumbilla Hub,540032,2026/09/02 14:43:06
2026/08/30,CRWP,540098,PIPE,0.000,229.282,39.916,547.413,,,QLD,Regional - QLD,590001,2026/09/02 14:43:06
2026/08/30,CWP,520054,PIPE,3.302,0.000,3.358,0.000,,,NSW,Regional - NSW,590011,2026/08/31 12:47:48
2026/08/30,Daandine,540050,PROD,0.000,54.667,0.000,0.000,,,QLD,Regional - QLD,590001,2026/08/31 10:21:46
2026/08/30,Dandenong LNG,530038,STOR,0.000,0.266,0.000,0.000,605.522,27.889,VIC,Melbourne,590008,2026/08/31 12:47:48
2026/08/30,DDP,540097,PIPE,0.000,0.000,0.000,214.760,,,QLD,Wallumbilla Hub,540032,2026/09/02 11:01:21
2026/08/30,DDP,540097,PIPE,0.002,560.376,143.318,493.556,,,QLD,Regional - QLD,590001,2026/09/02 11:01:21
2026/08/30,DDPS,544027,BBGPG,0.002,0.000,0.000,0.000,,,QLD,Regional - QLD,590001,2026/09/02 11:01:21
2026/08/30,Diamantina Power Station,544077,BBGPG,37.084,0.000,0.000,0.000,,,QLD,Regional - QLD,590001,2026/08/31 12:47:48
2026/08/30,Dry Creek Power Station,555026,BBGPG,0.000,0.000,0.000,0.000,,,SA,Regional - SA,590013,2026/08/31 11:31:05
2026/08/30,EGP,520047,PIPE,109.864,0.000,0.000,0.000,,,NSW,Sydney,520008,2026/08/31 12:01:05
2026/08/30,EGP,520047,PIPE,9.988,0.000,0.000,0.000,,,NSW,Canberra,520009,2026/08/31 12:01:05
2026/08/30,EGP,520047,PIPE,0.000,210.788,0.000,89.535,,,VIC,Longford Hub,530015,2026/08/31 12:01:05
2026/08/30,EGP,520047,PIPE,28.940,0.000,0.000,23.255,,,NSW,Regional - NSW,590011,2026/08/31 12:01:05
2026/08/30,EGP,520047,PIPE,0.711,69.333,0.000,0.000,,,VIC,Regional - VIC,590012,2026/08/31 12:01:05
2026/08/30,EO4PL,540055,PIPE,0.000,0.000,0.000,0.000,,,QLD,Regional - QLD,590001,2026/09/10 11:36:06
2026/08/30,Eurombah Creek,540089,PROD,0.000,145.087,0.000,0.000,,,QLD,Regional - QLD,590001,2026/09/04 11:47:18
2026/08/30,Fairview,540070,PROD,0.000,285.668,0.000,0.000,,,QLD,Regional - QLD,590001,2026/09/02 14:43:09
2026/08/30,GLNG (Curtis Island),544276,LNGEXPORT,1022.733,0.000,0.000,0.000,,,QLD,Curtis Island,540030,2026/09/02 14:43:06
2026/08/30,GLNG Pipeline,540092,PIPE,1022.733,0.000,0.000,0.000,,,QLD,Curtis Island,540030,2026/09/02 14:43:06
2026/08/30,GLNG Pipeline,540092,PIPE,0.000,420.993,562.765,0.000,,,QLD,Regional - QLD,590001,2026/09/10 11:36:06
2026/08/30,Hallett,555029,BBGPG,0.000,0.000,0.000,0.000,,,SA,Regional - SA,590013,2026/08/31 11:31:05
2026/08/30,Hunter Power Station,523210,BBGPG,0.002,0.000,0.000,0.000,,,NSW,Sydney,520008,2026/08/31 12:47:48
2026/08/30,ICF,530071,COMPRESSOR,0.000,0.000,9.700,9.700,,,VIC,Iona Hub,530016,2026/08/31 08:35:03
2026/08/30,Iona UGS,530042,STOR,46.414,64.791,0.000,0.000,12973.242,0.000,VIC,Iona Hub,530016,2026/08/31 08:30:03
2026/08/30,Jeerelang,533161,BBGPG,0.000,0.000,0.000,0.000,,,VIC,Gippsland,590009,2026/09/18 11:00:14
2026/08/30,Jordan,540088,PROD,0.000,282.346,0.000,0.000,,,QLD,Regional - QLD,590001,2026/09/10 11:36:06
2026/08/30,Katherine Power Station,580233,BBGPG,0.449,0.000,0.000,0.000,,,NT,Regional - NT,590017,2026/08/31 12:47:48
2026/08/30,Kenya,540075,PROD,0.000,127.303,0.000,0.000,,,QLD,Regional - QLD,590001,2026/09/10 11:36:06
2026/08/30,Kincora,544253,PROD,0.000,4.000,0.000,0.000,,,QLD,Regional - QLD,590001,2026/08/31 12:47:48
2026/08/30,KKLP,523209,PIPE,0.002,0.000,0.000,0.000,,,NSW,Sydney,520008,2026/08/31 12:47:48
2026/08/30,Kogan North,540061,PROD,0.000,4.313,0.000,0.000,,,QLD,Regional - QLD,590001,2026/08/31 12:47:48
2026/08/30,Ladbroke Grove PS,555086,BBGPG,4.379,0.000,0.000,0.000,,,SA,Regional - SA,590013,2026/08/31 12:47:48
2026/08/30,Lang Lang,530039,PROD,0.000,20.040,0.000,0.000,,,VIC,Gippsland,590009,2026/08/31 09:55:43
2026/08/30,Laverton,533201,BBGPG,0.000,0.000,0.000,0.000,,,VIC,Geelong,590005,2026/09/18 11:00:14
2026/08/30,Longford,530040,PROD,0.000,634.351,0.000,0.000,,,VIC,Longford Hub,530015,2026/08/31 08:14:12
2026/08/30,Loy Yang B,533163,BBGPG,0.000,0.000,0.000,0.000,,,VIC,Gippsland,590009,2026/08/31 11:00:54
2026/08/30,LYB Transmission Pipeline,535023,PIPE,0.036,0.000,0.022,0.000,,,VIC,Gippsland,590009,2026/08/31 11:00:54
2026/08/30,MAPS,550054,PIPE,20.139,0.000,0.000,0.000,,,SA,Adelaide,550016,2026/08/31 11:31:05
2026/08/30,MAPS,550054,PIPE,0.000,40.767,68.394,0.000,,,SA,Moomba Hub,550017,2026/08/31 11:31:05
2026/08/30,MAPS,550054,PIPE,94.217,0.000,15.000,0.000,,,SA,Regional - SA,590013,2026/08/31 11:31:05
2026/08/30,McArthur River Mine,580220,BBGPG,9.430,0.000,0.000,0.000,,,NT,Regional - NT,590017,2026/08/31 09:06:18
2026/08/30,MCF,550050,COMPRESSOR,0.000,0.000,50.649,50.649,,,SA,Moomba Hub,550017,2026/08/31 12:47:48
2026/08/30,Mereenie,580040,PROD,0.000,25.936,0.000,0.000,,,NT,Regional - NT,590017,2026/08/31 11:35:03
2026/08/30,Meridian,540064,PROD,0.000,47.896,0.000,0.000,,,QLD,Regional - QLD,590001,2026/08/31 09:38:51
2026/08/30,Mintaro Power Station,555031,BBGPG,0.000,0.000,0.000,0.000,,,SA,Regional - SA,590013,2026/08/31 11:31:05
2026/08/30,Moomba,550045,PROD,0.000,214.700,0.000,0.000,,,SA,Moomba Hub,550017,2026/09/04 10:00:01
2026/08/30,Moomba Storage,550046,STOR,0.000,0.000,0.000,0.000,6299.600,0.000,SA,Moomba Hub,550017,2026/09/04 10:00:01
2026/08/30,Mortlake PS,530063,BBGPG,14.873,0.000,0.000,0.000,,,VIC,Regional - VIC,590012,2026/08/31 07:20:00
2026/08/30,MPL,530061,PIPE,0.000,0.000,9.612,0.000,,,VIC,Iona Hub,530016,2026/08/31 07:20:00
2026/08/30,MPL,530061,PIPE,14.873,0.000,0.000,0.000,,,VIC,Regional - VIC,590012,2026/08/31 07:20:00
2026/08/30,MRP,580100,PIPE,9.430,0.000,9.431,0.000,,,NT,Regional - NT,590017,2026/08/31 09:06:18
2026/08/30,MSP,520053,PIPE,108.083,0.000,0.000,0.000,,,NSW,Sydney,520008,2026/08/31 12:47:48
2026/08/30,MSP,520053,PIPE,0.000,0.000,62.910,4.933,,,SA,Moomba Hub,550017,2026/08/31 12:47:48
2026/08/30,MSP,520053,PIPE,28.488,0.000,0.000,3.358,,,NSW,Regional - NSW,590011,2026/08/31 12:47:48
2026/08/30,MSP,520053,PIPE,9.403,0.000,0.000,0.000,,,NSW,Regional - ACT,590015,2026/08/31 12:47:48
2026/08/30,MSP,520053,PIPE,0.000,0.000,160.145,0.000,,,NSW,Culcairn,590016,2026/08/31 12:47:48
2026/08/30,Newport,533171,BBGPG,0.003,0.000,0.000,0.000,,,VIC,Melbourne,590008,2026/09/18 11:00:14
2026/08/30,NGP,580050,PIPE,0.000,0.000,0.000,0.000,,,QLD,Regional - QLD,590001,2026/08/31 12:01:13
2026/08/30,NGP,580050,PIPE,0.000,0.000,0.000,0.000,,,NT,Regional - NT,590017,2026/08/31 12:01:13
2026/08/30,NGS,520060,STOR,0.130,0.522,0.000,0.000,667.399,76.828,NSW,Sydney,520008,2026/08/31 09:16:31
2026/08/30,Oakey PS,544095,BBGPG,0.000,0.000,0.000,0.000,,,QLD,Regional - QLD,590001,2026/08/31 12:47:48
2026/08/30,Orana,540084,PROD,0.000,166.610,0.000,0.000,,,QLD,Regional - QLD,590001,2026/09/04 11:47:18
2026/08/30,Orbost,530041,PROD,0.000,69.333,0.000,0.000,,,VIC,Regional - VIC,590012,2026/08/31 12:01:05
2026/08/30,Orica,544011,BBLARGE,9.610,0.000,0.000,0.000,,,QLD,Regional - QLD,590001,2026/08/31 12:01:08
2026/08/30,Orica (Kooragang Island),523206,BBLARGE,38.870,0.000,0.000,0.000,,,NSW,Sydney,520008,2026/08/31 13:00:00
2026/08/30,Osborne,555033,BBGPG,20.737,0.000,0.000,0.000,,,SA,Regional - SA,590013,2026/08/31 11:31:05
2026/08/30,Otway,530044,PROD,0.000,175.071,0.000,0.000,,,VIC,Iona Hub,530016,2026/08/31 13:07:31
2026/08/30,Owen Springs Power Station,580235,BBGPG,0.173,0.000,0.000,0.000,,,NT,Regional - NT,590017,2026/08/31 06:41:02
2026/08/30,Palm Valley,580060,PROD,0.000,5.648,0.000,0.000,,,NT,Regional - NT,590017,2026/08/31 11:35:03
2026/08/30,PCA,550052,PIPE,0.000,14.941,52.358,2.074,,,VIC,Iona Hub,530016,2026/08/31 07:20:01
2026/08/30,PCA,550052,PIPE,30.041,0.000,0.000,0.000,,,SA,Adelaide,550016,2026/08/31 07:20:01
2026/08/30,PCA,550052,PIPE,0.000,0.000,0.000,11.972,,,VIC,Regional - VIC,590012,2026/08/31 07:20:01
2026/08/30,PCA,550052,PIPE,0.294,0.000,0.000,15.007,,,SA,Regional - SA,590013,2026/08/31 07:20:01
2026/08/30,PCI,530060,PIPE,0.000,185.755,2.074,187.829,,,VIC,Iona Hub,530016,2026/08/31 07:20:01
2026/08/30,Peat,540065,PROD,0.000,11.373,0.000,0.000,,,QLD,Regional - QLD,590001,2026/09/04 11:47:18
2026/08/30,Pelican Point Power Station,555089,BBGPG,24.528,0.000,0.000,0.000,,,SA,Regional - SA,590013,2026/08/31 07:20:01
2026/08/30,Phosphate Hill,544081,BBLARGE,22.900,0.000,0.000,0.000,,,QLD,Regional - QLD,590001,2026/08/31 12:47:48
2026/08/30,Pipeline Compression Station,544279,COMPRESSOR,0.000,0.000,0.000,0.000,,,QLD,Regional - QLD,590001,2026/09/02 14:43:06
2026/08/30,PVP,580070,PIPE,0.635,0.000,0.700,0.000,,,NT,Regional - NT,590017,2026/08/31 06:41:02
2026/08/30,QCLNG LNG Plant,544272,LNGEXPORT,1463.292,0.000,0.000,0.000,,,QLD,Curtis Island,540030,2026/09/10 11:36:06
2026/08/30,QGP,540058,PIPE,0.000,0.000,0.000,0.000,,,QLD,Wallumbilla Hub,540032,2026/08/31 12:01:08
2026/08/30,QGP,540058,PIPE,99.117,25.030,79.886,5.784,,,QLD,Regional - QLD,590001,2026/08/31 12:01:08
2026/08/30,Quarantine Power Station,555087,BBGPG,0.000,0.000,0.000,0.000,,,SA,Regional - SA,590013,2026/08/31 11:31:05
2026/08/30,Queensland Aluminia,544012,BBLARGE,25.993,0.000,0.000,0.000,,,QLD,Regional - QLD,590001,2026/08/31 12:01:08
2026/08/30,RBP,540057,PIPE,0.000,0.000,0.000,30.244,,,QLD,Wallumbilla Hub,540032,2026/08/31 12:47:48
2026/08/30,RBP,540057,PIPE,2.259,21.891,43.502,3.011,,,QLD,Regional - QLD,590001,2026/08/31 12:47:48
2026/08/30,RBP,540057,PIPE,37.524,0.000,0.000,0.000,,,QLD,Brisbane,590002,2026/08/31 12:47:48
2026/08/30,RCWP,540102,PIPE,0.000,0.000,0.000,5.803,,,QLD,Wallumbilla Hub,540032,2026/08/31 12:47:48
2026/08/30,RCWP,540102,PIPE,0.000,0.000,32.498,27.266,,,QLD,Regional - QLD,590001,2026/08/31 12:47:48
2026/08/30,Reedy Creek,540085,PROD,0.000,198.665,0.000,0.000,,,QLD,Regional - QLD,590001,2026/09/04 11:47:18
2026/08/30,RMNGPF,640011,PROD,0.000,16.770,0.000,0.000,,,QLD,Regional - QLD,590001,2026/08/31 09:37:38
2026/08/30,RNMGP,640012,PIPE,0.000,16.770,0.000,16.770,,,QLD,Regional - QLD,590001,2026/08/31 09:37:38
2026/08/30,RNP,640009,PIPE,0.000,23.146,0.000,23.146,,,QLD,Regional - QLD,590001,2026/08/31 12:01:09
2026/08/30,Rolleston,540073,PROD,0.000,8.840,0.000,0.000,,,QLD,Regional - QLD,590001,2026/08/31 12:01:08
2026/08/30,Roma,540095,PROD,0.000,229.282,0.000,0.000,,,QLD,Regional - QLD,590001,2026/09/02 14:43:10
2026/08/30,Roma North,544260,PROD,0.000,23.146,0.000,0.000,,,QLD,Regional - QLD,590001,2026/08/31 12:01:15
2026/08/30,Roma Power Station,540120,BBGPG,0.000,0.000,0.000,0.000,,,QLD,Regional - QLD,590001,2026/08/31 12:05:58
2026/08/30,Ron Goodin Power Station,580234,BBGPG,0.000,0.000,0.000,0.000,,,NT,Regional - NT,590017,2026/08/31 06:41:02
2026/08/30,RPL,540110,PIPE,0.047,0.000,0.000,0.000,,,QLD,Regional - QLD,590001,2026/08/31 12:05:58
2026/08/30,Ruby Jo,540082,PROD,0.000,424.731,0.000,0.000,,,QLD,Regional - QLD,590001,2026/09/10 11:36:06
2026/08/30,RUGS,540040,STOR,1.308,1.200,0.000,0.000,15129.653,0.000,QLD,Regional - QLD,590001,2026/09/02 14:43:10
2026/08/30,Scotia,540072,PROD,0.000,98.106,0.000,0.000,,,QLD,Regional - QLD,590001,2026/09/02 14:43:10
2026/08/30,SEPS,550061,PIPE,7.221,0.000,7.262,0.000,,,SA,Regional - SA,590013,2026/08/31 11:32:05
2026/08/30,SESA,550060,PIPE,0.000,0.000,11.971,0.000,,,VIC,Regional - VIC,590012,2026/08/31 12:47:48
2026/08/30,SESA,550060,PIPE,4.379,0.000,0.000,7.267,,,SA,Regional - SA,590013,2026/08/31 12:47:48
2026/08/30,Shoalhaven Starches Cogeneration Plant,523203,BBLARGE,23.255,0.000,0.000,0.000,,,NSW,Regional - NSW,590011,2026/08/31 15:01:52
2026/08/30,Smithfield Energy Facility,522004,BBGPG,0.000,0.000,0.000,0.000,,,NSW,Regional - NSW,590011,2026/08/31 12:06:29
2026/08/30,Snapper Point,555090,BBGPG,0.000,0.000,0.000,0.000,,,SA,Regional - SA,590013,2026/08/31 11:31:05
2026/08/30,Somerton,533174,BBGPG,6.111,0.000,0.000,0.000,,,VIC,Melbourne,590008,2026/09/18 11:00:14
2026/08/30,Spring Gully,540066,PROD,0.000,54.999,0.000,0.000,,,QLD,Regional - QLD,590001,2026/09/04 11:47:18
2026/08/30,SSP,540103,PIPE,0.000,6.300,0.000,6.300,,,QLD,Regional - QLD,590001,2026/08/31 11:26:36
2026/08/30,SSSF,540062,STOR,0.000,7.470,0.000,0.000,8482.692,0.000,QLD,Regional - QLD,590001,2026/08/31 11:26:36
2026/08/30,Strathblane,540067,PROD,0.000,47.250,0.000,0.000,,,QLD,Regional - QLD,590001,2026/09/04 11:47:18
2026/08/30,Swanbank Power Station,544104,BBGPG,0.000,0.000,0.000,0.000,,,QLD,Brisbane,590002,2026/08/31 12:47:48
2026/08/30,SWQP,540060,PIPE,0.000,0.000,282.989,270.023,,,QLD,Wallumbilla Hub,540032,2026/08/31 12:47:48
2026/08/30,SWQP,540060,PIPE,0.000,0.000,0.000,79.517,,,QLD,Ballera,540078,2026/08/31 12:47:48
2026/08/30,SWQP,540060,PIPE,0.000,177.020,4.552,130.923,,,SA,Moomba Hub,550017,2026/08/31 12:47:48
2026/08/30,SWQP,540060,PIPE,0.054,0.000,0.000,0.000,,,QLD,Regional - QLD,590001,2026/08/31 12:47:48
2026/08/30,Talinga,540076,PROD,0.000,78.367,0.000,0.000,,,QLD,Regional - QLD,590001,2026/09/04 11:47:18
2026/08/30,Tallawarra,522002,BBGPG,23.800,0.000,0.000,0.000,,,NSW,Regional - NSW,590011,2026/08/31 11:00:04
2026/08/30,Tallawarra Pipeline,523201,PIPE,23.800,0.000,23.800,0.000,,,NSW,Regional - NSW,590011,2026/08/31 11:00:04
2026/08/30,Taloona,540068,PROD,0.000,39.926,0.000,0.000,,,QLD,Regional - QLD,590001,2026/09/04 11:47:18
2026/08/30,Tanami GP,580210,PIPE,8.814,0.000,8.740,0.000,,,NT,Regional - NT,590017,2026/08/31 12:02:00
2026/08/30,TGP,570050,PIPE,0.000,0.000,82.896,47.500,,,VIC,Longford Hub,530015,2026/09/01 12:01:00
2026/08/30,TGP,570050,PIPE,40.627,0.000,0.000,0.000,,,TAS,Regional - TAS,590014,2026/09/01 12:01:00
2026/08/30,Tipton,540051,PROD,0.000,40.965,0.000,0.000,,,QLD,Regional - QLD,590001,2026/08/31 10:21:45
2026/08/30,Torrens Island PS,555041,BBGPG,25.376,0.000,0.000,0.000,,,SA,Regional - SA,590013,2026/08/31 11:31:05
2026/08/30,Uranquinty Power Station,522047,BBGPG,0.000,0.000,0.000,0.000,,,NSW,Regional - NSW,590011,2026/08/31 12:47:48
2026/08/30,Valley Power GPG,535024,BBGPG,0.036,0.000,0.000,0.000,,,VIC,Gippsland,590009,2026/08/31 11:00:54
2026/08/30,VicHub,532005,PIPE,0.000,0.000,6.639,6.639,,,VIC,Longford Hub,530015,2026/08/31 12:01:17
2026/08/30,Viva Energy Refinery,535018,BBLARGE,9.621,0.000,0.000,0.000,,,VIC,Geelong,590005,2026/08/31 07:30:18
2026/08/30,VTS,530110,PIPE,0.000,421.703,54.155,0.002,,,VIC,Longford Hub,530015,2026/09/18 11:00:14
2026/08/30,VTS,530110,PIPE,11.112,19.871,125.860,0.000,,,VIC,Iona Hub,530016,2026/09/18 11:00:14
2026/08/30,VTS,530110,PIPE,10.637,0.000,0.000,0.000,,,VIC,Western,590004,2026/09/18 11:00:14
2026/08/30,VTS,530110,PIPE,48.475,0.000,0.000,0.000,,,VIC,Geelong,590005,2026/09/18 11:00:14
2026/08/30,VTS,530110,PIPE,30.198,0.000,0.000,0.000,,,VIC,Ballarat,590006,2026/09/18 11:00:14
2026/08/30,VTS,530110,PIPE,45.215,0.000,0.000,0.000,,,VIC,Northern,590007,2026/09/18 11:00:14
2026/08/30,VTS,530110,PIPE,299.893,0.155,0.000,0.000,,,VIC,Melbourne,590008,2026/09/18 11:00:14
2026/08/30,VTS,530110,PIPE,33.563,0.000,17.730,0.022,,,VIC,Gippsland,590009,2026/09/18 11:00:14
2026/08/30,VTS,530110,PIPE,0.000,0.000,0.000,160.144,,,NSW,Culcairn,590016,2026/09/18 11:00:14
2026/08/30,Wallumbilla Compression Station,544280,COMPRESSOR,0.000,0.000,0.000,0.000,,,QLD,Wallumbilla Hub,540032,2026/09/02 14:43:06
2026/08/30,WCFA,540045,COMPRESSOR,0.000,0.000,98.075,98.075,,,QLD,Wallumbilla Hub,540032,2026/08/31 12:47:48
2026/08/30,WCFB,540046,COMPRESSOR,0.000,0.000,171.948,171.948,,,QLD,Wallumbilla Hub,540032,2026/08/31 12:47:48
2026/08/30,Weddell Power Station,580232,BBGPG,10.497,0.000,0.000,0.000,,,NT,Darwin,580001,2026/08/31 12:47:48
2026/08/30,WGP,540091,PIPE,1463.292,0.000,0.000,0.000,,,QLD,Curtis Island,540030,2026/09/10 11:36:06
2026/08/30,WGP,540091,PIPE,0.000,1401.424,60.693,0.000,,,QLD,Regional - QLD,590001,2026/09/10 11:36:06
2026/08/30,Whyalla Steelworks,555085,BBLARGE,6.066,0.000,0.000,0.000,,,SA,Regional - SA,590013,2026/08/31 11:31:05
2026/08/30,Windibri,540069,PROD,0.000,99.871,0.000,0.000,,,QLD,Regional - QLD,590001,2026/09/10 11:36:06
2026/08/30,Woleebee Creek,540087,PROD,0.000,642.445,0.000,0.000,,,QLD,Regional - QLD,590001,2026/09/10 11:36:06
2026/08/30,WPP,580030,PIPE,10.497,26.396,0.000,15.737,,,NT,Darwin,580001,2026/08/31 12:47:48
2026/08/30,Yarwun,544282,BBGPG,49.343,0.000,0.000,0.000,,,QLD,Regional - QLD,590001,2026/08/31 12:01:08
2026/08/30,Yelcherr,580180,PROD,0.000,0.000,0.000,0.000,,,NT,Regional - NT,590017,2026/08/31 12:47:48
2026/08/30,Yellowbank,540074,PROD,0.000,11.940,0.000,0.000,,,QLD,Regional - QLD,590001,2026/08/31 12:01:08
2026/08/31,Adelaide Brighton,555091,BBLARGE,8.990,0.000,0.000,0.000,,,SA,Adelaide,550016,2026/09/01 13:00:01
2026/08/31,AGP,580010,PIPE,20.668,0.000,16.994,0.000,,,NT,Darwin,580001,2026/09/01 12:46:48
2026/08/31,AGP,580010,PIPE,7.376,31.668,0.000,22.373,,,NT,Regional - NT,590017,2026/09/01 12:46:48
2026/08/31,APLNG Pipeline,540093,PIPE,1667.523,0.000,0.000,0.000,,,QLD,Curtis Island,540030,2026/09/05 11:31:41
2026/08/31,APLNG Pipeline,540093,PIPE,0.000,1343.748,485.173,157.586,,,QLD,Regional - QLD,590001,2026/09/05 11:31:41
2026/08/31,Arcadia,540101,PROD,0.000,91.185,0.000,0.000,,,QLD,Regional - QLD,590001,2026/09/01 13:13:17
2026/08/31,ATGP,640013,PIPE,0.000,43.375,0.000,43.375,,,QLD,Regional - QLD,590001,2026/09/01 12:01:13
2026/08/31,ATHENA,535014,PROD,0.000,16.349,0.000,0.000,,,VIC,Iona Hub,530016,2026/09/05 10:08:40
2026/08/31,Atlas,544261,PROD,0.000,43.375,0.000,0.000,,,QLD,Regional - QLD,590001,2026/09/01 12:01:18
2026/08/31,Atlas East Central Processing Facility,640008,PROD,0.000,33.000,0.000,0.000,,,QLD,Regional - QLD,590001,2026/09/01 10:28:58
2026/08/31,Atlas to Reedy Creek Pipeline,640007,PIPE,0.000,33.003,0.000,36.964,,,QLD,Regional - QLD,590001,2026/09/01 12:46:48
2026/08/31,Australia Pacific LNG,544273,LNGEXPORT,1666.953,0.000,0.000,0.000,,,QLD,Curtis Island,540030,2026/09/01 12:00:25
2026/08/31,Australian Paper (Opal),535021,BBLARGE,11.983,0.000,0.000,0.000,,,VIC,Gippsland,590009,2026/09/18 11:00:14
2026/08/31,B1PL,540077,PIPE,0.035,41.089,0.000,42.484,,,QLD,Regional - QLD,590001,2026/09/01 11:00:53
2026/08/31,B2PL,540071,PIPE,0.000,54.816,4.017,60.668,,,QLD,Regional - QLD,590001,2026/09/01 12:30:01
2026/08/31,Bairnsdale Power Station,535020,BBGPG,0.000,0.000,0.000,0.000,,,VIC,Regional - VIC,590012,2026/09/01 11:00:51
2026/08/31,BCF,540047,COMPRESSOR,0.000,0.000,71.800,71.800,,,QLD,Regional - QLD,590001,2026/09/05 21:21:19
2026/08/31,Bell Bay CCGT,577016,BBGPG,3.885,0.000,0.000,0.000,,,TAS,Regional - TAS,590014,2026/09/02 12:01:00
2026/08/31,Bell Bay GGT,577014,BBGPG,0.000,0.000,0.000,0.000,,,TAS,Regional - TAS,590014,2026/09/02 12:01:00
2026/08/31,Bell Bay OCGT,577015,BBGPG,1.821,0.000,0.000,0.000,,,TAS,Regional - TAS,590014,2026/09/02 12:01:00
2026/08/31,Bellevue,540083,PROD,0.000,176.120,0.000,0.000,,,QLD,Regional - QLD,590001,2026/09/10 11:36:06
2026/08/31,BGP,580020,PIPE,0.321,0.000,0.000,0.000,,,NT,Regional - NT,590017,2026/09/01 12:46:48
2026/08/31,BlueScope,523204,BBLARGE,9.770,0.000,0.000,0.000,,,NSW,Sydney,520008,2026/09/01 12:01:05
2026/08/31,Bolivar,555008,BBGPG,0.000,0.000,0.000,0.000,,,SA,Regional - SA,590013,2026/09/01 12:05:07
2026/08/31,Bomaderry Gas Pipeline,523202,PIPE,21.650,0.000,21.860,0.000,,,NSW,Regional - NSW,590011,2026/09/01 13:40:29
2026/08/31,BPP,530030,PIPE,2.260,20.030,0.000,17.775,,,VIC,Gippsland,590009,2026/09/18 11:00:14
2026/08/31,Braemar 2 Power Station,544085,BBGPG,0.000,0.000,0.000,0.000,,,QLD,Regional - QLD,590001,2026/09/01 12:30:01
2026/08/31,Braemar Power Station,544252,BBGPG,0.035,0.000,0.000,0.000,,,QLD,Regional - QLD,590001,2026/09/01 11:00:53
2026/08/31,BWP,540096,PIPE,0.000,0.000,0.000,9.722,,,QLD,Wallumbilla Hub,540032,2026/09/01 12:46:48
2026/08/31,BWP,540096,PIPE,0.000,14.549,0.000,0.000,,,QLD,Regional - QLD,590001,2026/09/01 12:46:48
2026/08/31,CGP,540059,PIPE,0.000,0.000,71.842,0.000,,,QLD,Ballera,540078,2026/09/01 12:46:48
2026/08/31,CGP,540059,PIPE,71.050,0.000,0.000,0.000,,,QLD,Regional - QLD,590001,2026/09/01 12:46:48
2026/08/31,Channel Island Power Station,580231,BBGPG,20.668,0.000,0.000,0.000,,,NT,Darwin,580001,2026/09/01 12:46:48
2026/08/31,Colongra,523120,BBGPG,0.020,0.000,0.000,0.000,,,NSW,Regional - NSW,590011,2026/09/01 12:00:05
2026/08/31,ColongraGP,520090,PIPE,0.000,0.000,0.000,0.000,,,NSW,Sydney,520008,2026/09/01 12:00:05
2026/08/31,ColongraGP,520090,PIPE,0.020,0.000,0.000,0.000,,,NSW,Regional - NSW,590011,2026/09/01 12:00:05
2026/08/31,Combabula,540094,PROD,0.000,291.584,0.000,0.000,,,QLD,Regional - QLD,590001,2026/09/05 11:31:41
2026/08/31,Condabri Central,540080,PROD,0.000,137.714,0.000,0.000,,,QLD,Regional - QLD,590001,2026/09/05 11:31:41
2026/08/31,Condabri North,540090,PROD,0.000,162.064,0.000,0.000,,,QLD,Regional - QLD,590001,2026/09/05 11:31:41
2026/08/31,Condabri South,540086,PROD,0.000,156.938,0.000,0.000,,,QLD,Regional - QLD,590001,2026/09/05 11:31:41
2026/08/31,Condamine Power Station,544274,BBGPG,0.000,0.000,0.000,0.000,,,QLD,Regional - QLD,590001,2026/09/10 11:36:04
2026/08/31,CRWP,540098,PIPE,0.000,0.000,269.496,0.000,,,QLD,Wallumbilla Hub,540032,2026/09/01 13:13:04
2026/08/31,CRWP,540098,PIPE,0.000,234.081,40.023,548.266,,,QLD,Regional - QLD,590001,2026/09/01 13:13:04
2026/08/31,CWP,520054,PIPE,3.750,0.000,3.451,0.000,,,NSW,Regional - NSW,590011,2026/09/01 12:46:48
2026/08/31,Daandine,540050,PROD,0.000,54.816,0.000,0.000,,,QLD,Regional - QLD,590001,2026/09/01 12:30:01
2026/08/31,Dandenong LNG,530038,STOR,0.000,0.339,0.000,0.000,605.103,27.889,VIC,Melbourne,590008,2026/09/01 12:46:48
2026/08/31,DDP,540097,PIPE,0.000,0.000,0.000,183.912,,,QLD,Wallumbilla Hub,540032,2026/09/02 11:01:22
2026/08/31,DDP,540097,PIPE,0.002,551.615,111.572,485.173,,,QLD,Regional - QLD,590001,2026/09/02 11:01:22
2026/08/31,DDPS,544027,BBGPG,0.002,0.000,0.000,0.000,,,QLD,Regional - QLD,590001,2026/09/02 11:01:22
2026/08/31,Diamantina Power Station,544077,BBGPG,36.651,0.000,0.000,0.000,,,QLD,Regional - QLD,590001,2026/09/01 12:46:48
2026/08/31,Dry Creek Power Station,555026,BBGPG,0.000,0.000,0.000,0.000,,,SA,Regional - SA,590013,2026/09/01 11:31:05
2026/08/31,EGP,520047,PIPE,110.264,0.000,0.000,0.000,,,NSW,Sydney,520008,2026/09/01 12:01:05
2026/08/31,EGP,520047,PIPE,9.997,0.000,0.000,0.000,,,NSW,Canberra,520009,2026/09/01 12:01:05
2026/08/31,EGP,520047,PIPE,0.000,214.634,0.000,99.636,,,VIC,Longford Hub,530015,2026/09/01 12:01:05
2026/08/31,EGP,520047,PIPE,25.654,0.000,0.000,21.860,,,NSW,Regional - NSW,590011,2026/09/01 12:01:05
2026/08/31,EGP,520047,PIPE,0.918,69.028,0.000,0.000,,,VIC,Regional - VIC,590012,2026/09/01 12:01:05
2026/08/31,EO4PL,540055,PIPE,0.000,0.000,0.000,0.000,,,QLD,Regional - QLD,590001,2026/09/10 11:36:06
2026/08/31,Eurombah Creek,540089,PROD,0.000,144.937,0.000,0.000,,,QLD,Regional - QLD,590001,2026/09/05 11:31:41
2026/08/31,Fairview,540070,PROD,0.000,285.099,0.000,0.000,,,QLD,Regional - QLD,590001,2026/09/01 13:13:17
2026/08/31,GLNG (Curtis Island),544276,LNGEXPORT,984.952,0.000,0.000,0.000,,,QLD,Curtis Island,540030,2026/09/01 13:13:04
2026/08/31,GLNG Pipeline,540092,PIPE,984.952,0.000,0.000,0.000,,,QLD,Curtis Island,540030,2026/09/01 13:13:04
2026/08/31,GLNG Pipeline,540092,PIPE,0.000,417.698,560.063,0.000,,,QLD,Regional - QLD,590001,2026/09/10 11:36:06
2026/08/31,Hallett,555029,BBGPG,0.000,0.000,0.000,0.000,,,SA,Regional - SA,590013,2026/09/01 11:31:05
2026/08/31,Hunter Power Station,523210,BBGPG,0.384,0.000,0.000,0.000,,,NSW,Sydney,520008,2026/09/01 12:46:48
2026/08/31,ICF,530071,COMPRESSOR,0.000,0.000,5.800,5.800,,,VIC,Iona Hub,530016,2026/09/01 08:35:03
2026/08/31,Iona UGS,530042,STOR,63.017,47.191,0.000,0.000,12989.068,0.000,VIC,Iona Hub,530016,2026/09/01 08:30:03
2026/08/31,Jeerelang,533161,BBGPG,0.000,0.000,0.000,0.000,,,VIC,Gippsland,590009,2026/09/18 11:00:14
2026/08/31,Jordan,540088,PROD,0.000,298.993,0.000,0.000,,,QLD,Regional - QLD,590001,2026/09/10 11:36:06
2026/08/31,Katherine Power Station,580233,BBGPG,0.000,0.000,0.000,0.000,,,NT,Regional - NT,590017,2026/09/01 12:46:48
2026/08/31,Kenya,540075,PROD,0.000,119.647,0.000,0.000,,,QLD,Regional - QLD,590001,2026/09/10 11:36:06
2026/08/31,Kincora,544253,PROD,0.000,4.000,0.000,0.000,,,QLD,Regional - QLD,590001,2026/09/01 12:46:48
2026/08/31,KKLP,523209,PIPE,0.384,0.000,0.000,0.000,,,NSW,Sydney,520008,2026/09/01 12:46:48
2026/08/31,Kogan North,540061,PROD,0.000,4.315,0.000,0.000,,,QLD,Regional - QLD,590001,2026/09/01 12:46:48
2026/08/31,Ladbroke Grove PS,555086,BBGPG,4.394,0.000,0.000,0.000,,,SA,Regional - SA,590013,2026/09/01 12:46:48
2026/08/31,Lang Lang,530039,PROD,0.000,20.030,0.000,0.000,,,VIC,Gippsland,590009,2026/09/01 11:04:21
2026/08/31,Laverton,533201,BBGPG,0.000,0.000,0.000,0.000,,,VIC,Geelong,590005,2026/09/18 11:00:14
2026/08/31,Longford,530040,PROD,0.000,637.416,0.000,0.000,,,VIC,Longford Hub,530015,2026/09/01 07:58:23
2026/08/31,Loy Yang B,533163,BBGPG,0.000,0.000,0.000,0.000,,,VIC,Gippsland,590009,2026/09/01 11:00:44
2026/08/31,LYB Transmission Pipeline,535023,PIPE,0.038,0.000,0.000,0.000,,,VIC,Gippsland,590009,2026/09/01 11:00:44
2026/08/31,MAPS,550054,PIPE,26.224,0.000,0.000,0.000,,,SA,Adelaide,550016,2026/09/01 11:31:05
2026/08/31,MAPS,550054,PIPE,0.000,38.416,58.631,0.000,,,SA,Moomba Hub,550017,2026/09/01 11:31:05
2026/08/31,MAPS,550054,PIPE,73.877,0.000,15.000,0.000,,,SA,Regional - SA,590013,2026/09/01 11:31:05
2026/08/31,McArthur River Mine,580220,BBGPG,9.126,0.000,0.000,0.000,,,NT,Regional - NT,590017,2026/09/01 09:07:03
2026/08/31,MCF,550050,COMPRESSOR,0.000,0.000,0.000,0.000,,,SA,Moomba Hub,550017,2026/09/01 12:46:48
2026/08/31,Mereenie,580040,PROD,0.000,26.043,0.000,0.000,,,NT,Regional - NT,590017,2026/09/01 12:09:42
2026/08/31,Meridian,540064,PROD,0.000,45.664,0.000,0.000,,,QLD,Regional - QLD,590001,2026/09/01 09:39:04
2026/08/31,Mintaro Power Station,555031,BBGPG,0.000,0.000,0.000,0.000,,,SA,Regional - SA,590013,2026/09/01 11:31:05
2026/08/31,Moomba,550045,PROD,0.000,214.200,0.000,0.000,,,SA,Moomba Hub,550017,2026/09/05 21:21:19
2026/08/31,Moomba Storage,550046,STOR,0.000,0.000,0.000,0.000,6299.600,0.000,SA,Moomba Hub,550017,2026/09/05 21:21:19
2026/08/31,Mortlake PS,530063,BBGPG,20.534,0.000,0.000,0.000,,,VIC,Regional - VIC,590012,2026/09/01 07:20:00
2026/08/31,MPL,530061,PIPE,0.000,0.000,0.033,0.000,,,VIC,Iona Hub,530016,2026/09/01 07:20:00
2026/08/31,MPL,530061,PIPE,20.534,0.000,0.000,0.000,,,VIC,Regional - VIC,590012,2026/09/01 07:20:00
2026/08/31,MRP,580100,PIPE,9.126,0.000,9.127,0.000,,,NT,Regional - NT,590017,2026/09/01 09:07:03
2026/08/31,MSP,520053,PIPE,118.303,0.000,0.000,0.000,,,NSW,Sydney,520008,2026/09/01 12:46:48
2026/08/31,MSP,520053,PIPE,0.000,0.000,117.990,0.500,,,SA,Moomba Hub,550017,2026/09/01 12:46:48
2026/08/31,MSP,520053,PIPE,32.357,0.000,0.000,3.451,,,NSW,Regional - NSW,590011,2026/09/01 12:46:48
2026/08/31,MSP,520053,PIPE,10.956,0.000,0.000,0.000,,,NSW,Regional - ACT,590015,2026/09/01 12:46:48
2026/08/31,MSP,520053,PIPE,0.000,0.000,163.776,0.000,,,NSW,Culcairn,590016,2026/09/01 12:46:48
2026/08/31,Newport,533171,BBGPG,0.002,0.000,0.000,0.000,,,VIC,Melbourne,590008,2026/09/18 11:00:14
2026/08/31,NGP,580050,PIPE,0.000,0.000,0.000,0.000,,,QLD,Regional - QLD,590001,2026/09/01 12:01:16
2026/08/31,NGP,580050,PIPE,0.000,0.000,0.000,0.000,,,NT,Regional - NT,590017,2026/09/01 12:01:16
2026/08/31,NGS,520060,STOR,0.110,0.598,0.000,0.000,666.596,76.810,NSW,Sydney,520008,2026/09/01 08:04:39
2026/08/31,Oakey PS,544095,BBGPG,0.002,0.000,0.000,0.000,,,QLD,Regional - QLD,590001,2026/09/01 12:46:48
2026/08/31,Orana,540084,PROD,0.000,166.716,0.000,0.000,,,QLD,Regional - QLD,590001,2026/09/05 11:31:41
2026/08/31,Orbost,530041,PROD,0.000,69.028,0.000,0.000,,,VIC,Regional - VIC,590012,2026/09/01 12:01:05
2026/08/31,Orica,544011,BBLARGE,9.543,0.000,0.000,0.000,,,QLD,Regional - QLD,590001,2026/09/01 12:01:09
2026/08/31,Orica (Kooragang Island),523206,BBLARGE,31.603,0.000,0.000,0.000,,,NSW,Sydney,520008,2026/09/01 13:00:00
2026/08/31,Osborne,555033,BBGPG,3.999,0.000,0.000,0.000,,,SA,Regional - SA,590013,2026/09/01 11:31:05
2026/08/31,Otway,530044,PROD,0.000,175.099,0.000,0.000,,,VIC,Iona Hub,530016,2026/09/01 11:02:15
2026/08/31,Owen Springs Power Station,580235,BBGPG,3.287,0.000,0.000,0.000,,,NT,Regional - NT,590017,2026/09/01 06:41:02
2026/08/31,Palm Valley,580060,PROD,0.000,5.625,0.000,0.000,,,NT,Regional - NT,590017,2026/09/01 12:09:42
2026/08/31,PCA,550052,PIPE,0.000,11.231,31.836,2.021,,,VIC,Iona Hub,530016,2026/09/01 07:20:01
2026/08/31,PCA,550052,PIPE,28.597,0.000,0.000,0.000,,,SA,Adelaide,550016,2026/09/01 07:20:01
2026/08/31,PCA,550052,PIPE,0.000,0.000,0.000,11.407,,,VIC,Regional - VIC,590012,2026/09/01 07:20:01
2026/08/31,PCA,550052,PIPE,3.541,0.000,0.000,15.007,,,SA,Regional - SA,590013,2026/09/01 07:20:01
2026/08/31,PCI,530060,PIPE,0.000,186.027,2.021,188.048,,,VIC,Iona Hub,530016,2026/09/01 07:20:01
2026/08/31,Peat,540065,PROD,0.000,11.369,0.000,0.000,,,QLD,Regional - QLD,590001,2026/09/05 11:31:41
2026/08/31,Pelican Point Power Station,555089,BBGPG,20.609,0.000,0.000,0.000,,,SA,Regional - SA,590013,2026/09/01 07:20:01
2026/08/31,Phosphate Hill,544081,BBLARGE,24.096,0.000,0.000,0.000,,,QLD,Regional - QLD,590001,2026/09/01 12:46:48
2026/08/31,Pipeline Compression Station,544279,COMPRESSOR,0.000,0.000,0.000,0.000,,,QLD,Regional - QLD,590001,2026/09/01 13:13:04
2026/08/31,PVP,580070,PIPE,3.757,0.000,4.506,0.000,,,NT,Regional - NT,590017,2026/09/01 06:41:02
2026/08/31,QCLNG LNG Plant,544272,LNGEXPORT,1469.826,0.000,0.000,0.000,,,QLD,Curtis Island,540030,2026/09/10 11:36:06
2026/08/31,QGP,540058,PIPE,0.000,0.000,6.711,0.000,,,QLD,Wallumbilla Hub,540032,2026/09/01 12:01:09
2026/08/31,QGP,540058,PIPE,103.848,25.077,76.886,0.001,,,QLD,Regional - QLD,590001,2026/09/01 12:01:09
2026/08/31,Quarantine Power Station,555087,BBGPG,3.616,0.000,0.000,0.000,,,SA,Regional - SA,590013,2026/09/01 11:31:05
2026/08/31,Queensland Aluminia,544012,BBLARGE,27.900,0.000,0.000,0.000,,,QLD,Regional - QLD,590001,2026/09/01 12:01:09
2026/08/31,RBP,540057,PIPE,0.000,0.000,0.000,17.588,,,QLD,Wallumbilla Hub,540032,2026/09/01 12:46:48
2026/08/31,RBP,540057,PIPE,3.874,28.894,48.784,4.017,,,QLD,Regional - QLD,590001,2026/09/01 12:46:48
2026/08/31,RBP,540057,PIPE,51.410,0.000,0.000,0.000,,,QLD,Brisbane,590002,2026/09/01 12:46:48
2026/08/31,RCWP,540102,PIPE,0.000,0.000,0.000,44.057,,,QLD,Wallumbilla Hub,540032,2026/09/01 12:46:48
2026/08/31,RCWP,540102,PIPE,0.000,0.000,36.964,0.000,,,QLD,Regional - QLD,590001,2026/09/01 12:46:48
2026/08/31,Reedy Creek,540085,PROD,0.000,198.695,0.000,0.000,,,QLD,Regional - QLD,590001,2026/09/05 11:31:41
2026/08/31,RMNGPF,640011,PROD,0.000,16.920,0.000,0.000,,,QLD,Regional - QLD,590001,2026/09/01 10:28:16
2026/08/31,RNMGP,640012,PIPE,0.000,16.920,0.000,16.920,,,QLD,Regional - QLD,590001,2026/09/01 10:28:16
2026/08/31,RNP,640009,PIPE,0.000,23.103,0.000,23.103,,,QLD,Regional - QLD,590001,2026/09/01 12:01:10
2026/08/31,Rolleston,540073,PROD,0.000,9.005,0.000,0.000,,,QLD,Regional - QLD,590001,2026/09/01 12:01:09
2026/08/31,Roma,540095,PROD,0.000,234.081,0.000,0.000,,,QLD,Regional - QLD,590001,2026/09/01 13:13:22
2026/08/31,Roma North,544260,PROD,0.000,23.103,0.000,0.000,,,QLD,Regional - QLD,590001,2026/09/01 12:01:17
2026/08/31,Roma Power Station,540120,BBGPG,0.000,0.000,0.000,0.000,,,QLD,Regional - QLD,590001,2026/09/01 11:48:58
2026/08/31,Ron Goodin Power Station,580234,BBGPG,0.000,0.000,0.000,0.000,,,NT,Regional - NT,590017,2026/09/01 06:41:02
2026/08/31,RPL,540110,PIPE,0.052,0.000,0.000,0.000,,,QLD,Regional - QLD,590001,2026/09/01 11:48:58
2026/08/31,Ruby Jo,540082,PROD,0.000,424.111,0.000,0.000,,,QLD,Regional - QLD,590001,2026/09/10 11:36:06
2026/08/31,RUGS,540040,STOR,0.000,3.930,0.000,0.000,15129.664,0.000,QLD,Regional - QLD,590001,2026/09/01 13:13:22
2026/08/31,Scotia,540072,PROD,0.000,100.985,0.000,0.000,,,QLD,Regional - QLD,590001,2026/09/01 13:13:22
2026/08/31,SEPS,550061,PIPE,6.922,0.000,6.920,0.000,,,SA,Regional - SA,590013,2026/09/01 11:32:05
2026/08/31,SESA,550060,PIPE,0.000,0.000,11.408,0.000,,,VIC,Regional - VIC,590012,2026/09/01 12:46:48
2026/08/31,SESA,550060,PIPE,4.394,0.000,0.000,6.916,,,SA,Regional - SA,590013,2026/09/01 12:46:48
2026/08/31,Shoalhaven Starches Cogeneration Plant,523203,BBLARGE,21.650,0.000,0.000,0.000,,,NSW,Regional - NSW,590011,2026/09/01 13:40:29
2026/08/31,Smithfield Energy Facility,522004,BBGPG,0.000,0.000,0.000,0.000,,,NSW,Regional - NSW,590011,2026/09/01 12:05:15
2026/08/31,Snapper Point,555090,BBGPG,0.000,0.000,0.000,0.000,,,SA,Regional - SA,590013,2026/09/01 11:31:05
2026/08/31,Somerton,533174,BBGPG,6.161,0.000,0.000,0.000,,,VIC,Melbourne,590008,2026/09/18 11:00:14
2026/08/31,Spring Gully,540066,PROD,0.000,55.033,0.000,0.000,,,QLD,Regional - QLD,590001,2026/09/05 11:31:41
2026/08/31,SSP,540103,PIPE,0.000,7.550,0.000,7.550,,,QLD,Regional - QLD,590001,2026/09/01 09:28:00
2026/08/31,SSSF,540062,STOR,0.000,6.300,0.000,0.000,8475.142,0.000,QLD,Regional - QLD,590001,2026/09/01 09:28:00
2026/08/31,Strathblane,540067,PROD,0.000,47.317,0.000,0.000,,,QLD,Regional - QLD,590001,2026/09/05 11:31:41
2026/08/31,Swanbank Power Station,544104,BBGPG,0.000,0.000,0.000,0.000,,,QLD,Brisbane,590002,2026/09/01 12:46:48
2026/08/31,SWQP,540060,PIPE,0.000,0.000,255.280,276.207,,,QLD,Wallumbilla Hub,540032,2026/09/01 12:46:48
2026/08/31,SWQP,540060,PIPE,0.000,0.000,0.000,76.837,,,QLD,Ballera,540078,2026/09/01 12:46:48
2026/08/31,SWQP,540060,PIPE,0.000,175.831,0.000,176.121,,,SA,Moomba Hub,550017,2026/09/01 12:46:48
2026/08/31,SWQP,540060,PIPE,0.153,0.000,0.000,0.000,,,QLD,Regional - QLD,590001,2026/09/01 12:46:48
2026/08/31,Talinga,540076,PROD,0.000,78.981,0.000,0.000,,,QLD,Regional - QLD,590001,2026/09/05 11:31:41
2026/08/31,Tallawarra,522002,BBGPG,20.525,0.000,0.000,0.000,,,NSW,Regional - NSW,590011,2026/09/01 11:00:10
2026/08/31,Tallawarra Pipeline,523201,PIPE,20.525,0.000,20.525,0.000,,,NSW,Regional - NSW,590011,2026/09/01 11:00:10
2026/08/31,Taloona,540068,PROD,0.000,39.546,0.000,0.000,,,QLD,Regional - QLD,590001,2026/09/05 11:31:41
2026/08/31,Tanami GP,580210,PIPE,8.667,0.000,8.740,0.000,,,NT,Regional - NT,590017,2026/09/01 12:02:00
2026/08/31,TGP,570050,PIPE,0.000,0.000,74.693,35.968,,,VIC,Longford Hub,530015,2026/09/02 12:01:00
2026/08/31,TGP,570050,PIPE,22.882,0.000,0.000,0.000,,,TAS,Regional - TAS,590014,2026/09/02 12:01:00
2026/08/31,Tipton,540051,PROD,0.000,41.089,0.000,0.000,,,QLD,Regional - QLD,590001,2026/09/01 12:30:01
2026/08/31,Torrens Island PS,555041,BBGPG,23.748,0.000,0.000,0.000,,,SA,Regional - SA,590013,2026/09/01 11:31:05
2026/08/31,Uranquinty Power Station,522047,BBGPG,0.000,0.000,0.000,0.000,,,NSW,Regional - NSW,590011,2026/09/01 12:46:48
2026/08/31,Valley Power GPG,535024,BBGPG,0.038,0.000,0.000,0.000,,,VIC,Gippsland,590009,2026/09/01 11:00:44
2026/08/31,VicHub,532005,PIPE,0.000,0.000,24.944,24.944,,,VIC,Longford Hub,530015,2026/09/01 12:01:19
2026/08/31,Viva Energy Refinery,535018,BBLARGE,8.699,0.000,0.000,0.000,,,VIC,Geelong,590005,2026/09/01 07:30:13
2026/08/31,VTS,530110,PIPE,0.000,420.782,60.928,0.000,,,VIC,Longford Hub,530015,2026/09/18 11:00:14
2026/08/31,VTS,530110,PIPE,30.265,8.728,156.178,0.000,,,VIC,Iona Hub,530016,2026/09/18 11:00:14
2026/08/31,VTS,530110,PIPE,11.509,0.000,0.000,0.000,,,VIC,Western,590004,2026/09/18 11:00:14
2026/08/31,VTS,530110,PIPE,54.225,0.000,0.000,0.000,,,VIC,Geelong,590005,2026/09/18 11:00:14
2026/08/31,VTS,530110,PIPE,27.879,0.000,0.000,0.000,,,VIC,Ballarat,590006,2026/09/18 11:00:14
2026/08/31,VTS,530110,PIPE,48.711,0.000,0.000,0.000,,,VIC,Northern,590007,2026/09/18 11:00:14
2026/08/31,VTS,530110,PIPE,297.344,0.556,0.000,0.000,,,VIC,Melbourne,590008,2026/09/18 11:00:14
2026/08/31,VTS,530110,PIPE,33.094,0.000,17.775,0.000,,,VIC,Gippsland,590009,2026/09/18 11:00:14
2026/08/31,VTS,530110,PIPE,0.000,0.000,0.000,163.775,,,NSW,Culcairn,590016,2026/09/18 11:00:14
2026/08/31,Wallumbilla Compression Station,544280,COMPRESSOR,0.000,0.000,0.000,0.000,,,QLD,Wallumbilla Hub,540032,2026/09/01 13:13:04
2026/08/31,WCFA,540045,COMPRESSOR,0.000,0.000,105.657,105.657,,,QLD,Wallumbilla Hub,540032,2026/09/01 12:46:48
2026/08/31,WCFB,540046,COMPRESSOR,0.000,0.000,170.550,170.550,,,QLD,Wallumbilla Hub,540032,2026/09/01 12:46:48
2026/08/31,Weddell Power Station,580232,BBGPG,12.143,0.000,0.000,0.000,,,NT,Darwin,580001,2026/09/01 12:46:48
2026/08/31,WGP,540091,PIPE,1469.826,0.000,0.000,0.000,,,QLD,Curtis Island,540030,2026/09/10 11:36:06
2026/08/31,WGP,540091,PIPE,0.000,1413.363,60.668,0.000,,,QLD,Regional - QLD,590001,2026/09/10 11:36:06
2026/08/31,Whyalla Steelworks,555085,BBLARGE,7.357,0.000,0.000,0.000,,,SA,Regional - SA,590013,2026/09/01 11:31:05
2026/08/31,Windibri,540069,PROD,0.000,93.343,0.000,0.000,,,QLD,Regional - QLD,590001,2026/09/10 11:36:06
2026/08/31,Woleebee Creek,540087,PROD,0.000,642.463,0.000,0.000,,,QLD,Regional - QLD,590001,2026/09/10 11:36:06
2026/08/31,WPP,580030,PIPE,12.143,29.115,0.000,16.994,,,NT,Darwin,580001,2026/09/01 12:46:48
2026/08/31,Yarwun,544282,BBGPG,49.711,0.000,0.000,0.000,,,QLD,Regional - QLD,590001,2026/09/01 12:01:09
2026/08/31,Yelcherr,580180,PROD,0.000,0.000,0.000,0.000,,,NT,Regional - NT,590017,2026/09/01 12:46:48
2026/08/31,Yellowbank,540074,PROD,0.000,11.822,0.000,0.000,,,QLD,Regional - QLD,590001,2026/09/01 12:01:09
2026/09/01,Adelaide Brighton,555091,BBLARGE,9.219,0.000,0.000,0.000,,,SA,Adelaide,550016,2026/09/02 13:00:00
2026/09/01,AGP,580010,PIPE,20.930,0.000,16.200,0.000,,,NT,Darwin,580001,2026/09/02 12:46:48
2026/09/01,AGP,580010,PIPE,7.311,31.566,0.000,21.853,,,NT,Regional - NT,590017,2026/09/02 12:46:48
2026/09/01,APLNG Pipeline,540093,PIPE,1671.871,0.000,0.000,0.000,,,QLD,Curtis Island,540030,2026/09/06 12:00:50
2026/09/01,APLNG Pipeline,540093,PIPE,0.000,1343.661,493.523,154.192,,,QLD,Regional - QLD,590001,2026/09/06 12:00:50
2026/09/01,Arcadia,540101,PROD,0.000,92.299,0.000,0.000,,,QLD,Regional - QLD,590001,2026/09/02 11:43:30
2026/09/01,ATGP,640013,PIPE,0.000,43.441,0.000,43.441,,,QLD,Regional - QLD,590001,2026/09/02 12:01:12
2026/09/01,ATHENA,535014,PROD,0.000,17.268,0.000,0.000,,,VIC,Iona Hub,530016,2026/09/06 09:30:09
2026/09/01,Atlas,544261,PROD,0.000,43.441,0.000,0.000,,,QLD,Regional - QLD,590001,2026/09/02 12:01:22
2026/09/01,Atlas East Central Processing Facility,640008,PROD,0.000,32.790,0.000,0.000,,,QLD,Regional - QLD,590001,2026/09/03 08:00:06
2026/09/01,Atlas to Reedy Creek Pipeline,640007,PIPE,0.000,32.790,0.000,32.583,,,QLD,Regional - QLD,590001,2026/09/02 12:46:48
2026/09/01,Australia Pacific LNG,544273,LNGEXPORT,1671.928,0.000,0.000,0.000,,,QLD,Curtis Island,540030,2026/09/02 12:00:25
2026/09/01,Australian Paper (Opal),535021,BBLARGE,11.672,0.000,0.000,0.000,,,VIC,Gippsland,590009,2026/09/18 11:00:14
2026/09/01,B1PL,540077,PIPE,0.033,38.553,0.000,40.033,,,QLD,Regional - QLD,590001,2026/09/02 11:01:09
2026/09/01,B2PL,540071,PIPE,0.000,54.528,3.007,56.666,,,QLD,Regional - QLD,590001,2026/09/02 10:18:51
2026/09/01,Bairnsdale Power Station,535020,BBGPG,0.000,0.000,0.000,0.000,,,VIC,Regional - VIC,590012,2026/09/02 11:01:10
2026/09/01,BCF,540047,COMPRESSOR,0.000,0.000,73.100,73.100,,,QLD,Regional - QLD,590001,2026/09/06 20:51:05
2026/09/01,Bell Bay CCGT,577016,BBGPG,0.000,0.000,0.000,0.000,,,TAS,Regional - TAS,590014,2026/09/03 12:01:00
2026/09/01,Bell Bay GGT,577014,BBGPG,0.000,0.000,0.000,0.000,,,TAS,Regional - TAS,590014,2026/09/03 12:01:00
2026/09/01,Bell Bay OCGT,577015,BBGPG,0.000,0.000,0.000,0.000,,,TAS,Regional - TAS,590014,2026/09/03 12:01:00
2026/09/01,Bellevue,540083,PROD,0.000,167.368,0.000,0.000,,,QLD,Regional - QLD,590001,2026/09/02 10:36:10
2026/09/01,BGP,580020,PIPE,0.318,0.000,0.000,0.000,,,NT,Regional - NT,590017,2026/09/02 12:46:48
2026/09/01,BlueScope,523204,BBLARGE,17.753,0.000,0.000,0.000,,,NSW,Sydney,520008,2026/09/02 12:01:05
2026/09/01,Bolivar,555008,BBGPG,0.000,0.000,0.000,0.000,,,SA,Regional - SA,590013,2026/09/02 12:05:15
2026/09/01,Bomaderry Gas Pipeline,523202,PIPE,21.531,0.000,21.531,0.000,,,NSW,Regional - NSW,590011,2026/09/02 12:54:39
2026/09/01,BPP,530030,PIPE,2.330,19.000,0.000,16.662,,,VIC,Gippsland,590009,2026/09/18 11:00:14
2026/09/01,Braemar 2 Power Station,544085,BBGPG,0.000,0.000,0.000,0.000,,,QLD,Regional - QLD,590001,2026/09/02 10:18:51
2026/09/01,Braemar Power Station,544252,BBGPG,0.033,0.000,0.000,0.000,,,QLD,Regional - QLD,590001,2026/09/02 11:01:09
2026/09/01,BWP,540096,PIPE,0.000,0.000,0.000,28.588,,,QLD,Wallumbilla Hub,540032,2026/09/02 12:46:48
2026/09/01,BWP,540096,PIPE,0.000,24.345,0.000,0.000,,,QLD,Regional - QLD,590001,2026/09/02 12:46:48
2026/09/01,CGP,540059,PIPE,0.000,0.000,73.131,0.000,,,QLD,Ballera,540078,2026/09/02 12:46:48
2026/09/01,CGP,540059,PIPE,67.364,0.000,0.000,0.000,,,QLD,Regional - QLD,590001,2026/09/02 12:46:48
2026/09/01,Channel Island Power Station,580231,BBGPG,20.930,0.000,0.000,0.000,,,NT,Darwin,580001,2026/09/02 12:46:48
2026/09/01,Colongra,523120,BBGPG,0.021,0.000,0.000,0.000,,,NSW,Regional - NSW,590011,2026/09/02 12:00:05
2026/09/01,ColongraGP,520090,PIPE,0.000,0.000,0.000,0.000,,,NSW,Sydney,520008,2026/09/02 12:00:05
2026/09/01,ColongraGP,520090,PIPE,0.021,0.000,0.000,0.000,,,NSW,Regional - NSW,590011,2026/09/02 12:00:05
2026/09/01,Combabula,540094,PROD,0.000,291.454,0.000,0.000,,,QLD,Regional - QLD,590001,2026/09/06 12:00:50
2026/09/01,Condabri Central,540080,PROD,0.000,138.191,0.000,0.000,,,QLD,Regional - QLD,590001,2026/09/06 12:00:50
2026/09/01,Condabri North,540090,PROD,0.000,161.820,0.000,0.000,,,QLD,Regional - QLD,590001,2026/09/06 12:00:50
2026/09/01,Condabri South,540086,PROD,0.000,156.964,0.000,0.000,,,QLD,Regional - QLD,590001,2026/09/06 12:00:50
2026/09/01,Condamine Power Station,544274,BBGPG,0.000,0.000,0.000,0.000,,,QLD,Regional - QLD,590001,2026/09/02 10:35:52
2026/09/01,CRWP,540098,PIPE,0.000,0.000,305.593,0.000,,,QLD,Wallumbilla Hub,540032,2026/09/02 11:43:09
2026/09/01,CRWP,540098,PIPE,0.000,234.492,40.096,582.634,,,QLD,Regional - QLD,590001,2026/09/02 11:43:09
2026/09/01,CWP,520054,PIPE,5.441,0.000,6.291,0.000,,,NSW,Regional - NSW,590011,2026/09/02 12:46:48
2026/09/01,Daandine,540050,PROD,0.000,54.528,0.000,0.000,,,QLD,Regional - QLD,590001,2026/09/02 10:18:57
2026/09/01,Dandenong LNG,530038,STOR,0.000,0.328,0.000,0.000,604.716,27.889,VIC,Melbourne,590008,2026/09/02 12:46:48
2026/09/01,DDP,540097,PIPE,0.000,0.000,0.000,167.800,,,QLD,Wallumbilla Hub,540032,2026/09/06 21:00:05
2026/09/01,DDP,540097,PIPE,0.002,552.935,100.840,486.084,,,QLD,Regional - QLD,590001,2026/09/06 21:00:05
2026/09/01,DDPS,544027,BBGPG,0.002,0.000,0.000,0.000,,,QLD,Regional - QLD,590001,2026/09/06 21:00:05
2026/09/01,Diamantina Power Station,544077,BBGPG,34.338,0.000,0.000,0.000,,,QLD,Regional - QLD,590001,2026/09/02 12:46:48
2026/09/01,Dry Creek Power Station,555026,BBGPG,0.000,0.000,0.000,0.000,,,SA,Regional - SA,590013,2026/09/02 11:31:05
2026/09/01,EGP,520047,PIPE,141.352,0.000,0.000,0.000,,,NSW,Sydney,520008,2026/09/02 12:01:05
2026/09/01,EGP,520047,PIPE,7.507,0.000,0.000,0.000,,,NSW,Canberra,520009,2026/09/02 12:01:05
2026/09/01,EGP,520047,PIPE,0.000,180.453,0.000,68.389,,,VIC,Longford Hub,530015,2026/09/02 12:01:05
2026/09/01,EGP,520047,PIPE,5.238,0.000,0.000,21.531,,,NSW,Regional - NSW,590011,2026/09/02 12:01:05
2026/09/01,EGP,520047,PIPE,0.805,64.687,0.000,0.000,,,VIC,Regional - VIC,590012,2026/09/02 12:01:05
2026/09/01,EO4PL,540055,PIPE,0.000,0.000,0.000,0.000,,,QLD,Regional - QLD,590001,2026/09/02 10:36:10
2026/09/01,Eurombah Creek,540089,PROD,0.000,144.131,0.000,0.000,,,QLD,Regional - QLD,590001,2026/09/06 12:00:50
2026/09/01,Fairview,540070,PROD,0.000,282.135,0.000,0.000,,,QLD,Regional - QLD,590001,2026/09/02 11:43:30
2026/09/01,GLNG (Curtis Island),544276,LNGEXPORT,986.348,0.000,0.000,0.000,,,QLD,Curtis Island,540030,2026/09/02 11:43:09
2026/09/01,GLNG Pipeline,540092,PIPE,986.348,0.000,0.000,0.000,,,QLD,Curtis Island,540030,2026/09/02 11:43:09
2026/09/01,GLNG Pipeline,540092,PIPE,0.000,418.004,582.733,7.538,,,QLD,Regional - QLD,590001,2026/09/02 10:36:10
2026/09/01,Hallett,555029,BBGPG,0.000,0.000,0.000,0.000,,,SA,Regional - SA,590013,2026/09/02 11:31:05
2026/09/01,Hunter Power Station,523210,BBGPG,1.244,0.000,0.000,0.000,,,NSW,Sydney,520008,2026/09/02 12:46:48
2026/09/01,ICF,530071,COMPRESSOR,0.000,0.000,11.000,11.000,,,VIC,Iona Hub,530016,2026/09/02 08:35:03
2026/09/01,Iona UGS,530042,STOR,87.775,13.502,0.000,0.000,13063.341,0.000,VIC,Iona Hub,530016,2026/09/02 08:30:04
2026/09/01,Jeerelang,533161,BBGPG,0.000,0.000,0.000,0.000,,,VIC,Gippsland,590009,2026/09/18 11:00:14
2026/09/01,Jordan,540088,PROD,0.000,317.402,0.000,0.000,,,QLD,Regional - QLD,590001,2026/09/02 10:36:10
2026/09/01,Katherine Power Station,580233,BBGPG,0.000,0.000,0.000,0.000,,,NT,Regional - NT,590017,2026/09/02 12:46:48
2026/09/01,Kenya,540075,PROD,0.000,124.720,0.000,0.000,,,QLD,Regional - QLD,590001,2026/09/02 10:36:10
2026/09/01,Kincora,544253,PROD,0.000,4.000,0.000,0.000,,,QLD,Regional - QLD,590001,2026/09/02 12:46:48
2026/09/01,KKLP,523209,PIPE,1.244,0.000,0.000,0.000,,,NSW,Sydney,520008,2026/09/02 12:46:48
2026/09/01,Kogan North,540061,PROD,0.000,4.315,0.000,0.000,,,QLD,Regional - QLD,590001,2026/09/02 12:46:48
2026/09/01,Ladbroke Grove PS,555086,BBGPG,9.303,0.000,0.000,0.000,,,SA,Regional - SA,590013,2026/09/02 12:46:48
2026/09/01,Lang Lang,530039,PROD,0.000,19.000,0.000,0.000,,,VIC,Gippsland,590009,2026/09/02 09:29:33
2026/09/01,Laverton,533201,BBGPG,0.000,0.000,0.000,0.000,,,VIC,Geelong,590005,2026/09/18 11:00:14
2026/09/01,Longford,530040,PROD,0.000,627.667,0.000,0.000,,,VIC,Longford Hub,530015,2026/09/02 08:41:50
2026/09/01,Loy Yang B,533163,BBGPG,0.000,0.000,0.000,0.000,,,VIC,Gippsland,590009,2026/09/02 11:01:11
2026/09/01,LYB Transmission Pipeline,535023,PIPE,0.030,0.000,0.025,0.000,,,VIC,Gippsland,590009,2026/09/02 11:01:11
2026/09/01,MAPS,550054,PIPE,29.072,0.000,0.000,0.000,,,SA,Adelaide,550016,2026/09/02 11:31:05
2026/09/01,MAPS,550054,PIPE,0.000,43.900,8.319,0.000,,,SA,Moomba Hub,550017,2026/09/02 11:31:05
2026/09/01,MAPS,550054,PIPE,51.496,0.000,25.000,0.000,,,SA,Regional - SA,590013,2026/09/02 11:31:05
2026/09/01,McArthur River Mine,580220,BBGPG,8.370,0.000,0.000,0.000,,,NT,Regional - NT,590017,2026/09/02 09:07:03
2026/09/01,MCF,550050,COMPRESSOR,0.000,0.000,162.046,162.046,,,SA,Moomba Hub,550017,2026/09/02 12:46:48
2026/09/01,Mereenie,580040,PROD,0.000,25.948,0.000,0.000,,,NT,Regional - NT,590017,2026/09/02 11:17:45
2026/09/01,Meridian,540064,PROD,0.000,47.820,0.000,0.000,,,QLD,Regional - QLD,590001,2026/09/02 09:39:17
2026/09/01,Mintaro Power Station,555031,BBGPG,0.000,0.000,0.000,0.000,,,SA,Regional - SA,590013,2026/09/02 11:31:05
2026/09/01,Moomba,550045,PROD,0.000,225.200,0.000,0.000,,,SA,Moomba Hub,550017,2026/09/06 20:51:05
2026/09/01,Moomba Storage,550046,STOR,0.000,0.000,0.000,0.000,6299.600,0.000,SA,Moomba Hub,550017,2026/09/06 20:51:05
2026/09/01,Mortlake PS,530063,BBGPG,0.000,0.000,0.000,0.000,,,VIC,Regional - VIC,590012,2026/09/02 07:20:00
2026/09/01,MPL,530061,PIPE,0.000,0.000,0.000,0.000,,,VIC,Iona Hub,530016,2026/09/02 07:20:00
2026/09/01,MPL,530061,PIPE,0.000,0.000,0.000,0.000,,,VIC,Regional - VIC,590012,2026/09/02 07:20:00
2026/09/01,MRP,580100,PIPE,8.370,0.000,8.371,0.000,,,NT,Regional - NT,590017,2026/09/02 09:07:03
2026/09/01,MSP,520053,PIPE,94.332,0.000,0.000,0.000,,,NSW,Sydney,520008,2026/09/02 12:46:48
2026/09/01,MSP,520053,PIPE,0.000,0.000,14.040,1.200,,,SA,Moomba Hub,550017,2026/09/02 12:46:48
2026/09/01,MSP,520053,PIPE,29.593,0.000,0.000,6.291,,,NSW,Regional - NSW,590011,2026/09/02 12:46:48
2026/09/01,MSP,520053,PIPE,11.323,0.000,0.000,0.000,,,NSW,Regional - ACT,590015,2026/09/02 12:46:48
2026/09/01,MSP,520053,PIPE,0.000,0.000,172.651,0.000,,,NSW,Culcairn,590016,2026/09/02 12:46:48
2026/09/01,Newport,533171,BBGPG,0.002,0.000,0.000,0.000,,,VIC,Melbourne,590008,2026/09/18 11:00:14
2026/09/01,NGP,580050,PIPE,0.000,0.000,0.000,0.000,,,QLD,Regional - QLD,590001,2026/09/02 12:01:18
2026/09/01,NGP,580050,PIPE,0.000,0.000,0.000,0.000,,,NT,Regional - NT,590017,2026/09/02 12:01:18
2026/09/01,NGS,520060,STOR,0.100,0.907,0.000,0.000,665.415,76.810,NSW,Sydney,520008,2026/09/02 07:22:11
2026/09/01,Oakey PS,544095,BBGPG,0.000,0.000,0.000,0.000,,,QLD,Regional - QLD,590001,2026/09/02 12:46:48
2026/09/01,Orana,540084,PROD,0.000,166.660,0.000,0.000,,,QLD,Regional - QLD,590001,2026/09/06 12:00:50
2026/09/01,Orbost,530041,PROD,0.000,64.687,0.000,0.000,,,VIC,Regional - VIC,590012,2026/09/02 12:01:05
2026/09/01,Orica,544011,BBLARGE,8.578,0.000,0.000,0.000,,,QLD,Regional - QLD,590001,2026/09/07 12:01:08
2026/09/01,Orica (Kooragang Island),523206,BBLARGE,38.645,0.000,0.000,0.000,,,NSW,Sydney,520008,2026/09/02 13:00:00
2026/09/01,Osborne,555033,BBGPG,0.000,0.000,0.000,0.000,,,SA,Regional - SA,590013,2026/09/02 11:31:05
2026/09/01,Otway,530044,PROD,0.000,169.122,0.000,0.000,,,VIC,Iona Hub,530016,2026/09/02 13:20:56
2026/09/01,Owen Springs Power Station,580235,BBGPG,3.305,0.000,0.000,0.000,,,NT,Regional - NT,590017,2026/09/02 06:41:03
2026/09/01,Palm Valley,580060,PROD,0.000,5.618,0.000,0.000,,,NT,Regional - NT,590017,2026/09/02 11:17:45
2026/09/01,PCA,550052,PIPE,0.000,17.043,47.908,2.043,,,VIC,Iona Hub,530016,2026/09/02 07:20:01
2026/09/01,PCA,550052,PIPE,28.023,0.000,0.000,0.000,,,SA,Adelaide,550016,2026/09/02 07:20:01
2026/09/01,PCA,550052,PIPE,0.000,0.000,0.000,15.699,,,VIC,Regional - VIC,590012,2026/09/02 07:20:01
2026/09/01,PCA,550052,PIPE,4.512,0.000,0.000,25.008,,,SA,Regional - SA,590013,2026/09/02 07:20:01
2026/09/01,PCI,530060,PIPE,0.000,180.348,2.043,182.391,,,VIC,Iona Hub,530016,2026/09/02 07:20:01
2026/09/01,Peat,540065,PROD,0.000,11.363,0.000,0.000,,,QLD,Regional - QLD,590001,2026/09/06 12:00:50
2026/09/01,Pelican Point Power Station,555089,BBGPG,14.908,0.000,0.000,0.000,,,SA,Regional - SA,590013,2026/09/02 07:20:01
2026/09/01,Phosphate Hill,544081,BBLARGE,22.810,0.000,0.000,0.000,,,QLD,Regional - QLD,590001,2026/09/02 12:46:48
2026/09/01,Pipeline Compression Station,544279,COMPRESSOR,0.000,0.000,0.000,0.000,,,QLD,Regional - QLD,590001,2026/09/02 11:43:09
2026/09/01,PVP,580070,PIPE,3.736,0.000,4.742,0.000,,,NT,Regional - NT,590017,2026/09/02 06:41:03
2026/09/01,QCLNG LNG Plant,544272,LNGEXPORT,1471.173,0.000,0.000,0.000,,,QLD,Curtis Island,540030,2026/09/02 10:36:10
2026/09/01,QGP,540058,PIPE,0.000,0.000,8.118,0.000,,,QLD,Wallumbilla Hub,540032,2026/09/07 12:01:08
2026/09/01,QGP,540058,PIPE,109.996,24.789,76.885,0.000,,,QLD,Regional - QLD,590001,2026/09/07 12:01:08
2026/09/01,Quarantine Power Station,555087,BBGPG,3.817,0.000,0.000,0.000,,,SA,Regional - SA,590013,2026/09/02 11:31:05
2026/09/01,Queensland Aluminia,544012,BBLARGE,32.834,0.000,0.000,0.000,,,QLD,Regional - QLD,590001,2026/09/07 12:01:08
2026/09/01,RBP,540057,PIPE,0.000,0.000,0.000,10.300,,,QLD,Wallumbilla Hub,540032,2026/09/02 12:46:48
2026/09/01,RBP,540057,PIPE,3.898,23.123,46.333,3.007,,,QLD,Regional - QLD,590001,2026/09/02 12:46:48
2026/09/01,RBP,540057,PIPE,51.393,0.000,0.000,0.000,,,QLD,Brisbane,590002,2026/09/02 12:46:48
2026/09/01,RCWP,540102,PIPE,0.000,0.000,0.000,51.743,,,QLD,Wallumbilla Hub,540032,2026/09/02 12:46:48
2026/09/01,RCWP,540102,PIPE,0.000,0.000,52.464,0.000,,,QLD,Regional - QLD,590001,2026/09/02 12:46:48
2026/09/01,Reedy Creek,540085,PROD,0.000,198.747,0.000,0.000,,,QLD,Regional - QLD,590001,2026/09/06 12:00:50
2026/09/01,RMNGPF,640011,PROD,0.000,17.010,0.000,0.000,,,QLD,Regional - QLD,590001,2026/09/02 08:56:29
2026/09/01,RNMGP,640012,PIPE,0.000,17.010,0.000,17.010,,,QLD,Regional - QLD,590001,2026/09/02 08:56:29
2026/09/01,RNP,640009,PIPE,0.000,23.086,0.000,23.086,,,QLD,Regional - QLD,590001,2026/09/02 12:01:09
2026/09/01,Rolleston,540073,PROD,0.000,8.863,0.000,0.000,,,QLD,Regional - QLD,590001,2026/09/07 12:01:08
2026/09/01,Roma,540095,PROD,0.000,234.492,0.000,0.000,,,QLD,Regional - QLD,590001,2026/09/02 11:43:39
2026/09/01,Roma North,544260,PROD,0.000,23.086,0.000,0.000,,,QLD,Regional - QLD,590001,2026/09/02 12:01:20
2026/09/01,Roma Power Station,540120,BBGPG,0.000,0.000,0.000,0.000,,,QLD,Regional - QLD,590001,2026/09/02 11:32:58
2026/09/01,Ron Goodin Power Station,580234,BBGPG,0.000,0.000,0.000,0.000,,,NT,Regional - NT,590017,2026/09/02 06:41:03
2026/09/01,RPL,540110,PIPE,0.055,0.000,0.000,0.000,,,QLD,Regional - QLD,590001,2026/09/02 11:32:58
2026/09/01,Ruby Jo,540082,PROD,0.000,424.492,0.000,0.000,,,QLD,Regional - QLD,590001,2026/09/02 10:36:10
2026/09/01,RUGS,540040,STOR,0.000,3.954,0.000,0.000,15127.342,0.000,QLD,Regional - QLD,590001,2026/09/02 11:43:39
2026/09/01,Scotia,540072,PROD,0.000,102.957,0.000,0.000,,,QLD,Regional - QLD,590001,2026/09/02 11:43:39
2026/09/01,SEPS,550061,PIPE,6.391,0.000,6.396,0.000,,,SA,Regional - SA,590013,2026/09/02 11:32:05
2026/09/01,SESA,550060,PIPE,0.000,0.000,15.699,0.000,,,VIC,Regional - VIC,590012,2026/09/02 12:46:48
2026/09/01,SESA,550060,PIPE,9.303,0.000,0.000,6.398,,,SA,Regional - SA,590013,2026/09/02 12:46:48
2026/09/01,Shoalhaven Starches Cogeneration Plant,523203,BBLARGE,21.531,0.000,0.000,0.000,,,NSW,Regional - NSW,590011,2026/09/02 12:54:39
2026/09/01,Smithfield Energy Facility,522004,BBGPG,0.000,0.000,0.000,0.000,,,NSW,Regional - NSW,590011,2026/09/02 12:05:15
2026/09/01,Snapper Point,555090,BBGPG,0.000,0.000,0.000,0.000,,,SA,Regional - SA,590013,2026/09/02 11:31:05
2026/09/01,Somerton,533174,BBGPG,0.001,0.000,0.000,0.000,,,VIC,Melbourne,590008,2026/09/18 11:00:14
2026/09/01,SPCF,580236,PROD,0.000,0.000,0.000,0.000,,,NT,Regional - NT,590017,2026/09/02 10:49:41
2026/09/01,SPP,580237,PIPE,0.000,0.000,0.000,0.000,,,NT,Regional - NT,590017,2026/09/02 12:46:48
2026/09/01,Spring Gully,540066,PROD,0.000,54.766,0.000,0.000,,,QLD,Regional - QLD,590001,2026/09/06 12:00:50
2026/09/01,SSP,540103,PIPE,0.000,7.540,0.000,7.540,,,QLD,Regional - QLD,590001,2026/09/02 10:41:27
2026/09/01,SSSF,540062,STOR,0.000,6.300,0.000,0.000,8467.602,0.000,QLD,Regional - QLD,590001,2026/09/02 10:41:27
2026/09/01,Strathblane,540067,PROD,0.000,45.844,0.000,0.000,,,QLD,Regional - QLD,590001,2026/09/06 12:00:50
2026/09/01,Swanbank Power Station,544104,BBGPG,0.000,0.000,0.000,0.000,,,QLD,Brisbane,590002,2026/09/02 12:46:48
2026/09/01,SWQP,540060,PIPE,0.000,0.000,258.431,313.711,,,QLD,Wallumbilla Hub,540032,2026/09/02 12:46:48
2026/09/01,SWQP,540060,PIPE,0.000,0.000,0.000,78.087,,,QLD,Ballera,540078,2026/09/02 12:46:48
2026/09/01,SWQP,540060,PIPE,0.000,184.405,0.000,22.359,,,SA,Moomba Hub,550017,2026/09/02 12:46:48
2026/09/01,SWQP,540060,PIPE,0.112,0.000,0.000,0.000,,,QLD,Regional - QLD,590001,2026/09/02 12:46:48
2026/09/01,Talinga,540076,PROD,0.000,79.676,0.000,0.000,,,QLD,Regional - QLD,590001,2026/09/06 12:00:50
2026/09/01,Tallawarra,522002,BBGPG,0.000,0.000,0.000,0.000,,,NSW,Regional - NSW,590011,2026/09/02 11:00:10
2026/09/01,Tallawarra Pipeline,523201,PIPE,0.000,0.000,0.000,0.000,,,NSW,Regional - NSW,590011,2026/09/02 11:00:10
2026/09/01,Taloona,540068,PROD,0.000,39.134,0.000,0.000,,,QLD,Regional - QLD,590001,2026/09/06 12:00:50
2026/09/01,Tanami GP,580210,PIPE,8.088,0.000,8.740,0.000,,,NT,Regional - NT,590017,2026/09/02 12:02:00
2026/09/01,TGP,570050,PIPE,0.000,0.000,51.911,47.548,,,VIC,Longford Hub,530015,2026/09/03 12:01:00
2026/09/01,TGP,570050,PIPE,18.342,0.000,0.000,0.000,,,TAS,Regional - TAS,590014,2026/09/03 12:01:00
2026/09/01,Tipton,540051,PROD,0.000,38.553,0.000,0.000,,,QLD,Regional - QLD,590001,2026/09/02 10:18:51
2026/09/01,Torrens Island PS,555041,BBGPG,13.877,0.000,0.000,0.000,,,SA,Regional - SA,590013,2026/09/02 11:31:05
2026/09/01,Uranquinty Power Station,522047,BBGPG,0.000,0.000,0.000,0.000,,,NSW,Regional - NSW,590011,2026/09/02 12:46:48
2026/09/01,Valley Power GPG,535024,BBGPG,0.030,0.000,0.000,0.000,,,VIC,Gippsland,590009,2026/09/02 11:01:11
2026/09/01,VicHub,532005,PIPE,0.000,0.000,16.479,16.479,,,VIC,Longford Hub,530015,2026/09/02 12:01:23
2026/09/01,Viva Energy Refinery,535018,BBLARGE,6.306,0.000,0.000,0.000,,,VIC,Geelong,590005,2026/09/02 07:30:16
2026/09/01,VTS,530110,PIPE,0.000,445.761,64.044,0.000,,,VIC,Longford Hub,530015,2026/09/18 11:00:14
2026/09/01,VTS,530110,PIPE,84.998,0.000,134.429,0.000,,,VIC,Iona Hub,530016,2026/09/18 11:00:14
2026/09/01,VTS,530110,PIPE,12.769,0.000,0.000,0.000,,,VIC,Western,590004,2026/09/18 11:00:14
2026/09/01,VTS,530110,PIPE,44.928,0.000,0.000,0.000,,,VIC,Geelong,590005,2026/09/18 11:00:14
2026/09/01,VTS,530110,PIPE,26.517,0.000,0.000,0.000,,,VIC,Ballarat,590006,2026/09/18 11:00:14
2026/09/01,VTS,530110,PIPE,44.841,0.000,0.000,0.000,,,VIC,Northern,590007,2026/09/18 11:00:14
2026/09/01,VTS,530110,PIPE,242.027,0.685,0.000,0.000,,,VIC,Melbourne,590008,2026/09/18 11:00:14
2026/09/01,VTS,530110,PIPE,29.293,0.000,16.662,0.025,,,VIC,Gippsland,590009,2026/09/18 11:00:14
2026/09/01,VTS,530110,PIPE,0.000,0.000,0.000,172.650,,,NSW,Culcairn,590016,2026/09/18 11:00:14
2026/09/01,Wallumbilla Compression Station,544280,COMPRESSOR,0.000,0.000,0.000,0.000,,,QLD,Wallumbilla Hub,540032,2026/09/02 11:43:09
2026/09/01,WCFA,540045,COMPRESSOR,0.000,0.000,107.708,107.708,,,QLD,Wallumbilla Hub,540032,2026/09/02 12:46:48
2026/09/01,WCFB,540046,COMPRESSOR,0.000,0.000,206.004,206.004,,,QLD,Wallumbilla Hub,540032,2026/09/02 12:46:48
2026/09/01,Weddell Power Station,580232,BBGPG,13.845,0.000,0.000,0.000,,,NT,Darwin,580001,2026/09/02 12:46:48
2026/09/01,WGP,540091,PIPE,1471.173,0.000,0.000,0.000,,,QLD,Curtis Island,540030,2026/09/02 10:36:10
2026/09/01,WGP,540091,PIPE,0.000,1413.630,56.666,0.000,,,QLD,Regional - QLD,590001,2026/09/02 10:36:10
2026/09/01,Whyalla Steelworks,555085,BBLARGE,6.737,0.000,0.000,0.000,,,SA,Regional - SA,590013,2026/09/02 11:31:05
2026/09/01,Windibri,540069,PROD,0.000,83.621,0.000,0.000,,,QLD,Regional - QLD,590001,2026/09/02 10:36:10
2026/09/01,Woleebee Creek,540087,PROD,0.000,642.790,0.000,0.000,,,QLD,Regional - QLD,590001,2026/09/02 10:36:10
2026/09/01,WPP,580030,PIPE,13.845,29.999,0.000,16.200,,,NT,Darwin,580001,2026/09/02 12:46:48
2026/09/01,Yarwun,544282,BBGPG,50.872,0.000,0.000,0.000,,,QLD,Regional - QLD,590001,2026/09/07 12:01:08
2026/09/01,Yelcherr,580180,PROD,0.000,0.000,0.000,0.000,,,NT,Regional - NT,590017,2026/09/02 12:46:48
2026/09/01,Yellowbank,540074,PROD,0.000,11.676,0.000,0.000,,,QLD,Regional - QLD,590001,2026/09/07 12:01:08
2026/09/02,Adelaide Brighton,555091,BBLARGE,7.720,0.000,0.000,0.000,,,SA,Adelaide,550016,2026/09/03 13:00:00
2026/09/02,AGP,580010,PIPE,21.447,0.000,17.239,0.000,,,NT,Darwin,580001,2026/09/03 12:46:47
2026/09/02,AGP,580010,PIPE,7.039,30.484,0.000,21.156,,,NT,Regional - NT,590017,2026/09/03 12:46:47
2026/09/02,APLNG Pipeline,540093,PIPE,1652.996,0.000,0.000,0.000,,,QLD,Curtis Island,540030,2026/09/07 11:42:07
2026/09/02,APLNG Pipeline,540093,PIPE,0.000,1332.384,482.688,126.900,,,QLD,Regional - QLD,590001,2026/09/07 11:42:07
2026/09/02,Arcadia,540101,PROD,0.000,92.106,0.000,0.000,,,QLD,Regional - QLD,590001,2026/09/03 11:28:21
2026/09/02,ATGP,640013,PIPE,0.000,43.611,0.000,43.611,,,QLD,Regional - QLD,590001,2026/09/03 12:01:30
2026/09/02,ATHENA,535014,PROD,0.000,17.362,0.000,0.000,,,VIC,Iona Hub,530016,2026/09/07 09:37:05
2026/09/02,Atlas,544261,PROD,0.000,43.611,0.000,0.000,,,QLD,Regional - QLD,590001,2026/09/03 12:01:34
2026/09/02,Atlas East Central Processing Facility,640008,PROD,0.000,32.650,0.000,0.000,,,QLD,Regional - QLD,590001,2026/09/03 10:12:31
2026/09/02,Atlas to Reedy Creek Pipeline,640007,PIPE,0.000,32.665,0.000,32.276,,,QLD,Regional - QLD,590001,2026/09/03 12:46:47
2026/09/02,Australia Pacific LNG,544273,LNGEXPORT,1652.995,0.000,0.000,0.000,,,QLD,Curtis Island,540030,2026/09/03 12:00:26
2026/09/02,Australian Paper (Opal),535021,BBLARGE,13.016,0.000,0.000,0.000,,,VIC,Gippsland,590009,2026/09/04 11:00:04
2026/09/02,B1PL,540077,PIPE,0.037,40.213,0.000,33.747,,,QLD,Regional - QLD,590001,2026/09/03 11:00:56
2026/09/02,B2PL,540071,PIPE,0.000,54.406,1.506,56.992,,,QLD,Regional - QLD,590001,2026/09/03 12:30:05
2026/09/02,Bairnsdale Power Station,535020,BBGPG,0.000,0.000,0.000,0.000,,,VIC,Regional - VIC,590012,2026/09/03 11:00:55
2026/09/02,BCF,540047,COMPRESSOR,0.000,0.000,66.400,66.400,,,QLD,Regional - QLD,590001,2026/09/07 21:18:07
2026/09/02,Bell Bay CCGT,577016,BBGPG,0.000,0.000,0.000,0.000,,,TAS,Regional - TAS,590014,2026/09/04 12:01:00
2026/09/02,Bell Bay GGT,577014,BBGPG,0.000,0.000,0.000,0.000,,,TAS,Regional - TAS,590014,2026/09/04 12:01:00
2026/09/02,Bell Bay OCGT,577015,BBGPG,0.001,0.000,0.000,0.000,,,TAS,Regional - TAS,590014,2026/09/04 12:01:00
2026/09/02,Bellevue,540083,PROD,0.000,161.076,0.000,0.000,,,QLD,Regional - QLD,590001,2026/09/03 10:36:13
2026/09/02,BGP,580020,PIPE,0.318,0.000,0.000,0.000,,,NT,Regional - NT,590017,2026/09/03 12:46:47
2026/09/02,BlueScope,523204,BBLARGE,19.314,0.000,0.000,0.000,,,NSW,Sydney,520008,2026/09/03 12:01:05
2026/09/02,Bolivar,555008,BBGPG,0.000,0.000,0.000,0.000,,,SA,Regional - SA,590013,2026/09/03 12:03:12
2026/09/02,Bomaderry Gas Pipeline,523202,PIPE,21.223,0.000,21.200,0.000,,,NSW,Regional - NSW,590011,2026/09/04 12:51:31
2026/09/02,BPP,530030,PIPE,2.080,18.990,0.000,16.916,,,VIC,Gippsland,590009,2026/09/04 11:00:04
2026/09/02,Braemar 2 Power Station,544085,BBGPG,0.000,0.000,0.000,0.000,,,QLD,Regional - QLD,590001,2026/09/03 12:30:05
2026/09/02,Braemar Power Station,544252,BBGPG,0.037,0.000,0.000,0.000,,,QLD,Regional - QLD,590001,2026/09/03 11:00:56
2026/09/02,BWP,540096,PIPE,0.000,0.000,0.000,42.230,,,QLD,Wallumbilla Hub,540032,2026/09/03 12:46:47
2026/09/02,BWP,540096,PIPE,0.000,43.345,0.000,0.000,,,QLD,Regional - QLD,590001,2026/09/03 12:46:47
2026/09/02,CGP,540059,PIPE,0.000,0.000,66.396,0.000,,,QLD,Ballera,540078,2026/09/03 12:46:47
2026/09/02,CGP,540059,PIPE,70.001,0.000,0.000,0.000,,,QLD,Regional - QLD,590001,2026/09/03 12:46:47
2026/09/02,Channel Island Power Station,580231,BBGPG,21.447,0.000,0.000,0.000,,,NT,Darwin,580001,2026/09/03 12:46:47
2026/09/02,Colongra,523120,BBGPG,0.020,0.000,0.000,0.000,,,NSW,Regional - NSW,590011,2026/09/03 12:00:05
2026/09/02,ColongraGP,520090,PIPE,0.000,0.000,0.000,0.000,,,NSW,Sydney,520008,2026/09/03 12:00:05
2026/09/02,ColongraGP,520090,PIPE,0.020,0.000,0.000,0.000,,,NSW,Regional - NSW,590011,2026/09/03 12:00:05
2026/09/02,Combabula,540094,PROD,0.000,290.947,0.000,0.000,,,QLD,Regional - QLD,590001,2026/09/07 11:42:07
2026/09/02,Condabri Central,540080,PROD,0.000,125.265,0.000,0.000,,,QLD,Regional - QLD,590001,2026/09/07 11:42:07
2026/09/02,Condabri North,540090,PROD,0.000,166.714,0.000,0.000,,,QLD,Regional - QLD,590001,2026/09/07 11:42:07
2026/09/02,Condabri South,540086,PROD,0.000,157.845,0.000,0.000,,,QLD,Regional - QLD,590001,2026/09/07 11:42:07
2026/09/02,Condamine Power Station,544274,BBGPG,0.008,0.000,0.000,0.000,,,QLD,Regional - QLD,590001,2026/09/03 10:35:39
2026/09/02,CRWP,540098,PIPE,0.000,0.000,311.446,0.000,,,QLD,Wallumbilla Hub,540032,2026/09/03 11:28:07
2026/09/02,CRWP,540098,PIPE,0.000,234.321,40.131,546.137,,,QLD,Regional - QLD,590001,2026/09/03 11:28:07
2026/09/02,CWP,520054,PIPE,5.228,0.000,5.387,0.000,,,NSW,Regional - NSW,590011,2026/09/03 12:46:47
2026/09/02,Daandine,540050,PROD,0.000,54.100,0.000,0.000,,,QLD,Regional - QLD,590001,2026/09/03 12:30:04
2026/09/02,Dandenong LNG,530038,STOR,0.000,0.293,0.000,0.000,604.149,27.889,VIC,Melbourne,590008,2026/09/03 12:46:47
2026/09/02,DDP,540097,PIPE,0.000,0.000,0.000,165.813,,,QLD,Wallumbilla Hub,540032,2026/09/06 21:01:05
2026/09/02,DDP,540097,PIPE,0.001,541.629,93.172,474.090,,,QLD,Regional - QLD,590001,2026/09/06 21:01:05
2026/09/02,DDPS,544027,BBGPG,0.001,0.000,0.000,0.000,,,QLD,Regional - QLD,590001,2026/09/06 21:01:05
2026/09/02,Diamantina Power Station,544077,BBGPG,35.875,0.000,0.000,0.000,,,QLD,Regional - QLD,590001,2026/09/03 12:46:47
2026/09/02,Dry Creek Power Station,555026,BBGPG,3.240,0.000,0.000,0.000,,,SA,Regional - SA,590013,2026/09/03 11:31:05
2026/09/02,EGP,520047,PIPE,140.385,0.000,0.000,0.000,,,NSW,Sydney,520008,2026/09/03 12:01:05
2026/09/02,EGP,520047,PIPE,7.394,0.000,0.000,0.000,,,NSW,Canberra,520009,2026/09/03 12:01:05
2026/09/02,EGP,520047,PIPE,0.000,178.475,0.000,64.329,,,VIC,Longford Hub,530015,2026/09/03 12:01:05
2026/09/02,EGP,520047,PIPE,5.016,0.000,0.000,21.200,,,NSW,Regional - NSW,590011,2026/09/03 12:01:05
2026/09/02,EGP,520047,PIPE,0.820,73.221,0.000,0.000,,,VIC,Regional - VIC,590012,2026/09/03 12:01:05
2026/09/02,EO4PL,540055,PIPE,0.000,0.000,0.000,0.000,,,QLD,Regional - QLD,590001,2026/09/03 10:36:13
2026/09/02,Eurombah Creek,540089,PROD,0.000,143.230,0.000,0.000,,,QLD,Regional - QLD,590001,2026/09/07 11:42:07
2026/09/02,Fairview,540070,PROD,0.000,281.430,0.000,0.000,,,QLD,Regional - QLD,590001,2026/09/03 11:28:21
2026/09/02,GLNG (Curtis Island),544276,LNGEXPORT,944.232,0.000,0.000,0.000,,,QLD,Curtis Island,540030,2026/09/03 11:28:07
2026/09/02,GLNG Pipeline,540092,PIPE,944.232,0.000,0.000,0.000,,,QLD,Curtis Island,540030,2026/09/03 11:28:07
2026/09/02,GLNG Pipeline,540092,PIPE,0.000,417.110,546.261,8.722,,,QLD,Regional - QLD,590001,2026/09/03 10:36:13
2026/09/02,Hallett,555029,BBGPG,0.000,0.000,0.000,0.000,,,SA,Regional - SA,590013,2026/09/03 11:31:05
2026/09/02,Hunter Power Station,523210,BBGPG,0.012,0.000,0.000,0.000,,,NSW,Sydney,520008,2026/09/03 12:46:47
2026/09/02,ICF,530071,COMPRESSOR,0.000,0.000,6.500,6.500,,,VIC,Iona Hub,530016,2026/09/03 08:35:02
2026/09/02,Iona UGS,530042,STOR,65.941,12.001,0.000,0.000,13117.281,0.000,VIC,Iona Hub,530016,2026/09/03 08:30:03
2026/09/02,Jeerelang,533161,BBGPG,0.000,0.000,0.000,0.000,,,VIC,Gippsland,590009,2026/09/04 11:00:04
2026/09/02,Jordan,540088,PROD,0.000,334.219,0.000,0.000,,,QLD,Regional - QLD,590001,2026/09/03 10:36:13
2026/09/02,Katherine Power Station,580233,BBGPG,0.000,0.000,0.000,0.000,,,NT,Regional - NT,590017,2026/09/03 12:46:47
2026/09/02,Kenya,540075,PROD,0.000,115.374,0.000,0.000,,,QLD,Regional - QLD,590001,2026/09/03 10:36:13
2026/09/02,Kincora,544253,PROD,0.000,4.000,0.000,0.000,,,QLD,Regional - QLD,590001,2026/09/03 12:46:47
2026/09/02,KKLP,523209,PIPE,0.012,0.000,0.000,0.000,,,NSW,Sydney,520008,2026/09/03 12:46:47
2026/09/02,Kogan North,540061,PROD,0.000,4.316,0.000,0.000,,,QLD,Regional - QLD,590001,2026/09/03 12:46:47
2026/09/02,Ladbroke Grove PS,555086,BBGPG,5.971,0.000,0.000,0.000,,,SA,Regional - SA,590013,2026/09/03 12:46:47
2026/09/02,Lang Lang,530039,PROD,0.000,18.990,0.000,0.000,,,VIC,Gippsland,590009,2026/09/03 10:31:08
2026/09/02,Laverton,533201,BBGPG,0.000,0.000,0.000,0.000,,,VIC,Geelong,590005,2026/09/04 11:00:04
2026/09/02,Longford,530040,PROD,0.000,621.200,0.000,0.000,,,VIC,Longford Hub,530015,2026/09/03 07:39:24
2026/09/02,Loy Yang B,533163,BBGPG,0.000,0.000,0.000,0.000,,,VIC,Gippsland,590009,2026/09/03 11:00:52
2026/09/02,LYB Transmission Pipeline,535023,PIPE,0.041,0.000,1.375,0.000,,,VIC,Gippsland,590009,2026/09/03 11:00:52
2026/09/02,MAPS,550054,PIPE,38.260,0.000,0.000,0.000,,,SA,Adelaide,550016,2026/09/03 11:31:05
2026/09/02,MAPS,550054,PIPE,0.000,43.366,24.917,0.000,,,SA,Moomba Hub,550017,2026/09/03 11:31:05
2026/09/02,MAPS,550054,PIPE,49.231,0.000,20.000,0.000,,,SA,Regional - SA,590013,2026/09/03 11:31:05
2026/09/02,McArthur River Mine,580220,BBGPG,7.834,0.000,0.000,0.000,,,NT,Regional - NT,590017,2026/09/03 09:16:19
2026/09/02,MCF,550050,COMPRESSOR,0.000,0.000,158.867,158.867,,,SA,Moomba Hub,550017,2026/09/03 12:46:47
2026/09/02,Mereenie,580040,PROD,0.000,24.867,0.000,0.000,,,NT,Regional - NT,590017,2026/09/03 11:34:01
2026/09/02,Meridian,540064,PROD,0.000,47.824,0.000,0.000,,,QLD,Regional - QLD,590001,2026/09/03 09:39:01
2026/09/02,Mintaro Power Station,555031,BBGPG,0.000,0.000,0.000,0.000,,,SA,Regional - SA,590013,2026/09/03 11:31:05
2026/09/02,Moomba,550045,PROD,0.000,227.200,0.000,0.000,,,SA,Moomba Hub,550017,2026/09/07 21:18:07
2026/09/02,Moomba Storage,550046,STOR,0.000,0.000,0.000,0.000,6299.600,0.000,SA,Moomba Hub,550017,2026/09/07 21:18:07
2026/09/02,Mortlake PS,530063,BBGPG,0.000,0.000,0.000,0.000,,,VIC,Regional - VIC,590012,2026/09/03 07:20:00
2026/09/02,MPL,530061,PIPE,0.000,0.000,13.206,6.801,,,VIC,Iona Hub,530016,2026/09/03 07:20:00
2026/09/02,MPL,530061,PIPE,0.000,0.000,0.000,0.000,,,VIC,Regional - VIC,590012,2026/09/03 07:20:00
2026/09/02,MRP,580100,PIPE,7.834,0.000,7.835,0.000,,,NT,Regional - NT,590017,2026/09/03 09:16:19
2026/09/02,MSP,520053,PIPE,88.160,0.000,0.000,0.000,,,NSW,Sydney,520008,2026/09/03 12:46:47
2026/09/02,MSP,520053,PIPE,0.000,0.000,7.229,7.208,,,SA,Moomba Hub,550017,2026/09/03 12:46:47
2026/09/02,MSP,520053,PIPE,25.712,0.000,0.000,5.387,,,NSW,Regional - NSW,590011,2026/09/03 12:46:47
2026/09/02,MSP,520053,PIPE,8.090,0.000,0.000,0.000,,,NSW,Regional - ACT,590015,2026/09/03 12:46:47
2026/09/02,MSP,520053,PIPE,0.000,0.000,135.963,0.000,,,NSW,Culcairn,590016,2026/09/03 12:46:47
2026/09/02,Newport,533171,BBGPG,0.002,0.000,0.000,0.000,,,VIC,Melbourne,590008,2026/09/04 11:00:04
2026/09/02,NGP,580050,PIPE,0.000,0.000,0.000,0.000,,,QLD,Regional - QLD,590001,2026/09/03 12:01:32
2026/09/02,NGP,580050,PIPE,0.000,0.000,0.000,0.000,,,NT,Regional - NT,590017,2026/09/03 12:01:32
2026/09/02,NGS,520060,STOR,0.040,0.920,0.000,0.000,664.385,76.828,NSW,Sydney,520008,2026/09/03 09:07:35
2026/09/02,Oakey PS,544095,BBGPG,0.000,0.000,0.000,0.000,,,QLD,Regional - QLD,590001,2026/09/03 12:46:47
2026/09/02,Orana,540084,PROD,0.000,166.728,0.000,0.000,,,QLD,Regional - QLD,590001,2026/09/07 11:42:07
2026/09/02,Orbost,530041,PROD,0.000,73.221,0.000,0.000,,,VIC,Regional - VIC,590012,2026/09/03 12:01:05
2026/09/02,Orica,544011,BBLARGE,9.515,0.000,0.000,0.000,,,QLD,Regional - QLD,590001,2026/09/07 12:01:09
2026/09/02,Orica (Kooragang Island),523206,BBLARGE,39.280,0.000,0.000,0.000,,,NSW,Sydney,520008,2026/09/03 13:00:00
2026/09/02,Osborne,555033,BBGPG,0.000,0.000,0.000,0.000,,,SA,Regional - SA,590013,2026/09/03 11:31:05
2026/09/02,Otway,530044,PROD,0.000,169.470,0.000,0.000,,,VIC,Iona Hub,530016,2026/09/03 13:14:00
2026/09/02,Owen Springs Power Station,580235,BBGPG,3.112,0.000,0.000,0.000,,,NT,Regional - NT,590017,2026/09/03 06:41:26
2026/09/02,Palm Valley,580060,PROD,0.000,5.617,0.000,0.000,,,NT,Regional - NT,590017,2026/09/03 11:34:01
2026/09/02,PCA,550052,PIPE,0.000,12.548,45.970,1.119,,,VIC,Iona Hub,530016,2026/09/03 07:20:01
2026/09/02,PCA,550052,PIPE,20.730,0.000,0.000,0.000,,,SA,Adelaide,550016,2026/09/03 07:20:01
2026/09/02,PCA,550052,PIPE,0.000,0.000,0.000,12.618,,,VIC,Regional - VIC,590012,2026/09/03 07:20:01
2026/09/02,PCA,550052,PIPE,4.791,0.000,0.000,19.997,,,SA,Regional - SA,590013,2026/09/03 07:20:01
2026/09/02,PCI,530060,PIPE,0.000,180.844,7.920,188.764,,,VIC,Iona Hub,530016,2026/09/03 07:20:01
2026/09/02,Peat,540065,PROD,0.000,11.354,0.000,0.000,,,QLD,Regional - QLD,590001,2026/09/07 11:42:07
2026/09/02,Pelican Point Power Station,555089,BBGPG,14.870,0.000,0.000,0.000,,,SA,Regional - SA,590013,2026/09/03 07:20:01
2026/09/02,Phosphate Hill,544081,BBLARGE,23.711,0.000,0.000,0.000,,,QLD,Regional - QLD,590001,2026/09/03 12:46:47
2026/09/02,Pipeline Compression Station,544279,COMPRESSOR,0.000,0.000,0.000,0.000,,,QLD,Regional - QLD,590001,2026/09/03 11:28:07
2026/09/02,PVP,580070,PIPE,3.533,0.000,4.581,0.000,,,NT,Regional - NT,590017,2026/09/03 06:41:26
2026/09/02,QCLNG LNG Plant,544272,LNGEXPORT,1479.650,0.000,0.000,0.000,,,QLD,Curtis Island,540030,2026/09/03 10:36:13
2026/09/02,QGP,540058,PIPE,0.000,0.000,7.485,0.000,,,QLD,Wallumbilla Hub,540032,2026/09/07 12:01:09
2026/09/02,QGP,540058,PIPE,110.816,26.033,76.887,0.000,,,QLD,Regional - QLD,590001,2026/09/07 12:01:09
2026/09/02,Quarantine Power Station,555087,BBGPG,4.079,0.000,0.000,0.000,,,SA,Regional - SA,590013,2026/09/03 11:31:05
2026/09/02,Queensland Aluminia,544012,BBLARGE,32.770,0.000,0.000,0.000,,,QLD,Regional - QLD,590001,2026/09/07 12:01:09
2026/09/02,RBP,540057,PIPE,0.000,0.000,0.647,10.300,,,QLD,Wallumbilla Hub,540032,2026/09/03 12:46:47
2026/09/02,RBP,540057,PIPE,3.592,20.875,40.047,1.506,,,QLD,Regional - QLD,590001,2026/09/03 12:46:47
2026/09/02,RBP,540057,PIPE,50.670,0.000,0.000,0.000,,,QLD,Brisbane,590002,2026/09/03 12:46:47
2026/09/02,RCWP,540102,PIPE,0.000,0.000,0.000,32.215,,,QLD,Wallumbilla Hub,540032,2026/09/03 12:46:47
2026/09/02,RCWP,540102,PIPE,0.000,0.000,32.276,0.000,,,QLD,Regional - QLD,590001,2026/09/03 12:46:47
2026/09/02,Reedy Creek,540085,PROD,0.000,198.567,0.000,0.000,,,QLD,Regional - QLD,590001,2026/09/07 11:42:07
2026/09/02,RMNGPF,640011,PROD,0.000,17.040,0.000,0.000,,,QLD,Regional - QLD,590001,2026/09/03 10:12:42
2026/09/02,RNMGP,640012,PIPE,0.000,17.040,0.000,17.040,,,QLD,Regional - QLD,590001,2026/09/03 10:12:42
2026/09/02,RNP,640009,PIPE,0.000,23.091,0.000,23.091,,,QLD,Regional - QLD,590001,2026/09/03 12:01:08
2026/09/02,Rolleston,540073,PROD,0.000,9.383,0.000,0.000,,,QLD,Regional - QLD,590001,2026/09/07 12:01:09
2026/09/02,Roma,540095,PROD,0.000,234.321,0.000,0.000,,,QLD,Regional - QLD,590001,2026/09/03 11:28:26
2026/09/02,Roma North,544260,PROD,0.000,23.091,0.000,0.000,,,QLD,Regional - QLD,590001,2026/09/03 12:01:33
2026/09/02,Roma Power Station,540120,BBGPG,0.000,0.000,0.000,0.000,,,QLD,Regional - QLD,590001,2026/09/03 12:33:57
2026/09/02,Ron Goodin Power Station,580234,BBGPG,0.000,0.000,0.000,0.000,,,NT,Regional - NT,590017,2026/09/03 06:41:26
2026/09/02,RPL,540110,PIPE,0.054,0.000,0.000,0.000,,,QLD,Regional - QLD,590001,2026/09/03 12:33:57
2026/09/02,Ruby Jo,540082,PROD,0.000,425.095,0.000,0.000,,,QLD,Regional - QLD,590001,2026/09/03 10:36:13
2026/09/02,RUGS,540040,STOR,0.000,3.970,0.000,0.000,15123.387,0.000,QLD,Regional - QLD,590001,2026/09/03 11:28:26
2026/09/02,Scotia,540072,PROD,0.000,102.366,0.000,0.000,,,QLD,Regional - QLD,590001,2026/09/03 11:28:26
2026/09/02,SEPS,550061,PIPE,6.309,0.000,6.294,0.000,,,SA,Regional - SA,590013,2026/09/03 11:32:05
2026/09/02,SESA,550060,PIPE,0.000,0.000,12.618,0.000,,,VIC,Regional - VIC,590012,2026/09/03 12:46:47
2026/09/02,SESA,550060,PIPE,5.971,0.000,0.000,6.293,,,SA,Regional - SA,590013,2026/09/03 12:46:47
2026/09/02,Shoalhaven Starches Cogeneration Plant,523203,BBLARGE,21.223,0.000,0.000,0.000,,,NSW,Regional - NSW,590011,2026/09/04 12:51:31
2026/09/02,Smithfield Energy Facility,522004,BBGPG,0.000,0.000,0.000,0.000,,,NSW,Regional - NSW,590011,2026/09/03 12:03:12
2026/09/02,Snapper Point,555090,BBGPG,0.000,0.000,0.000,0.000,,,SA,Regional - SA,590013,2026/09/03 11:31:05
2026/09/02,Somerton,533174,BBGPG,0.002,0.000,0.000,0.000,,,VIC,Melbourne,590008,2026/09/04 11:00:04
2026/09/02,SPCF,580236,PROD,0.000,0.000,0.000,0.000,,,NT,Regional - NT,590017,2026/09/03 08:57:08
2026/09/02,SPP,580237,PIPE,0.000,0.000,0.000,0.000,,,NT,Regional - NT,590017,2026/09/03 12:46:47
2026/09/02,Spring Gully,540066,PROD,0.000,55.039,0.000,0.000,,,QLD,Regional - QLD,590001,2026/09/07 11:42:07
2026/09/02,SSP,540103,PIPE,0.000,6.570,0.000,6.570,,,QLD,Regional - QLD,590001,2026/09/03 09:32:54
2026/09/02,SSSF,540062,STOR,0.000,6.300,0.000,0.000,8454.872,0.000,QLD,Regional - QLD,590001,2026/09/03 09:32:54
2026/09/02,Strathblane,540067,PROD,0.000,42.069,0.000,0.000,,,QLD,Regional - QLD,590001,2026/09/07 11:42:07
2026/09/02,Swanbank Power Station,544104,BBGPG,0.000,0.000,0.000,0.000,,,QLD,Brisbane,590002,2026/09/03 12:46:47
2026/09/02,SWQP,540060,PIPE,0.000,0.000,249.912,318.931,,,QLD,Wallumbilla Hub,540032,2026/09/03 12:46:47
2026/09/02,SWQP,540060,PIPE,0.000,0.000,0.000,71.360,,,QLD,Ballera,540078,2026/09/03 12:46:47
2026/09/02,SWQP,540060,PIPE,0.000,183.804,0.000,24.938,,,SA,Moomba Hub,550017,2026/09/03 12:46:47
2026/09/02,SWQP,540060,PIPE,0.113,0.000,0.000,0.000,,,QLD,Regional - QLD,590001,2026/09/03 12:46:47
2026/09/02,Talinga,540076,PROD,0.000,81.394,0.000,0.000,,,QLD,Regional - QLD,590001,2026/09/07 11:42:07
2026/09/02,Tallawarra,522002,BBGPG,0.000,0.000,0.000,0.000,,,NSW,Regional - NSW,590011,2026/09/03 11:00:10
2026/09/02,Tallawarra Pipeline,523201,PIPE,0.000,0.000,0.000,0.000,,,NSW,Regional - NSW,590011,2026/09/03 11:00:10
2026/09/02,Taloona,540068,PROD,0.000,39.021,0.000,0.000,,,QLD,Regional - QLD,590001,2026/09/07 11:42:07
2026/09/02,Tanami GP,580210,PIPE,6.486,0.000,8.740,0.000,,,NT,Regional - NT,590017,2026/09/03 12:02:00
2026/09/02,TGP,570050,PIPE,0.000,0.000,54.228,37.792,,,VIC,Longford Hub,530015,2026/09/04 12:01:00
2026/09/02,TGP,570050,PIPE,18.340,0.000,0.000,0.000,,,TAS,Regional - TAS,590014,2026/09/04 12:01:00
2026/09/02,Tipton,540051,PROD,0.000,40.213,0.000,0.000,,,QLD,Regional - QLD,590001,2026/09/03 12:30:05
2026/09/02,Torrens Island PS,555041,BBGPG,7.586,0.000,0.000,0.000,,,SA,Regional - SA,590013,2026/09/03 11:31:05
2026/09/02,Uranquinty Power Station,522047,BBGPG,0.000,0.000,0.000,0.000,,,NSW,Regional - NSW,590011,2026/09/03 12:46:47
2026/09/02,Valley Power GPG,535024,BBGPG,0.041,0.000,0.000,0.000,,,VIC,Gippsland,590009,2026/09/03 11:00:52
2026/09/02,VicHub,532005,PIPE,0.000,0.000,10.103,10.103,,,VIC,Longford Hub,530015,2026/09/03 12:01:35
2026/09/02,Viva Energy Refinery,535018,BBLARGE,6.693,0.000,0.000,0.000,,,VIC,Geelong,590005,2026/09/03 07:30:15
2026/09/02,VTS,530110,PIPE,0.000,441.342,47.909,0.000,,,VIC,Longford Hub,530015,2026/09/04 11:00:04
2026/09/02,VTS,530110,PIPE,60.437,0.000,129.570,0.000,,,VIC,Iona Hub,530016,2026/09/04 11:00:04
2026/09/02,VTS,530110,PIPE,14.002,0.000,0.000,0.000,,,VIC,Western,590004,2026/09/04 11:00:04
2026/09/02,VTS,530110,PIPE,47.741,0.000,0.000,0.000,,,VIC,Geelong,590005,2026/09/04 11:00:04
2026/09/02,VTS,530110,PIPE,29.633,0.000,0.000,0.000,,,VIC,Ballarat,590006,2026/09/04 11:00:04
2026/09/02,VTS,530110,PIPE,45.913,0.000,0.000,0.000,,,VIC,Northern,590007,2026/09/04 11:00:04
2026/09/02,VTS,530110,PIPE,279.752,5.168,0.000,0.000,,,VIC,Melbourne,590008,2026/09/04 11:00:04
2026/09/02,VTS,530110,PIPE,32.555,0.000,16.916,1.375,,,VIC,Gippsland,590009,2026/09/04 11:00:04
2026/09/02,VTS,530110,PIPE,0.000,0.000,0.000,135.960,,,NSW,Culcairn,590016,2026/09/04 11:00:04
2026/09/02,Wallumbilla Compression Station,544280,COMPRESSOR,0.000,0.000,0.000,0.000,,,QLD,Wallumbilla Hub,540032,2026/09/03 11:28:07
2026/09/02,WCFA,540045,COMPRESSOR,0.000,0.000,107.484,107.484,,,QLD,Wallumbilla Hub,540032,2026/09/03 12:46:47
2026/09/02,WCFB,540046,COMPRESSOR,0.000,0.000,211.447,211.447,,,QLD,Wallumbilla Hub,540032,2026/09/03 12:46:47
2026/09/02,Weddell Power Station,580232,BBGPG,12.769,0.000,0.000,0.000,,,NT,Darwin,580001,2026/09/03 12:46:47
2026/09/02,WGP,540091,PIPE,1479.650,0.000,0.000,0.000,,,QLD,Curtis Island,540030,2026/09/03 10:36:13
2026/09/02,WGP,540091,PIPE,0.000,1406.312,56.992,0.000,,,QLD,Regional - QLD,590001,2026/09/03 10:36:13
2026/09/02,Whyalla Steelworks,555085,BBLARGE,7.202,0.000,0.000,0.000,,,SA,Regional - SA,590013,2026/09/03 11:31:05
2026/09/02,Windibri,540069,PROD,0.000,80.669,0.000,0.000,,,QLD,Regional - QLD,590001,2026/09/03 10:36:13
2026/09/02,Woleebee Creek,540087,PROD,0.000,642.285,0.000,0.000,,,QLD,Regional - QLD,590001,2026/09/03 10:36:13
2026/09/02,WPP,580030,PIPE,12.769,29.951,0.000,17.239,,,NT,Darwin,580001,2026/09/03 12:46:47
2026/09/02,Yarwun,544282,BBGPG,50.674,0.000,0.000,0.000,,,QLD,Regional - QLD,590001,2026/09/07 12:01:09
2026/09/02,Yelcherr,580180,PROD,0.000,0.000,0.000,0.000,,,NT,Regional - NT,590017,2026/09/03 12:46:47
2026/09/02,Yellowbank,540074,PROD,0.000,12.400,0.000,0.000,,,QLD,Regional - QLD,590001,2026/09/07 12:01:09
2026/09/03,Adelaide Brighton,555091,BBLARGE,8.554,0.000,0.000,0.000,,,SA,Adelaide,550016,2026/09/04 13:00:01
2026/09/03,AGP,580010,PIPE,16.555,0.000,10.763,0.000,,,NT,Darwin,580001,2026/09/04 12:46:47
2026/09/03,AGP,580010,PIPE,6.996,30.423,0.000,21.793,,,NT,Regional - NT,590017,2026/09/04 12:46:47
2026/09/03,APLNG Pipeline,540093,PIPE,1665.156,0.000,0.000,0.000,,,QLD,Curtis Island,540030,2026/09/08 11:35:11
2026/09/03,APLNG Pipeline,540093,PIPE,0.000,1332.858,490.023,130.754,,,QLD,Regional - QLD,590001,2026/09/08 11:35:11
2026/09/03,Arcadia,540101,PROD,0.000,91.699,0.000,0.000,,,QLD,Regional - QLD,590001,2026/09/04 10:58:38
2026/09/03,ATGP,640013,PIPE,0.000,43.561,0.000,43.561,,,QLD,Regional - QLD,590001,2026/09/04 12:01:09
2026/09/03,ATHENA,535014,PROD,0.000,17.486,0.000,0.000,,,VIC,Iona Hub,530016,2026/09/08 09:37:33
2026/09/03,Atlas,544261,PROD,0.000,43.561,0.000,0.000,,,QLD,Regional - QLD,590001,2026/09/04 12:01:13
2026/09/03,Atlas East Central Processing Facility,640008,PROD,0.000,32.660,0.000,0.000,,,QLD,Regional - QLD,590001,2026/09/04 09:59:45
2026/09/03,Atlas to Reedy Creek Pipeline,640007,PIPE,0.000,32.665,0.000,28.055,,,QLD,Regional - QLD,590001,2026/09/04 12:46:47
2026/09/03,Australia Pacific LNG,544273,LNGEXPORT,1665.156,0.000,0.000,0.000,,,QLD,Curtis Island,540030,2026/09/04 12:00:25
2026/09/03,Australian Paper (Opal),535021,BBLARGE,11.064,0.000,0.000,0.000,,,VIC,Gippsland,590009,2026/09/04 11:00:04
2026/09/03,B1PL,540077,PIPE,0.037,40.570,0.000,46.455,,,QLD,Regional - QLD,590001,2026/09/04 11:28:45
2026/09/03,B2PL,540071,PIPE,0.000,54.818,5.512,57.862,,,QLD,Regional - QLD,590001,2026/09/04 10:16:20
2026/09/03,Bairnsdale Power Station,535020,BBGPG,0.000,0.000,0.000,0.000,,,VIC,Regional - VIC,590012,2026/09/04 11:28:47
2026/09/03,BCF,540047,COMPRESSOR,0.000,0.000,67.100,67.100,,,QLD,Regional - QLD,590001,2026/09/08 21:03:24
2026/09/03,Bell Bay CCGT,577016,BBGPG,0.000,0.000,0.000,0.000,,,TAS,Regional - TAS,590014,2026/09/05 12:01:00
2026/09/03,Bell Bay GGT,577014,BBGPG,0.000,0.000,0.000,0.000,,,TAS,Regional - TAS,590014,2026/09/05 12:01:00
2026/09/03,Bell Bay OCGT,577015,BBGPG,0.000,0.000,0.000,0.000,,,TAS,Regional - TAS,590014,2026/09/05 12:01:00
2026/09/03,Bellevue,540083,PROD,0.000,157.151,0.000,0.000,,,QLD,Regional - QLD,590001,2026/09/04 10:35:36
2026/09/03,BGP,580020,PIPE,0.331,0.000,0.000,0.000,,,NT,Regional - NT,590017,2026/09/04 12:46:47
2026/09/03,BlueScope,523204,BBLARGE,15.223,0.000,0.000,0.000,,,NSW,Sydney,520008,2026/09/04 12:01:05
2026/09/03,Bolivar,555008,BBGPG,0.000,0.000,0.000,0.000,,,SA,Regional - SA,590013,2026/09/04 12:03:27
2026/09/03,Bomaderry Gas Pipeline,523202,PIPE,0.000,0.000,21.223,0.000,,,NSW,Regional - NSW,590011,2026/09/04 12:01:05
2026/09/03,BPP,530030,PIPE,2.640,19.020,0.000,16.377,,,VIC,Gippsland,590009,2026/09/04 11:00:04
2026/09/03,Braemar 2 Power Station,544085,BBGPG,0.000,0.000,0.000,0.000,,,QLD,Regional - QLD,590001,2026/09/04 10:16:20
2026/09/03,Braemar Power Station,544252,BBGPG,0.037,0.000,0.000,0.000,,,QLD,Regional - QLD,590001,2026/09/04 11:28:45
2026/09/03,BWP,540096,PIPE,0.000,0.000,0.000,70.535,,,QLD,Wallumbilla Hub,540032,2026/09/04 12:46:47
2026/09/03,BWP,540096,PIPE,0.000,70.348,0.000,0.000,,,QLD,Regional - QLD,590001,2026/09/04 12:46:47
2026/09/03,CGP,540059,PIPE,0.000,0.000,67.053,0.000,,,QLD,Ballera,540078,2026/09/04 12:46:47
2026/09/03,CGP,540059,PIPE,70.592,0.000,0.000,0.000,,,QLD,Regional - QLD,590001,2026/09/04 12:46:47
2026/09/03,Channel Island Power Station,580231,BBGPG,16.555,0.000,0.000,0.000,,,NT,Darwin,580001,2026/09/04 12:46:47
2026/09/03,Colongra,523120,BBGPG,0.013,0.000,0.000,0.000,,,NSW,Regional - NSW,590011,2026/09/04 12:00:05
2026/09/03,ColongraGP,520090,PIPE,0.000,0.000,0.000,0.000,,,NSW,Sydney,520008,2026/09/04 12:00:05
2026/09/03,ColongraGP,520090,PIPE,0.013,0.000,0.000,0.000,,,NSW,Regional - NSW,590011,2026/09/04 12:00:05
2026/09/03,Combabula,540094,PROD,0.000,290.799,0.000,0.000,,,QLD,Regional - QLD,590001,2026/09/08 11:35:11
2026/09/03,Condabri Central,540080,PROD,0.000,138.061,0.000,0.000,,,QLD,Regional - QLD,590001,2026/09/08 11:35:11
2026/09/03,Condabri North,540090,PROD,0.000,160.906,0.000,0.000,,,QLD,Regional - QLD,590001,2026/09/08 11:35:11
2026/09/03,Condabri South,540086,PROD,0.000,157.727,0.000,0.000,,,QLD,Regional - QLD,590001,2026/09/08 11:35:11
2026/09/03,Condamine Power Station,544274,BBGPG,0.000,0.000,0.000,0.000,,,QLD,Regional - QLD,590001,2026/09/04 10:36:04
2026/09/03,CRWP,540098,PIPE,0.000,0.000,322.909,0.000,,,QLD,Wallumbilla Hub,540032,2026/09/04 10:58:08
2026/09/03,CRWP,540098,PIPE,0.000,233.937,24.656,588.770,,,QLD,Regional - QLD,590001,2026/09/04 10:58:08
2026/09/03,CWP,520054,PIPE,4.831,0.000,4.993,0.000,,,NSW,Regional - NSW,590011,2026/09/04 12:46:47
2026/09/03,Daandine,540050,PROD,0.000,53.624,0.000,0.000,,,QLD,Regional - QLD,590001,2026/09/04 10:16:21
2026/09/03,Dandenong LNG,530038,STOR,0.000,0.286,0.000,0.000,603.988,27.889,VIC,Melbourne,590008,2026/09/04 12:46:47
2026/09/03,DDP,540097,PIPE,0.000,0.000,0.000,161.045,,,QLD,Wallumbilla Hub,540032,2026/09/09 11:00:05
2026/09/03,DDP,540097,PIPE,12.993,534.283,96.834,458.809,,,QLD,Regional - QLD,590001,2026/09/09 11:00:05
2026/09/03,DDPS,544027,BBGPG,12.993,0.000,0.000,0.000,,,QLD,Regional - QLD,590001,2026/09/09 11:00:05
2026/09/03,Diamantina Power Station,544077,BBGPG,35.889,0.000,0.000,0.000,,,QLD,Regional - QLD,590001,2026/09/04 12:46:47
2026/09/03,Dry Creek Power Station,555026,BBGPG,0.000,0.000,0.000,0.000,,,SA,Regional - SA,590013,2026/09/04 11:31:05
2026/09/03,EGP,520047,PIPE,146.434,0.000,0.000,0.000,,,NSW,Sydney,520008,2026/09/04 12:01:05
2026/09/03,EGP,520047,PIPE,7.667,0.000,0.000,0.000,,,NSW,Canberra,520009,2026/09/04 12:01:05
2026/09/03,EGP,520047,PIPE,0.000,184.784,0.000,66.790,,,VIC,Longford Hub,530015,2026/09/04 12:01:05
2026/09/03,EGP,520047,PIPE,4.689,0.000,0.000,21.223,,,NSW,Regional - NSW,590011,2026/09/04 12:01:05
2026/09/03,EGP,520047,PIPE,0.873,73.640,0.000,0.000,,,VIC,Regional - VIC,590012,2026/09/04 12:01:05
2026/09/03,EO4PL,540055,PIPE,0.000,0.000,0.000,0.000,,,QLD,Regional - QLD,590001,2026/09/04 10:35:36
2026/09/03,Eurombah Creek,540089,PROD,0.000,141.368,0.000,0.000,,,QLD,Regional - QLD,590001,2026/09/08 11:35:11
2026/09/03,Fairview,540070,PROD,0.000,277.266,0.000,0.000,,,QLD,Regional - QLD,590001,2026/09/04 10:58:38
2026/09/03,GLNG (Curtis Island),544276,LNGEXPORT,981.461,0.000,0.000,0.000,,,QLD,Curtis Island,540030,2026/09/04 10:58:08
2026/09/03,GLNG Pipeline,540092,PIPE,981.461,0.000,0.000,0.000,,,QLD,Curtis Island,540030,2026/09/04 10:58:08
2026/09/03,GLNG Pipeline,540092,PIPE,0.000,413.495,589.346,9.075,,,QLD,Regional - QLD,590001,2026/09/04 10:35:36
2026/09/03,Hallett,555029,BBGPG,0.432,0.000,0.000,0.000,,,SA,Regional - SA,590013,2026/09/04 11:31:05
2026/09/03,Hunter Power Station,523210,BBGPG,0.002,0.000,0.000,0.000,,,NSW,Sydney,520008,2026/09/04 12:46:47
2026/09/03,ICF,530071,COMPRESSOR,0.000,0.000,10.879,10.879,,,VIC,Iona Hub,530016,2026/09/04 08:35:03
2026/09/03,Iona UGS,530042,STOR,26.460,65.623,0.000,0.000,13078.118,0.000,VIC,Iona Hub,530016,2026/09/04 08:30:03
2026/09/03,Jeerelang,533161,BBGPG,0.000,0.000,0.000,0.000,,,VIC,Gippsland,590009,2026/09/04 11:00:04
2026/09/03,Jordan,540088,PROD,0.000,335.279,0.000,0.000,,,QLD,Regional - QLD,590001,2026/09/04 10:35:36
2026/09/03,Katherine Power Station,580233,BBGPG,0.000,0.000,0.000,0.000,,,NT,Regional - NT,590017,2026/09/04 12:46:47
2026/09/03,Kenya,540075,PROD,0.000,111.945,0.000,0.000,,,QLD,Regional - QLD,590001,2026/09/04 10:35:36
2026/09/03,Kincora,544253,PROD,0.000,4.000,0.000,0.000,,,QLD,Regional - QLD,590001,2026/09/04 12:46:47
2026/09/03,KKLP,523209,PIPE,0.002,0.000,0.000,0.000,,,NSW,Sydney,520008,2026/09/04 12:46:47
2026/09/03,Kogan North,540061,PROD,0.000,4.316,0.000,0.000,,,QLD,Regional - QLD,590001,2026/09/04 12:46:47
2026/09/03,Ladbroke Grove PS,555086,BBGPG,7.565,0.000,0.000,0.000,,,SA,Regional - SA,590013,2026/09/04 12:46:47
2026/09/03,Lang Lang,530039,PROD,0.000,19.020,0.000,0.000,,,VIC,Gippsland,590009,2026/09/04 09:57:10
2026/09/03,Laverton,533201,BBGPG,0.000,0.000,0.000,0.000,,,VIC,Geelong,590005,2026/09/04 11:00:04
2026/09/03,Longford,530040,PROD,0.000,622.126,0.000,0.000,,,VIC,Longford Hub,530015,2026/09/04 08:15:15
2026/09/03,Loy Yang B,533163,BBGPG,0.000,0.000,0.000,0.000,,,VIC,Gippsland,590009,2026/09/04 23:45:15
2026/09/03,LYB Transmission Pipeline,535023,PIPE,0.570,0.000,0.000,0.000,,,VIC,Gippsland,590009,2026/09/04 23:45:15
2026/09/03,MAPS,550054,PIPE,34.689,0.000,0.000,0.000,,,SA,Adelaide,550016,2026/09/04 11:31:05
2026/09/03,MAPS,550054,PIPE,0.000,43.323,62.593,0.000,,,SA,Moomba Hub,550017,2026/09/04 11:31:05
2026/09/03,MAPS,550054,PIPE,82.376,0.000,11.004,0.000,,,SA,Regional - SA,590013,2026/09/04 11:31:05
2026/09/03,McArthur River Mine,580220,BBGPG,8.387,0.000,0.000,0.000,,,NT,Regional - NT,590017,2026/09/04 09:08:48
2026/09/03,MCF,550050,COMPRESSOR,0.000,0.000,124.708,124.708,,,SA,Moomba Hub,550017,2026/09/04 12:46:47
2026/09/03,Mereenie,580040,PROD,0.000,24.813,0.000,0.000,,,NT,Regional - NT,590017,2026/09/09 12:41:25
2026/09/03,Meridian,540064,PROD,0.000,48.780,0.000,0.000,,,QLD,Regional - QLD,590001,2026/09/04 09:39:06
2026/09/03,Mintaro Power Station,555031,BBGPG,0.000,0.000,0.000,0.000,,,SA,Regional - SA,590013,2026/09/04 11:31:05
2026/09/03,Moomba,550045,PROD,0.000,225.600,0.000,0.000,,,SA,Moomba Hub,550017,2026/09/08 21:03:24
2026/09/03,Moomba Storage,550046,STOR,0.000,3.600,0.000,0.000,6296.000,0.000,SA,Moomba Hub,550017,2026/09/08 21:03:24
2026/09/03,Mortlake PS,530063,BBGPG,45.615,0.000,0.000,0.000,,,VIC,Regional - VIC,590012,2026/09/04 07:20:00
2026/09/03,MPL,530061,PIPE,0.000,0.000,29.210,0.028,,,VIC,Iona Hub,530016,2026/09/04 07:20:00
2026/09/03,MPL,530061,PIPE,45.615,0.000,0.000,0.000,,,VIC,Regional - VIC,590012,2026/09/04 07:20:00
2026/09/03,MRP,580100,PIPE,8.387,0.000,8.388,0.000,,,NT,Regional - NT,590017,2026/09/04 09:08:48
2026/09/03,MSP,520053,PIPE,74.949,0.000,0.000,0.000,,,NSW,Sydney,520008,2026/09/04 12:46:47
2026/09/03,MSP,520053,PIPE,0.000,0.000,8.200,8.200,,,SA,Moomba Hub,550017,2026/09/04 12:46:47
2026/09/03,MSP,520053,PIPE,29.766,0.000,0.000,4.993,,,NSW,Regional - NSW,590011,2026/09/04 12:46:47
2026/09/03,MSP,520053,PIPE,9.586,0.000,0.000,0.000,,,NSW,Regional - ACT,590015,2026/09/04 12:46:47
2026/09/03,MSP,520053,PIPE,0.000,0.000,107.581,0.000,,,NSW,Culcairn,590016,2026/09/04 12:46:47
2026/09/03,Newport,533171,BBGPG,0.002,0.000,0.000,0.000,,,VIC,Melbourne,590008,2026/09/04 11:00:04
2026/09/03,NGP,580050,PIPE,0.000,0.000,0.000,0.000,,,QLD,Regional - QLD,590001,2026/09/04 12:01:11
2026/09/03,NGP,580050,PIPE,0.000,0.000,0.000,0.000,,,NT,Regional - NT,590017,2026/09/04 12:01:11
2026/09/03,NGS,520060,STOR,0.130,0.612,0.000,0.000,663.794,76.828,NSW,Sydney,520008,2026/09/04 08:04:39
2026/09/03,Oakey PS,544095,BBGPG,0.000,0.000,0.000,0.000,,,QLD,Regional - QLD,590001,2026/09/04 12:46:47
2026/09/03,Orana,540084,PROD,0.000,166.173,0.000,0.000,,,QLD,Regional - QLD,590001,2026/09/08 11:35:11
2026/09/03,Orbost,530041,PROD,0.000,73.640,0.000,0.000,,,VIC,Regional - VIC,590012,2026/09/04 12:01:05
2026/09/03,Orica,544011,BBLARGE,9.208,0.000,0.000,0.000,,,QLD,Regional - QLD,590001,2026/09/09 14:00:05
2026/09/03,Orica (Kooragang Island),523206,BBLARGE,38.774,0.000,0.000,0.000,,,NSW,Sydney,520008,2026/09/04 13:00:00
2026/09/03,Osborne,555033,BBGPG,0.000,0.000,0.000,0.000,,,SA,Regional - SA,590013,2026/09/04 11:31:05
2026/09/03,Otway,530044,PROD,0.000,162.910,0.000,0.000,,,VIC,Iona Hub,530016,2026/09/04 15:13:57
2026/09/03,Owen Springs Power Station,580235,BBGPG,3.096,0.000,0.000,0.000,,,NT,Regional - NT,590017,2026/09/04 06:41:53
2026/09/03,Palm Valley,580060,PROD,0.000,5.610,0.000,0.000,,,NT,Regional - NT,590017,2026/09/09 12:41:25
2026/09/03,PCA,550052,PIPE,0.000,12.899,33.264,0.000,,,VIC,Iona Hub,530016,2026/09/04 07:20:01
2026/09/03,PCA,550052,PIPE,24.653,0.000,0.000,0.000,,,SA,Adelaide,550016,2026/09/04 07:20:01
2026/09/03,PCA,550052,PIPE,0.000,0.000,0.000,15.441,,,VIC,Regional - VIC,590012,2026/09/04 07:20:01
2026/09/03,PCA,550052,PIPE,18.735,0.000,0.000,10.975,,,SA,Regional - SA,590013,2026/09/04 07:20:01
2026/09/03,PCI,530060,PIPE,0.000,174.377,0.028,174.405,,,VIC,Iona Hub,530016,2026/09/04 07:20:01
2026/09/03,Peat,540065,PROD,0.000,11.076,0.000,0.000,,,QLD,Regional - QLD,590001,2026/09/08 11:35:11
2026/09/03,Pelican Point Power Station,555089,BBGPG,27.049,0.000,0.000,0.000,,,SA,Regional - SA,590013,2026/09/04 07:20:01
2026/09/03,Phosphate Hill,544081,BBLARGE,24.232,0.000,0.000,0.000,,,QLD,Regional - QLD,590001,2026/09/04 12:46:47
2026/09/03,Pipeline Compression Station,544279,COMPRESSOR,0.000,0.000,0.000,0.000,,,QLD,Regional - QLD,590001,2026/09/04 10:58:08
2026/09/03,PVP,580070,PIPE,3.502,0.000,4.665,0.000,,,NT,Regional - NT,590017,2026/09/04 06:41:53
2026/09/03,QCLNG LNG Plant,544272,LNGEXPORT,1445.974,0.000,0.000,0.000,,,QLD,Curtis Island,540030,2026/09/04 10:35:36
2026/09/03,QGP,540058,PIPE,0.000,0.000,6.900,0.000,,,QLD,Wallumbilla Hub,540032,2026/09/09 14:00:05
2026/09/03,QGP,540058,PIPE,112.003,24.205,76.888,0.000,,,QLD,Regional - QLD,590001,2026/09/09 14:00:05
2026/09/03,Quarantine Power Station,555087,BBGPG,13.018,0.000,0.000,0.000,,,SA,Regional - SA,590013,2026/09/04 11:31:05
2026/09/03,Queensland Aluminia,544012,BBLARGE,34.598,0.000,0.000,0.000,,,QLD,Regional - QLD,590001,2026/09/09 14:00:05
2026/09/03,RBP,540057,PIPE,0.000,0.000,0.647,10.300,,,QLD,Wallumbilla Hub,540032,2026/09/04 12:46:47
2026/09/03,RBP,540057,PIPE,3.374,20.599,52.755,5.512,,,QLD,Regional - QLD,590001,2026/09/04 12:46:47
2026/09/03,RBP,540057,PIPE,49.626,0.000,0.000,0.000,,,QLD,Brisbane,590002,2026/09/04 12:46:47
2026/09/03,RCWP,540102,PIPE,0.000,0.000,17.920,15.685,,,QLD,Wallumbilla Hub,540032,2026/09/04 12:46:47
2026/09/03,RCWP,540102,PIPE,0.000,0.000,28.069,22.716,,,QLD,Regional - QLD,590001,2026/09/04 12:46:47
2026/09/03,Reedy Creek,540085,PROD,0.000,197.422,0.000,0.000,,,QLD,Regional - QLD,590001,2026/09/08 11:35:11
2026/09/03,RMNGPF,640011,PROD,0.000,0.590,0.000,0.000,,,QLD,Regional - QLD,590001,2026/09/04 10:00:24
2026/09/03,RNMGP,640012,PIPE,0.000,0.590,0.000,0.590,,,QLD,Regional - QLD,590001,2026/09/04 10:00:24
2026/09/03,RNP,640009,PIPE,0.000,24.066,0.000,24.066,,,QLD,Regional - QLD,590001,2026/09/04 12:01:07
2026/09/03,Rolleston,540073,PROD,0.000,8.673,0.000,0.000,,,QLD,Regional - QLD,590001,2026/09/09 14:00:05
2026/09/03,Roma,540095,PROD,0.000,230.107,0.000,0.000,,,QLD,Regional - QLD,590001,2026/09/04 10:59:08
2026/09/03,Roma North,544260,PROD,0.000,24.066,0.000,0.000,,,QLD,Regional - QLD,590001,2026/09/04 12:01:12
2026/09/03,Roma Power Station,540120,BBGPG,0.000,0.000,0.000,0.000,,,QLD,Regional - QLD,590001,2026/09/04 11:59:57
2026/09/03,Ron Goodin Power Station,580234,BBGPG,0.000,0.000,0.000,0.000,,,NT,Regional - NT,590017,2026/09/04 06:41:53
2026/09/03,RPL,540110,PIPE,0.050,0.000,0.000,0.000,,,QLD,Regional - QLD,590001,2026/09/04 11:59:57
2026/09/03,Ruby Jo,540082,PROD,0.000,424.561,0.000,0.000,,,QLD,Regional - QLD,590001,2026/09/04 10:35:36
2026/09/03,RUGS,540040,STOR,0.000,0.000,0.000,0.000,15123.387,0.000,QLD,Regional - QLD,590001,2026/09/04 10:59:08
2026/09/03,Scotia,540072,PROD,0.000,101.703,0.000,0.000,,,QLD,Regional - QLD,590001,2026/09/04 10:59:08
2026/09/03,SEPS,550061,PIPE,7.718,0.000,7.700,0.000,,,SA,Regional - SA,590013,2026/09/04 11:32:05
2026/09/03,SESA,550060,PIPE,0.000,0.000,15.440,0.000,,,VIC,Regional - VIC,590012,2026/09/04 12:46:47
2026/09/03,SESA,550060,PIPE,7.565,0.000,0.000,7.692,,,SA,Regional - SA,590013,2026/09/04 12:46:47
2026/09/03,Smithfield Energy Facility,522004,BBGPG,0.032,0.000,0.000,0.000,,,NSW,Regional - NSW,590011,2026/09/04 12:03:34
2026/09/03,Snapper Point,555090,BBGPG,0.000,0.000,0.000,0.000,,,SA,Regional - SA,590013,2026/09/04 11:31:05
2026/09/03,Somerton,533174,BBGPG,14.032,0.000,0.000,0.000,,,VIC,Melbourne,590008,2026/09/04 11:00:04
2026/09/03,SPCF,580236,PROD,0.000,0.000,0.000,0.000,,,NT,Regional - NT,590017,2026/09/04 09:58:30
2026/09/03,SPP,580237,PIPE,0.000,0.000,0.000,0.000,,,NT,Regional - NT,590017,2026/09/04 12:46:47
2026/09/03,Spring Gully,540066,PROD,0.000,53.268,0.000,0.000,,,QLD,Regional - QLD,590001,2026/09/08 11:35:11
2026/09/03,SSP,540103,PIPE,0.000,6.160,0.000,6.160,,,QLD,Regional - QLD,590001,2026/09/04 10:32:58
2026/09/03,SSSF,540062,STOR,0.000,6.300,0.000,0.000,8454.872,0.000,QLD,Regional - QLD,590001,2026/09/04 10:32:58
2026/09/03,Strathblane,540067,PROD,0.000,49.754,0.000,0.000,,,QLD,Regional - QLD,590001,2026/09/08 11:35:11
2026/09/03,Swanbank Power Station,544104,BBGPG,0.000,0.000,0.000,0.000,,,QLD,Brisbane,590002,2026/09/04 12:46:47
2026/09/03,SWQP,540060,PIPE,0.000,0.000,256.920,347.729,,,QLD,Wallumbilla Hub,540032,2026/09/04 12:46:47
2026/09/03,SWQP,540060,PIPE,0.000,0.000,0.000,71.936,,,QLD,Ballera,540078,2026/09/04 12:46:47
2026/09/03,SWQP,540060,PIPE,0.000,187.301,0.000,62.593,,,SA,Moomba Hub,550017,2026/09/04 12:46:47
2026/09/03,SWQP,540060,PIPE,0.112,0.000,0.000,0.000,,,QLD,Regional - QLD,590001,2026/09/04 12:46:47
2026/09/03,Talinga,540076,PROD,0.000,82.501,0.000,0.000,,,QLD,Regional - QLD,590001,2026/09/08 11:35:11
2026/09/03,Tallawarra,522002,BBGPG,0.000,0.000,0.000,0.000,,,NSW,Regional - NSW,590011,2026/09/04 11:00:04
2026/09/03,Tallawarra Pipeline,523201,PIPE,0.000,0.000,0.000,0.000,,,NSW,Regional - NSW,590011,2026/09/04 11:00:04
2026/09/03,Taloona,540068,PROD,0.000,37.423,0.000,0.000,,,QLD,Regional - QLD,590001,2026/09/08 11:35:11
2026/09/03,Tanami GP,580210,PIPE,6.724,0.000,8.740,0.000,,,NT,Regional - NT,590017,2026/09/04 12:02:00
2026/09/03,TGP,570050,PIPE,0.000,0.000,61.249,37.959,,,VIC,Longford Hub,530015,2026/09/05 12:01:00
2026/09/03,TGP,570050,PIPE,19.803,0.000,0.000,0.000,,,TAS,Regional - TAS,590014,2026/09/05 12:01:00
2026/09/03,Tipton,540051,PROD,0.000,40.570,0.000,0.000,,,QLD,Regional - QLD,590001,2026/09/04 10:16:20
2026/09/03,Torrens Island PS,555041,BBGPG,36.779,0.000,0.000,0.000,,,SA,Regional - SA,590013,2026/09/04 11:31:05
2026/09/03,Uranquinty Power Station,522047,BBGPG,0.000,0.000,0.000,0.000,,,NSW,Regional - NSW,590011,2026/09/04 12:46:47
2026/09/03,Valley Power GPG,535024,BBGPG,0.570,0.000,0.000,0.000,,,VIC,Gippsland,590009,2026/09/04 23:45:15
2026/09/03,VicHub,532005,PIPE,0.000,0.000,5.542,5.542,,,VIC,Longford Hub,530015,2026/09/04 12:01:14
2026/09/03,Viva Energy Refinery,535018,BBLARGE,11.046,0.000,0.000,0.000,,,VIC,Geelong,590005,2026/09/04 07:30:17
2026/09/03,VTS,530110,PIPE,0.000,435.458,43.512,0.001,,,VIC,Longford Hub,530015,2026/09/04 11:00:04
2026/09/03,VTS,530110,PIPE,0.000,32.326,111.841,0.000,,,VIC,Iona Hub,530016,2026/09/04 11:00:04
2026/09/03,VTS,530110,PIPE,13.356,0.000,0.000,0.000,,,VIC,Western,590004,2026/09/04 11:00:04
2026/09/03,VTS,530110,PIPE,57.854,0.000,0.000,0.000,,,VIC,Geelong,590005,2026/09/04 11:00:04
2026/09/03,VTS,530110,PIPE,35.704,0.000,0.000,0.000,,,VIC,Ballarat,590006,2026/09/04 11:00:04
2026/09/03,VTS,530110,PIPE,54.332,0.000,0.000,0.000,,,VIC,Northern,590007,2026/09/04 11:00:04
2026/09/03,VTS,530110,PIPE,353.167,8.063,0.000,0.000,,,VIC,Melbourne,590008,2026/09/04 11:00:04
2026/09/03,VTS,530110,PIPE,33.867,0.000,16.377,0.000,,,VIC,Gippsland,590009,2026/09/04 11:00:04
2026/09/03,VTS,530110,PIPE,0.000,0.000,0.000,107.580,,,NSW,Culcairn,590016,2026/09/04 11:00:04
2026/09/03,Wallumbilla Compression Station,544280,COMPRESSOR,0.000,0.000,0.000,0.000,,,QLD,Wallumbilla Hub,540032,2026/09/04 10:58:08
2026/09/03,WCFA,540045,COMPRESSOR,0.000,0.000,124.586,124.586,,,QLD,Wallumbilla Hub,540032,2026/09/04 12:46:47
2026/09/03,WCFB,540046,COMPRESSOR,0.000,0.000,223.142,223.142,,,QLD,Wallumbilla Hub,540032,2026/09/04 12:46:47
2026/09/03,Weddell Power Station,580232,BBGPG,19.049,0.000,0.000,0.000,,,NT,Darwin,580001,2026/09/04 12:46:47
2026/09/03,WGP,540091,PIPE,1445.974,0.000,0.000,0.000,,,QLD,Curtis Island,540030,2026/09/04 10:35:36
2026/09/03,WGP,540091,PIPE,0.000,1389.522,57.862,0.000,,,QLD,Regional - QLD,590001,2026/09/04 10:35:36
2026/09/03,Whyalla Steelworks,555085,BBLARGE,6.732,0.000,0.000,0.000,,,SA,Regional - SA,590013,2026/09/04 11:31:05
2026/09/03,Windibri,540069,PROD,0.000,84.425,0.000,0.000,,,QLD,Regional - QLD,590001,2026/09/04 10:35:36
2026/09/03,Woleebee Creek,540087,PROD,0.000,641.648,0.000,0.000,,,QLD,Regional - QLD,590001,2026/09/04 10:35:36
2026/09/03,WPP,580030,PIPE,19.049,29.796,0.000,10.763,,,NT,Darwin,580001,2026/09/04 12:46:47
2026/09/03,Yarwun,544282,BBGPG,50.785,0.000,0.000,0.000,,,QLD,Regional - QLD,590001,2026/09/09 14:00:05
2026/09/03,Yelcherr,580180,PROD,0.000,0.000,0.000,0.000,,,NT,Regional - NT,590017,2026/09/04 12:46:47
2026/09/03,Yellowbank,540074,PROD,0.000,11.282,0.000,0.000,,,QLD,Regional - QLD,590001,2026/09/09 14:00:05
2026/09/04,Adelaide Brighton,555091,BBLARGE,8.878,0.000,0.000,0.000,,,SA,Adelaide,550016,2026/09/05 13:00:01
2026/09/04,AGP,580010,PIPE,15.551,0.000,6.917,0.000,,,NT,Darwin,580001,2026/09/05 12:46:48
2026/09/04,AGP,580010,PIPE,7.056,30.308,0.000,17.455,,,NT,Regional - NT,590017,2026/09/05 12:46:48
2026/09/04,APLNG Pipeline,540093,PIPE,1357.672,0.000,0.000,0.000,,,QLD,Curtis Island,540030,2026/09/09 11:31:57
2026/09/04,APLNG Pipeline,540093,PIPE,0.000,1253.675,385.127,242.044,,,QLD,Regional - QLD,590001,2026/09/09 11:31:57
2026/09/04,Arcadia,540101,PROD,0.000,91.554,0.000,0.000,,,QLD,Regional - QLD,590001,2026/09/05 10:28:34
2026/09/04,ATGP,640013,PIPE,0.000,43.811,0.000,43.811,,,QLD,Regional - QLD,590001,2026/09/05 12:01:10
2026/09/04,ATHENA,535014,PROD,0.000,17.519,0.000,0.000,,,VIC,Iona Hub,530016,2026/09/09 09:33:31
2026/09/04,Atlas,544261,PROD,0.000,43.811,0.000,0.000,,,QLD,Regional - QLD,590001,2026/09/05 12:01:14
2026/09/04,Atlas East Central Processing Facility,640008,PROD,0.000,32.390,0.000,0.000,,,QLD,Regional - QLD,590001,2026/09/05 08:04:42
2026/09/04,Atlas to Reedy Creek Pipeline,640007,PIPE,0.000,32.392,0.000,33.000,,,QLD,Regional - QLD,590001,2026/09/05 12:46:48
2026/09/04,Australia Pacific LNG,544273,LNGEXPORT,1357.672,0.000,0.000,0.000,,,QLD,Curtis Island,540030,2026/09/05 12:00:25
2026/09/04,Australian Paper (Opal),535021,BBLARGE,11.397,0.000,0.000,0.000,,,VIC,Gippsland,590009,2026/09/05 11:00:01
2026/09/04,B1PL,540077,PIPE,0.033,40.468,0.000,42.066,,,QLD,Regional - QLD,590001,2026/09/05 11:00:43
2026/09/04,B2PL,540071,PIPE,0.000,53.389,3.008,58.673,,,QLD,Regional - QLD,590001,2026/09/05 12:30:08
2026/09/04,Bairnsdale Power Station,535020,BBGPG,0.000,0.000,0.000,0.000,,,VIC,Regional - VIC,590012,2026/09/05 11:00:49
2026/09/04,BCF,540047,COMPRESSOR,0.000,0.000,76.200,76.200,,,QLD,Regional - QLD,590001,2026/09/09 20:53:43
2026/09/04,Bell Bay CCGT,577016,BBGPG,12.614,0.000,0.000,0.000,,,TAS,Regional - TAS,590014,2026/09/06 12:01:00
2026/09/04,Bell Bay GGT,577014,BBGPG,0.000,0.000,0.000,0.000,,,TAS,Regional - TAS,590014,2026/09/06 12:01:00
2026/09/04,Bell Bay OCGT,577015,BBGPG,0.000,0.000,0.000,0.000,,,TAS,Regional - TAS,590014,2026/09/06 12:01:00
2026/09/04,Bellevue,540083,PROD,0.000,157.332,0.000,0.000,,,QLD,Regional - QLD,590001,2026/09/05 10:36:10
2026/09/04,BGP,580020,PIPE,0.324,0.000,0.000,0.000,,,NT,Regional - NT,590017,2026/09/05 12:46:48
2026/09/04,BlueScope,523204,BBLARGE,7.819,0.000,0.000,0.000,,,NSW,Sydney,520008,2026/09/05 12:01:05
2026/09/04,Bolivar,555008,BBGPG,0.000,0.000,0.000,0.000,,,SA,Regional - SA,590013,2026/09/05 12:15:11
2026/09/04,Bomaderry Gas Pipeline,523202,PIPE,21.576,0.000,21.576,0.000,,,NSW,Regional - NSW,590011,2026/09/05 12:42:00
2026/09/04,BPP,530030,PIPE,2.330,19.060,0.000,16.732,,,VIC,Gippsland,590009,2026/09/05 11:00:01
2026/09/04,Braemar 2 Power Station,544085,BBGPG,0.000,0.000,0.000,0.000,,,QLD,Regional - QLD,590001,2026/09/05 12:30:08
2026/09/04,Braemar Power Station,544252,BBGPG,0.033,0.000,0.000,0.000,,,QLD,Regional - QLD,590001,2026/09/05 11:00:43
2026/09/04,BWP,540096,PIPE,0.000,0.000,0.000,44.397,,,QLD,Wallumbilla Hub,540032,2026/09/05 12:46:48
2026/09/04,BWP,540096,PIPE,0.000,43.349,0.000,0.000,,,QLD,Regional - QLD,590001,2026/09/05 12:46:48
2026/09/04,CGP,540059,PIPE,0.000,0.000,76.223,0.000,,,QLD,Ballera,540078,2026/09/05 12:46:48
2026/09/04,CGP,540059,PIPE,73.725,0.000,0.000,0.000,,,QLD,Regional - QLD,590001,2026/09/05 12:46:48
2026/09/04,Channel Island Power Station,580231,BBGPG,15.551,0.000,0.000,0.000,,,NT,Darwin,580001,2026/09/05 12:46:48
2026/09/04,Colongra,523120,BBGPG,0.000,0.000,0.000,0.000,,,NSW,Regional - NSW,590011,2026/09/05 12:00:05
2026/09/04,ColongraGP,520090,PIPE,0.000,0.000,0.000,0.000,,,NSW,Sydney,520008,2026/09/05 12:00:05
2026/09/04,ColongraGP,520090,PIPE,0.000,0.000,0.000,0.000,,,NSW,Regional - NSW,590011,2026/09/05 12:00:05
2026/09/04,Combabula,540094,PROD,0.000,269.443,0.000,0.000,,,QLD,Regional - QLD,590001,2026/09/09 11:31:57
2026/09/04,Condabri Central,540080,PROD,0.000,127.729,0.000,0.000,,,QLD,Regional - QLD,590001,2026/09/09 11:31:57
2026/09/04,Condabri North,540090,PROD,0.000,137.350,0.000,0.000,,,QLD,Regional - QLD,590001,2026/09/09 11:31:57
2026/09/04,Condabri South,540086,PROD,0.000,144.740,0.000,0.000,,,QLD,Regional - QLD,590001,2026/09/09 11:31:57
2026/09/04,Condamine Power Station,544274,BBGPG,0.044,0.000,0.000,0.000,,,QLD,Regional - QLD,590001,2026/09/05 10:35:34
2026/09/04,CRWP,540098,PIPE,0.000,0.000,321.066,0.000,,,QLD,Wallumbilla Hub,540032,2026/09/05 10:28:10
2026/09/04,CRWP,540098,PIPE,0.000,226.191,24.545,576.799,,,QLD,Regional - QLD,590001,2026/09/05 10:28:10
2026/09/04,CWP,520054,PIPE,4.045,0.000,3.812,0.000,,,NSW,Regional - NSW,590011,2026/09/05 12:46:48
2026/09/04,Daandine,540050,PROD,0.000,53.389,0.000,0.000,,,QLD,Regional - QLD,590001,2026/09/05 12:30:08
2026/09/04,Dandenong LNG,530038,STOR,2.473,0.487,0.000,0.000,606.652,27.889,VIC,Melbourne,590008,2026/09/05 12:46:48
2026/09/04,DDP,540097,PIPE,0.000,0.000,0.000,176.184,,,QLD,Wallumbilla Hub,540032,2026/09/06 21:01:10
2026/09/04,DDP,540097,PIPE,0.045,452.169,95.698,380.449,,,QLD,Regional - QLD,590001,2026/09/06 21:01:10
2026/09/04,DDPS,544027,BBGPG,0.045,0.000,0.000,0.000,,,QLD,Regional - QLD,590001,2026/09/06 21:01:10
2026/09/04,Diamantina Power Station,544077,BBGPG,37.245,0.000,0.000,0.000,,,QLD,Regional - QLD,590001,2026/09/05 12:46:48
2026/09/04,Dry Creek Power Station,555026,BBGPG,0.000,0.000,0.000,0.000,,,SA,Regional - SA,590013,2026/09/05 11:31:05
2026/09/04,EGP,520047,PIPE,127.280,0.000,0.000,0.000,,,NSW,Sydney,520008,2026/09/05 12:01:05
2026/09/04,EGP,520047,PIPE,9.572,0.000,0.000,0.000,,,NSW,Canberra,520009,2026/09/05 12:01:05
2026/09/04,EGP,520047,PIPE,0.000,184.206,0.000,72.016,,,VIC,Longford Hub,530015,2026/09/05 12:01:05
2026/09/04,EGP,520047,PIPE,4.828,0.000,0.000,21.576,,,NSW,Regional - NSW,590011,2026/09/05 12:01:05
2026/09/04,EGP,520047,PIPE,0.844,72.677,0.000,0.000,,,VIC,Regional - VIC,590012,2026/09/05 12:01:05
2026/09/04,EO4PL,540055,PIPE,0.000,0.000,0.000,0.000,,,QLD,Regional - QLD,590001,2026/09/05 10:36:10
2026/09/04,Eurombah Creek,540089,PROD,0.000,128.683,0.000,0.000,,,QLD,Regional - QLD,590001,2026/09/09 11:31:57
2026/09/04,Fairview,540070,PROD,0.000,280.438,0.000,0.000,,,QLD,Regional - QLD,590001,2026/09/05 10:28:34
2026/09/04,GLNG (Curtis Island),544276,LNGEXPORT,1007.707,0.000,0.000,0.000,,,QLD,Curtis Island,540030,2026/09/05 10:28:10
2026/09/04,GLNG Pipeline,540092,PIPE,1007.707,0.000,0.000,0.000,,,QLD,Curtis Island,540030,2026/09/05 10:28:10
2026/09/04,GLNG Pipeline,540092,PIPE,0.000,416.889,608.740,2.686,,,QLD,Regional - QLD,590001,2026/09/05 10:36:10
2026/09/04,Hallett,555029,BBGPG,0.000,0.000,0.000,0.000,,,SA,Regional - SA,590013,2026/09/05 11:31:05
2026/09/04,Hunter Power Station,523210,BBGPG,0.001,0.000,0.000,0.000,,,NSW,Sydney,520008,2026/09/05 12:46:48
2026/09/04,ICF,530071,COMPRESSOR,0.000,0.000,11.000,11.000,,,VIC,Iona Hub,530016,2026/09/05 08:35:02
2026/09/04,Iona UGS,530042,STOR,22.202,39.428,0.000,0.000,13060.892,0.000,VIC,Iona Hub,530016,2026/09/05 08:30:03
2026/09/04,Jeerelang,533161,BBGPG,0.000,0.000,0.000,0.000,,,VIC,Gippsland,590009,2026/09/05 11:00:01
2026/09/04,Jordan,540088,PROD,0.000,334.157,0.000,0.000,,,QLD,Regional - QLD,590001,2026/09/05 10:36:10
2026/09/04,Katherine Power Station,580233,BBGPG,0.000,0.000,0.000,0.000,,,NT,Regional - NT,590017,2026/09/05 12:46:48
2026/09/04,Kenya,540075,PROD,0.000,112.342,0.000,0.000,,,QLD,Regional - QLD,590001,2026/09/05 10:36:10
2026/09/04,Kincora,544253,PROD,0.000,4.000,0.000,0.000,,,QLD,Regional - QLD,590001,2026/09/05 12:46:48
2026/09/04,KKLP,523209,PIPE,0.001,0.000,0.000,0.000,,,NSW,Sydney,520008,2026/09/05 12:46:48
2026/09/04,Kogan North,540061,PROD,0.000,4.316,0.000,0.000,,,QLD,Regional - QLD,590001,2026/09/05 12:46:48
2026/09/04,Ladbroke Grove PS,555086,BBGPG,1.519,0.000,0.000,0.000,,,SA,Regional - SA,590013,2026/09/05 12:46:48
2026/09/04,Lang Lang,530039,PROD,0.000,19.060,0.000,0.000,,,VIC,Gippsland,590009,2026/09/05 07:55:10
2026/09/04,Laverton,533201,BBGPG,0.000,0.000,0.000,0.000,,,VIC,Geelong,590005,2026/09/05 11:00:01
2026/09/04,Longford,530040,PROD,0.000,604.685,0.000,0.000,,,VIC,Longford Hub,530015,2026/09/05 07:51:38
2026/09/04,Loy Yang B,533163,BBGPG,0.000,0.000,0.000,0.000,,,VIC,Gippsland,590009,2026/09/05 11:00:55
2026/09/04,LYB Transmission Pipeline,535023,PIPE,0.854,0.000,0.000,0.000,,,VIC,Gippsland,590009,2026/09/05 11:00:55
2026/09/04,MAPS,550054,PIPE,31.796,0.000,0.000,0.000,,,SA,Adelaide,550016,2026/09/05 11:31:05
2026/09/04,MAPS,550054,PIPE,0.000,43.093,24.521,0.000,,,SA,Moomba Hub,550017,2026/09/05 11:31:05
2026/09/04,MAPS,550054,PIPE,47.022,0.000,20.000,0.000,,,SA,Regional - SA,590013,2026/09/05 11:31:05
2026/09/04,McArthur River Mine,580220,BBGPG,8.465,0.000,0.000,0.000,,,NT,Regional - NT,590017,2026/09/05 10:16:03
2026/09/04,MCF,550050,COMPRESSOR,0.000,0.000,209.927,209.927,,,SA,Moomba Hub,550017,2026/09/05 12:46:48
2026/09/04,Mereenie,580040,PROD,0.000,24.676,0.000,0.000,,,NT,Regional - NT,590017,2026/09/09 12:41:38
2026/09/04,Meridian,540064,PROD,0.000,49.147,0.000,0.000,,,QLD,Regional - QLD,590001,2026/09/05 09:39:16
2026/09/04,Mintaro Power Station,555031,BBGPG,0.000,0.000,0.000,0.000,,,SA,Regional - SA,590013,2026/09/05 11:31:05
2026/09/04,Moomba,550045,PROD,0.000,229.700,0.000,0.000,,,SA,Moomba Hub,550017,2026/09/09 20:53:43
2026/09/04,Moomba Storage,550046,STOR,0.000,5.200,0.000,0.000,6290.800,0.000,SA,Moomba Hub,550017,2026/09/09 20:53:43
2026/09/04,Mortlake PS,530063,BBGPG,6.786,0.000,0.000,0.000,,,VIC,Regional - VIC,590012,2026/09/05 07:20:00
2026/09/04,MPL,530061,PIPE,0.000,0.000,6.130,0.000,,,VIC,Iona Hub,530016,2026/09/05 07:20:00
2026/09/04,MPL,530061,PIPE,6.786,0.000,0.000,0.000,,,VIC,Regional - VIC,590012,2026/09/05 07:20:00
2026/09/04,MRP,580100,PIPE,8.465,0.000,8.466,0.000,,,NT,Regional - NT,590017,2026/09/05 10:16:03
2026/09/04,MSP,520053,PIPE,85.174,0.000,0.000,0.000,,,NSW,Sydney,520008,2026/09/05 12:46:48
2026/09/04,MSP,520053,PIPE,0.000,0.000,4.193,49.006,,,SA,Moomba Hub,550017,2026/09/05 12:46:48
2026/09/04,MSP,520053,PIPE,26.711,0.000,0.000,3.812,,,NSW,Regional - NSW,590011,2026/09/05 12:46:48
2026/09/04,MSP,520053,PIPE,10.027,0.000,0.000,0.000,,,NSW,Regional - ACT,590015,2026/09/05 12:46:48
2026/09/04,MSP,520053,PIPE,0.000,0.000,122.973,0.000,,,NSW,Culcairn,590016,2026/09/05 12:46:48
2026/09/04,Newport,533171,BBGPG,0.004,0.000,0.000,0.000,,,VIC,Melbourne,590008,2026/09/05 11:00:01
2026/09/04,NGP,580050,PIPE,0.000,0.000,0.000,0.000,,,QLD,Regional - QLD,590001,2026/09/08 11:00:05
2026/09/04,NGP,580050,PIPE,0.000,0.000,0.000,0.000,,,NT,Regional - NT,590017,2026/09/08 11:00:05
2026/09/04,NGS,520060,STOR,0.130,0.436,0.000,0.000,663.380,76.828,NSW,Sydney,520008,2026/09/05 08:01:34
2026/09/04,Oakey PS,544095,BBGPG,0.000,0.000,0.000,0.000,,,QLD,Regional - QLD,590001,2026/09/05 12:46:48
2026/09/04,Orana,540084,PROD,0.000,132.603,0.000,0.000,,,QLD,Regional - QLD,590001,2026/09/09 11:31:57
2026/09/04,Orbost,530041,PROD,0.000,72.677,0.000,0.000,,,VIC,Regional - VIC,590012,2026/09/05 12:01:05
2026/09/04,Orica,544011,BBLARGE,9.213,0.000,0.000,0.000,,,QLD,Regional - QLD,590001,2026/09/07 12:01:32
2026/09/04,Orica (Kooragang Island),523206,BBLARGE,38.930,0.000,0.000,0.000,,,NSW,Sydney,520008,2026/09/05 13:00:00
2026/09/04,Osborne,555033,BBGPG,0.000,0.000,0.000,0.000,,,SA,Regional - SA,590013,2026/09/05 11:31:05
2026/09/04,Otway,530044,PROD,0.000,173.850,0.000,0.000,,,VIC,Iona Hub,530016,2026/09/05 09:43:21
2026/09/04,Owen Springs Power Station,580235,BBGPG,0.405,0.000,0.000,0.000,,,NT,Regional - NT,590017,2026/09/05 06:41:05
2026/09/04,Palm Valley,580060,PROD,0.000,5.632,0.000,0.000,,,NT,Regional - NT,590017,2026/09/09 12:41:38
2026/09/04,PCA,550052,PIPE,0.000,16.542,48.607,0.982,,,VIC,Iona Hub,530016,2026/09/05 07:20:01
2026/09/04,PCA,550052,PIPE,21.961,0.000,0.000,0.000,,,SA,Adelaide,550016,2026/09/05 07:20:01
2026/09/04,PCA,550052,PIPE,0.000,0.000,0.000,7.941,,,VIC,Regional - VIC,590012,2026/09/05 07:20:01
2026/09/04,PCA,550052,PIPE,0.699,0.000,0.000,20.025,,,SA,Regional - SA,590013,2026/09/05 07:20:01
2026/09/04,PCI,530060,PIPE,0.000,185.828,0.982,186.810,,,VIC,Iona Hub,530016,2026/09/05 07:20:01
2026/09/04,Peat,540065,PROD,0.000,11.058,0.000,0.000,,,QLD,Regional - QLD,590001,2026/09/09 11:31:57
2026/09/04,Pelican Point Power Station,555089,BBGPG,16.441,0.000,0.000,0.000,,,SA,Regional - SA,590013,2026/09/05 07:20:01
2026/09/04,Phosphate Hill,544081,BBLARGE,24.818,0.000,0.000,0.000,,,QLD,Regional - QLD,590001,2026/09/05 12:46:48
2026/09/04,Pipeline Compression Station,544279,COMPRESSOR,0.000,0.000,0.000,0.000,,,QLD,Regional - QLD,590001,2026/09/05 10:28:10
2026/09/04,PVP,580070,PIPE,0.809,0.000,0.989,0.000,,,NT,Regional - NT,590017,2026/09/05 06:41:05
2026/09/04,QCLNG LNG Plant,544272,LNGEXPORT,1470.838,0.000,0.000,0.000,,,QLD,Curtis Island,540030,2026/09/05 10:36:10
2026/09/04,QGP,540058,PIPE,0.000,0.000,12.095,0.000,,,QLD,Wallumbilla Hub,540032,2026/09/07 12:01:32
2026/09/04,QGP,540058,PIPE,110.639,25.640,81.887,0.000,,,QLD,Regional - QLD,590001,2026/09/07 12:01:32
2026/09/04,Quarantine Power Station,555087,BBGPG,0.000,0.000,0.000,0.000,,,SA,Regional - SA,590013,2026/09/05 11:31:05
2026/09/04,Queensland Aluminia,544012,BBLARGE,33.004,0.000,0.000,0.000,,,QLD,Regional - QLD,590001,2026/09/07 12:01:32
2026/09/04,RBP,540057,PIPE,0.000,0.000,2.581,19.300,,,QLD,Wallumbilla Hub,540032,2026/09/05 12:46:48
2026/09/04,RBP,540057,PIPE,3.089,19.374,48.366,3.008,,,QLD,Regional - QLD,590001,2026/09/05 12:46:48
2026/09/04,RBP,540057,PIPE,46.023,0.000,0.000,0.000,,,QLD,Brisbane,590002,2026/09/05 12:46:48
2026/09/04,RCWP,540102,PIPE,0.000,0.000,0.065,112.720,,,QLD,Wallumbilla Hub,540032,2026/09/05 12:46:48
2026/09/04,RCWP,540102,PIPE,0.000,0.000,111.437,4.677,,,QLD,Regional - QLD,590001,2026/09/05 12:46:48
2026/09/04,Reedy Creek,540085,PROD,0.000,188.481,0.000,0.000,,,QLD,Regional - QLD,590001,2026/09/09 11:31:57
2026/09/04,RMNGPF,640011,PROD,0.000,0.000,0.000,0.000,,,QLD,Regional - QLD,590001,2026/09/05 08:04:28
2026/09/04,RNMGP,640012,PIPE,0.000,0.000,0.000,0.000,,,QLD,Regional - QLD,590001,2026/09/05 08:04:28
2026/09/04,RNP,640009,PIPE,0.000,24.545,0.000,24.545,,,QLD,Regional - QLD,590001,2026/09/05 12:01:08
2026/09/04,Rolleston,540073,PROD,0.000,9.352,0.000,0.000,,,QLD,Regional - QLD,590001,2026/09/07 12:01:32
2026/09/04,Roma,540095,PROD,0.000,226.191,0.000,0.000,,,QLD,Regional - QLD,590001,2026/09/05 10:29:04
2026/09/04,Roma North,544260,PROD,0.000,24.545,0.000,0.000,,,QLD,Regional - QLD,590001,2026/09/05 12:01:13
2026/09/04,Roma Power Station,540120,BBGPG,0.000,0.000,0.000,0.000,,,QLD,Regional - QLD,590001,2026/09/05 11:29:58
2026/09/04,Ron Goodin Power Station,580234,BBGPG,0.000,0.000,0.000,0.000,,,NT,Regional - NT,590017,2026/09/05 06:41:05
2026/09/04,RPL,540110,PIPE,0.053,0.000,0.000,0.000,,,QLD,Regional - QLD,590001,2026/09/05 11:29:58
2026/09/04,Ruby Jo,540082,PROD,0.000,425.094,0.000,0.000,,,QLD,Regional - QLD,590001,2026/09/05 10:36:10
2026/09/04,RUGS,540040,STOR,0.000,1.910,0.000,0.000,15123.387,0.000,QLD,Regional - QLD,590001,2026/09/05 10:29:04
2026/09/04,Scotia,540072,PROD,0.000,101.472,0.000,0.000,,,QLD,Regional - QLD,590001,2026/09/05 10:29:04
2026/09/04,SEPS,550061,PIPE,6.207,0.000,6.216,0.000,,,SA,Regional - SA,590013,2026/09/05 11:32:05
2026/09/04,SESA,550060,PIPE,0.000,0.000,7.941,0.000,,,VIC,Regional - VIC,590012,2026/09/05 12:46:48
2026/09/04,SESA,550060,PIPE,1.519,0.000,0.000,6.227,,,SA,Regional - SA,590013,2026/09/05 12:46:48
2026/09/04,Shoalhaven Starches Cogeneration Plant,523203,BBLARGE,21.576,0.000,0.000,0.000,,,NSW,Regional - NSW,590011,2026/09/05 12:42:00
2026/09/04,Smithfield Energy Facility,522004,BBGPG,0.000,0.000,0.000,0.000,,,NSW,Regional - NSW,590011,2026/09/05 12:14:53
2026/09/04,Snapper Point,555090,BBGPG,0.000,0.000,0.000,0.000,,,SA,Regional - SA,590013,2026/09/05 11:31:05
2026/09/04,Somerton,533174,BBGPG,0.000,0.000,0.000,0.000,,,VIC,Melbourne,590008,2026/09/05 11:00:01
2026/09/04,SPCF,580236,PROD,0.000,0.000,0.000,0.000,,,NT,Regional - NT,590017,2026/09/05 08:50:58
2026/09/04,SPP,580237,PIPE,0.000,0.000,0.000,0.000,,,NT,Regional - NT,590017,2026/09/05 12:46:48
2026/09/04,Spring Gully,540066,PROD,0.000,55.168,0.000,0.000,,,QLD,Regional - QLD,590001,2026/09/09 11:31:57
2026/09/04,SSP,540103,PIPE,0.000,6.300,0.000,6.300,,,QLD,Regional - QLD,590001,2026/09/05 09:48:36
2026/09/04,SSSF,540062,STOR,0.000,6.070,0.000,0.000,8448.802,0.000,QLD,Regional - QLD,590001,2026/09/05 09:48:36
2026/09/04,Strathblane,540067,PROD,0.000,55.010,0.000,0.000,,,QLD,Regional - QLD,590001,2026/09/09 11:31:57
2026/09/04,Swanbank Power Station,544104,BBGPG,0.000,0.000,0.000,0.000,,,QLD,Brisbane,590002,2026/09/05 12:46:48
2026/09/04,SWQP,540060,PIPE,0.000,0.000,350.022,333.226,,,QLD,Wallumbilla Hub,540032,2026/09/05 12:46:48
2026/09/04,SWQP,540060,PIPE,0.000,0.000,0.000,81.121,,,QLD,Ballera,540078,2026/09/05 12:46:48
2026/09/04,SWQP,540060,PIPE,0.000,189.634,45.006,24.714,,,SA,Moomba Hub,550017,2026/09/05 12:46:48
2026/09/04,SWQP,540060,PIPE,0.116,0.000,0.000,0.000,,,QLD,Regional - QLD,590001,2026/09/05 12:46:48
2026/09/04,Talinga,540076,PROD,0.000,83.154,0.000,0.000,,,QLD,Regional - QLD,590001,2026/09/09 11:31:57
2026/09/04,Tallawarra,522002,BBGPG,0.000,0.000,0.000,0.000,,,NSW,Regional - NSW,590011,2026/09/05 11:00:10
2026/09/04,Tallawarra Pipeline,523201,PIPE,0.000,0.000,0.000,0.000,,,NSW,Regional - NSW,590011,2026/09/05 11:00:10
2026/09/04,Taloona,540068,PROD,0.000,40.526,0.000,0.000,,,QLD,Regional - QLD,590001,2026/09/09 11:31:57
2026/09/04,Tanami GP,580210,PIPE,6.765,0.000,8.000,0.000,,,NT,Regional - NT,590017,2026/09/05 12:02:00
2026/09/04,TGP,570050,PIPE,0.000,0.000,38.921,54.253,,,VIC,Longford Hub,530015,2026/09/06 12:01:00
2026/09/04,TGP,570050,PIPE,30.949,0.000,0.000,0.000,,,TAS,Regional - TAS,590014,2026/09/06 12:01:00
2026/09/04,Tipton,540051,PROD,0.000,40.468,0.000,0.000,,,QLD,Regional - QLD,590001,2026/09/05 12:30:08
2026/09/04,Torrens Island PS,555041,BBGPG,9.312,0.000,0.000,0.000,,,SA,Regional - SA,590013,2026/09/05 11:31:05
2026/09/04,Uranquinty Power Station,522047,BBGPG,0.000,0.000,0.000,0.000,,,NSW,Regional - NSW,590011,2026/09/05 12:46:48
2026/09/04,Valley Power GPG,535024,BBGPG,0.854,0.000,0.000,0.000,,,VIC,Gippsland,590009,2026/09/05 11:00:55
2026/09/04,VicHub,532005,PIPE,0.000,0.000,33.090,33.090,,,VIC,Longford Hub,530015,2026/09/05 12:01:15
2026/09/04,Viva Energy Refinery,535018,BBLARGE,7.185,0.000,0.000,0.000,,,VIC,Geelong,590005,2026/09/05 07:30:15
2026/09/04,VTS,530110,PIPE,0.000,418.865,87.367,0.002,,,VIC,Longford Hub,530015,2026/09/05 11:00:01
2026/09/04,VTS,530110,PIPE,1.722,8.104,132.077,0.000,,,VIC,Iona Hub,530016,2026/09/05 11:00:01
2026/09/04,VTS,530110,PIPE,13.385,0.000,0.000,0.000,,,VIC,Western,590004,2026/09/05 11:00:01
2026/09/04,VTS,530110,PIPE,51.747,0.000,0.000,0.000,,,VIC,Geelong,590005,2026/09/05 11:00:01
2026/09/04,VTS,530110,PIPE,36.142,0.000,0.000,0.000,,,VIC,Ballarat,590006,2026/09/05 11:00:01
2026/09/04,VTS,530110,PIPE,53.906,0.000,0.000,0.000,,,VIC,Northern,590007,2026/09/05 11:00:01
2026/09/04,VTS,530110,PIPE,332.602,6.214,0.000,0.000,,,VIC,Melbourne,590008,2026/09/05 11:00:01
2026/09/04,VTS,530110,PIPE,33.818,0.000,16.732,6.686,,,VIC,Gippsland,590009,2026/09/05 11:00:01
2026/09/04,VTS,530110,PIPE,0.000,0.000,0.000,122.973,,,NSW,Culcairn,590016,2026/09/05 11:00:01
2026/09/04,Wallumbilla Compression Station,544280,COMPRESSOR,0.000,0.000,0.000,0.000,,,QLD,Wallumbilla Hub,540032,2026/09/05 10:28:10
2026/09/04,WCFA,540045,COMPRESSOR,0.000,0.000,112.161,112.161,,,QLD,Wallumbilla Hub,540032,2026/09/05 12:46:48
2026/09/04,WCFB,540046,COMPRESSOR,0.000,0.000,221.065,221.065,,,QLD,Wallumbilla Hub,540032,2026/09/05 12:46:48
2026/09/04,Weddell Power Station,580232,BBGPG,22.132,0.000,0.000,0.000,,,NT,Darwin,580001,2026/09/05 12:46:48
2026/09/04,WGP,540091,PIPE,1470.838,0.000,0.000,0.000,,,QLD,Curtis Island,540030,2026/09/05 10:36:10
2026/09/04,WGP,540091,PIPE,0.000,1472.623,58.673,0.000,,,QLD,Regional - QLD,590001,2026/09/05 10:36:10
2026/09/04,Whyalla Steelworks,555085,BBLARGE,5.728,0.000,0.000,0.000,,,SA,Regional - SA,590013,2026/09/05 11:31:05
2026/09/04,Windibri,540069,PROD,0.000,89.170,0.000,0.000,,,QLD,Regional - QLD,590001,2026/09/05 10:36:10
2026/09/04,Woleebee Creek,540087,PROD,0.000,641.169,0.000,0.000,,,QLD,Regional - QLD,590001,2026/09/05 10:36:10
2026/09/04,WPP,580030,PIPE,22.132,29.016,0.000,6.917,,,NT,Darwin,580001,2026/09/05 12:46:48
2026/09/04,Yarwun,544282,BBGPG,50.743,0.000,0.000,0.000,,,QLD,Regional - QLD,590001,2026/09/07 12:01:32
2026/09/04,Yelcherr,580180,PROD,0.000,0.000,0.000,0.000,,,NT,Regional - NT,590017,2026/09/05 12:46:48
2026/09/04,Yellowbank,540074,PROD,0.000,12.038,0.000,0.000,,,QLD,Regional - QLD,590001,2026/09/07 12:01:32
2026/09/05,Adelaide Brighton,555091,BBLARGE,7.073,0.000,0.000,0.000,,,SA,Adelaide,550016,2026/09/06 13:00:00
2026/09/05,AGP,580010,PIPE,16.779,0.000,6.528,0.000,,,NT,Darwin,580001,2026/09/06 12:47:48
2026/09/05,AGP,580010,PIPE,7.334,30.347,0.000,16.158,,,NT,Regional - NT,590017,2026/09/06 12:47:48
2026/09/05,APLNG Pipeline,540093,PIPE,1147.673,0.000,0.000,0.000,,,QLD,Curtis Island,540030,2026/09/10 11:30:09
2026/09/05,APLNG Pipeline,540093,PIPE,0.000,1129.932,339.285,240.231,,,QLD,Regional - QLD,590001,2026/09/10 11:30:09
2026/09/05,Arcadia,540101,PROD,0.000,90.257,0.000,0.000,,,QLD,Regional - QLD,590001,2026/09/06 11:28:36
2026/09/05,ATGP,640013,PIPE,0.000,43.449,0.000,43.449,,,QLD,Regional - QLD,590001,2026/09/06 12:01:34
2026/09/05,ATHENA,535014,PROD,0.000,17.456,0.000,0.000,,,VIC,Iona Hub,530016,2026/09/10 09:54:49
2026/09/05,Atlas,544261,PROD,0.000,43.449,0.000,0.000,,,QLD,Regional - QLD,590001,2026/09/06 12:01:39
2026/09/05,Atlas East Central Processing Facility,640008,PROD,0.000,32.520,0.000,0.000,,,QLD,Regional - QLD,590001,2026/09/06 12:17:42
2026/09/05,Atlas to Reedy Creek Pipeline,640007,PIPE,0.000,32.524,0.000,32.699,,,QLD,Regional - QLD,590001,2026/09/06 12:47:48
2026/09/05,Australia Pacific LNG,544273,LNGEXPORT,1147.673,0.000,0.000,0.000,,,QLD,Curtis Island,540030,2026/09/06 12:00:25
2026/09/05,Australian Paper (Opal),535021,BBLARGE,10.560,0.000,0.000,0.000,,,VIC,Gippsland,590009,2026/09/06 11:00:01
2026/09/05,B1PL,540077,PIPE,0.037,40.490,0.000,39.650,,,QLD,Regional - QLD,590001,2026/09/06 11:00:55
2026/09/05,B2PL,540071,PIPE,0.000,53.664,5.009,56.711,,,QLD,Regional - QLD,590001,2026/09/06 10:45:13
2026/09/05,Bairnsdale Power Station,535020,BBGPG,0.000,0.000,0.000,0.000,,,VIC,Regional - VIC,590012,2026/09/06 11:00:53
2026/09/05,BCF,540047,COMPRESSOR,0.000,0.000,76.000,76.000,,,QLD,Regional - QLD,590001,2026/09/10 10:00:01
2026/09/05,Bell Bay CCGT,577016,BBGPG,26.902,0.000,0.000,0.000,,,TAS,Regional - TAS,590014,2026/09/07 12:01:00
2026/09/05,Bell Bay GGT,577014,BBGPG,0.000,0.000,0.000,0.000,,,TAS,Regional - TAS,590014,2026/09/07 12:01:00
2026/09/05,Bell Bay OCGT,577015,BBGPG,0.000,0.000,0.000,0.000,,,TAS,Regional - TAS,590014,2026/09/07 12:01:00
2026/09/05,Bellevue,540083,PROD,0.000,153.856,0.000,0.000,,,QLD,Regional - QLD,590001,2026/09/06 10:36:03
2026/09/05,BGP,580020,PIPE,0.321,0.000,0.000,0.000,,,NT,Regional - NT,590017,2026/09/06 12:47:48
2026/09/05,BlueScope,523204,BBLARGE,8.500,0.000,0.000,0.000,,,NSW,Sydney,520008,2026/09/06 12:01:05
2026/09/05,Bolivar,555008,BBGPG,0.000,0.000,0.000,0.000,,,SA,Regional - SA,590013,2026/09/06 12:28:01
2026/09/05,Bomaderry Gas Pipeline,523202,PIPE,20.958,0.000,21.766,0.000,,,NSW,Regional - NSW,590011,2026/09/07 12:53:51
2026/09/05,BPP,530030,PIPE,2.490,20.100,0.000,17.618,,,VIC,Gippsland,590009,2026/09/06 11:00:01
2026/09/05,Braemar 2 Power Station,544085,BBGPG,0.000,0.000,0.000,0.000,,,QLD,Regional - QLD,590001,2026/09/06 10:45:13
2026/09/05,Braemar Power Station,544252,BBGPG,0.037,0.000,0.000,0.000,,,QLD,Regional - QLD,590001,2026/09/06 11:00:55
2026/09/05,BWP,540096,PIPE,0.000,0.000,0.000,17.802,,,QLD,Wallumbilla Hub,540032,2026/09/06 12:47:48
2026/09/05,BWP,540096,PIPE,0.000,16.349,0.000,0.000,,,QLD,Regional - QLD,590001,2026/09/06 12:47:48
2026/09/05,CGP,540059,PIPE,0.000,0.000,75.973,0.000,,,QLD,Ballera,540078,2026/09/06 12:47:48
2026/09/05,CGP,540059,PIPE,74.031,0.000,0.000,0.000,,,QLD,Regional - QLD,590001,2026/09/06 12:47:48
2026/09/05,Channel Island Power Station,580231,BBGPG,16.779,0.000,0.000,0.000,,,NT,Darwin,580001,2026/09/06 12:47:48
2026/09/05,Colongra,523120,BBGPG,0.000,0.000,0.000,0.000,,,NSW,Regional - NSW,590011,2026/09/06 12:00:05
2026/09/05,ColongraGP,520090,PIPE,0.000,0.000,0.000,0.000,,,NSW,Sydney,520008,2026/09/06 12:00:05
2026/09/05,ColongraGP,520090,PIPE,0.000,0.000,0.000,0.000,,,NSW,Regional - NSW,590011,2026/09/06 12:00:05
2026/09/05,Combabula,540094,PROD,0.000,230.596,0.000,0.000,,,QLD,Regional - QLD,590001,2026/09/10 11:30:09
2026/09/05,Condabri Central,540080,PROD,0.000,110.710,0.000,0.000,,,QLD,Regional - QLD,590001,2026/09/10 11:30:09
2026/09/05,Condabri North,540090,PROD,0.000,127.141,0.000,0.000,,,QLD,Regional - QLD,590001,2026/09/10 11:30:09
2026/09/05,Condabri South,540086,PROD,0.000,138.925,0.000,0.000,,,QLD,Regional - QLD,590001,2026/09/10 11:30:09
2026/09/05,Condamine Power Station,544274,BBGPG,0.018,0.000,0.000,0.000,,,QLD,Regional - QLD,590001,2026/09/06 10:35:28
2026/09/05,CRWP,540098,PIPE,0.000,0.000,320.089,0.000,,,QLD,Wallumbilla Hub,540032,2026/09/06 11:28:04
2026/09/05,CRWP,540098,PIPE,0.000,226.509,32.459,591.677,,,QLD,Regional - QLD,590001,2026/09/06 11:28:04
2026/09/05,CWP,520054,PIPE,2.612,0.000,3.198,0.000,,,NSW,Regional - NSW,590011,2026/09/06 12:47:48
2026/09/05,Daandine,540050,PROD,0.000,53.664,0.000,0.000,,,QLD,Regional - QLD,590001,2026/09/06 10:45:22
2026/09/05,Dandenong LNG,530038,STOR,5.905,0.401,0.000,0.000,612.299,27.889,VIC,Melbourne,590008,2026/09/06 12:47:48
2026/09/05,DDP,540097,PIPE,0.000,0.000,0.000,173.380,,,QLD,Wallumbilla Hub,540032,2026/09/06 21:01:12
2026/09/05,DDP,540097,PIPE,0.001,416.543,93.545,339.285,,,QLD,Regional - QLD,590001,2026/09/06 21:01:12
2026/09/05,DDPS,544027,BBGPG,0.001,0.000,0.000,0.000,,,QLD,Regional - QLD,590001,2026/09/06 21:01:12
2026/09/05,Diamantina Power Station,544077,BBGPG,38.332,0.000,0.000,0.000,,,QLD,Regional - QLD,590001,2026/09/06 12:47:48
2026/09/05,Dry Creek Power Station,555026,BBGPG,0.000,0.000,0.000,0.000,,,SA,Regional - SA,590013,2026/09/06 11:31:05
2026/09/05,EGP,520047,PIPE,131.599,0.000,0.000,0.000,,,NSW,Sydney,520008,2026/09/06 12:01:05
2026/09/05,EGP,520047,PIPE,8.491,0.000,0.000,0.000,,,NSW,Canberra,520009,2026/09/06 12:01:05
2026/09/05,EGP,520047,PIPE,0.000,169.467,0.000,62.172,,,VIC,Longford Hub,530015,2026/09/06 12:01:05
2026/09/05,EGP,520047,PIPE,4.541,0.000,0.000,21.766,,,NSW,Regional - NSW,590011,2026/09/06 12:01:05
2026/09/05,EGP,520047,PIPE,0.674,72.601,0.000,0.000,,,VIC,Regional - VIC,590012,2026/09/06 12:01:05
2026/09/05,EO4PL,540055,PIPE,0.000,0.000,0.000,0.000,,,QLD,Regional - QLD,590001,2026/09/06 10:36:03
2026/09/05,Eurombah Creek,540089,PROD,0.000,83.373,0.000,0.000,,,QLD,Regional - QLD,590001,2026/09/10 11:30:09
2026/09/05,Fairview,540070,PROD,0.000,281.872,0.000,0.000,,,QLD,Regional - QLD,590001,2026/09/06 11:28:36
2026/09/05,GLNG (Curtis Island),544276,LNGEXPORT,1083.235,0.000,0.000,0.000,,,QLD,Curtis Island,540030,2026/09/06 11:28:04
2026/09/05,GLNG Pipeline,540092,PIPE,1083.235,0.000,0.000,0.000,,,QLD,Curtis Island,540030,2026/09/06 11:28:04
2026/09/05,GLNG Pipeline,540092,PIPE,0.000,415.369,647.047,0.000,,,QLD,Regional - QLD,590001,2026/09/06 10:36:03
2026/09/05,Hallett,555029,BBGPG,0.000,0.000,0.000,0.000,,,SA,Regional - SA,590013,2026/09/06 11:31:05
2026/09/05,Hunter Power Station,523210,BBGPG,0.000,0.000,0.000,0.000,,,NSW,Sydney,520008,2026/09/06 12:47:48
2026/09/05,ICF,530071,COMPRESSOR,0.000,0.000,11.000,11.000,,,VIC,Iona Hub,530016,2026/09/06 08:35:02
2026/09/05,Iona UGS,530042,STOR,39.730,18.501,0.000,0.000,13082.121,0.000,VIC,Iona Hub,530016,2026/09/06 08:30:03
2026/09/05,Jeerelang,533161,BBGPG,0.000,0.000,0.000,0.000,,,VIC,Gippsland,590009,2026/09/06 11:00:01
2026/09/05,Jordan,540088,PROD,0.000,334.031,0.000,0.000,,,QLD,Regional - QLD,590001,2026/09/06 10:36:03
2026/09/05,Katherine Power Station,580233,BBGPG,0.413,0.000,0.000,0.000,,,NT,Regional - NT,590017,2026/09/06 12:47:48
2026/09/05,Kenya,540075,PROD,0.000,111.955,0.000,0.000,,,QLD,Regional - QLD,590001,2026/09/06 10:36:03
2026/09/05,Kincora,544253,PROD,0.000,4.016,0.000,0.000,,,QLD,Regional - QLD,590001,2026/09/06 12:47:48
2026/09/05,KKLP,523209,PIPE,0.000,0.000,0.000,0.000,,,NSW,Sydney,520008,2026/09/06 12:47:48
2026/09/05,Kogan North,540061,PROD,0.000,4.316,0.000,0.000,,,QLD,Regional - QLD,590001,2026/09/06 12:47:48
2026/09/05,Ladbroke Grove PS,555086,BBGPG,0.000,0.000,0.000,0.000,,,SA,Regional - SA,590013,2026/09/06 12:47:48
2026/09/05,Lang Lang,530039,PROD,0.000,20.100,0.000,0.000,,,VIC,Gippsland,590009,2026/09/06 08:00:23
2026/09/05,Laverton,533201,BBGPG,0.000,0.000,0.000,0.000,,,VIC,Geelong,590005,2026/09/06 11:00:01
2026/09/05,Longford,530040,PROD,0.000,598.850,0.000,0.000,,,VIC,Longford Hub,530015,2026/09/06 08:27:09
2026/09/05,Loy Yang B,533163,BBGPG,0.000,0.000,0.000,0.000,,,VIC,Gippsland,590009,2026/09/06 11:00:54
2026/09/05,LYB Transmission Pipeline,535023,PIPE,0.014,0.000,0.000,0.000,,,VIC,Gippsland,590009,2026/09/06 11:00:54
2026/09/05,MAPS,550054,PIPE,23.196,0.000,0.000,0.000,,,SA,Adelaide,550016,2026/09/06 11:31:05
2026/09/05,MAPS,550054,PIPE,0.000,44.250,30.590,0.000,,,SA,Moomba Hub,550017,2026/09/06 11:31:05
2026/09/05,MAPS,550054,PIPE,41.167,0.000,10.001,0.000,,,SA,Regional - SA,590013,2026/09/06 11:31:05
2026/09/05,McArthur River Mine,580220,BBGPG,8.553,0.000,0.000,0.000,,,NT,Regional - NT,590017,2026/09/06 10:09:49
2026/09/05,MCF,550050,COMPRESSOR,0.000,0.000,48.163,48.163,,,SA,Moomba Hub,550017,2026/09/06 12:47:48
2026/09/05,Mereenie,580040,PROD,0.000,24.714,0.000,0.000,,,NT,Regional - NT,590017,2026/09/09 12:41:49
2026/09/05,Meridian,540064,PROD,0.000,47.490,0.000,0.000,,,QLD,Regional - QLD,590001,2026/09/06 09:38:52
2026/09/05,Mintaro Power Station,555031,BBGPG,0.000,0.000,0.000,0.000,,,SA,Regional - SA,590013,2026/09/06 11:31:05
2026/09/05,Moomba,550045,PROD,0.000,226.200,0.000,0.000,,,SA,Moomba Hub,550017,2026/09/10 10:00:01
2026/09/05,Moomba Storage,550046,STOR,0.000,5.100,0.000,0.000,6285.700,0.000,SA,Moomba Hub,550017,2026/09/10 10:00:01
2026/09/05,Mortlake PS,530063,BBGPG,0.000,0.000,0.000,0.000,,,VIC,Regional - VIC,590012,2026/09/06 07:20:00
2026/09/05,MPL,530061,PIPE,0.000,0.000,0.000,0.000,,,VIC,Iona Hub,530016,2026/09/06 07:20:00
2026/09/05,MPL,530061,PIPE,0.000,0.000,0.000,0.000,,,VIC,Regional - VIC,590012,2026/09/06 07:20:00
2026/09/05,MRP,580100,PIPE,8.553,0.000,8.554,0.000,,,NT,Regional - NT,590017,2026/09/06 10:09:49
2026/09/05,MSP,520053,PIPE,53.066,0.000,0.000,0.000,,,NSW,Sydney,520008,2026/09/06 12:47:48
2026/09/05,MSP,520053,PIPE,0.000,0.000,110.996,7.797,,,SA,Moomba Hub,550017,2026/09/06 12:47:48
2026/09/05,MSP,520053,PIPE,24.287,0.000,0.000,3.198,,,NSW,Regional - NSW,590011,2026/09/06 12:47:48
2026/09/05,MSP,520053,PIPE,11.841,0.000,0.000,0.000,,,NSW,Regional - ACT,590015,2026/09/06 12:47:48
2026/09/05,MSP,520053,PIPE,0.000,0.000,67.608,0.000,,,NSW,Culcairn,590016,2026/09/06 12:47:48
2026/09/05,Newport,533171,BBGPG,0.001,0.000,0.000,0.000,,,VIC,Melbourne,590008,2026/09/06 11:00:01
2026/09/05,NGP,580050,PIPE,0.000,0.000,0.000,0.000,,,QLD,Regional - QLD,590001,2026/09/08 11:01:11
2026/09/05,NGP,580050,PIPE,0.000,0.000,0.000,0.000,,,NT,Regional - NT,590017,2026/09/08 11:01:11
2026/09/05,NGS,520060,STOR,0.100,0.839,0.000,0.000,662.316,76.828,NSW,Sydney,520008,2026/09/06 08:02:16
2026/09/05,Oakey PS,544095,BBGPG,0.000,0.000,0.000,0.000,,,QLD,Regional - QLD,590001,2026/09/06 12:47:48
2026/09/05,Orana,540084,PROD,0.000,66.814,0.000,0.000,,,QLD,Regional - QLD,590001,2026/09/10 11:30:09
2026/09/05,Orbost,530041,PROD,0.000,72.601,0.000,0.000,,,VIC,Regional - VIC,590012,2026/09/06 12:01:05
2026/09/05,Orica,544011,BBLARGE,9.669,0.000,0.000,0.000,,,QLD,Regional - QLD,590001,2026/09/07 12:02:08
2026/09/05,Orica (Kooragang Island),523206,BBLARGE,38.770,0.000,0.000,0.000,,,NSW,Sydney,520008,2026/09/06 13:00:00
2026/09/05,Osborne,555033,BBGPG,0.000,0.000,0.000,0.000,,,SA,Regional - SA,590013,2026/09/06 11:31:05
2026/09/05,Otway,530044,PROD,0.000,140.560,0.000,0.000,,,VIC,Iona Hub,530016,2026/09/06 13:29:20
2026/09/05,Owen Springs Power Station,580235,BBGPG,0.137,0.000,0.000,0.000,,,NT,Regional - NT,590017,2026/09/06 06:41:03
2026/09/05,Palm Valley,580060,PROD,0.000,5.633,0.000,0.000,,,NT,Regional - NT,590017,2026/09/09 12:41:49
2026/09/05,PCA,550052,PIPE,0.000,16.999,63.425,1.010,,,VIC,Iona Hub,530016,2026/09/24 07:20:01
2026/09/05,PCA,550052,PIPE,25.168,0.000,0.000,0.000,,,SA,Adelaide,550016,2026/09/24 07:20:01
2026/09/05,PCA,550052,PIPE,0.000,0.000,0.000,5.898,,,VIC,Regional - VIC,590012,2026/09/24 07:20:01
2026/09/05,PCA,550052,PIPE,0.243,0.000,0.000,9.981,,,SA,Regional - SA,590013,2026/09/24 07:20:01
2026/09/05,PCI,530060,PIPE,0.000,152.018,1.010,153.028,,,VIC,Iona Hub,530016,2026/09/06 07:20:01
2026/09/05,Peat,540065,PROD,0.000,11.299,0.000,0.000,,,QLD,Regional - QLD,590001,2026/09/10 11:30:09
2026/09/05,Pelican Point Power Station,555089,BBGPG,15.034,0.000,0.000,0.000,,,SA,Regional - SA,590013,2026/09/24 07:20:01
2026/09/05,Phosphate Hill,544081,BBLARGE,23.413,0.000,0.000,0.000,,,QLD,Regional - QLD,590001,2026/09/06 12:47:48
2026/09/05,Pipeline Compression Station,544279,COMPRESSOR,0.000,0.000,0.000,0.000,,,QLD,Regional - QLD,590001,2026/09/06 11:28:04
2026/09/05,PVP,580070,PIPE,0.527,0.000,0.604,0.000,,,NT,Regional - NT,590017,2026/09/06 06:41:03
2026/09/05,QCLNG LNG Plant,544272,LNGEXPORT,1515.240,0.000,0.000,0.000,,,QLD,Curtis Island,540030,2026/09/06 10:36:03
2026/09/05,QGP,540058,PIPE,0.000,0.000,7.469,0.000,,,QLD,Wallumbilla Hub,540032,2026/09/07 12:02:08
2026/09/05,QGP,540058,PIPE,111.286,25.277,78.886,0.000,,,QLD,Regional - QLD,590001,2026/09/07 12:02:08
2026/09/05,Quarantine Power Station,555087,BBGPG,0.000,0.000,0.000,0.000,,,SA,Regional - SA,590013,2026/09/06 11:31:05
2026/09/05,Queensland Aluminia,544012,BBLARGE,33.732,0.000,0.000,0.000,,,QLD,Regional - QLD,590001,2026/09/07 12:02:08
2026/09/05,RBP,540057,PIPE,0.000,0.000,0.647,35.316,,,QLD,Wallumbilla Hub,540032,2026/09/06 12:47:48
2026/09/05,RBP,540057,PIPE,1.871,26.636,45.950,5.009,,,QLD,Regional - QLD,590001,2026/09/06 12:47:48
2026/09/05,RBP,540057,PIPE,36.376,0.000,0.000,0.000,,,QLD,Brisbane,590002,2026/09/06 12:47:48
2026/09/05,RCWP,540102,PIPE,0.000,0.000,0.000,91.919,,,QLD,Wallumbilla Hub,540032,2026/09/06 12:47:48
2026/09/05,RCWP,540102,PIPE,0.000,0.000,88.151,0.000,,,QLD,Regional - QLD,590001,2026/09/06 12:47:48
2026/09/05,Reedy Creek,540085,PROD,0.000,172.487,0.000,0.000,,,QLD,Regional - QLD,590001,2026/09/10 11:30:09
2026/09/05,RMNGPF,640011,PROD,0.000,8.230,0.000,0.000,,,QLD,Regional - QLD,590001,2026/09/06 10:23:34
2026/09/05,RNMGP,640012,PIPE,0.000,8.230,0.000,8.230,,,QLD,Regional - QLD,590001,2026/09/06 10:23:34
2026/09/05,RNP,640009,PIPE,0.000,24.229,0.000,24.229,,,QLD,Regional - QLD,590001,2026/09/06 12:01:31
2026/09/05,Rolleston,540073,PROD,0.000,9.020,0.000,0.000,,,QLD,Regional - QLD,590001,2026/09/07 12:02:08
2026/09/05,Roma,540095,PROD,0.000,226.509,0.000,0.000,,,QLD,Regional - QLD,590001,2026/09/06 11:28:43
2026/09/05,Roma North,544260,PROD,0.000,24.229,0.000,0.000,,,QLD,Regional - QLD,590001,2026/09/06 12:01:38
2026/09/05,Roma Power Station,540120,BBGPG,0.000,0.000,0.000,0.000,,,QLD,Regional - QLD,590001,2026/09/06 11:40:57
2026/09/05,Ron Goodin Power Station,580234,BBGPG,0.000,0.000,0.000,0.000,,,NT,Regional - NT,590017,2026/09/06 06:41:03
2026/09/05,RPL,540110,PIPE,0.045,0.000,0.000,0.000,,,QLD,Regional - QLD,590001,2026/09/06 11:40:57
2026/09/05,Ruby Jo,540082,PROD,0.000,424.711,0.000,0.000,,,QLD,Regional - QLD,590001,2026/09/06 10:36:03
2026/09/05,RUGS,540040,STOR,0.000,0.000,0.000,0.000,15123.387,0.000,QLD,Regional - QLD,590001,2026/09/06 11:28:43
2026/09/05,Scotia,540072,PROD,0.000,101.491,0.000,0.000,,,QLD,Regional - QLD,590001,2026/09/06 11:28:43
2026/09/05,SEPS,550061,PIPE,5.793,0.000,5.798,0.000,,,SA,Regional - SA,590013,2026/09/06 11:32:05
2026/09/05,SESA,550060,PIPE,0.000,0.000,5.898,0.000,,,VIC,Regional - VIC,590012,2026/09/06 12:47:48
2026/09/05,SESA,550060,PIPE,0.000,0.000,0.000,5.794,,,SA,Regional - SA,590013,2026/09/06 12:47:48
2026/09/05,Shoalhaven Starches Cogeneration Plant,523203,BBLARGE,20.958,0.000,0.000,0.000,,,NSW,Regional - NSW,590011,2026/09/07 12:53:51
2026/09/05,Smithfield Energy Facility,522004,BBGPG,0.000,0.000,0.000,0.000,,,NSW,Regional - NSW,590011,2026/09/06 12:27:35
2026/09/05,Snapper Point,555090,BBGPG,0.000,0.000,0.000,0.000,,,SA,Regional - SA,590013,2026/09/06 11:31:05
2026/09/05,Somerton,533174,BBGPG,0.002,0.000,0.000,0.000,,,VIC,Melbourne,590008,2026/09/06 11:00:01
2026/09/05,SPCF,580236,PROD,0.000,1.016,0.000,0.000,,,NT,Regional - NT,590017,2026/09/08 16:54:12
2026/09/05,SPP,580237,PIPE,0.000,1.016,0.000,0.000,,,NT,Regional - NT,590017,2026/09/06 12:47:48
2026/09/05,Spring Gully,540066,PROD,0.000,54.239,0.000,0.000,,,QLD,Regional - QLD,590001,2026/09/10 11:30:09
2026/09/05,SSP,540103,PIPE,0.000,6.300,0.000,6.300,,,QLD,Regional - QLD,590001,2026/09/06 12:26:09
2026/09/05,SSSF,540062,STOR,0.000,6.170,0.000,0.000,8442.632,0.000,QLD,Regional - QLD,590001,2026/09/06 12:26:09
2026/09/05,Strathblane,540067,PROD,0.000,57.789,0.000,0.000,,,QLD,Regional - QLD,590001,2026/09/10 11:30:09
2026/09/05,Swanbank Power Station,544104,BBGPG,0.000,0.000,0.000,0.000,,,QLD,Brisbane,590002,2026/09/06 12:47:48
2026/09/05,SWQP,540060,PIPE,0.000,0.000,317.770,327.558,,,QLD,Wallumbilla Hub,540032,2026/09/06 12:47:48
2026/09/05,SWQP,540060,PIPE,0.000,0.000,0.000,80.662,,,QLD,Ballera,540078,2026/09/06 12:47:48
2026/09/05,SWQP,540060,PIPE,0.000,181.952,6.797,140.586,,,SA,Moomba Hub,550017,2026/09/06 12:47:48
2026/09/05,SWQP,540060,PIPE,0.118,0.000,0.000,0.000,,,QLD,Regional - QLD,590001,2026/09/06 12:47:48
2026/09/05,Talinga,540076,PROD,0.000,87.542,0.000,0.000,,,QLD,Regional - QLD,590001,2026/09/10 11:30:09
2026/09/05,Tallawarra,522002,BBGPG,0.000,0.000,0.000,0.000,,,NSW,Regional - NSW,590011,2026/09/06 11:00:10
2026/09/05,Tallawarra Pipeline,523201,PIPE,0.000,0.000,0.000,0.000,,,NSW,Regional - NSW,590011,2026/09/06 11:00:10
2026/09/05,Taloona,540068,PROD,0.000,43.878,0.000,0.000,,,QLD,Regional - QLD,590001,2026/09/10 11:30:09
2026/09/05,Tanami GP,580210,PIPE,7.438,0.000,7.000,0.000,,,NT,Regional - NT,590017,2026/09/06 12:02:00
2026/09/05,TGP,570050,PIPE,0.000,0.000,60.314,0.000,,,VIC,Longford Hub,530015,2026/09/07 12:01:00
2026/09/05,TGP,570050,PIPE,44.385,0.000,0.000,0.000,,,TAS,Regional - TAS,590014,2026/09/07 12:01:00
2026/09/05,Tipton,540051,PROD,0.000,40.490,0.000,0.000,,,QLD,Regional - QLD,590001,2026/09/06 10:45:16
2026/09/05,Torrens Island PS,555041,BBGPG,7.862,0.000,0.000,0.000,,,SA,Regional - SA,590013,2026/09/06 11:31:05
2026/09/05,Uranquinty Power Station,522047,BBGPG,0.000,0.000,0.000,0.000,,,NSW,Regional - NSW,590011,2026/09/06 12:47:48
2026/09/05,Valley Power GPG,535024,BBGPG,0.014,0.000,0.000,0.000,,,VIC,Gippsland,590009,2026/09/06 11:00:54
2026/09/05,VicHub,532005,PIPE,0.000,0.000,1.869,1.869,,,VIC,Longford Hub,530015,2026/09/06 12:02:05
2026/09/05,Viva Energy Refinery,535018,BBLARGE,9.607,0.000,0.000,0.000,,,VIC,Geelong,590005,2026/09/06 07:30:13
2026/09/05,VTS,530110,PIPE,0.000,427.924,1.869,0.001,,,VIC,Longford Hub,530015,2026/09/06 11:00:01
2026/09/05,VTS,530110,PIPE,32.257,0.000,89.512,0.000,,,VIC,Iona Hub,530016,2026/09/06 11:00:01
2026/09/05,VTS,530110,PIPE,12.095,0.000,0.000,0.000,,,VIC,Western,590004,2026/09/06 11:00:01
2026/09/05,VTS,530110,PIPE,48.868,0.000,0.000,0.000,,,VIC,Geelong,590005,2026/09/06 11:00:01
2026/09/05,VTS,530110,PIPE,30.190,0.000,0.000,0.000,,,VIC,Ballarat,590006,2026/09/06 11:00:01
2026/09/05,VTS,530110,PIPE,45.533,0.000,0.000,0.000,,,VIC,Northern,590007,2026/09/06 11:00:01
2026/09/05,VTS,530110,PIPE,277.135,4.375,0.000,0.000,,,VIC,Melbourne,590008,2026/09/06 11:00:01
2026/09/05,VTS,530110,PIPE,32.472,0.000,17.618,0.000,,,VIC,Gippsland,590009,2026/09/06 11:00:01
2026/09/05,VTS,530110,PIPE,0.000,0.000,0.000,67.607,,,NSW,Culcairn,590016,2026/09/06 11:00:01
2026/09/05,Wallumbilla Compression Station,544280,COMPRESSOR,0.000,0.000,0.000,0.000,,,QLD,Wallumbilla Hub,540032,2026/09/06 11:28:04
2026/09/05,WCFA,540045,COMPRESSOR,0.000,0.000,85.470,85.470,,,QLD,Wallumbilla Hub,540032,2026/09/06 12:47:48
2026/09/05,WCFB,540046,COMPRESSOR,0.000,0.000,242.088,242.088,,,QLD,Wallumbilla Hub,540032,2026/09/06 12:47:48
2026/09/05,Weddell Power Station,580232,BBGPG,18.675,0.000,0.000,0.000,,,NT,Darwin,580001,2026/09/06 12:47:48
2026/09/05,WGP,540091,PIPE,1515.240,0.000,0.000,0.000,,,QLD,Curtis Island,540030,2026/09/06 10:36:03
2026/09/05,WGP,540091,PIPE,0.000,1452.801,56.711,0.000,,,QLD,Regional - QLD,590001,2026/09/06 10:36:03
2026/09/05,Whyalla Steelworks,555085,BBLARGE,5.547,0.000,0.000,0.000,,,SA,Regional - SA,590013,2026/09/06 11:31:05
2026/09/05,Windibri,540069,PROD,0.000,89.054,0.000,0.000,,,QLD,Regional - QLD,590001,2026/09/06 10:36:03
2026/09/05,Woleebee Creek,540087,PROD,0.000,637.141,0.000,0.000,,,QLD,Regional - QLD,590001,2026/09/06 10:36:03
2026/09/05,WPP,580030,PIPE,18.675,25.202,0.000,6.528,,,NT,Darwin,580001,2026/09/06 12:47:48
2026/09/05,Yarwun,544282,BBGPG,51.021,0.000,0.000,0.000,,,QLD,Regional - QLD,590001,2026/09/07 12:02:08
2026/09/05,Yelcherr,580180,PROD,0.000,0.000,0.000,0.000,,,NT,Regional - NT,590017,2026/09/06 12:47:48
2026/09/05,Yellowbank,540074,PROD,0.000,12.007,0.000,0.000,,,QLD,Regional - QLD,590001,2026/09/07 12:02:08
2026/09/06,Adelaide Brighton,555091,BBLARGE,0.774,0.000,0.000,0.000,,,SA,Adelaide,550016,2026/09/07 13:00:00
2026/09/06,AGP,580010,PIPE,17.525,0.000,7.442,0.000,,,NT,Darwin,580001,2026/09/07 21:22:48
2026/09/06,AGP,580010,PIPE,6.825,30.946,6.272,15.876,,,NT,Regional - NT,590017,2026/09/07 21:22:48
2026/09/06,APLNG Pipeline,540093,PIPE,1068.633,0.000,0.000,0.000,,,QLD,Curtis Island,540030,2026/09/11 11:30:10
2026/09/06,APLNG Pipeline,540093,PIPE,0.000,1115.991,272.336,317.942,,,QLD,Regional - QLD,590001,2026/09/11 11:30:10
2026/09/06,Arcadia,540101,PROD,0.000,91.744,0.000,0.000,,,QLD,Regional - QLD,590001,2026/09/07 11:28:20
2026/09/06,ATGP,640013,PIPE,0.000,43.522,0.000,43.522,,,QLD,Regional - QLD,590001,2026/09/07 12:01:36
2026/09/06,ATHENA,535014,PROD,0.000,17.466,0.000,0.000,,,VIC,Iona Hub,530016,2026/09/11 09:44:55
2026/09/06,Atlas,544261,PROD,0.000,43.522,0.000,0.000,,,QLD,Regional - QLD,590001,2026/09/07 12:01:40
2026/09/06,Atlas East Central Processing Facility,640008,PROD,0.000,32.890,0.000,0.000,,,QLD,Regional - QLD,590001,2026/09/07 07:53:46
2026/09/06,Atlas to Reedy Creek Pipeline,640007,PIPE,0.000,32.890,0.000,34.972,,,QLD,Regional - QLD,590001,2026/09/07 21:22:48
2026/09/06,Australia Pacific LNG,544273,LNGEXPORT,1068.633,0.000,0.000,0.000,,,QLD,Curtis Island,540030,2026/09/07 12:00:26
2026/09/06,Australian Paper (Opal),535021,BBLARGE,10.976,0.000,0.000,0.000,,,VIC,Gippsland,590009,2026/09/07 11:00:01
2026/09/06,B1PL,540077,PIPE,0.038,40.543,0.000,37.769,,,QLD,Regional - QLD,590001,2026/09/07 11:00:54
2026/09/06,B2PL,540071,PIPE,0.000,52.018,5.003,56.697,,,QLD,Regional - QLD,590001,2026/09/07 12:30:08
2026/09/06,Bairnsdale Power Station,535020,BBGPG,0.000,0.000,0.000,0.000,,,VIC,Regional - VIC,590012,2026/09/07 11:00:53
2026/09/06,BCF,540047,COMPRESSOR,0.000,0.000,72.400,72.400,,,QLD,Regional - QLD,590001,2026/09/11 10:00:01
2026/09/06,Bell Bay CCGT,577016,BBGPG,29.604,0.000,0.000,0.000,,,TAS,Regional - TAS,590014,2026/09/08 12:01:00
2026/09/06,Bell Bay GGT,577014,BBGPG,0.000,0.000,0.000,0.000,,,TAS,Regional - TAS,590014,2026/09/08 12:01:00
2026/09/06,Bell Bay OCGT,577015,BBGPG,0.000,0.000,0.000,0.000,,,TAS,Regional - TAS,590014,2026/09/08 12:01:00
2026/09/06,Bellevue,540083,PROD,0.000,150.619,0.000,0.000,,,QLD,Regional - QLD,590001,2026/09/07 17:44:03
2026/09/06,BGP,580020,PIPE,0.322,0.000,0.000,0.000,,,NT,Regional - NT,590017,2026/09/07 21:22:48
2026/09/06,BlueScope,523204,BBLARGE,8.768,0.000,0.000,0.000,,,NSW,Sydney,520008,2026/09/07 12:01:05
2026/09/06,Bolivar,555008,BBGPG,0.000,0.000,0.000,0.000,,,SA,Regional - SA,590013,2026/09/07 12:40:39
2026/09/06,Bomaderry Gas Pipeline,523202,PIPE,0.000,0.000,20.958,0.000,,,NSW,Regional - NSW,590011,2026/09/07 12:01:05
2026/09/06,BPP,530030,PIPE,2.460,20.030,0.000,17.569,,,VIC,Gippsland,590009,2026/09/07 11:00:01
2026/09/06,Braemar 2 Power Station,544085,BBGPG,0.000,0.000,0.000,0.000,,,QLD,Regional - QLD,590001,2026/09/07 12:30:08
2026/09/06,Braemar Power Station,544252,BBGPG,0.038,0.000,0.000,0.000,,,QLD,Regional - QLD,590001,2026/09/07 11:00:54
2026/09/06,BWP,540096,PIPE,0.000,0.000,0.000,48.013,,,QLD,Wallumbilla Hub,540032,2026/09/07 21:22:48
2026/09/06,BWP,540096,PIPE,0.000,50.850,0.000,0.000,,,QLD,Regional - QLD,590001,2026/09/07 21:22:48
2026/09/06,CGP,540059,PIPE,0.000,0.000,72.376,0.000,,,QLD,Ballera,540078,2026/09/07 21:22:48
2026/09/06,CGP,540059,PIPE,74.783,0.000,0.000,0.000,,,QLD,Regional - QLD,590001,2026/09/07 21:22:48
2026/09/06,Channel Island Power Station,580231,BBGPG,17.525,0.000,0.000,0.000,,,NT,Darwin,580001,2026/09/07 21:22:48
2026/09/06,Colongra,523120,BBGPG,0.000,0.000,0.000,0.000,,,NSW,Regional - NSW,590011,2026/09/07 12:00:05
2026/09/06,ColongraGP,520090,PIPE,0.000,0.000,0.000,0.000,,,NSW,Sydney,520008,2026/09/07 12:00:05
2026/09/06,ColongraGP,520090,PIPE,0.000,0.000,0.000,0.000,,,NSW,Regional - NSW,590011,2026/09/07 12:00:05
2026/09/06,Combabula,540094,PROD,0.000,227.639,0.000,0.000,,,QLD,Regional - QLD,590001,2026/09/11 11:30:10
2026/09/06,Condabri Central,540080,PROD,0.000,107.272,0.000,0.000,,,QLD,Regional - QLD,590001,2026/09/11 11:30:10
2026/09/06,Condabri North,540090,PROD,0.000,131.425,0.000,0.000,,,QLD,Regional - QLD,590001,2026/09/11 11:30:10
2026/09/06,Condabri South,540086,PROD,0.000,139.451,0.000,0.000,,,QLD,Regional - QLD,590001,2026/09/11 11:30:10
2026/09/06,Condamine Power Station,544274,BBGPG,0.000,0.000,0.000,0.000,,,QLD,Regional - QLD,590001,2026/09/07 17:44:03
2026/09/06,CRWP,540098,PIPE,0.000,0.000,409.470,0.000,,,QLD,Wallumbilla Hub,540032,2026/09/07 11:28:04
2026/09/06,CRWP,540098,PIPE,0.000,230.324,41.905,674.656,,,QLD,Regional - QLD,590001,2026/09/07 11:28:04
2026/09/06,CWP,520054,PIPE,3.743,0.000,4.634,0.000,,,NSW,Regional - NSW,590011,2026/09/07 21:22:48
2026/09/06,Daandine,540050,PROD,0.000,52.018,0.000,0.000,,,QLD,Regional - QLD,590001,2026/09/07 12:30:08
2026/09/06,Dandenong LNG,530038,STOR,5.997,0.359,0.000,0.000,617.896,27.889,VIC,Melbourne,590008,2026/09/07 21:22:48
2026/09/06,DDP,540097,PIPE,0.000,0.000,0.000,159.373,,,QLD,Wallumbilla Hub,540032,2026/09/07 12:01:34
2026/09/06,DDP,540097,PIPE,9.871,348.967,92.617,272.336,,,QLD,Regional - QLD,590001,2026/09/07 12:01:34
2026/09/06,DDPS,544027,BBGPG,9.871,0.000,0.000,0.000,,,QLD,Regional - QLD,590001,2026/09/07 12:01:34
2026/09/06,Diamantina Power Station,544077,BBGPG,37.053,0.000,0.000,0.000,,,QLD,Regional - QLD,590001,2026/09/07 21:22:48
2026/09/06,Dry Creek Power Station,555026,BBGPG,0.000,0.000,0.000,0.000,,,SA,Regional - SA,590013,2026/09/07 11:31:05
2026/09/06,EGP,520047,PIPE,118.674,0.000,0.000,0.000,,,NSW,Sydney,520008,2026/09/07 12:01:05
2026/09/06,EGP,520047,PIPE,8.563,0.000,0.000,0.000,,,NSW,Canberra,520009,2026/09/07 12:01:05
2026/09/06,EGP,520047,PIPE,0.000,158.674,0.000,75.984,,,VIC,Longford Hub,530015,2026/09/07 12:01:05
2026/09/06,EGP,520047,PIPE,4.553,0.000,0.000,20.958,,,NSW,Regional - NSW,590011,2026/09/07 12:01:05
2026/09/06,EGP,520047,PIPE,0.668,71.421,0.000,0.000,,,VIC,Regional - VIC,590012,2026/09/07 12:01:05
2026/09/06,EO4PL,540055,PIPE,0.000,0.000,0.000,0.000,,,QLD,Regional - QLD,590001,2026/09/07 17:44:03
2026/09/06,Eurombah Creek,540089,PROD,0.000,76.032,0.000,0.000,,,QLD,Regional - QLD,590001,2026/09/11 11:30:10
2026/09/06,Fairview,540070,PROD,0.000,279.841,0.000,0.000,,,QLD,Regional - QLD,590001,2026/09/07 11:28:20
2026/09/06,GLNG (Curtis Island),544276,LNGEXPORT,1127.096,0.000,0.000,0.000,,,QLD,Curtis Island,540030,2026/09/07 11:28:04
2026/09/06,GLNG Pipeline,540092,PIPE,1127.096,0.000,0.000,0.000,,,QLD,Curtis Island,540030,2026/09/07 11:28:04
2026/09/06,GLNG Pipeline,540092,PIPE,0.000,416.544,734.397,0.000,,,QLD,Regional - QLD,590001,2026/09/07 17:44:03
2026/09/06,Hallett,555029,BBGPG,0.000,0.000,0.000,0.000,,,SA,Regional - SA,590013,2026/09/07 11:31:05
2026/09/06,Hunter Power Station,523210,BBGPG,0.001,0.000,0.000,0.000,,,NSW,Sydney,520008,2026/09/07 21:22:48
2026/09/06,ICF,530071,COMPRESSOR,0.000,0.000,7.054,7.054,,,VIC,Iona Hub,530016,2026/09/07 08:35:03
2026/09/06,Iona UGS,530042,STOR,48.855,12.900,0.000,0.000,13118.076,0.000,VIC,Iona Hub,530016,2026/09/07 08:30:03
2026/09/06,Jeerelang,533161,BBGPG,0.000,0.000,0.000,0.000,,,VIC,Gippsland,590009,2026/09/07 11:00:01
2026/09/06,Jordan,540088,PROD,0.000,333.502,0.000,0.000,,,QLD,Regional - QLD,590001,2026/09/07 17:44:03
2026/09/06,Katherine Power Station,580233,BBGPG,0.000,0.000,0.000,0.000,,,NT,Regional - NT,590017,2026/09/07 21:22:48
2026/09/06,Kenya,540075,PROD,0.000,112.983,0.000,0.000,,,QLD,Regional - QLD,590001,2026/09/07 17:44:03
2026/09/06,Kincora,544253,PROD,0.000,2.000,0.000,0.000,,,QLD,Regional - QLD,590001,2026/09/07 21:22:48
2026/09/06,KKLP,523209,PIPE,0.001,0.000,0.000,0.000,,,NSW,Sydney,520008,2026/09/07 21:22:48
2026/09/06,Kogan North,540061,PROD,0.000,4.318,0.000,0.000,,,QLD,Regional - QLD,590001,2026/09/07 21:22:48
2026/09/06,Ladbroke Grove PS,555086,BBGPG,9.609,0.000,0.000,0.000,,,SA,Regional - SA,590013,2026/09/07 21:22:48
2026/09/06,Lang Lang,530039,PROD,0.000,20.030,0.000,0.000,,,VIC,Gippsland,590009,2026/09/07 11:08:34
2026/09/06,Laverton,533201,BBGPG,0.000,0.000,0.000,0.000,,,VIC,Geelong,590005,2026/09/07 11:00:01
2026/09/06,Longford,530040,PROD,0.000,605.899,0.000,0.000,,,VIC,Longford Hub,530015,2026/09/07 08:22:15
2026/09/06,Loy Yang B,533163,BBGPG,0.000,0.000,0.000,0.000,,,VIC,Gippsland,590009,2026/09/07 11:00:52
2026/09/06,LYB Transmission Pipeline,535023,PIPE,0.002,0.000,0.000,0.000,,,VIC,Gippsland,590009,2026/09/07 11:00:52
2026/09/06,MAPS,550054,PIPE,32.820,0.000,0.000,0.000,,,SA,Adelaide,550016,2026/09/07 11:31:05
2026/09/06,MAPS,550054,PIPE,0.000,44.143,60.792,0.000,,,SA,Moomba Hub,550017,2026/09/07 11:31:05
2026/09/06,MAPS,550054,PIPE,69.999,0.000,0.004,0.000,,,SA,Regional - SA,590013,2026/09/07 11:31:05
2026/09/06,McArthur River Mine,580220,BBGPG,9.300,0.000,0.000,0.000,,,NT,Regional - NT,590017,2026/09/07 08:48:03
2026/09/06,MCF,550050,COMPRESSOR,0.000,0.000,10.934,10.934,,,SA,Moomba Hub,550017,2026/09/07 21:22:48
2026/09/06,Mereenie,580040,PROD,0.000,25.318,0.000,0.000,,,NT,Regional - NT,590017,2026/09/09 12:41:57
2026/09/06,Meridian,540064,PROD,0.000,49.208,0.000,0.000,,,QLD,Regional - QLD,590001,2026/09/07 09:38:59
2026/09/06,Mintaro Power Station,555031,BBGPG,0.000,0.000,0.000,0.000,,,SA,Regional - SA,590013,2026/09/07 11:31:05
2026/09/06,Moomba,550045,PROD,0.000,217.100,0.000,0.000,,,SA,Moomba Hub,550017,2026/09/11 10:00:01
2026/09/06,Moomba Storage,550046,STOR,0.000,5.100,0.000,0.000,6280.600,0.000,SA,Moomba Hub,550017,2026/09/11 10:00:01
2026/09/06,Mortlake PS,530063,BBGPG,0.000,0.000,0.000,0.000,,,VIC,Regional - VIC,590012,2026/09/07 07:20:00
2026/09/06,MPL,530061,PIPE,0.000,0.000,0.000,0.000,,,VIC,Iona Hub,530016,2026/09/07 07:20:00
2026/09/06,MPL,530061,PIPE,0.000,0.000,0.000,0.000,,,VIC,Regional - VIC,590012,2026/09/07 07:20:00
2026/09/06,MRP,580100,PIPE,9.300,0.000,9.301,0.000,,,NT,Regional - NT,590017,2026/09/07 08:48:03
2026/09/06,MSP,520053,PIPE,83.784,0.000,0.000,0.000,,,NSW,Sydney,520008,2026/09/07 21:22:48
2026/09/06,MSP,520053,PIPE,0.000,0.000,103.253,0.000,,,SA,Moomba Hub,550017,2026/09/07 21:22:48
2026/09/06,MSP,520053,PIPE,26.215,0.000,0.000,4.634,,,NSW,Regional - NSW,590011,2026/09/07 21:22:48
2026/09/06,MSP,520053,PIPE,9.003,0.000,0.000,0.000,,,NSW,Regional - ACT,590015,2026/09/07 21:22:48
2026/09/06,MSP,520053,PIPE,0.000,0.000,110.452,0.000,,,NSW,Culcairn,590016,2026/09/07 21:22:48
2026/09/06,Newport,533171,BBGPG,0.001,0.000,0.000,0.000,,,VIC,Melbourne,590008,2026/09/07 11:00:01
2026/09/06,NGP,580050,PIPE,0.000,0.000,0.000,0.000,,,QLD,Regional - QLD,590001,2026/09/08 11:01:13
2026/09/06,NGP,580050,PIPE,0.000,0.000,0.000,0.000,,,NT,Regional - NT,590017,2026/09/08 11:01:13
2026/09/06,NGS,520060,STOR,0.100,0.337,0.000,0.000,662.198,76.828,NSW,Sydney,520008,2026/09/07 07:56:29
2026/09/06,Oakey PS,544095,BBGPG,0.000,0.000,0.000,0.000,,,QLD,Regional - QLD,590001,2026/09/07 21:22:48
2026/09/06,Orana,540084,PROD,0.000,59.972,0.000,0.000,,,QLD,Regional - QLD,590001,2026/09/11 11:30:10
2026/09/06,Orbost,530041,PROD,0.000,71.421,0.000,0.000,,,VIC,Regional - VIC,590012,2026/09/07 12:01:05
2026/09/06,Orica,544011,BBLARGE,9.703,0.000,0.000,0.000,,,QLD,Regional - QLD,590001,2026/09/08 11:01:05
2026/09/06,Orica (Kooragang Island),523206,BBLARGE,39.075,0.000,0.000,0.000,,,NSW,Sydney,520008,2026/09/07 13:00:00
2026/09/06,Osborne,555033,BBGPG,0.000,0.000,0.000,0.000,,,SA,Regional - SA,590013,2026/09/07 11:31:05
2026/09/06,Otway,530044,PROD,0.000,160.600,0.000,0.000,,,VIC,Iona Hub,530016,2026/09/07 15:14:53
2026/09/06,Owen Springs Power Station,580235,BBGPG,0.127,0.000,0.000,0.000,,,NT,Regional - NT,590017,2026/09/07 06:41:23
2026/09/06,Palm Valley,580060,PROD,0.000,5.628,0.000,0.000,,,NT,Regional - NT,590017,2026/09/09 12:41:57
2026/09/06,PCA,550052,PIPE,0.001,13.061,48.513,1.006,,,VIC,Iona Hub,530016,2026/09/07 07:20:01
2026/09/06,PCA,550052,PIPE,11.498,0.000,0.000,0.000,,,SA,Adelaide,550016,2026/09/07 07:20:01
2026/09/06,PCA,550052,PIPE,0.000,0.000,0.000,16.300,,,VIC,Regional - VIC,590012,2026/09/07 07:20:01
2026/09/06,PCA,550052,PIPE,14.678,0.000,0.000,0.000,,,SA,Regional - SA,590013,2026/09/07 07:20:01
2026/09/06,PCI,530060,PIPE,0.000,172.059,1.006,173.072,,,VIC,Iona Hub,530016,2026/09/07 07:20:01
2026/09/06,Peat,540065,PROD,0.000,11.304,0.000,0.000,,,QLD,Regional - QLD,590001,2026/09/11 11:30:10
2026/09/06,Pelican Point Power Station,555089,BBGPG,23.658,0.000,0.000,0.000,,,SA,Regional - SA,590013,2026/09/07 07:20:01
2026/09/06,Phosphate Hill,544081,BBLARGE,23.612,0.000,0.000,0.000,,,QLD,Regional - QLD,590001,2026/09/07 21:22:48
2026/09/06,Pipeline Compression Station,544279,COMPRESSOR,0.000,0.000,0.000,0.000,,,QLD,Regional - QLD,590001,2026/09/07 11:28:04
2026/09/06,PVP,580070,PIPE,0.516,0.000,0.575,0.000,,,NT,Regional - NT,590017,2026/09/07 06:41:23
2026/09/06,QCLNG LNG Plant,544272,LNGEXPORT,1498.054,0.000,0.000,0.000,,,QLD,Curtis Island,540030,2026/09/07 17:44:03
2026/09/06,QGP,540058,PIPE,0.000,0.000,15.393,0.000,,,QLD,Wallumbilla Hub,540032,2026/09/08 11:01:05
2026/09/06,QGP,540058,PIPE,112.640,24.187,76.886,0.000,,,QLD,Regional - QLD,590001,2026/09/08 11:01:05
2026/09/06,Quarantine Power Station,555087,BBGPG,14.383,0.000,0.000,0.000,,,SA,Regional - SA,590013,2026/09/07 11:31:05
2026/09/06,Queensland Aluminia,544012,BBLARGE,36.400,0.000,0.000,0.000,,,QLD,Regional - QLD,590001,2026/09/08 11:01:05
2026/09/06,RBP,540057,PIPE,0.000,0.000,0.648,23.300,,,QLD,Wallumbilla Hub,540032,2026/09/07 21:22:48
2026/09/06,RBP,540057,PIPE,1.641,18.827,44.069,5.003,,,QLD,Regional - QLD,590001,2026/09/07 21:22:48
2026/09/06,RBP,540057,PIPE,35.139,0.000,0.000,0.000,,,QLD,Brisbane,590002,2026/09/07 21:22:48
2026/09/06,RCWP,540102,PIPE,0.000,0.000,0.049,168.116,,,QLD,Wallumbilla Hub,540032,2026/09/07 21:22:48
2026/09/06,RCWP,540102,PIPE,0.000,0.000,166.822,0.000,,,QLD,Regional - QLD,590001,2026/09/07 21:22:48
2026/09/06,Reedy Creek,540085,PROD,0.000,169.820,0.000,0.000,,,QLD,Regional - QLD,590001,2026/09/11 11:30:10
2026/09/06,RMNGPF,640011,PROD,0.000,17.460,0.000,0.000,,,QLD,Regional - QLD,590001,2026/09/07 07:53:59
2026/09/06,RNMGP,640012,PIPE,0.000,17.460,0.000,17.460,,,QLD,Regional - QLD,590001,2026/09/07 07:53:59
2026/09/06,RNP,640009,PIPE,0.000,24.445,0.000,24.445,,,QLD,Regional - QLD,590001,2026/09/07 12:01:33
2026/09/06,Rolleston,540073,PROD,0.000,8.692,0.000,0.000,,,QLD,Regional - QLD,590001,2026/09/08 11:01:05
2026/09/06,Roma,540095,PROD,0.000,230.324,0.000,0.000,,,QLD,Regional - QLD,590001,2026/09/07 11:28:25
2026/09/06,Roma North,544260,PROD,0.000,24.445,0.000,0.000,,,QLD,Regional - QLD,590001,2026/09/07 12:01:39
2026/09/06,Roma Power Station,540120,BBGPG,0.000,0.000,0.000,0.000,,,QLD,Regional - QLD,590001,2026/09/07 11:58:57
2026/09/06,Ron Goodin Power Station,580234,BBGPG,0.000,0.000,0.000,0.000,,,NT,Regional - NT,590017,2026/09/07 06:41:23
2026/09/06,RPL,540110,PIPE,0.042,0.000,0.000,0.000,,,QLD,Regional - QLD,590001,2026/09/07 11:58:57
2026/09/06,Ruby Jo,540082,PROD,0.000,425.671,0.000,0.000,,,QLD,Regional - QLD,590001,2026/09/07 17:44:03
2026/09/06,RUGS,540040,STOR,0.000,0.000,0.000,0.000,15123.387,0.000,QLD,Regional - QLD,590001,2026/09/07 11:28:25
2026/09/06,Scotia,540072,PROD,0.000,101.225,0.000,0.000,,,QLD,Regional - QLD,590001,2026/09/07 11:28:25
2026/09/06,SEPS,550061,PIPE,6.558,0.000,6.562,0.000,,,SA,Regional - SA,590013,2026/09/07 11:32:05
2026/09/06,SESA,550060,PIPE,0.000,0.000,16.301,0.000,,,VIC,Regional - VIC,590012,2026/09/07 21:22:48
2026/09/06,SESA,550060,PIPE,9.609,0.000,0.000,6.564,,,SA,Regional - SA,590013,2026/09/07 21:22:48
2026/09/06,Smithfield Energy Facility,522004,BBGPG,0.000,0.000,0.000,0.000,,,NSW,Regional - NSW,590011,2026/09/07 12:40:06
2026/09/06,Snapper Point,555090,BBGPG,0.000,0.000,0.000,0.000,,,SA,Regional - SA,590013,2026/09/07 11:31:05
2026/09/06,Somerton,533174,BBGPG,11.607,0.000,0.000,0.000,,,VIC,Melbourne,590008,2026/09/07 11:00:01
2026/09/06,SPCF,580236,PROD,0.000,6.373,0.000,0.000,,,NT,Regional - NT,590017,2026/09/08 16:52:27
2026/09/06,SPP,580237,PIPE,0.000,6.373,0.000,6.272,,,NT,Regional - NT,590017,2026/09/07 21:22:48
2026/09/06,Spring Gully,540066,PROD,0.000,53.799,0.000,0.000,,,QLD,Regional - QLD,590001,2026/09/11 11:30:10
2026/09/06,SSP,540103,PIPE,0.000,6.110,0.000,6.110,,,QLD,Regional - QLD,590001,2026/09/07 10:29:24
2026/09/06,SSSF,540062,STOR,0.000,6.300,0.000,0.000,8436.522,0.000,QLD,Regional - QLD,590001,2026/09/07 10:29:24
2026/09/06,Strathblane,540067,PROD,0.000,54.947,0.000,0.000,,,QLD,Regional - QLD,590001,2026/09/11 11:30:10
2026/09/06,Swanbank Power Station,544104,BBGPG,0.000,0.000,0.000,0.000,,,QLD,Brisbane,590002,2026/09/07 21:22:48
2026/09/06,SWQP,540060,PIPE,0.000,0.000,398.156,424.913,,,QLD,Wallumbilla Hub,540032,2026/09/07 21:22:48
2026/09/06,SWQP,540060,PIPE,0.000,0.000,0.000,77.092,,,QLD,Ballera,540078,2026/09/07 21:22:48
2026/09/06,SWQP,540060,PIPE,0.000,174.978,0.000,164.045,,,SA,Moomba Hub,550017,2026/09/07 21:22:48
2026/09/06,SWQP,540060,PIPE,0.135,0.000,0.000,0.000,,,QLD,Regional - QLD,590001,2026/09/07 21:22:48
2026/09/06,Talinga,540076,PROD,0.000,88.023,0.000,0.000,,,QLD,Regional - QLD,590001,2026/09/11 11:30:10
2026/09/06,Tallawarra,522002,BBGPG,0.000,0.000,0.000,0.000,,,NSW,Regional - NSW,590011,2026/09/07 11:00:10
2026/09/06,Tallawarra Pipeline,523201,PIPE,0.000,0.000,0.000,0.000,,,NSW,Regional - NSW,590011,2026/09/07 11:00:10
2026/09/06,Taloona,540068,PROD,0.000,44.431,0.000,0.000,,,QLD,Regional - QLD,590001,2026/09/11 11:30:10
2026/09/06,Tanami GP,580210,PIPE,8.484,0.000,6.000,0.000,,,NT,Regional - NT,590017,2026/09/07 12:02:00
2026/09/06,TGP,570050,PIPE,0.000,0.000,75.983,1.078,,,VIC,Longford Hub,530015,2026/09/08 12:01:00
2026/09/06,TGP,570050,PIPE,47.389,0.000,0.000,0.000,,,TAS,Regional - TAS,590014,2026/09/08 12:01:00
2026/09/06,Tipton,540051,PROD,0.000,40.544,0.000,0.000,,,QLD,Regional - QLD,590001,2026/09/07 12:30:08
2026/09/06,Torrens Island PS,555041,BBGPG,25.976,0.000,0.000,0.000,,,SA,Regional - SA,590013,2026/09/07 11:31:05
2026/09/06,Uranquinty Power Station,522047,BBGPG,0.000,0.000,0.000,0.000,,,NSW,Regional - NSW,590011,2026/09/07 21:22:48
2026/09/06,Valley Power GPG,535024,BBGPG,0.002,0.000,0.000,0.000,,,VIC,Gippsland,590009,2026/09/07 11:00:52
2026/09/06,VicHub,532005,PIPE,0.000,0.000,0.001,0.001,,,VIC,Longford Hub,530015,2026/09/07 12:02:10
2026/09/06,Viva Energy Refinery,535018,BBLARGE,8.706,0.000,0.000,0.000,,,VIC,Geelong,590005,2026/09/07 07:30:14
2026/09/06,VTS,530110,PIPE,0.000,445.920,1.079,0.000,,,VIC,Longford Hub,530015,2026/09/07 11:00:01
2026/09/06,VTS,530110,PIPE,43.621,0.821,124.530,0.000,,,VIC,Iona Hub,530016,2026/09/07 11:00:01
2026/09/06,VTS,530110,PIPE,11.779,0.000,0.000,0.000,,,VIC,Western,590004,2026/09/07 11:00:01
2026/09/06,VTS,530110,PIPE,47.220,0.000,0.000,0.000,,,VIC,Geelong,590005,2026/09/07 11:00:01
2026/09/06,VTS,530110,PIPE,30.681,0.000,0.000,0.000,,,VIC,Ballarat,590006,2026/09/07 11:00:01
2026/09/06,VTS,530110,PIPE,44.296,0.000,0.000,0.000,,,VIC,Northern,590007,2026/09/07 11:00:01
2026/09/06,VTS,530110,PIPE,274.302,4.533,0.000,0.000,,,VIC,Melbourne,590008,2026/09/07 11:00:01
2026/09/06,VTS,530110,PIPE,30.309,0.000,17.569,0.049,,,VIC,Gippsland,590009,2026/09/07 11:00:01
2026/09/06,VTS,530110,PIPE,0.000,0.000,0.000,110.452,,,NSW,Culcairn,590016,2026/09/07 11:00:01
2026/09/06,Wallumbilla Compression Station,544280,COMPRESSOR,0.000,0.000,0.000,0.000,,,QLD,Wallumbilla Hub,540032,2026/09/07 11:28:04
2026/09/06,WCFA,540045,COMPRESSOR,0.000,0.000,110.444,110.444,,,QLD,Wallumbilla Hub,540032,2026/09/07 21:22:48
2026/09/06,WCFB,540046,COMPRESSOR,0.000,0.000,314.469,314.469,,,QLD,Wallumbilla Hub,540032,2026/09/07 21:22:48
2026/09/06,Weddell Power Station,580232,BBGPG,18.864,0.000,0.000,0.000,,,NT,Darwin,580001,2026/09/07 21:22:48
2026/09/06,WGP,540091,PIPE,1498.054,0.000,0.000,0.000,,,QLD,Curtis Island,540030,2026/09/07 17:44:03
2026/09/06,WGP,540091,PIPE,0.000,1483.850,56.697,0.000,,,QLD,Regional - QLD,590001,2026/09/07 17:44:03
2026/09/06,Whyalla Steelworks,555085,BBLARGE,6.358,0.000,0.000,0.000,,,SA,Regional - SA,590013,2026/09/07 11:31:05
2026/09/06,Windibri,540069,PROD,0.000,91.925,0.000,0.000,,,QLD,Regional - QLD,590001,2026/09/07 17:44:03
2026/09/06,Woleebee Creek,540087,PROD,0.000,635.226,0.000,0.000,,,QLD,Regional - QLD,590001,2026/09/07 17:44:03
2026/09/06,WPP,580030,PIPE,18.864,26.292,0.000,7.442,,,NT,Darwin,580001,2026/09/07 21:22:48
2026/09/06,Yarwun,544282,BBGPG,50.289,0.000,0.000,0.000,,,QLD,Regional - QLD,590001,2026/09/08 11:01:05
2026/09/06,Yelcherr,580180,PROD,0.000,0.000,0.000,0.000,,,NT,Regional - NT,590017,2026/09/07 21:22:48
2026/09/06,Yellowbank,540074,PROD,0.000,11.246,0.000,0.000,,,QLD,Regional - QLD,590001,2026/09/08 11:01:05
2026/09/07,Adelaide Brighton,555091,BBLARGE,7.349,0.000,0.000,0.000,,,SA,Adelaide,550016,2026/09/08 13:00:01
2026/09/07,AGP,580010,PIPE,20.317,0.000,6.476,0.000,,,NT,Darwin,580001,2026/09/08 12:46:49
2026/09/07,AGP,580010,PIPE,7.154,31.443,12.681,15.964,,,NT,Regional - NT,590017,2026/09/08 12:46:49
2026/09/07,APLNG Pipeline,540093,PIPE,1600.827,0.000,0.000,0.000,,,QLD,Curtis Island,540030,2026/09/12 11:30:09
2026/09/07,APLNG Pipeline,540093,PIPE,0.000,1310.951,467.421,167.857,,,QLD,Regional - QLD,590001,2026/09/12 11:30:09
2026/09/07,Arcadia,540101,PROD,0.000,91.365,0.000,0.000,,,QLD,Regional - QLD,590001,2026/09/08 10:58:39
2026/09/07,ATGP,640013,PIPE,0.000,43.208,0.000,43.208,,,QLD,Regional - QLD,590001,2026/09/08 12:01:10
2026/09/07,ATHENA,535014,PROD,0.000,17.309,0.000,0.000,,,VIC,Iona Hub,530016,2026/09/12 09:41:16
2026/09/07,Atlas,544261,PROD,0.000,43.208,0.000,0.000,,,QLD,Regional - QLD,590001,2026/09/08 12:01:15
2026/09/07,Atlas East Central Processing Facility,640008,PROD,0.000,32.530,0.000,0.000,,,QLD,Regional - QLD,590001,2026/09/08 10:41:03
2026/09/07,Atlas to Reedy Creek Pipeline,640007,PIPE,0.000,32.531,0.000,32.202,,,QLD,Regional - QLD,590001,2026/09/08 12:46:49
2026/09/07,Australia Pacific LNG,544273,LNGEXPORT,1600.828,0.000,0.000,0.000,,,QLD,Curtis Island,540030,2026/09/08 12:00:25
2026/09/07,Australian Paper (Opal),535021,BBLARGE,11.762,0.000,0.000,0.000,,,VIC,Gippsland,590009,2026/09/08 11:00:01
2026/09/07,B1PL,540077,PIPE,0.034,23.142,0.000,26.392,,,QLD,Regional - QLD,590001,2026/09/08 11:01:10
2026/09/07,B2PL,540071,PIPE,0.000,53.865,2.337,56.697,,,QLD,Regional - QLD,590001,2026/09/08 12:30:09
2026/09/07,Bairnsdale Power Station,535020,BBGPG,0.020,0.000,0.000,0.000,,,VIC,Regional - VIC,590012,2026/09/08 11:01:14
2026/09/07,BCF,540047,COMPRESSOR,0.000,0.000,78.600,78.600,,,QLD,Regional - QLD,590001,2026/09/12 10:00:01
2026/09/07,Bell Bay CCGT,577016,BBGPG,34.274,0.000,0.000,0.000,,,TAS,Regional - TAS,590014,2026/09/09 12:01:00
2026/09/07,Bell Bay GGT,577014,BBGPG,0.000,0.000,0.000,0.000,,,TAS,Regional - TAS,590014,2026/09/09 12:01:00
2026/09/07,Bell Bay OCGT,577015,BBGPG,0.000,0.000,0.000,0.000,,,TAS,Regional - TAS,590014,2026/09/09 12:01:00
2026/09/07,Bellevue,540083,PROD,0.000,149.369,0.000,0.000,,,QLD,Regional - QLD,590001,2026/09/08 10:35:40
2026/09/07,BGP,580020,PIPE,0.354,0.000,0.000,0.000,,,NT,Regional - NT,590017,2026/09/08 12:46:49
2026/09/07,BlueScope,523204,BBLARGE,7.746,0.000,0.000,0.000,,,NSW,Sydney,520008,2026/09/08 12:01:05
2026/09/07,Bolivar,555008,BBGPG,0.000,0.000,0.000,0.000,,,SA,Regional - SA,590013,2026/09/08 12:04:09
2026/09/07,Bomaderry Gas Pipeline,523202,PIPE,21.101,0.000,21.101,0.000,,,NSW,Regional - NSW,590011,2026/09/08 12:51:46
2026/09/07,BPP,530030,PIPE,2.590,20.050,0.000,17.453,,,VIC,Gippsland,590009,2026/09/08 11:00:01
2026/09/07,Braemar 2 Power Station,544085,BBGPG,0.000,0.000,0.000,0.000,,,QLD,Regional - QLD,590001,2026/09/08 12:30:09
2026/09/07,Braemar Power Station,544252,BBGPG,0.034,0.000,0.000,0.000,,,QLD,Regional - QLD,590001,2026/09/08 11:01:10
2026/09/07,BWP,540096,PIPE,0.000,0.000,0.000,36.054,,,QLD,Wallumbilla Hub,540032,2026/09/08 12:46:49
2026/09/07,BWP,540096,PIPE,0.000,36.000,0.000,0.000,,,QLD,Regional - QLD,590001,2026/09/08 12:46:49
2026/09/07,CGP,540059,PIPE,0.000,0.000,78.586,0.000,,,QLD,Ballera,540078,2026/09/08 12:46:49
2026/09/07,CGP,540059,PIPE,71.110,0.000,0.000,0.000,,,QLD,Regional - QLD,590001,2026/09/08 12:46:49
2026/09/07,Channel Island Power Station,580231,BBGPG,20.317,0.000,0.000,0.000,,,NT,Darwin,580001,2026/09/08 12:46:49
2026/09/07,Colongra,523120,BBGPG,0.000,0.000,0.000,0.000,,,NSW,Regional - NSW,590011,2026/09/08 12:00:05
2026/09/07,ColongraGP,520090,PIPE,0.000,0.000,0.000,0.000,,,NSW,Sydney,520008,2026/09/08 12:00:05
2026/09/07,ColongraGP,520090,PIPE,0.000,0.000,0.000,0.000,,,NSW,Regional - NSW,590011,2026/09/08 12:00:05
2026/09/07,Combabula,540094,PROD,0.000,287.720,0.000,0.000,,,QLD,Regional - QLD,590001,2026/09/12 11:30:09
2026/09/07,Condabri Central,540080,PROD,0.000,140.222,0.000,0.000,,,QLD,Regional - QLD,590001,2026/09/12 11:30:09
2026/09/07,Condabri North,540090,PROD,0.000,163.536,0.000,0.000,,,QLD,Regional - QLD,590001,2026/09/12 11:30:09
2026/09/07,Condabri South,540086,PROD,0.000,144.082,0.000,0.000,,,QLD,Regional - QLD,590001,2026/09/12 11:30:09
2026/09/07,Condamine Power Station,544274,BBGPG,0.000,0.000,0.000,0.000,,,QLD,Regional - QLD,590001,2026/09/08 10:35:42
2026/09/07,CRWP,540098,PIPE,0.000,0.000,315.361,0.000,,,QLD,Wallumbilla Hub,540032,2026/09/08 10:58:04
2026/09/07,CRWP,540098,PIPE,0.000,234.056,41.225,611.983,,,QLD,Regional - QLD,590001,2026/09/08 10:58:04
2026/09/07,CWP,520054,PIPE,4.441,0.000,4.108,0.000,,,NSW,Regional - NSW,590011,2026/09/08 12:46:49
2026/09/07,Daandine,540050,PROD,0.000,53.865,0.000,0.000,,,QLD,Regional - QLD,590001,2026/09/08 12:30:09
2026/09/07,Dandenong LNG,530038,STOR,6.258,0.330,0.000,0.000,624.027,27.889,VIC,Melbourne,590008,2026/09/08 12:46:49
2026/09/07,DDP,540097,PIPE,0.000,0.000,0.000,154.488,,,QLD,Wallumbilla Hub,540032,2026/09/08 12:01:09
2026/09/07,DDP,540097,PIPE,14.921,544.650,90.534,467.422,,,QLD,Regional - QLD,590001,2026/09/08 12:01:09
2026/09/07,DDPS,544027,BBGPG,14.921,0.000,0.000,0.000,,,QLD,Regional - QLD,590001,2026/09/08 12:01:09
2026/09/07,Diamantina Power Station,544077,BBGPG,38.182,0.000,0.000,0.000,,,QLD,Regional - QLD,590001,2026/09/08 12:46:49
2026/09/07,Dry Creek Power Station,555026,BBGPG,0.000,0.000,0.000,0.000,,,SA,Regional - SA,590013,2026/09/08 11:31:05
2026/09/07,EGP,520047,PIPE,133.051,0.000,0.000,0.000,,,NSW,Sydney,520008,2026/09/08 12:01:05
2026/09/07,EGP,520047,PIPE,9.666,0.000,0.000,0.000,,,NSW,Canberra,520009,2026/09/08 12:01:05
2026/09/07,EGP,520047,PIPE,0.000,201.378,0.000,98.369,,,VIC,Longford Hub,530015,2026/09/08 12:01:05
2026/09/07,EGP,520047,PIPE,4.413,0.000,0.000,21.101,,,NSW,Regional - NSW,590011,2026/09/08 12:01:05
2026/09/07,EGP,520047,PIPE,0.944,71.599,0.000,0.000,,,VIC,Regional - VIC,590012,2026/09/08 12:01:05
2026/09/07,EO4PL,540055,PIPE,0.000,0.000,0.000,0.000,,,QLD,Regional - QLD,590001,2026/09/08 10:35:40
2026/09/07,Eurombah Creek,540089,PROD,0.000,137.899,0.000,0.000,,,QLD,Regional - QLD,590001,2026/09/12 11:30:09
2026/09/07,Fairview,540070,PROD,0.000,280.484,0.000,0.000,,,QLD,Regional - QLD,590001,2026/09/08 10:58:39
2026/09/07,GLNG (Curtis Island),544276,LNGEXPORT,1079.203,0.000,0.000,0.000,,,QLD,Curtis Island,540030,2026/09/08 10:58:04
2026/09/07,GLNG Pipeline,540092,PIPE,1079.203,0.000,0.000,0.000,,,QLD,Curtis Island,540030,2026/09/08 10:58:04
2026/09/07,GLNG Pipeline,540092,PIPE,0.000,416.807,630.482,0.000,,,QLD,Regional - QLD,590001,2026/09/08 10:35:40
2026/09/07,Hallett,555029,BBGPG,0.000,0.000,0.000,0.000,,,SA,Regional - SA,590013,2026/09/08 11:31:05
2026/09/07,Hunter Power Station,523210,BBGPG,0.660,0.000,0.000,0.000,,,NSW,Sydney,520008,2026/09/08 12:46:49
2026/09/07,ICF,530071,COMPRESSOR,0.000,0.000,9.024,9.024,,,VIC,Iona Hub,530016,2026/09/08 08:35:03
2026/09/07,Iona UGS,530042,STOR,21.297,110.437,0.000,0.000,13028.936,0.000,VIC,Iona Hub,530016,2026/09/08 08:30:03
2026/09/07,Jeerelang,533161,BBGPG,0.000,0.000,0.000,0.000,,,VIC,Gippsland,590009,2026/09/08 11:00:01
2026/09/07,Jordan,540088,PROD,0.000,333.712,0.000,0.000,,,QLD,Regional - QLD,590001,2026/09/08 10:35:40
2026/09/07,Katherine Power Station,580233,BBGPG,0.000,0.000,0.000,0.000,,,NT,Regional - NT,590017,2026/09/08 12:46:49
2026/09/07,Kenya,540075,PROD,0.000,112.928,0.000,0.000,,,QLD,Regional - QLD,590001,2026/09/08 10:35:40
2026/09/07,Kincora,544253,PROD,0.000,4.000,0.000,0.000,,,QLD,Regional - QLD,590001,2026/09/08 12:46:49
2026/09/07,KKLP,523209,PIPE,0.660,0.000,0.000,0.000,,,NSW,Sydney,520008,2026/09/08 12:46:49
2026/09/07,Kogan North,540061,PROD,0.000,4.317,0.000,0.000,,,QLD,Regional - QLD,590001,2026/09/08 12:46:49
2026/09/07,Ladbroke Grove PS,555086,BBGPG,5.964,0.000,0.000,0.000,,,SA,Regional - SA,590013,2026/09/08 12:46:49
2026/09/07,Lang Lang,530039,PROD,0.000,20.050,0.000,0.000,,,VIC,Gippsland,590009,2026/09/08 10:44:24
2026/09/07,Laverton,533201,BBGPG,0.000,0.000,0.000,0.000,,,VIC,Geelong,590005,2026/09/08 11:00:01
2026/09/07,Longford,530040,PROD,0.000,620.512,0.000,0.000,,,VIC,Longford Hub,530015,2026/09/08 08:19:20
2026/09/07,Loy Yang B,533163,BBGPG,0.000,0.000,0.000,0.000,,,VIC,Gippsland,590009,2026/09/08 11:00:49
2026/09/07,LYB Transmission Pipeline,535023,PIPE,0.012,0.000,0.000,0.000,,,VIC,Gippsland,590009,2026/09/08 11:00:49
2026/09/07,MAPS,550054,PIPE,46.119,0.000,0.000,0.000,,,SA,Adelaide,550016,2026/09/08 11:31:05
2026/09/07,MAPS,550054,PIPE,0.000,42.236,80.435,0.000,,,SA,Moomba Hub,550017,2026/09/08 11:31:05
2026/09/07,MAPS,550054,PIPE,81.385,0.000,0.000,0.000,,,SA,Regional - SA,590013,2026/09/08 11:31:05
2026/09/07,McArthur River Mine,580220,BBGPG,9.483,0.000,0.000,0.000,,,NT,Regional - NT,590017,2026/09/08 09:05:48
2026/09/07,MCF,550050,COMPRESSOR,0.000,0.000,147.018,147.018,,,SA,Moomba Hub,550017,2026/09/08 12:46:49
2026/09/07,Mereenie,580040,PROD,0.000,25.850,0.000,0.000,,,NT,Regional - NT,590017,2026/09/09 12:42:18
2026/09/07,Meridian,540064,PROD,0.000,49.208,0.000,0.000,,,QLD,Regional - QLD,590001,2026/09/08 09:39:10
2026/09/07,Mintaro Power Station,555031,BBGPG,0.000,0.000,0.000,0.000,,,SA,Regional - SA,590013,2026/09/08 11:31:05
2026/09/07,Moomba,550045,PROD,0.000,242.000,0.000,0.000,,,SA,Moomba Hub,550017,2026/09/12 10:00:01
2026/09/07,Moomba Storage,550046,STOR,0.000,5.000,0.000,0.000,6275.600,0.000,SA,Moomba Hub,550017,2026/09/12 10:00:01
2026/09/07,Mortlake PS,530063,BBGPG,70.639,0.000,0.000,0.000,,,VIC,Regional - VIC,590012,2026/09/08 07:20:00
2026/09/07,MPL,530061,PIPE,0.000,0.000,71.141,0.000,,,VIC,Iona Hub,530016,2026/09/08 07:20:00
2026/09/07,MPL,530061,PIPE,70.639,0.000,0.000,0.000,,,VIC,Regional - VIC,590012,2026/09/08 07:20:00
2026/09/07,MRP,580100,PIPE,9.483,0.000,9.484,0.000,,,NT,Regional - NT,590017,2026/09/08 09:05:48
2026/09/07,MSP,520053,PIPE,84.091,0.000,0.000,0.000,,,NSW,Sydney,520008,2026/09/08 12:46:49
2026/09/07,MSP,520053,PIPE,0.000,0.000,28.487,51.222,,,SA,Moomba Hub,550017,2026/09/08 12:46:49
2026/09/07,MSP,520053,PIPE,32.424,0.000,0.000,4.108,,,NSW,Regional - NSW,590011,2026/09/08 12:46:49
2026/09/07,MSP,520053,PIPE,11.248,0.000,0.000,0.000,,,NSW,Regional - ACT,590015,2026/09/08 12:46:49
2026/09/07,MSP,520053,PIPE,0.000,0.000,130.793,0.000,,,NSW,Culcairn,590016,2026/09/08 12:46:49
2026/09/07,Newport,533171,BBGPG,0.005,0.000,0.000,0.000,,,VIC,Melbourne,590008,2026/09/08 11:00:01
2026/09/07,NGP,580050,PIPE,0.000,0.000,0.000,0.000,,,QLD,Regional - QLD,590001,2026/09/08 12:01:13
2026/09/07,NGP,580050,PIPE,0.000,0.000,0.000,0.000,,,NT,Regional - NT,590017,2026/09/08 12:01:13
2026/09/07,NGS,520060,STOR,0.100,0.407,0.000,0.000,662.146,76.863,NSW,Sydney,520008,2026/09/08 09:14:32
2026/09/07,Oakey PS,544095,BBGPG,0.000,0.000,0.000,0.000,,,QLD,Regional - QLD,590001,2026/09/08 12:46:49
2026/09/07,Orana,540084,PROD,0.000,164.836,0.000,0.000,,,QLD,Regional - QLD,590001,2026/09/12 11:30:09
2026/09/07,Orbost,530041,PROD,0.000,71.599,0.000,0.000,,,VIC,Regional - VIC,590012,2026/09/08 12:01:05
2026/09/07,Orica,544011,BBLARGE,9.046,0.000,0.000,0.000,,,QLD,Regional - QLD,590001,2026/09/08 12:01:06
2026/09/07,Orica (Kooragang Island),523206,BBLARGE,39.170,0.000,0.000,0.000,,,NSW,Sydney,520008,2026/09/08 13:00:00
2026/09/07,Osborne,555033,BBGPG,0.000,0.000,0.000,0.000,,,SA,Regional - SA,590013,2026/09/08 11:31:05
2026/09/07,Otway,530044,PROD,0.000,160.260,0.000,0.000,,,VIC,Iona Hub,530016,2026/09/08 11:27:48
2026/09/07,Owen Springs Power Station,580235,BBGPG,0.046,0.000,0.000,0.000,,,NT,Regional - NT,590017,2026/09/08 06:41:03
2026/09/07,Palm Valley,580060,PROD,0.000,5.593,0.000,0.000,,,NT,Regional - NT,590017,2026/09/09 12:42:18
2026/09/07,PCA,550052,PIPE,0.000,14.866,20.496,49.443,,,VIC,Iona Hub,530016,2026/09/08 07:20:01
2026/09/07,PCA,550052,PIPE,11.585,0.000,0.000,0.000,,,SA,Adelaide,550016,2026/09/08 07:20:01
2026/09/07,PCA,550052,PIPE,0.000,0.000,0.000,13.892,,,VIC,Regional - VIC,590012,2026/09/08 07:20:01
2026/09/07,PCA,550052,PIPE,11.554,0.000,0.000,0.000,,,SA,Regional - SA,590013,2026/09/08 07:20:01
2026/09/07,PCI,530060,PIPE,0.000,171.712,49.443,221.163,,,VIC,Iona Hub,530016,2026/09/08 07:20:01
2026/09/07,Peat,540065,PROD,0.000,11.222,0.000,0.000,,,QLD,Regional - QLD,590001,2026/09/12 11:30:09
2026/09/07,Pelican Point Power Station,555089,BBGPG,22.450,0.000,0.000,0.000,,,SA,Regional - SA,590013,2026/09/08 07:20:01
2026/09/07,Phosphate Hill,544081,BBLARGE,21.712,0.000,0.000,0.000,,,QLD,Regional - QLD,590001,2026/09/08 12:46:49
2026/09/07,Pipeline Compression Station,544279,COMPRESSOR,0.000,0.000,0.000,0.000,,,QLD,Regional - QLD,590001,2026/09/08 10:58:04
2026/09/07,PVP,580070,PIPE,0.443,0.000,0.480,0.000,,,NT,Regional - NT,590017,2026/09/08 06:41:03
2026/09/07,QCLNG LNG Plant,544272,LNGEXPORT,1515.032,0.000,0.000,0.000,,,QLD,Curtis Island,540030,2026/09/08 10:35:40
2026/09/07,QGP,540058,PIPE,0.000,0.000,12.935,0.000,,,QLD,Wallumbilla Hub,540032,2026/09/08 12:01:06
2026/09/07,QGP,540058,PIPE,111.665,24.602,76.886,0.000,,,QLD,Regional - QLD,590001,2026/09/08 12:01:06
2026/09/07,Quarantine Power Station,555087,BBGPG,10.915,0.000,0.000,0.000,,,SA,Regional - SA,590013,2026/09/08 11:31:05
2026/09/07,Queensland Aluminia,544012,BBLARGE,35.142,0.000,0.000,0.000,,,QLD,Regional - QLD,590001,2026/09/08 12:01:06
2026/09/07,RBP,540057,PIPE,0.000,0.000,4.644,10.305,,,QLD,Wallumbilla Hub,540032,2026/09/08 12:46:49
2026/09/07,RBP,540057,PIPE,3.578,28.343,32.692,2.337,,,QLD,Regional - QLD,590001,2026/09/08 12:46:49
2026/09/07,RBP,540057,PIPE,49.627,0.000,0.000,0.000,,,QLD,Brisbane,590002,2026/09/08 12:46:49
2026/09/07,RCWP,540102,PIPE,0.000,0.000,0.000,56.848,,,QLD,Wallumbilla Hub,540032,2026/09/08 12:46:49
2026/09/07,RCWP,540102,PIPE,0.000,0.000,56.993,0.000,,,QLD,Regional - QLD,590001,2026/09/08 12:46:49
2026/09/07,Reedy Creek,540085,PROD,0.000,184.441,0.000,0.000,,,QLD,Regional - QLD,590001,2026/09/12 11:30:09
2026/09/07,RMNGPF,640011,PROD,0.000,17.730,0.000,0.000,,,QLD,Regional - QLD,590001,2026/09/08 10:40:49
2026/09/07,RNMGP,640012,PIPE,0.000,17.730,0.000,17.730,,,QLD,Regional - QLD,590001,2026/09/08 10:40:49
2026/09/07,RNP,640009,PIPE,0.000,23.495,0.000,23.495,,,QLD,Regional - QLD,590001,2026/09/08 12:01:08
2026/09/07,Rolleston,540073,PROD,0.000,8.995,0.000,0.000,,,QLD,Regional - QLD,590001,2026/09/08 12:01:06
2026/09/07,Roma,540095,PROD,0.000,234.056,0.000,0.000,,,QLD,Regional - QLD,590001,2026/09/08 10:58:44
2026/09/07,Roma North,544260,PROD,0.000,23.495,0.000,0.000,,,QLD,Regional - QLD,590001,2026/09/08 12:01:14
2026/09/07,Roma Power Station,540120,BBGPG,0.000,0.000,0.000,0.000,,,QLD,Regional - QLD,590001,2026/09/08 11:03:57
2026/09/07,Ron Goodin Power Station,580234,BBGPG,0.000,0.000,0.000,0.000,,,NT,Regional - NT,590017,2026/09/08 06:41:03
2026/09/07,RPL,540110,PIPE,0.050,0.000,0.000,0.000,,,QLD,Regional - QLD,590001,2026/09/08 11:03:57
2026/09/07,Ruby Jo,540082,PROD,0.000,423.956,0.000,0.000,,,QLD,Regional - QLD,590001,2026/09/08 10:35:40
2026/09/07,RUGS,540040,STOR,0.000,0.000,0.000,0.000,15125.458,0.000,QLD,Regional - QLD,590001,2026/09/08 10:58:44
2026/09/07,Scotia,540072,PROD,0.000,102.257,0.000,0.000,,,QLD,Regional - QLD,590001,2026/09/08 10:58:44
2026/09/07,SEPS,550061,PIPE,7.676,0.000,7.660,0.000,,,SA,Regional - SA,590013,2026/09/08 11:32:05
2026/09/07,SESA,550060,PIPE,0.000,0.000,13.891,0.000,,,VIC,Regional - VIC,590012,2026/09/08 12:46:49
2026/09/07,SESA,550060,PIPE,5.964,0.000,0.000,7.653,,,SA,Regional - SA,590013,2026/09/08 12:46:49
2026/09/07,Shoalhaven Starches Cogeneration Plant,523203,BBLARGE,21.101,0.000,0.000,0.000,,,NSW,Regional - NSW,590011,2026/09/08 12:51:46
2026/09/07,Smithfield Energy Facility,522004,BBGPG,0.000,0.000,0.000,0.000,,,NSW,Regional - NSW,590011,2026/09/08 12:04:16
2026/09/07,Snapper Point,555090,BBGPG,0.000,0.000,0.000,0.000,,,SA,Regional - SA,590013,2026/09/08 11:31:05
2026/09/07,Somerton,533174,BBGPG,20.436,0.000,0.000,0.000,,,VIC,Melbourne,590008,2026/09/08 11:00:01
2026/09/07,SPCF,580236,PROD,0.000,12.681,0.000,0.000,,,NT,Regional - NT,590017,2026/09/08 16:51:30
2026/09/07,SPP,580237,PIPE,0.000,12.681,0.000,12.681,,,NT,Regional - NT,590017,2026/09/08 12:46:49
2026/09/07,Spring Gully,540066,PROD,0.000,54.226,0.000,0.000,,,QLD,Regional - QLD,590001,2026/09/12 11:30:09
2026/09/07,SSP,540103,PIPE,0.000,6.540,0.000,6.540,,,QLD,Regional - QLD,590001,2026/09/08 10:47:41
2026/09/07,SSSF,540062,STOR,0.000,6.300,0.000,0.000,8429.982,0.000,QLD,Regional - QLD,590001,2026/09/08 10:47:41
2026/09/07,Strathblane,540067,PROD,0.000,48.626,0.000,0.000,,,QLD,Regional - QLD,590001,2026/09/12 11:30:09
2026/09/07,Swanbank Power Station,544104,BBGPG,0.000,0.000,0.000,0.000,,,QLD,Brisbane,590002,2026/09/08 12:46:49
2026/09/07,SWQP,540060,PIPE,0.000,0.000,257.048,332.293,,,QLD,Wallumbilla Hub,540032,2026/09/08 12:46:49
2026/09/07,SWQP,540060,PIPE,0.000,0.000,0.000,83.196,,,QLD,Ballera,540078,2026/09/08 12:46:49
2026/09/07,SWQP,540060,PIPE,0.000,204.719,25.005,82.705,,,SA,Moomba Hub,550017,2026/09/08 12:46:49
2026/09/07,SWQP,540060,PIPE,0.132,0.000,0.000,0.000,,,QLD,Regional - QLD,590001,2026/09/08 12:46:49
2026/09/07,Talinga,540076,PROD,0.000,85.107,0.000,0.000,,,QLD,Regional - QLD,590001,2026/09/12 11:30:09
2026/09/07,Tallawarra,522002,BBGPG,0.000,0.000,0.000,0.000,,,NSW,Regional - NSW,590011,2026/09/08 11:00:10
2026/09/07,Tallawarra Pipeline,523201,PIPE,0.000,0.000,0.000,0.000,,,NSW,Regional - NSW,590011,2026/09/08 11:00:10
2026/09/07,Taloona,540068,PROD,0.000,40.896,0.000,0.000,,,QLD,Regional - QLD,590001,2026/09/12 11:30:09
2026/09/07,Tanami GP,580210,PIPE,8.253,0.000,6.000,0.000,,,NT,Regional - NT,590017,2026/09/08 12:02:00
2026/09/07,TGP,570050,PIPE,0.000,0.000,74.284,18.986,,,VIC,Longford Hub,530015,2026/09/09 12:01:00
2026/09/07,TGP,570050,PIPE,54.656,0.000,0.000,0.000,,,TAS,Regional - TAS,590014,2026/09/09 12:01:00
2026/09/07,Tipton,540051,PROD,0.000,23.141,0.000,0.000,,,QLD,Regional - QLD,590001,2026/09/08 12:30:09
2026/09/07,Torrens Island PS,555041,BBGPG,36.274,0.000,0.000,0.000,,,SA,Regional - SA,590013,2026/09/08 11:31:05
2026/09/07,Uranquinty Power Station,522047,BBGPG,0.000,0.000,0.000,0.000,,,NSW,Regional - NSW,590011,2026/09/08 12:46:49
2026/09/07,Valley Power GPG,535024,BBGPG,0.012,0.000,0.000,0.000,,,VIC,Gippsland,590009,2026/09/08 11:00:49
2026/09/07,VicHub,532005,PIPE,0.000,0.000,24.087,24.087,,,VIC,Longford Hub,530015,2026/09/08 12:01:16
2026/09/07,Viva Energy Refinery,535018,BBLARGE,7.717,0.000,0.000,0.000,,,VIC,Geelong,590005,2026/09/08 07:30:13
2026/09/07,VTS,530110,PIPE,0.000,417.378,43.084,0.000,,,VIC,Longford Hub,530015,2026/09/08 11:00:01
2026/09/07,VTS,530110,PIPE,0.000,81.218,129.515,0.000,,,VIC,Iona Hub,530016,2026/09/08 11:00:01
2026/09/07,VTS,530110,PIPE,13.498,0.000,0.000,0.000,,,VIC,Western,590004,2026/09/08 11:00:01
2026/09/07,VTS,530110,PIPE,55.994,0.000,0.000,0.000,,,VIC,Geelong,590005,2026/09/08 11:00:01
2026/09/07,VTS,530110,PIPE,37.313,0.000,0.000,0.000,,,VIC,Ballarat,590006,2026/09/08 11:00:01
2026/09/07,VTS,530110,PIPE,56.372,0.000,0.000,0.000,,,VIC,Northern,590007,2026/09/08 11:00:01
2026/09/07,VTS,530110,PIPE,373.095,4.638,0.000,0.000,,,VIC,Melbourne,590008,2026/09/08 11:00:01
2026/09/07,VTS,530110,PIPE,35.555,0.000,17.453,0.064,,,VIC,Gippsland,590009,2026/09/08 11:00:01
2026/09/07,VTS,530110,PIPE,0.000,0.000,0.000,130.792,,,NSW,Culcairn,590016,2026/09/08 11:00:01
2026/09/07,Wallumbilla Compression Station,544280,COMPRESSOR,0.000,0.000,0.000,0.000,,,QLD,Wallumbilla Hub,540032,2026/09/08 10:58:04
2026/09/07,WCFA,540045,COMPRESSOR,0.000,0.000,116.917,116.917,,,QLD,Wallumbilla Hub,540032,2026/09/08 12:46:49
2026/09/07,WCFB,540046,COMPRESSOR,0.000,0.000,215.375,215.375,,,QLD,Wallumbilla Hub,540032,2026/09/08 12:46:49
2026/09/07,Weddell Power Station,580232,BBGPG,21.746,0.000,0.000,0.000,,,NT,Darwin,580001,2026/09/08 12:46:49
2026/09/07,WGP,540091,PIPE,1515.032,0.000,0.000,0.000,,,QLD,Curtis Island,540030,2026/09/08 10:35:40
2026/09/07,WGP,540091,PIPE,0.000,1407.124,56.697,0.000,,,QLD,Regional - QLD,590001,2026/09/08 10:35:40
2026/09/07,Whyalla Steelworks,555085,BBLARGE,6.712,0.000,0.000,0.000,,,SA,Regional - SA,590013,2026/09/08 11:31:05
2026/09/07,Windibri,540069,PROD,0.000,96.580,0.000,0.000,,,QLD,Regional - QLD,590001,2026/09/08 10:35:40
2026/09/07,Woleebee Creek,540087,PROD,0.000,639.860,0.000,0.000,,,QLD,Regional - QLD,590001,2026/09/08 10:35:40
2026/09/07,WPP,580030,PIPE,21.746,28.222,0.000,6.476,,,NT,Darwin,580001,2026/09/08 12:46:49
2026/09/07,Yarwun,544282,BBGPG,50.854,0.000,0.000,0.000,,,QLD,Regional - QLD,590001,2026/09/08 12:01:06
2026/09/07,Yelcherr,580180,PROD,0.000,0.000,0.000,0.000,,,NT,Regional - NT,590017,2026/09/08 12:46:49
2026/09/07,Yellowbank,540074,PROD,0.000,11.357,0.000,0.000,,,QLD,Regional - QLD,590001,2026/09/08 12:01:06
2026/09/08,Adelaide Brighton,555091,BBLARGE,7.403,0.000,0.000,0.000,,,SA,Adelaide,550016,2026/09/09 13:00:00
2026/09/08,AGP,580010,PIPE,18.748,0.000,0.000,4.117,,,NT,Darwin,580001,2026/09/09 12:46:48
2026/09/08,AGP,580010,PIPE,7.675,31.323,20.151,17.510,,,NT,Regional - NT,590017,2026/09/09 12:46:48
2026/09/08,APLNG Pipeline,540093,PIPE,1668.372,0.000,0.000,0.000,,,QLD,Curtis Island,540030,2026/09/13 11:30:08
2026/09/08,APLNG Pipeline,540093,PIPE,0.000,1338.928,476.249,157.522,,,QLD,Regional - QLD,590001,2026/09/13 11:30:08
2026/09/08,Arcadia,540101,PROD,0.000,92.003,0.000,0.000,,,QLD,Regional - QLD,590001,2026/09/09 11:43:17
2026/09/08,ATGP,640013,PIPE,0.000,42.893,0.000,42.893,,,QLD,Regional - QLD,590001,2026/09/09 12:01:09
2026/09/08,ATHENA,535014,PROD,0.000,16.629,0.000,0.000,,,VIC,Iona Hub,530016,2026/09/13 09:48:01
2026/09/08,Atlas,544261,PROD,0.000,42.893,0.000,0.000,,,QLD,Regional - QLD,590001,2026/09/09 12:01:16
2026/09/08,Atlas East Central Processing Facility,640008,PROD,0.000,33.510,0.000,0.000,,,QLD,Regional - QLD,590001,2026/09/09 08:38:48
2026/09/08,Atlas to Reedy Creek Pipeline,640007,PIPE,0.000,33.510,0.000,32.700,,,QLD,Regional - QLD,590001,2026/09/09 12:46:48
2026/09/08,Australia Pacific LNG,544273,LNGEXPORT,1668.371,0.000,0.000,0.000,,,QLD,Curtis Island,540030,2026/09/09 12:00:25
2026/09/08,Australian Paper (Opal),535021,BBLARGE,11.794,0.000,0.000,0.000,,,VIC,Gippsland,590009,2026/09/10 11:00:01
2026/09/08,B1PL,540077,PIPE,0.035,0.000,0.000,8.694,,,QLD,Regional - QLD,590001,2026/09/09 12:01:54
2026/09/08,B2PL,540071,PIPE,0.000,54.198,0.000,56.710,,,QLD,Regional - QLD,590001,2026/09/09 11:59:17
2026/09/08,Bairnsdale Power Station,535020,BBGPG,3.160,0.000,0.000,0.000,,,VIC,Regional - VIC,590012,2026/09/09 12:01:56
2026/09/08,BCF,540047,COMPRESSOR,0.000,0.000,72.400,72.400,,,QLD,Regional - QLD,590001,2026/09/13 14:02:14
2026/09/08,Bell Bay CCGT,577016,BBGPG,31.107,0.000,0.000,0.000,,,TAS,Regional - TAS,590014,2026/09/10 12:01:00
2026/09/08,Bell Bay GGT,577014,BBGPG,0.000,0.000,0.000,0.000,,,TAS,Regional - TAS,590014,2026/09/10 12:01:00
2026/09/08,Bell Bay OCGT,577015,BBGPG,0.000,0.000,0.000,0.000,,,TAS,Regional - TAS,590014,2026/09/10 12:01:00
2026/09/08,Bellevue,540083,PROD,0.000,155.114,0.000,0.000,,,QLD,Regional - QLD,590001,2026/09/09 10:35:42
2026/09/08,BGP,580020,PIPE,0.360,0.000,0.000,0.000,,,NT,Regional - NT,590017,2026/09/09 12:46:48
2026/09/08,BlueScope,523204,BBLARGE,9.362,0.000,0.000,0.000,,,NSW,Sydney,520008,2026/09/09 12:01:05
2026/09/08,Bolivar,555008,BBGPG,0.000,0.000,0.000,0.000,,,SA,Regional - SA,590013,2026/09/09 12:05:28
2026/09/08,Bomaderry Gas Pipeline,523202,PIPE,19.817,0.000,19.817,0.000,,,NSW,Regional - NSW,590011,2026/09/09 14:13:43
2026/09/08,BPP,530030,PIPE,2.430,19.120,0.000,16.691,,,VIC,Gippsland,590009,2026/09/10 11:00:01
2026/09/08,Braemar 2 Power Station,544085,BBGPG,0.000,0.000,0.000,0.000,,,QLD,Regional - QLD,590001,2026/09/09 11:59:17
2026/09/08,Braemar Power Station,544252,BBGPG,0.035,0.000,0.000,0.000,,,QLD,Regional - QLD,590001,2026/09/09 12:01:54
2026/09/08,BWP,540096,PIPE,0.000,0.000,0.000,52.636,,,QLD,Wallumbilla Hub,540032,2026/09/09 12:46:48
2026/09/08,BWP,540096,PIPE,0.000,52.190,0.000,0.000,,,QLD,Regional - QLD,590001,2026/09/09 12:46:48
2026/09/08,CGP,540059,PIPE,0.000,0.000,72.388,0.000,,,QLD,Ballera,540078,2026/09/09 12:46:48
2026/09/08,CGP,540059,PIPE,69.923,0.000,0.000,0.000,,,QLD,Regional - QLD,590001,2026/09/09 12:46:48
2026/09/08,Channel Island Power Station,580231,BBGPG,18.748,0.000,0.000,0.000,,,NT,Darwin,580001,2026/09/09 12:46:48
2026/09/08,Colongra,523120,BBGPG,0.000,0.000,0.000,0.000,,,NSW,Regional - NSW,590011,2026/09/09 12:00:05
2026/09/08,ColongraGP,520090,PIPE,0.000,0.000,0.000,0.000,,,NSW,Sydney,520008,2026/09/09 12:00:05
2026/09/08,ColongraGP,520090,PIPE,0.000,0.000,0.000,0.000,,,NSW,Regional - NSW,590011,2026/09/09 12:00:05
2026/09/08,Combabula,540094,PROD,0.000,291.681,0.000,0.000,,,QLD,Regional - QLD,590001,2026/09/13 11:30:08
2026/09/08,Condabri Central,540080,PROD,0.000,139.832,0.000,0.000,,,QLD,Regional - QLD,590001,2026/09/13 11:30:08
2026/09/08,Condabri North,540090,PROD,0.000,163.944,0.000,0.000,,,QLD,Regional - QLD,590001,2026/09/13 11:30:08
2026/09/08,Condabri South,540086,PROD,0.000,155.761,0.000,0.000,,,QLD,Regional - QLD,590001,2026/09/13 11:30:08
2026/09/08,Condamine Power Station,544274,BBGPG,0.000,0.000,0.000,0.000,,,QLD,Regional - QLD,590001,2026/09/09 10:36:19
2026/09/08,CRWP,540098,PIPE,0.000,0.000,305.283,0.000,,,QLD,Wallumbilla Hub,540032,2026/09/09 11:43:04
2026/09/08,CRWP,540098,PIPE,0.000,233.598,41.350,589.643,,,QLD,Regional - QLD,590001,2026/09/09 11:43:04
2026/09/08,CWP,520054,PIPE,4.687,0.000,4.108,0.000,,,NSW,Regional - NSW,590011,2026/09/09 12:46:48
2026/09/08,Daandine,540050,PROD,0.000,54.198,0.000,0.000,,,QLD,Regional - QLD,590001,2026/09/09 11:59:25
2026/09/08,Dandenong LNG,530038,STOR,5.936,0.350,0.000,0.000,629.739,27.889,VIC,Melbourne,590008,2026/09/09 12:46:48
2026/09/08,DDP,540097,PIPE,0.000,0.000,0.000,161.380,,,QLD,Wallumbilla Hub,540032,2026/09/09 12:01:08
2026/09/08,DDP,540097,PIPE,9.610,552.425,92.387,475.280,,,QLD,Regional - QLD,590001,2026/09/09 12:01:08
2026/09/08,DDPS,544027,BBGPG,9.610,0.000,0.000,0.000,,,QLD,Regional - QLD,590001,2026/09/09 12:01:08
2026/09/08,Diamantina Power Station,544077,BBGPG,37.558,0.000,0.000,0.000,,,QLD,Regional - QLD,590001,2026/09/09 12:46:48
2026/09/08,Dry Creek Power Station,555026,BBGPG,0.000,0.000,0.000,0.000,,,SA,Regional - SA,590013,2026/09/09 11:31:05
2026/09/08,EGP,520047,PIPE,123.809,0.000,0.000,0.000,,,NSW,Sydney,520008,2026/09/09 12:01:05
2026/09/08,EGP,520047,PIPE,9.910,0.000,0.000,0.000,,,NSW,Canberra,520009,2026/09/09 12:01:05
2026/09/08,EGP,520047,PIPE,0.000,205.873,0.000,111.347,,,VIC,Longford Hub,530015,2026/09/09 12:01:05
2026/09/08,EGP,520047,PIPE,5.205,0.000,0.000,19.817,,,NSW,Regional - NSW,590011,2026/09/09 12:01:05
2026/09/08,EGP,520047,PIPE,4.235,71.863,0.000,0.000,,,VIC,Regional - VIC,590012,2026/09/09 12:01:05
2026/09/08,EO4PL,540055,PIPE,0.000,0.000,0.000,0.000,,,QLD,Regional - QLD,590001,2026/09/09 10:35:42
2026/09/08,Eurombah Creek,540089,PROD,0.000,156.707,0.000,0.000,,,QLD,Regional - QLD,590001,2026/09/13 11:30:08
2026/09/08,Fairview,540070,PROD,0.000,280.522,0.000,0.000,,,QLD,Regional - QLD,590001,2026/09/09 11:43:17
2026/09/08,GLNG (Curtis Island),544276,LNGEXPORT,1015.849,0.000,0.000,0.000,,,QLD,Curtis Island,540030,2026/09/09 11:43:04
2026/09/08,GLNG Pipeline,540092,PIPE,1015.849,0.000,0.000,0.000,,,QLD,Curtis Island,540030,2026/09/09 11:43:04
2026/09/08,GLNG Pipeline,540092,PIPE,0.000,416.691,589.669,0.995,,,QLD,Regional - QLD,590001,2026/09/09 10:35:42
2026/09/08,Hallett,555029,BBGPG,0.000,0.000,0.000,0.000,,,SA,Regional - SA,590013,2026/09/09 11:31:05
2026/09/08,Hunter Power Station,523210,BBGPG,0.018,0.000,0.000,0.000,,,NSW,Sydney,520008,2026/09/09 12:46:48
2026/09/08,ICF,530071,COMPRESSOR,0.000,0.000,6.858,6.858,,,VIC,Iona Hub,530016,2026/09/09 08:35:02
2026/09/08,Iona UGS,530042,STOR,6.858,116.385,0.000,0.000,12919.409,0.000,VIC,Iona Hub,530016,2026/09/09 08:30:03
2026/09/08,Jeerelang,533161,BBGPG,0.000,0.000,0.000,0.000,,,VIC,Gippsland,590009,2026/09/10 11:00:01
2026/09/08,Jordan,540088,PROD,0.000,334.440,0.000,0.000,,,QLD,Regional - QLD,590001,2026/09/09 10:35:42
2026/09/08,Katherine Power Station,580233,BBGPG,0.503,0.000,0.000,0.000,,,NT,Regional - NT,590017,2026/09/09 12:46:48
2026/09/08,Kenya,540075,PROD,0.000,111.168,0.000,0.000,,,QLD,Regional - QLD,590001,2026/09/09 10:35:42
2026/09/08,Kincora,544253,PROD,0.000,4.000,0.000,0.000,,,QLD,Regional - QLD,590001,2026/09/09 12:46:48
2026/09/08,KKLP,523209,PIPE,0.018,0.000,0.000,0.000,,,NSW,Sydney,520008,2026/09/09 12:46:48
2026/09/08,Kogan North,540061,PROD,0.000,4.317,0.000,0.000,,,QLD,Regional - QLD,590001,2026/09/09 12:46:48
2026/09/08,Ladbroke Grove PS,555086,BBGPG,4.789,0.000,0.000,0.000,,,SA,Regional - SA,590013,2026/09/09 12:46:48
2026/09/08,Lang Lang,530039,PROD,0.000,19.120,0.000,0.000,,,VIC,Gippsland,590009,2026/09/09 11:01:52
2026/09/08,Laverton,533201,BBGPG,0.000,0.000,0.000,0.000,,,VIC,Geelong,590005,2026/09/10 11:00:01
2026/09/08,Longford,530040,PROD,0.000,621.031,0.000,0.000,,,VIC,Longford Hub,530015,2026/09/09 09:26:31
2026/09/08,Loy Yang B,533163,BBGPG,0.008,0.000,0.000,0.000,,,VIC,Gippsland,590009,2026/09/09 11:00:52
2026/09/08,LYB Transmission Pipeline,535023,PIPE,0.016,0.000,0.072,0.000,,,VIC,Gippsland,590009,2026/09/09 11:00:52
2026/09/08,MAPS,550054,PIPE,35.190,0.000,0.000,0.000,,,SA,Adelaide,550016,2026/09/09 11:31:05
2026/09/08,MAPS,550054,PIPE,0.000,45.424,59.270,0.000,,,SA,Moomba Hub,550017,2026/09/09 11:31:05
2026/09/08,MAPS,550054,PIPE,69.353,0.000,0.000,0.000,,,SA,Regional - SA,590013,2026/09/09 11:31:05
2026/09/08,McArthur River Mine,580220,BBGPG,8.620,0.000,0.000,0.000,,,NT,Regional - NT,590017,2026/09/09 09:05:47
2026/09/08,MCF,550050,COMPRESSOR,0.000,0.000,162.560,162.560,,,SA,Moomba Hub,550017,2026/09/09 12:46:48
2026/09/08,Mereenie,580040,PROD,0.000,25.729,0.000,0.000,,,NT,Regional - NT,590017,2026/09/09 15:10:01
2026/09/08,Meridian,540064,PROD,0.000,48.416,0.000,0.000,,,QLD,Regional - QLD,590001,2026/09/09 09:39:17
2026/09/08,Mintaro Power Station,555031,BBGPG,0.000,0.000,0.000,0.000,,,SA,Regional - SA,590013,2026/09/09 11:31:05
2026/09/08,Moomba,550045,PROD,0.000,225.800,0.000,0.000,,,SA,Moomba Hub,550017,2026/09/13 14:02:14
2026/09/08,Moomba Storage,550046,STOR,0.000,5.000,0.000,0.000,6270.600,0.000,SA,Moomba Hub,550017,2026/09/13 14:02:14
2026/09/08,Mortlake PS,530063,BBGPG,36.741,0.000,0.000,0.000,,,VIC,Regional - VIC,590012,2026/09/09 07:20:00
2026/09/08,MPL,530061,PIPE,0.000,0.000,37.951,0.000,,,VIC,Iona Hub,530016,2026/09/09 07:20:00
2026/09/08,MPL,530061,PIPE,36.741,0.000,0.000,0.000,,,VIC,Regional - VIC,590012,2026/09/09 07:20:00
2026/09/08,MRP,580100,PIPE,8.620,0.000,8.621,0.000,,,NT,Regional - NT,590017,2026/09/09 09:05:47
2026/09/08,MSP,520053,PIPE,116.105,0.000,0.000,0.000,,,NSW,Sydney,520008,2026/09/09 12:46:48
2026/09/08,MSP,520053,PIPE,0.000,0.000,7.236,43.506,,,SA,Moomba Hub,550017,2026/09/09 12:46:48
2026/09/08,MSP,520053,PIPE,32.161,0.000,0.000,4.108,,,NSW,Regional - NSW,590011,2026/09/09 12:46:48
2026/09/08,MSP,520053,PIPE,11.890,0.000,0.000,0.000,,,NSW,Regional - ACT,590015,2026/09/09 12:46:48
2026/09/08,MSP,520053,PIPE,0.000,0.000,147.367,0.000,,,NSW,Culcairn,590016,2026/09/09 12:46:48
2026/09/08,Newport,533171,BBGPG,0.003,0.000,0.000,0.000,,,VIC,Melbourne,590008,2026/09/10 11:00:01
2026/09/08,NGP,580050,PIPE,0.000,0.000,0.000,0.000,,,QLD,Regional - QLD,590001,2026/09/09 12:01:12
2026/09/08,NGP,580050,PIPE,0.000,0.000,0.000,0.000,,,NT,Regional - NT,590017,2026/09/09 12:01:12
2026/09/08,NGS,520060,STOR,0.160,0.545,0.000,0.000,661.851,76.863,NSW,Sydney,520008,2026/09/09 09:48:07
2026/09/08,Oakey PS,544095,BBGPG,0.000,0.000,0.000,0.000,,,QLD,Regional - QLD,590001,2026/09/09 12:46:48
2026/09/08,Orana,540084,PROD,0.000,171.144,0.000,0.000,,,QLD,Regional - QLD,590001,2026/09/13 11:30:08
2026/09/08,Orbost,530041,PROD,0.000,71.863,0.000,0.000,,,VIC,Regional - VIC,590012,2026/09/09 12:01:05
2026/09/08,Orica,544011,BBLARGE,8.867,0.000,0.000,0.000,,,QLD,Regional - QLD,590001,2026/09/09 12:01:06
2026/09/08,Orica (Kooragang Island),523206,BBLARGE,39.530,0.000,0.000,0.000,,,NSW,Sydney,520008,2026/09/09 13:00:00
2026/09/08,Osborne,555033,BBGPG,0.000,0.000,0.000,0.000,,,SA,Regional - SA,590013,2026/09/09 11:31:05
2026/09/08,Otway,530044,PROD,0.000,164.450,0.000,0.000,,,VIC,Iona Hub,530016,2026/09/09 13:44:21
2026/09/08,Owen Springs Power Station,580235,BBGPG,0.172,0.000,0.000,0.000,,,NT,Regional - NT,590017,2026/09/09 06:41:29
2026/09/08,Palm Valley,580060,PROD,0.000,5.594,0.000,0.000,,,NT,Regional - NT,590017,2026/09/09 15:10:01
2026/09/08,PCA,550052,PIPE,0.000,15.592,49.240,11.731,,,VIC,Iona Hub,530016,2026/09/09 07:20:01
2026/09/08,PCA,550052,PIPE,23.826,0.000,0.000,0.000,,,SA,Adelaide,550016,2026/09/09 07:20:01
2026/09/08,PCA,550052,PIPE,0.000,0.000,0.000,12.408,,,VIC,Regional - VIC,590012,2026/09/09 07:20:01
2026/09/08,PCA,550052,PIPE,19.796,0.000,0.000,0.000,,,SA,Regional - SA,590013,2026/09/09 07:20:01
2026/09/08,PCI,530060,PIPE,0.000,175.484,11.731,187.215,,,VIC,Iona Hub,530016,2026/09/09 07:20:01
2026/09/08,Peat,540065,PROD,0.000,11.199,0.000,0.000,,,QLD,Regional - QLD,590001,2026/09/13 11:30:08
2026/09/08,Pelican Point Power Station,555089,BBGPG,20.277,0.000,0.000,0.000,,,SA,Regional - SA,590013,2026/09/09 07:20:01
2026/09/08,Phosphate Hill,544081,BBLARGE,21.751,0.000,0.000,0.000,,,QLD,Regional - QLD,590001,2026/09/09 12:46:48
2026/09/08,Pipeline Compression Station,544279,COMPRESSOR,0.000,0.000,0.000,0.000,,,QLD,Regional - QLD,590001,2026/09/09 11:43:04
2026/09/08,PVP,580070,PIPE,0.573,0.000,0.689,0.000,,,NT,Regional - NT,590017,2026/09/09 06:41:29
2026/09/08,QCLNG LNG Plant,544272,LNGEXPORT,1483.052,0.000,0.000,0.000,,,QLD,Curtis Island,540030,2026/09/09 10:35:42
2026/09/08,QGP,540058,PIPE,0.000,0.000,4.762,0.000,,,QLD,Wallumbilla Hub,540032,2026/09/09 12:01:06
2026/09/08,QGP,540058,PIPE,111.826,24.704,74.885,0.000,,,QLD,Regional - QLD,590001,2026/09/09 12:01:06
2026/09/08,Quarantine Power Station,555087,BBGPG,8.837,0.000,0.000,0.000,,,SA,Regional - SA,590013,2026/09/09 11:31:05
2026/09/08,Queensland Aluminia,544012,BBLARGE,33.555,0.000,0.000,0.000,,,QLD,Regional - QLD,590001,2026/09/09 12:01:06
2026/09/08,RBP,540057,PIPE,0.000,0.000,37.645,10.300,,,QLD,Wallumbilla Hub,540032,2026/09/09 12:46:48
2026/09/08,RBP,540057,PIPE,3.857,23.119,14.994,0.000,,,QLD,Regional - QLD,590001,2026/09/09 12:46:48
2026/09/08,RBP,540057,PIPE,50.177,0.000,0.000,0.000,,,QLD,Brisbane,590002,2026/09/09 12:46:48
2026/09/08,RCWP,540102,PIPE,0.000,0.000,0.000,65.412,,,QLD,Wallumbilla Hub,540032,2026/09/09 12:46:48
2026/09/08,RCWP,540102,PIPE,0.000,0.000,65.467,0.000,,,QLD,Regional - QLD,590001,2026/09/09 12:46:48
2026/09/08,Reedy Creek,540085,PROD,0.000,183.274,0.000,0.000,,,QLD,Regional - QLD,590001,2026/09/13 11:30:08
2026/09/08,RMNGPF,640011,PROD,0.000,17.960,0.000,0.000,,,QLD,Regional - QLD,590001,2026/09/09 08:38:36
2026/09/08,RNMGP,640012,PIPE,0.000,17.960,0.000,17.960,,,QLD,Regional - QLD,590001,2026/09/09 08:38:36
2026/09/08,RNP,640009,PIPE,0.000,23.390,0.000,23.390,,,QLD,Regional - QLD,590001,2026/09/09 12:01:07
2026/09/08,Rolleston,540073,PROD,0.000,8.812,0.000,0.000,,,QLD,Regional - QLD,590001,2026/09/09 12:01:06
2026/09/08,Roma,540095,PROD,0.000,233.598,0.000,0.000,,,QLD,Regional - QLD,590001,2026/09/09 11:43:21
2026/09/08,Roma North,544260,PROD,0.000,23.390,0.000,0.000,,,QLD,Regional - QLD,590001,2026/09/09 12:01:14
2026/09/08,Roma Power Station,540120,BBGPG,0.000,0.000,0.000,0.000,,,QLD,Regional - QLD,590001,2026/09/09 11:34:57
2026/09/08,Ron Goodin Power Station,580234,BBGPG,0.000,0.000,0.000,0.000,,,NT,Regional - NT,590017,2026/09/09 06:41:29
2026/09/08,RPL,540110,PIPE,0.054,0.000,0.000,0.000,,,QLD,Regional - QLD,590001,2026/09/09 11:34:57
2026/09/08,Ruby Jo,540082,PROD,0.000,423.479,0.000,0.000,,,QLD,Regional - QLD,590001,2026/09/09 10:35:42
2026/09/08,RUGS,540040,STOR,0.000,0.000,0.000,0.000,15125.461,0.000,QLD,Regional - QLD,590001,2026/09/09 11:43:21
2026/09/08,Scotia,540072,PROD,0.000,98.198,0.000,0.000,,,QLD,Regional - QLD,590001,2026/09/09 11:43:21
2026/09/08,SEPS,550061,PIPE,7.497,0.000,7.481,0.000,,,SA,Regional - SA,590013,2026/09/09 11:32:05
2026/09/08,SESA,550060,PIPE,0.000,0.000,12.408,0.000,,,VIC,Regional - VIC,590012,2026/09/09 12:46:48
2026/09/08,SESA,550060,PIPE,4.789,0.000,0.000,7.482,,,SA,Regional - SA,590013,2026/09/09 12:46:48
2026/09/08,Shoalhaven Starches Cogeneration Plant,523203,BBLARGE,19.817,0.000,0.000,0.000,,,NSW,Regional - NSW,590011,2026/09/09 14:13:43
2026/09/08,Smithfield Energy Facility,522004,BBGPG,0.000,0.000,0.000,0.000,,,NSW,Regional - NSW,590011,2026/09/09 12:05:35
2026/09/08,Snapper Point,555090,BBGPG,0.000,0.000,0.000,0.000,,,SA,Regional - SA,590013,2026/09/09 11:31:05
2026/09/08,Somerton,533174,BBGPG,15.523,0.000,0.000,0.000,,,VIC,Melbourne,590008,2026/09/10 11:00:01
2026/09/08,SPCF,580236,PROD,0.000,20.151,0.000,0.000,,,NT,Regional - NT,590017,2026/09/09 10:08:30
2026/09/08,SPP,580237,PIPE,0.000,20.151,0.000,20.151,,,NT,Regional - NT,590017,2026/09/09 12:46:48
2026/09/08,Spring Gully,540066,PROD,0.000,54.945,0.000,0.000,,,QLD,Regional - QLD,590001,2026/09/13 11:30:08
2026/09/08,SSP,540103,PIPE,0.000,6.730,0.000,6.730,,,QLD,Regional - QLD,590001,2026/09/09 10:57:39
2026/09/08,SSSF,540062,STOR,0.000,6.300,0.000,0.000,8423.252,0.000,QLD,Regional - QLD,590001,2026/09/09 10:57:39
2026/09/08,Strathblane,540067,PROD,0.000,50.179,0.000,0.000,,,QLD,Regional - QLD,590001,2026/09/13 11:30:08
2026/09/08,Swanbank Power Station,544104,BBGPG,0.000,0.000,0.000,0.000,,,QLD,Brisbane,590002,2026/09/09 12:46:48
2026/09/08,SWQP,540060,PIPE,0.000,0.000,289.081,347.043,,,QLD,Wallumbilla Hub,540032,2026/09/09 12:46:48
2026/09/08,SWQP,540060,PIPE,0.000,0.000,0.000,76.966,,,QLD,Ballera,540078,2026/09/09 12:46:48
2026/09/08,SWQP,540060,PIPE,0.000,185.561,40.006,63.006,,,SA,Moomba Hub,550017,2026/09/09 12:46:48
2026/09/08,SWQP,540060,PIPE,0.144,0.000,0.000,0.000,,,QLD,Regional - QLD,590001,2026/09/09 12:46:48
2026/09/08,Talinga,540076,PROD,0.000,83.473,0.000,0.000,,,QLD,Regional - QLD,590001,2026/09/13 11:30:08
2026/09/08,Tallawarra,522002,BBGPG,0.000,0.000,0.000,0.000,,,NSW,Regional - NSW,590011,2026/09/09 11:00:04
2026/09/08,Tallawarra Pipeline,523201,PIPE,0.000,0.000,0.000,0.000,,,NSW,Regional - NSW,590011,2026/09/09 11:00:04
2026/09/08,Taloona,540068,PROD,0.000,38.983,0.000,0.000,,,QLD,Regional - QLD,590001,2026/09/13 11:30:08
2026/09/08,Tanami GP,580210,PIPE,8.063,0.000,8.200,0.000,,,NT,Regional - NT,590017,2026/09/09 12:02:00
2026/09/08,TGP,570050,PIPE,0.000,0.000,65.974,17.988,,,VIC,Longford Hub,530015,2026/09/10 12:01:00
2026/09/08,TGP,570050,PIPE,51.357,0.000,0.000,0.000,,,TAS,Regional - TAS,590014,2026/09/10 12:01:00
2026/09/08,Tipton,540051,PROD,0.000,0.000,0.000,0.000,,,QLD,Regional - QLD,590001,2026/09/09 11:59:42
2026/09/08,Torrens Island PS,555041,BBGPG,37.520,0.000,0.000,0.000,,,SA,Regional - SA,590013,2026/09/09 11:31:05
2026/09/08,Uranquinty Power Station,522047,BBGPG,0.000,0.000,0.000,0.000,,,NSW,Regional - NSW,590011,2026/09/09 12:46:48
2026/09/08,Valley Power GPG,535024,BBGPG,0.008,0.000,0.000,0.000,,,VIC,Gippsland,590009,2026/09/09 11:00:52
2026/09/08,VicHub,532005,PIPE,0.000,0.000,45.372,45.372,,,VIC,Longford Hub,530015,2026/09/09 12:01:17
2026/09/08,Viva Energy Refinery,535018,BBLARGE,9.497,0.000,0.000,0.000,,,VIC,Geelong,590005,2026/09/09 07:30:14
2026/09/08,VTS,530110,PIPE,0.000,413.355,63.377,0.000,,,VIC,Longford Hub,530015,2026/09/10 11:00:01
2026/09/08,VTS,530110,PIPE,0.000,101.641,100.026,0.000,,,VIC,Iona Hub,530016,2026/09/10 11:00:01
2026/09/08,VTS,530110,PIPE,12.694,0.000,0.000,0.000,,,VIC,Western,590004,2026/09/10 11:00:01
2026/09/08,VTS,530110,PIPE,56.266,0.000,0.000,0.000,,,VIC,Geelong,590005,2026/09/10 11:00:01
2026/09/08,VTS,530110,PIPE,33.089,0.000,0.000,0.000,,,VIC,Ballarat,590006,2026/09/10 11:00:01
2026/09/08,VTS,530110,PIPE,56.844,0.000,0.000,0.000,,,VIC,Northern,590007,2026/09/10 11:00:01
2026/09/08,VTS,530110,PIPE,352.476,4.681,0.000,0.000,,,VIC,Melbourne,590008,2026/09/10 11:00:01
2026/09/08,VTS,530110,PIPE,34.333,0.000,16.691,0.072,,,VIC,Gippsland,590009,2026/09/10 11:00:01
2026/09/08,VTS,530110,PIPE,0.000,0.000,0.000,147.365,,,NSW,Culcairn,590016,2026/09/10 11:00:01
2026/09/08,Wallumbilla Compression Station,544280,COMPRESSOR,0.000,0.000,0.000,0.000,,,QLD,Wallumbilla Hub,540032,2026/09/09 11:43:04
2026/09/08,WCFA,540045,COMPRESSOR,0.000,0.000,139.785,139.785,,,QLD,Wallumbilla Hub,540032,2026/09/09 12:46:48
2026/09/08,WCFB,540046,COMPRESSOR,0.000,0.000,207.258,207.258,,,QLD,Wallumbilla Hub,540032,2026/09/09 12:46:48
2026/09/08,Weddell Power Station,580232,BBGPG,22.653,0.000,0.000,0.000,,,NT,Darwin,580001,2026/09/09 12:46:48
2026/09/08,WGP,540091,PIPE,1483.052,0.000,0.000,0.000,,,QLD,Curtis Island,540030,2026/09/09 10:35:42
2026/09/08,WGP,540091,PIPE,0.000,1400.547,56.710,0.000,,,QLD,Regional - QLD,590001,2026/09/09 10:35:42
2026/09/08,Whyalla Steelworks,555085,BBLARGE,6.549,0.000,0.000,0.000,,,SA,Regional - SA,590013,2026/09/09 11:31:05
2026/09/08,Windibri,540069,PROD,0.000,96.565,0.000,0.000,,,QLD,Regional - QLD,590001,2026/09/09 10:35:42
2026/09/08,Woleebee Creek,540087,PROD,0.000,641.534,0.000,0.000,,,QLD,Regional - QLD,590001,2026/09/09 10:35:42
2026/09/08,WPP,580030,PIPE,22.653,18.544,4.117,0.000,,,NT,Darwin,580001,2026/09/09 12:46:48
2026/09/08,Yarwun,544282,BBGPG,51.847,0.000,0.000,0.000,,,QLD,Regional - QLD,590001,2026/09/09 12:01:06
2026/09/08,Yelcherr,580180,PROD,0.000,0.000,0.000,0.000,,,NT,Regional - NT,590017,2026/09/09 12:46:48
2026/09/08,Yellowbank,540074,PROD,0.000,11.642,0.000,0.000,,,QLD,Regional - QLD,590001,2026/09/09 12:01:06
2026/09/09,Adelaide Brighton,555091,BBLARGE,8.221,0.000,0.000,0.000,,,SA,Adelaide,550016,2026/09/10 13:00:01
2026/09/09,AGP,580010,PIPE,16.289,0.000,0.000,9.082,,,NT,Darwin,580001,2026/09/10 12:46:48
2026/09/09,AGP,580010,PIPE,7.183,31.350,22.015,18.123,,,NT,Regional - NT,590017,2026/09/10 12:46:48
2026/09/09,APLNG Pipeline,540093,PIPE,1666.905,0.000,0.000,0.000,,,QLD,Curtis Island,540030,2026/09/14 11:30:09
2026/09/09,APLNG Pipeline,540093,PIPE,0.000,1337.150,479.353,160.734,,,QLD,Regional - QLD,590001,2026/09/14 11:30:09
2026/09/09,Arcadia,540101,PROD,0.000,92.199,0.000,0.000,,,QLD,Regional - QLD,590001,2026/09/10 10:58:45
2026/09/09,ATGP,640013,PIPE,0.000,43.033,0.000,43.033,,,QLD,Regional - QLD,590001,2026/09/10 12:01:10
2026/09/09,ATHENA,535014,PROD,0.000,15.759,0.000,0.000,,,VIC,Iona Hub,530016,2026/09/14 10:50:48
2026/09/09,Atlas,544261,PROD,0.000,43.033,0.000,0.000,,,QLD,Regional - QLD,590001,2026/09/10 12:01:14
2026/09/09,Atlas East Central Processing Facility,640008,PROD,0.000,33.440,0.000,0.000,,,QLD,Regional - QLD,590001,2026/09/10 10:29:41
2026/09/09,Atlas to Reedy Creek Pipeline,640007,PIPE,0.000,33.442,0.000,34.367,,,QLD,Regional - QLD,590001,2026/09/10 12:46:48
2026/09/09,Australia Pacific LNG,544273,LNGEXPORT,1666.906,0.000,0.000,0.000,,,QLD,Curtis Island,540030,2026/09/10 12:00:25
2026/09/09,Australian Paper (Opal),535021,BBLARGE,11.185,0.000,0.000,0.000,,,VIC,Gippsland,590009,2026/09/11 11:00:01
2026/09/09,B1PL,540077,PIPE,0.030,0.000,0.000,0.215,,,QLD,Regional - QLD,590001,2026/09/10 11:00:56
2026/09/09,B2PL,540071,PIPE,0.000,54.301,3.006,56.700,,,QLD,Regional - QLD,590001,2026/09/10 12:30:07
2026/09/09,Bairnsdale Power Station,535020,BBGPG,0.000,0.000,0.000,0.000,,,VIC,Regional - VIC,590012,2026/09/10 11:00:53
2026/09/09,BCF,540047,COMPRESSOR,0.000,0.000,70.800,70.800,,,QLD,Regional - QLD,590001,2026/09/14 14:32:28
2026/09/09,Bell Bay CCGT,577016,BBGPG,29.355,0.000,0.000,0.000,,,TAS,Regional - TAS,590014,2026/09/11 12:01:00
2026/09/09,Bell Bay GGT,577014,BBGPG,0.000,0.000,0.000,0.000,,,TAS,Regional - TAS,590014,2026/09/11 12:01:00
2026/09/09,Bell Bay OCGT,577015,BBGPG,0.000,0.000,0.000,0.000,,,TAS,Regional - TAS,590014,2026/09/11 12:01:00
2026/09/09,Bellevue,540083,PROD,0.000,152.047,0.000,0.000,,,QLD,Regional - QLD,590001,2026/09/10 10:35:44
2026/09/09,BGP,580020,PIPE,0.359,0.000,0.000,0.000,,,NT,Regional - NT,590017,2026/09/10 12:46:48
2026/09/09,BlueScope,523204,BBLARGE,10.320,0.000,0.000,0.000,,,NSW,Sydney,520008,2026/09/10 12:01:05
2026/09/09,Bolivar,555008,BBGPG,0.000,0.000,0.000,0.000,,,SA,Regional - SA,590013,2026/09/10 12:03:50
2026/09/09,Bomaderry Gas Pipeline,523202,PIPE,21.085,0.000,21.085,0.000,,,NSW,Regional - NSW,590011,2026/09/10 14:33:54
2026/09/09,BPP,530030,PIPE,2.480,19.070,0.000,16.590,,,VIC,Gippsland,590009,2026/09/11 11:00:01
2026/09/09,Braemar 2 Power Station,544085,BBGPG,0.000,0.000,0.000,0.000,,,QLD,Regional - QLD,590001,2026/09/10 12:30:07
2026/09/09,Braemar Power Station,544252,BBGPG,0.030,0.000,0.000,0.000,,,QLD,Regional - QLD,590001,2026/09/10 11:00:56
2026/09/09,BWP,540096,PIPE,0.000,0.000,0.000,47.705,,,QLD,Wallumbilla Hub,540032,2026/09/10 12:46:48
2026/09/09,BWP,540096,PIPE,0.000,47.889,0.000,0.000,,,QLD,Regional - QLD,590001,2026/09/10 12:46:48
2026/09/09,CGP,540059,PIPE,0.000,0.000,70.826,0.000,,,QLD,Ballera,540078,2026/09/10 12:46:48
2026/09/09,CGP,540059,PIPE,70.626,0.000,0.000,0.000,,,QLD,Regional - QLD,590001,2026/09/10 12:46:48
2026/09/09,Channel Island Power Station,580231,BBGPG,16.289,0.000,0.000,0.000,,,NT,Darwin,580001,2026/09/10 12:46:48
2026/09/09,Colongra,523120,BBGPG,0.000,0.000,0.000,0.000,,,NSW,Regional - NSW,590011,2026/09/10 12:00:05
2026/09/09,ColongraGP,520090,PIPE,0.000,0.000,0.000,0.000,,,NSW,Sydney,520008,2026/09/10 12:00:05
2026/09/09,ColongraGP,520090,PIPE,0.000,0.000,0.000,0.000,,,NSW,Regional - NSW,590011,2026/09/10 12:00:05
2026/09/09,Combabula,540094,PROD,0.000,290.680,0.000,0.000,,,QLD,Regional - QLD,590001,2026/09/14 11:30:09
2026/09/09,Condabri Central,540080,PROD,0.000,140.004,0.000,0.000,,,QLD,Regional - QLD,590001,2026/09/14 11:30:09
2026/09/09,Condabri North,540090,PROD,0.000,162.950,0.000,0.000,,,QLD,Regional - QLD,590001,2026/09/14 11:30:09
2026/09/09,Condabri South,540086,PROD,0.000,154.337,0.000,0.000,,,QLD,Regional - QLD,590001,2026/09/14 11:30:09
2026/09/09,Condamine Power Station,544274,BBGPG,0.000,0.000,0.000,0.000,,,QLD,Regional - QLD,590001,2026/09/10 10:35:25
2026/09/09,CRWP,540098,PIPE,0.000,0.000,291.680,0.000,,,QLD,Wallumbilla Hub,540032,2026/09/10 10:58:06
2026/09/09,CRWP,540098,PIPE,0.000,232.766,41.579,573.240,,,QLD,Regional - QLD,590001,2026/09/10 10:58:06
2026/09/09,CWP,520054,PIPE,4.304,0.000,3.560,0.000,,,NSW,Regional - NSW,590011,2026/09/10 12:46:48
2026/09/09,Daandine,540050,PROD,0.000,54.301,0.000,0.000,,,QLD,Regional - QLD,590001,2026/09/10 12:30:07
2026/09/09,Dandenong LNG,530038,STOR,3.942,0.285,0.000,0.000,633.579,27.889,VIC,Melbourne,590008,2026/09/10 12:46:48
2026/09/09,DDP,540097,PIPE,0.000,0.000,0.000,163.930,,,QLD,Wallumbilla Hub,540032,2026/09/10 12:01:09
2026/09/09,DDP,540097,PIPE,8.797,554.123,92.619,479.353,,,QLD,Regional - QLD,590001,2026/09/10 12:01:09
2026/09/09,DDPS,544027,BBGPG,8.797,0.000,0.000,0.000,,,QLD,Regional - QLD,590001,2026/09/10 12:01:09
2026/09/09,Diamantina Power Station,544077,BBGPG,36.648,0.000,0.000,0.000,,,QLD,Regional - QLD,590001,2026/09/10 12:46:48
2026/09/09,Dry Creek Power Station,555026,BBGPG,0.000,0.000,0.000,0.000,,,SA,Regional - SA,590013,2026/09/10 11:31:05
2026/09/09,EGP,520047,PIPE,126.104,0.000,0.000,0.000,,,NSW,Sydney,520008,2026/09/10 12:01:05
2026/09/09,EGP,520047,PIPE,10.973,0.000,0.000,0.000,,,NSW,Canberra,520009,2026/09/10 12:01:05
2026/09/09,EGP,520047,PIPE,0.000,210.865,0.000,119.938,,,VIC,Longford Hub,530015,2026/09/10 12:01:05
2026/09/09,EGP,520047,PIPE,5.617,0.000,0.000,21.085,,,NSW,Regional - NSW,590011,2026/09/10 12:01:05
2026/09/09,EGP,520047,PIPE,1.058,71.745,0.000,0.000,,,VIC,Regional - VIC,590012,2026/09/10 12:01:05
2026/09/09,EO4PL,540055,PIPE,0.000,0.000,0.000,0.000,,,QLD,Regional - QLD,590001,2026/09/10 10:35:44
2026/09/09,Eurombah Creek,540089,PROD,0.000,155.432,0.000,0.000,,,QLD,Regional - QLD,590001,2026/09/14 11:30:09
2026/09/09,Fairview,540070,PROD,0.000,280.123,0.000,0.000,,,QLD,Regional - QLD,590001,2026/09/10 10:58:45
2026/09/09,GLNG (Curtis Island),544276,LNGEXPORT,980.924,0.000,0.000,0.000,,,QLD,Curtis Island,540030,2026/09/10 10:58:06
2026/09/09,GLNG Pipeline,540092,PIPE,980.924,0.000,0.000,0.000,,,QLD,Curtis Island,540030,2026/09/10 10:58:06
2026/09/09,GLNG Pipeline,540092,PIPE,0.000,402.761,575.578,0.458,,,QLD,Regional - QLD,590001,2026/09/10 10:35:44
2026/09/09,Hallett,555029,BBGPG,0.000,0.000,0.000,0.000,,,SA,Regional - SA,590013,2026/09/10 11:31:05
2026/09/09,Hunter Power Station,523210,BBGPG,0.000,0.000,0.000,0.000,,,NSW,Sydney,520008,2026/09/10 12:46:48
2026/09/09,ICF,530071,COMPRESSOR,0.000,0.000,10.000,10.000,,,VIC,Iona Hub,530016,2026/09/10 08:35:02
2026/09/09,Iona UGS,530042,STOR,22.872,144.252,0.000,0.000,12798.029,0.000,VIC,Iona Hub,530016,2026/09/10 08:30:03
2026/09/09,Jeerelang,533161,BBGPG,0.000,0.000,0.000,0.000,,,VIC,Gippsland,590009,2026/09/11 11:00:01
2026/09/09,Jordan,540088,PROD,0.000,334.965,0.000,0.000,,,QLD,Regional - QLD,590001,2026/09/10 10:35:44
2026/09/09,Katherine Power Station,580233,BBGPG,0.000,0.000,0.000,0.000,,,NT,Regional - NT,590017,2026/09/10 12:46:48
2026/09/09,Kenya,540075,PROD,0.000,111.157,0.000,0.000,,,QLD,Regional - QLD,590001,2026/09/10 10:35:44
2026/09/09,Kincora,544253,PROD,0.000,4.000,0.000,0.000,,,QLD,Regional - QLD,590001,2026/09/10 12:46:48
2026/09/09,KKLP,523209,PIPE,0.000,0.000,0.000,0.000,,,NSW,Sydney,520008,2026/09/10 12:46:48
2026/09/09,Kogan North,540061,PROD,0.000,4.315,0.000,0.000,,,QLD,Regional - QLD,590001,2026/09/10 12:46:48
2026/09/09,Ladbroke Grove PS,555086,BBGPG,0.000,0.000,0.000,0.000,,,SA,Regional - SA,590013,2026/09/10 12:46:48
2026/09/09,Lang Lang,530039,PROD,0.000,19.070,0.000,0.000,,,VIC,Gippsland,590009,2026/09/10 10:02:51
2026/09/09,Laverton,533201,BBGPG,0.000,0.000,0.000,0.000,,,VIC,Geelong,590005,2026/09/11 11:00:01
2026/09/09,Longford,530040,PROD,0.000,621.090,0.000,0.000,,,VIC,Longford Hub,530015,2026/09/10 08:23:25
2026/09/09,Loy Yang B,533163,BBGPG,0.000,0.000,0.000,0.000,,,VIC,Gippsland,590009,2026/09/10 11:01:01
2026/09/09,LYB Transmission Pipeline,535023,PIPE,0.059,0.000,0.149,0.000,,,VIC,Gippsland,590009,2026/09/10 11:01:01
2026/09/09,MAPS,550054,PIPE,37.591,0.000,0.000,0.000,,,SA,Adelaide,550016,2026/09/10 11:31:05
2026/09/09,MAPS,550054,PIPE,0.000,45.267,44.409,0.000,,,SA,Moomba Hub,550017,2026/09/10 11:31:05
2026/09/09,MAPS,550054,PIPE,49.805,0.000,0.000,0.000,,,SA,Regional - SA,590013,2026/09/10 11:31:05
2026/09/09,McArthur River Mine,580220,BBGPG,8.586,0.000,0.000,0.000,,,NT,Regional - NT,590017,2026/09/10 09:05:48
2026/09/09,MCF,550050,COMPRESSOR,0.000,0.000,202.469,202.469,,,SA,Moomba Hub,550017,2026/09/10 12:46:48
2026/09/09,Mereenie,580040,PROD,0.000,25.730,0.000,0.000,,,NT,Regional - NT,590017,2026/09/10 11:21:40
2026/09/09,Meridian,540064,PROD,0.000,34.689,0.000,0.000,,,QLD,Regional - QLD,590001,2026/09/10 09:38:56
2026/09/09,Mintaro Power Station,555031,BBGPG,0.000,0.000,0.000,0.000,,,SA,Regional - SA,590013,2026/09/10 11:31:05
2026/09/09,Moomba,550045,PROD,0.000,230.100,0.000,0.000,,,SA,Moomba Hub,550017,2026/09/14 14:32:28
2026/09/09,Moomba Storage,550046,STOR,0.000,4.900,0.000,0.000,6265.700,0.000,SA,Moomba Hub,550017,2026/09/14 14:32:28
2026/09/09,Mortlake PS,530063,BBGPG,60.657,0.000,0.000,0.000,,,VIC,Regional - VIC,590012,2026/09/10 07:20:00
2026/09/09,MPL,530061,PIPE,0.000,0.000,61.317,0.000,,,VIC,Iona Hub,530016,2026/09/10 07:20:00
2026/09/09,MPL,530061,PIPE,60.657,0.000,0.000,0.000,,,VIC,Regional - VIC,590012,2026/09/10 07:20:00
2026/09/09,MRP,580100,PIPE,8.586,0.000,8.587,0.000,,,NT,Regional - NT,590017,2026/09/10 09:05:48
2026/09/09,MSP,520053,PIPE,117.797,0.000,0.000,0.000,,,NSW,Sydney,520008,2026/09/10 12:46:48
2026/09/09,MSP,520053,PIPE,0.000,0.000,1.400,61.406,,,SA,Moomba Hub,550017,2026/09/10 12:46:48
2026/09/09,MSP,520053,PIPE,33.381,0.000,0.000,3.560,,,NSW,Regional - NSW,590011,2026/09/10 12:46:48
2026/09/09,MSP,520053,PIPE,17.370,0.000,0.000,0.000,,,NSW,Regional - ACT,590015,2026/09/10 12:46:48
2026/09/09,MSP,520053,PIPE,0.000,0.000,125.123,0.000,,,NSW,Culcairn,590016,2026/09/10 12:46:48
2026/09/09,Newport,533171,BBGPG,0.002,0.000,0.000,0.000,,,VIC,Melbourne,590008,2026/09/11 11:00:01
2026/09/09,NGP,580050,PIPE,0.000,0.000,0.000,0.000,,,QLD,Regional - QLD,590001,2026/09/10 12:01:12
2026/09/09,NGP,580050,PIPE,0.000,0.000,0.000,0.000,,,NT,Regional - NT,590017,2026/09/10 12:01:12
2026/09/09,NGS,520060,STOR,0.070,0.492,0.000,0.000,661.378,76.863,NSW,Sydney,520008,2026/09/10 09:11:41
2026/09/09,Oakey PS,544095,BBGPG,0.101,0.000,0.000,0.000,,,QLD,Regional - QLD,590001,2026/09/10 12:46:48
2026/09/09,Orana,540084,PROD,0.000,170.198,0.000,0.000,,,QLD,Regional - QLD,590001,2026/09/14 11:30:09
2026/09/09,Orbost,530041,PROD,0.000,71.745,0.000,0.000,,,VIC,Regional - VIC,590012,2026/09/10 12:01:05
2026/09/09,Orica,544011,BBLARGE,6.860,0.000,0.000,0.000,,,QLD,Regional - QLD,590001,2026/09/10 12:01:06
2026/09/09,Orica (Kooragang Island),523206,BBLARGE,39.020,0.000,0.000,0.000,,,NSW,Sydney,520008,2026/09/10 13:00:00
2026/09/09,Osborne,555033,BBGPG,0.000,0.000,0.000,0.000,,,SA,Regional - SA,590013,2026/09/10 11:31:05
2026/09/09,Otway,530044,PROD,0.000,164.920,0.000,0.000,,,VIC,Iona Hub,530016,2026/09/10 10:06:21
2026/09/09,Owen Springs Power Station,580235,BBGPG,0.201,0.000,0.000,0.000,,,NT,Regional - NT,590017,2026/09/10 06:41:04
2026/09/09,Palm Valley,580060,PROD,0.000,5.620,0.000,0.000,,,NT,Regional - NT,590017,2026/09/10 11:21:40
2026/09/09,PCA,550052,PIPE,0.001,15.110,31.243,27.831,,,VIC,Iona Hub,530016,2026/09/10 07:20:01
2026/09/09,PCA,550052,PIPE,25.381,0.000,0.000,0.000,,,SA,Adelaide,550016,2026/09/10 07:20:01
2026/09/09,PCA,550052,PIPE,0.000,0.000,0.000,7.715,,,VIC,Regional - VIC,590012,2026/09/10 07:20:01
2026/09/09,PCA,550052,PIPE,0.678,0.000,0.000,0.000,,,SA,Regional - SA,590013,2026/09/10 07:20:01
2026/09/09,PCI,530060,PIPE,0.000,175.588,27.831,203.419,,,VIC,Iona Hub,530016,2026/09/10 07:20:01
2026/09/09,Peat,540065,PROD,0.000,8.898,0.000,0.000,,,QLD,Regional - QLD,590001,2026/09/14 11:30:09
2026/09/09,Pelican Point Power Station,555089,BBGPG,15.023,0.000,0.000,0.000,,,SA,Regional - SA,590013,2026/09/10 07:20:01
2026/09/09,Phosphate Hill,544081,BBLARGE,23.274,0.000,0.000,0.000,,,QLD,Regional - QLD,590001,2026/09/10 12:46:48
2026/09/09,Pipeline Compression Station,544279,COMPRESSOR,0.000,0.000,0.000,0.000,,,QLD,Regional - QLD,590001,2026/09/10 10:58:06
2026/09/09,PVP,580070,PIPE,0.645,0.000,0.796,0.000,,,NT,Regional - NT,590017,2026/09/10 06:41:04
2026/09/09,QCLNG LNG Plant,544272,LNGEXPORT,1460.961,0.000,0.000,0.000,,,QLD,Curtis Island,540030,2026/09/10 10:35:44
2026/09/09,QGP,540058,PIPE,0.000,0.000,7.187,0.000,,,QLD,Wallumbilla Hub,540032,2026/09/10 12:01:06
2026/09/09,QGP,540058,PIPE,110.138,25.040,74.886,0.000,,,QLD,Regional - QLD,590001,2026/09/10 12:01:06
2026/09/09,Quarantine Power Station,555087,BBGPG,0.000,0.000,0.000,0.000,,,SA,Regional - SA,590013,2026/09/10 11:31:05
2026/09/09,Queensland Aluminia,544012,BBLARGE,33.854,0.000,0.000,0.000,,,QLD,Regional - QLD,590001,2026/09/10 12:01:06
2026/09/09,RBP,540057,PIPE,0.000,0.000,25.645,10.300,,,QLD,Wallumbilla Hub,540032,2026/09/10 12:46:48
2026/09/09,RBP,540057,PIPE,3.900,30.513,6.515,3.006,,,QLD,Regional - QLD,590001,2026/09/10 12:46:48
2026/09/09,RBP,540057,PIPE,48.794,0.000,0.000,0.000,,,QLD,Brisbane,590002,2026/09/10 12:46:48
2026/09/09,RCWP,540102,PIPE,0.000,0.000,0.000,68.309,,,QLD,Wallumbilla Hub,540032,2026/09/10 12:46:48
2026/09/09,RCWP,540102,PIPE,0.000,0.000,68.328,0.000,,,QLD,Regional - QLD,590001,2026/09/10 12:46:48
2026/09/09,Reedy Creek,540085,PROD,0.000,184.735,0.000,0.000,,,QLD,Regional - QLD,590001,2026/09/14 11:30:09
2026/09/09,RMNGPF,640011,PROD,0.000,18.320,0.000,0.000,,,QLD,Regional - QLD,590001,2026/09/10 10:29:55
2026/09/09,RNMGP,640012,PIPE,0.000,18.320,0.000,18.320,,,QLD,Regional - QLD,590001,2026/09/10 10:29:55
2026/09/09,RNP,640009,PIPE,0.000,23.259,0.000,23.259,,,QLD,Regional - QLD,590001,2026/09/10 12:01:08
2026/09/09,Rolleston,540073,PROD,0.000,8.812,0.000,0.000,,,QLD,Regional - QLD,590001,2026/09/10 12:01:06
2026/09/09,Roma,540095,PROD,0.000,232.766,0.000,0.000,,,QLD,Regional - QLD,590001,2026/09/10 10:58:54
2026/09/09,Roma North,544260,PROD,0.000,23.259,0.000,0.000,,,QLD,Regional - QLD,590001,2026/09/10 12:01:13
2026/09/09,Roma Power Station,540120,BBGPG,0.000,0.000,0.000,0.000,,,QLD,Regional - QLD,590001,2026/09/10 11:26:57
2026/09/09,Ron Goodin Power Station,580234,BBGPG,0.000,0.000,0.000,0.000,,,NT,Regional - NT,590017,2026/09/10 06:41:04
2026/09/09,RPL,540110,PIPE,0.053,0.000,0.000,0.000,,,QLD,Regional - QLD,590001,2026/09/10 11:26:57
2026/09/09,Ruby Jo,540082,PROD,0.000,423.097,0.000,0.000,,,QLD,Regional - QLD,590001,2026/09/10 10:35:44
2026/09/09,RUGS,540040,STOR,0.000,0.000,0.000,0.000,15125.464,0.000,QLD,Regional - QLD,590001,2026/09/10 10:58:54
2026/09/09,Scotia,540072,PROD,0.000,102.728,0.000,0.000,,,QLD,Regional - QLD,590001,2026/09/10 10:58:54
2026/09/09,SEPS,550061,PIPE,7.596,0.000,7.585,0.000,,,SA,Regional - SA,590013,2026/09/10 11:32:05
2026/09/09,SESA,550060,PIPE,0.000,0.000,7.712,0.000,,,VIC,Regional - VIC,590012,2026/09/10 12:46:48
2026/09/09,SESA,550060,PIPE,0.000,0.000,0.000,7.592,,,SA,Regional - SA,590013,2026/09/10 12:46:48
2026/09/09,Shoalhaven Starches Cogeneration Plant,523203,BBLARGE,21.085,0.000,0.000,0.000,,,NSW,Regional - NSW,590011,2026/09/10 14:33:54
2026/09/09,Smithfield Energy Facility,522004,BBGPG,0.023,0.000,0.000,0.000,,,NSW,Regional - NSW,590011,2026/09/10 12:03:57
2026/09/09,Snapper Point,555090,BBGPG,0.000,0.000,0.000,0.000,,,SA,Regional - SA,590013,2026/09/10 11:31:05
2026/09/09,Somerton,533174,BBGPG,6.751,0.000,0.000,0.000,,,VIC,Melbourne,590008,2026/09/11 11:00:01
2026/09/09,SPCF,580236,PROD,0.000,22.015,0.000,0.000,,,NT,Regional - NT,590017,2026/09/11 09:57:10
2026/09/09,SPP,580237,PIPE,0.000,22.015,0.000,22.015,,,NT,Regional - NT,590017,2026/09/10 12:46:48
2026/09/09,Spring Gully,540066,PROD,0.000,54.002,0.000,0.000,,,QLD,Regional - QLD,590001,2026/09/14 11:30:09
2026/09/09,SSP,540103,PIPE,0.000,6.740,0.000,6.740,,,QLD,Regional - QLD,590001,2026/09/10 09:33:36
2026/09/09,SSSF,540062,STOR,0.000,6.300,0.000,0.000,8416.512,0.000,QLD,Regional - QLD,590001,2026/09/10 09:33:36
2026/09/09,Strathblane,540067,PROD,0.000,50.216,0.000,0.000,,,QLD,Regional - QLD,590001,2026/09/14 11:30:09
2026/09/09,Swanbank Power Station,544104,BBGPG,0.000,0.000,0.000,0.000,,,QLD,Brisbane,590002,2026/09/10 12:46:48
2026/09/09,SWQP,540060,PIPE,0.000,0.000,286.597,320.865,,,QLD,Wallumbilla Hub,540032,2026/09/10 12:46:48
2026/09/09,SWQP,540060,PIPE,0.000,0.000,0.000,75.439,,,QLD,Ballera,540078,2026/09/10 12:46:48
2026/09/09,SWQP,540060,PIPE,0.000,186.873,60.006,44.409,,,SA,Moomba Hub,550017,2026/09/10 12:46:48
2026/09/09,SWQP,540060,PIPE,0.158,0.000,0.000,0.000,,,QLD,Regional - QLD,590001,2026/09/10 12:46:48
2026/09/09,Talinga,540076,PROD,0.000,81.487,0.000,0.000,,,QLD,Regional - QLD,590001,2026/09/14 11:30:09
2026/09/09,Tallawarra,522002,BBGPG,0.000,0.000,0.000,0.000,,,NSW,Regional - NSW,590011,2026/09/10 11:00:04
2026/09/09,Tallawarra Pipeline,523201,PIPE,0.000,0.000,0.000,0.000,,,NSW,Regional - NSW,590011,2026/09/10 11:00:04
2026/09/09,Taloona,540068,PROD,0.000,38.591,0.000,0.000,,,QLD,Regional - QLD,590001,2026/09/14 11:30:09
2026/09/09,Tanami GP,580210,PIPE,8.451,0.000,8.740,0.000,,,NT,Regional - NT,590017,2026/09/10 12:02:00
2026/09/09,TGP,570050,PIPE,0.000,0.000,67.442,25.988,,,VIC,Longford Hub,530015,2026/09/11 12:01:00
2026/09/09,TGP,570050,PIPE,49.982,0.000,0.000,0.000,,,TAS,Regional - TAS,590014,2026/09/11 12:01:00
2026/09/09,Tipton,540051,PROD,0.000,0.000,0.000,0.000,,,QLD,Regional - QLD,590001,2026/09/10 12:30:07
2026/09/09,Torrens Island PS,555041,BBGPG,12.699,0.000,0.000,0.000,,,SA,Regional - SA,590013,2026/09/10 11:31:05
2026/09/09,Uranquinty Power Station,522047,BBGPG,0.000,0.000,0.000,0.000,,,NSW,Regional - NSW,590011,2026/09/10 12:46:48
2026/09/09,Valley Power GPG,535024,BBGPG,0.059,0.000,0.000,0.000,,,VIC,Gippsland,590009,2026/09/10 11:01:01
2026/09/09,VicHub,532005,PIPE,0.000,0.000,52.499,52.499,,,VIC,Longford Hub,530015,2026/09/10 12:01:15
2026/09/09,Viva Energy Refinery,535018,BBLARGE,11.898,0.000,0.000,0.000,,,VIC,Geelong,590005,2026/09/10 07:30:13
2026/09/09,VTS,530110,PIPE,0.000,408.393,78.508,0.000,,,VIC,Longford Hub,530015,2026/09/11 11:00:01
2026/09/09,VTS,530110,PIPE,0.000,111.547,110.856,0.000,,,VIC,Iona Hub,530016,2026/09/11 11:00:01
2026/09/09,VTS,530110,PIPE,13.190,0.000,0.000,0.000,,,VIC,Western,590004,2026/09/11 11:00:01
2026/09/09,VTS,530110,PIPE,64.149,0.000,0.000,0.000,,,VIC,Geelong,590005,2026/09/11 11:00:01
2026/09/09,VTS,530110,PIPE,41.750,0.000,0.000,0.000,,,VIC,Ballarat,590006,2026/09/11 11:00:01
2026/09/09,VTS,530110,PIPE,64.780,0.000,0.000,0.000,,,VIC,Northern,590007,2026/09/11 11:00:01
2026/09/09,VTS,530110,PIPE,387.303,5.102,0.000,0.000,,,VIC,Melbourne,590008,2026/09/11 11:00:01
2026/09/09,VTS,530110,PIPE,35.609,0.000,16.590,0.149,,,VIC,Gippsland,590009,2026/09/11 11:00:01
2026/09/09,VTS,530110,PIPE,0.000,0.000,0.000,125.123,,,NSW,Culcairn,590016,2026/09/11 11:00:01
2026/09/09,Wallumbilla Compression Station,544280,COMPRESSOR,0.000,0.000,0.000,0.000,,,QLD,Wallumbilla Hub,540032,2026/09/10 10:58:06
2026/09/09,WCFA,540045,COMPRESSOR,0.000,0.000,129.179,129.179,,,QLD,Wallumbilla Hub,540032,2026/09/10 12:46:48
2026/09/09,WCFB,540046,COMPRESSOR,0.000,0.000,191.687,191.687,,,QLD,Wallumbilla Hub,540032,2026/09/10 12:46:48
2026/09/09,Weddell Power Station,580232,BBGPG,21.606,0.000,0.000,0.000,,,NT,Darwin,580001,2026/09/10 12:46:48
2026/09/09,WGP,540091,PIPE,1460.961,0.000,0.000,0.000,,,QLD,Curtis Island,540030,2026/09/10 10:35:44
2026/09/09,WGP,540091,PIPE,0.000,1389.983,56.700,0.000,,,QLD,Regional - QLD,590001,2026/09/10 10:35:44
2026/09/09,Whyalla Steelworks,555085,BBLARGE,5.882,0.000,0.000,0.000,,,SA,Regional - SA,590013,2026/09/10 11:31:05
2026/09/09,Windibri,540069,PROD,0.000,97.085,0.000,0.000,,,QLD,Regional - QLD,590001,2026/09/10 10:35:44
2026/09/09,Woleebee Creek,540087,PROD,0.000,641.414,0.000,0.000,,,QLD,Regional - QLD,590001,2026/09/10 10:35:44
2026/09/09,WPP,580030,PIPE,21.606,12.519,9.082,0.000,,,NT,Darwin,580001,2026/09/10 12:46:48
2026/09/09,Yarwun,544282,BBGPG,51.500,0.000,0.000,0.000,,,QLD,Regional - QLD,590001,2026/09/10 12:01:06
2026/09/09,Yelcherr,580180,PROD,0.000,0.000,0.000,0.000,,,NT,Regional - NT,590017,2026/09/10 12:46:48
2026/09/09,Yellowbank,540074,PROD,0.000,11.978,0.000,0.000,,,QLD,Regional - QLD,590001,2026/09/10 12:01:06
2026/09/10,Adelaide Brighton,555091,BBLARGE,8.605,0.000,0.000,0.000,,,SA,Adelaide,550016,2026/09/11 13:00:00
2026/09/10,AGP,580010,PIPE,15.683,0.000,0.000,10.572,,,NT,Darwin,580001,2026/09/11 12:46:49
2026/09/10,AGP,580010,PIPE,7.491,31.380,19.320,19.161,,,NT,Regional - NT,590017,2026/09/11 12:46:49
2026/09/10,APLNG Pipeline,540093,PIPE,1601.689,0.000,0.000,0.000,,,QLD,Curtis Island,540030,2026/09/15 11:30:08
2026/09/10,APLNG Pipeline,540093,PIPE,0.000,1222.624,474.957,147.047,,,QLD,Regional - QLD,590001,2026/09/15 11:30:08
2026/09/10,Arcadia,540101,PROD,0.000,92.386,0.000,0.000,,,QLD,Regional - QLD,590001,2026/09/11 11:13:16
2026/09/10,ATGP,640013,PIPE,0.000,43.289,0.000,43.289,,,QLD,Regional - QLD,590001,2026/09/11 12:01:11
2026/09/10,ATHENA,535014,PROD,0.000,16.810,0.000,0.000,,,VIC,Iona Hub,530016,2026/09/15 10:44:51
2026/09/10,Atlas,544261,PROD,0.000,43.289,0.000,0.000,,,QLD,Regional - QLD,590001,2026/09/11 12:01:15
2026/09/10,Atlas East Central Processing Facility,640008,PROD,0.000,32.060,0.000,0.000,,,QLD,Regional - QLD,590001,2026/09/11 11:26:34
2026/09/10,Atlas to Reedy Creek Pipeline,640007,PIPE,0.000,32.053,0.000,31.573,,,QLD,Regional - QLD,590001,2026/09/11 12:46:49
2026/09/10,Australia Pacific LNG,544273,LNGEXPORT,1601.688,0.000,0.000,0.000,,,QLD,Curtis Island,540030,2026/09/11 12:00:25
2026/09/10,Australian Paper (Opal),535021,BBLARGE,11.211,0.000,0.000,0.000,,,VIC,Gippsland,590009,2026/09/11 11:00:01
2026/09/10,B1PL,540077,PIPE,0.030,0.650,3.967,0.001,,,QLD,Regional - QLD,590001,2026/09/11 11:00:44
2026/09/10,B2PL,540071,PIPE,0.000,54.710,2.006,56.671,,,QLD,Regional - QLD,590001,2026/09/11 12:30:08
2026/09/10,Bairnsdale Power Station,535020,BBGPG,0.000,0.000,0.000,0.000,,,VIC,Regional - VIC,590012,2026/09/11 11:00:41
2026/09/10,BCF,540047,COMPRESSOR,0.000,0.000,69.900,69.900,,,QLD,Regional - QLD,590001,2026/09/15 15:28:12
2026/09/10,Bell Bay CCGT,577016,BBGPG,34.697,0.000,0.000,0.000,,,TAS,Regional - TAS,590014,2026/09/18 10:01:00
2026/09/10,Bell Bay GGT,577014,BBGPG,0.000,0.000,0.000,0.000,,,TAS,Regional - TAS,590014,2026/09/18 10:01:00
2026/09/10,Bell Bay OCGT,577015,BBGPG,0.001,0.000,0.000,0.000,,,TAS,Regional - TAS,590014,2026/09/18 10:01:00
2026/09/10,Bellevue,540083,PROD,0.000,145.723,0.000,0.000,,,QLD,Regional - QLD,590001,2026/09/11 10:35:43
2026/09/10,BGP,580020,PIPE,0.357,0.000,0.000,0.000,,,NT,Regional - NT,590017,2026/09/11 12:46:49
2026/09/10,BlueScope,523204,BBLARGE,9.870,0.000,0.000,0.000,,,NSW,Sydney,520008,2026/09/11 12:01:05
2026/09/10,Bolivar,555008,BBGPG,0.000,0.000,0.000,0.000,,,SA,Regional - SA,590013,2026/09/11 12:06:36
2026/09/10,Bomaderry Gas Pipeline,523202,PIPE,0.000,0.000,21.608,0.000,,,NSW,Regional - NSW,590011,2026/09/11 12:01:05
2026/09/10,BPP,530030,PIPE,2.430,19.050,0.000,16.620,,,VIC,Gippsland,590009,2026/09/11 11:00:01
2026/09/10,Braemar 2 Power Station,544085,BBGPG,0.000,0.000,0.000,0.000,,,QLD,Regional - QLD,590001,2026/09/11 12:30:08
2026/09/10,Braemar Power Station,544252,BBGPG,0.030,0.000,0.000,0.000,,,QLD,Regional - QLD,590001,2026/09/11 11:00:44
2026/09/10,BWP,540096,PIPE,0.000,0.000,0.000,54.051,,,QLD,Wallumbilla Hub,540032,2026/09/11 12:46:49
2026/09/10,BWP,540096,PIPE,0.000,54.444,0.000,0.000,,,QLD,Regional - QLD,590001,2026/09/11 12:46:49
2026/09/10,CGP,540059,PIPE,0.000,0.000,69.935,0.000,,,QLD,Ballera,540078,2026/09/11 12:46:49
2026/09/10,CGP,540059,PIPE,73.462,0.000,0.000,0.000,,,QLD,Regional - QLD,590001,2026/09/11 12:46:49
2026/09/10,Channel Island Power Station,580231,BBGPG,15.683,0.000,0.000,0.000,,,NT,Darwin,580001,2026/09/11 12:46:49
2026/09/10,Colongra,523120,BBGPG,0.007,0.000,0.000,0.000,,,NSW,Regional - NSW,590011,2026/09/11 12:00:05
2026/09/10,ColongraGP,520090,PIPE,-0.003,0.000,0.000,0.000,,,NSW,Sydney,520008,2026/09/11 12:00:05
2026/09/10,ColongraGP,520090,PIPE,0.007,0.000,0.000,0.000,,,NSW,Regional - NSW,590011,2026/09/11 12:00:05
2026/09/10,Combabula,540094,PROD,0.000,290.009,0.000,0.000,,,QLD,Regional - QLD,590001,2026/09/15 11:30:08
2026/09/10,Condabri Central,540080,PROD,0.000,34.887,0.000,0.000,,,QLD,Regional - QLD,590001,2026/09/15 11:30:08
2026/09/10,Condabri North,540090,PROD,0.000,144.997,0.000,0.000,,,QLD,Regional - QLD,590001,2026/09/15 11:30:08
2026/09/10,Condabri South,540086,PROD,0.000,159.928,0.000,0.000,,,QLD,Regional - QLD,590001,2026/09/15 11:30:08
2026/09/10,Condamine Power Station,544274,BBGPG,0.000,0.000,0.000,0.000,,,QLD,Regional - QLD,590001,2026/09/11 10:36:02
2026/09/10,CRWP,540098,PIPE,0.000,0.000,291.662,0.000,,,QLD,Wallumbilla Hub,540032,2026/09/11 11:13:05
2026/09/10,CRWP,540098,PIPE,0.000,232.729,41.408,574.083,,,QLD,Regional - QLD,590001,2026/09/11 11:13:05
2026/09/10,CWP,520054,PIPE,3.222,0.000,1.748,0.000,,,NSW,Regional - NSW,590011,2026/09/11 12:46:49
2026/09/10,Daandine,540050,PROD,0.000,54.710,0.000,0.000,,,QLD,Regional - QLD,590001,2026/09/11 12:30:08
2026/09/10,Dandenong LNG,530038,STOR,3.154,0.225,0.000,0.000,636.773,27.889,VIC,Melbourne,590008,2026/09/11 12:46:49
2026/09/10,DDP,540097,PIPE,0.000,0.000,0.000,144.428,,,QLD,Wallumbilla Hub,540032,2026/09/11 12:01:10
2026/09/10,DDP,540097,PIPE,28.795,554.235,95.397,474.957,,,QLD,Regional - QLD,590001,2026/09/11 12:01:10
2026/09/10,DDPS,544027,BBGPG,28.795,0.000,0.000,0.000,,,QLD,Regional - QLD,590001,2026/09/11 12:01:10
2026/09/10,Diamantina Power Station,544077,BBGPG,37.074,0.000,0.000,0.000,,,QLD,Regional - QLD,590001,2026/09/11 12:46:49
2026/09/10,Dry Creek Power Station,555026,BBGPG,0.000,0.000,0.000,0.000,,,SA,Regional - SA,590013,2026/09/11 11:31:05
2026/09/10,EGP,520047,PIPE,135.291,0.000,0.000,0.000,,,NSW,Sydney,520008,2026/09/11 12:01:05
2026/09/10,EGP,520047,PIPE,6.865,0.000,0.000,0.000,,,NSW,Canberra,520009,2026/09/11 12:01:05
2026/09/10,EGP,520047,PIPE,0.000,208.295,0.000,111.004,,,VIC,Longford Hub,530015,2026/09/11 12:01:05
2026/09/10,EGP,520047,PIPE,4.220,0.000,0.000,21.608,,,NSW,Regional - NSW,590011,2026/09/11 12:01:05
2026/09/10,EGP,520047,PIPE,0.952,64.622,0.000,0.000,,,VIC,Regional - VIC,590012,2026/09/11 12:01:05
2026/09/10,EO4PL,540055,PIPE,0.000,0.000,0.000,0.000,,,QLD,Regional - QLD,590001,2026/09/11 10:35:43
2026/09/10,Eurombah Creek,540089,PROD,0.000,157.134,0.000,0.000,,,QLD,Regional - QLD,590001,2026/09/15 11:30:08
2026/09/10,Fairview,540070,PROD,0.000,280.868,0.000,0.000,,,QLD,Regional - QLD,590001,2026/09/11 11:13:16
2026/09/10,GLNG (Curtis Island),544276,LNGEXPORT,997.124,0.000,0.000,0.000,,,QLD,Curtis Island,540030,2026/09/11 11:13:05
2026/09/10,GLNG Pipeline,540092,PIPE,997.124,0.000,0.000,0.000,,,QLD,Curtis Island,540030,2026/09/11 11:13:05
2026/09/10,GLNG Pipeline,540092,PIPE,0.000,417.765,576.281,0.117,,,QLD,Regional - QLD,590001,2026/09/11 10:35:43
2026/09/10,Hallett,555029,BBGPG,0.000,0.000,0.000,0.000,,,SA,Regional - SA,590013,2026/09/11 11:31:05
2026/09/10,Hunter Power Station,523210,BBGPG,0.014,0.000,0.000,0.000,,,NSW,Sydney,520008,2026/09/11 12:46:49
2026/09/10,ICF,530071,COMPRESSOR,0.000,0.000,6.237,6.237,,,VIC,Iona Hub,530016,2026/09/11 08:35:02
2026/09/10,Iona UGS,530042,STOR,6.237,94.150,0.000,0.000,12710.116,0.000,VIC,Iona Hub,530016,2026/09/11 08:30:03
2026/09/10,Jeerelang,533161,BBGPG,0.088,0.000,0.000,0.000,,,VIC,Gippsland,590009,2026/09/11 11:00:01
2026/09/10,Jordan,540088,PROD,0.000,335.016,0.000,0.000,,,QLD,Regional - QLD,590001,2026/09/11 10:35:43
2026/09/10,Katherine Power Station,580233,BBGPG,0.412,0.000,0.000,0.000,,,NT,Regional - NT,590017,2026/09/11 12:46:49
2026/09/10,Kenya,540075,PROD,0.000,112.524,0.000,0.000,,,QLD,Regional - QLD,590001,2026/09/11 10:35:43
2026/09/10,Kincora,544253,PROD,0.000,4.000,0.000,0.000,,,QLD,Regional - QLD,590001,2026/09/11 12:46:49
2026/09/10,KKLP,523209,PIPE,0.014,0.000,0.000,0.000,,,NSW,Sydney,520008,2026/09/11 12:46:49
2026/09/10,Kogan North,540061,PROD,0.000,4.316,0.000,0.000,,,QLD,Regional - QLD,590001,2026/09/11 12:46:49
2026/09/10,Ladbroke Grove PS,555086,BBGPG,3.322,0.000,0.000,0.000,,,SA,Regional - SA,590013,2026/09/11 12:46:49
2026/09/10,Lang Lang,530039,PROD,0.000,19.050,0.000,0.000,,,VIC,Gippsland,590009,2026/09/11 10:09:58
2026/09/10,Laverton,533201,BBGPG,0.000,0.000,0.000,0.000,,,VIC,Geelong,590005,2026/09/11 11:00:01
2026/09/10,Longford,530040,PROD,0.000,615.276,0.000,0.000,,,VIC,Longford Hub,530015,2026/09/11 08:23:46
2026/09/10,Loy Yang B,533163,BBGPG,0.000,0.000,0.000,0.000,,,VIC,Gippsland,590009,2026/09/11 11:00:46
2026/09/10,LYB Transmission Pipeline,535023,PIPE,0.764,0.000,0.000,0.000,,,VIC,Gippsland,590009,2026/09/11 11:00:46
2026/09/10,MAPS,550054,PIPE,28.908,0.000,0.000,0.000,,,SA,Adelaide,550016,2026/09/11 11:31:05
2026/09/10,MAPS,550054,PIPE,0.000,43.650,50.591,0.000,,,SA,Moomba Hub,550017,2026/09/11 11:31:05
2026/09/10,MAPS,550054,PIPE,56.067,0.000,0.000,0.000,,,SA,Regional - SA,590013,2026/09/11 11:31:05
2026/09/10,McArthur River Mine,580220,BBGPG,9.257,0.000,0.000,0.000,,,NT,Regional - NT,590017,2026/09/11 09:25:47
2026/09/10,MCF,550050,COMPRESSOR,0.000,0.000,168.587,168.587,,,SA,Moomba Hub,550017,2026/09/11 12:46:49
2026/09/10,Mereenie,580040,PROD,0.000,25.756,0.000,0.000,,,NT,Regional - NT,590017,2026/09/11 11:02:17
2026/09/10,Meridian,540064,PROD,0.000,48.761,0.000,0.000,,,QLD,Regional - QLD,590001,2026/09/11 09:39:06
2026/09/10,Mintaro Power Station,555031,BBGPG,0.000,0.000,0.000,0.000,,,SA,Regional - SA,590013,2026/09/11 11:31:05
2026/09/10,Moomba,550045,PROD,0.000,228.100,0.000,0.000,,,SA,Moomba Hub,550017,2026/09/15 15:28:12
2026/09/10,Moomba Storage,550046,STOR,0.000,5.900,0.000,0.000,6259.800,0.000,SA,Moomba Hub,550017,2026/09/15 15:28:12
2026/09/10,Mortlake PS,530063,BBGPG,21.839,0.000,0.000,0.000,,,VIC,Regional - VIC,590012,2026/09/11 07:20:00
2026/09/10,MPL,530061,PIPE,0.000,0.000,24.120,0.000,,,VIC,Iona Hub,530016,2026/09/11 07:20:00
2026/09/10,MPL,530061,PIPE,21.839,0.000,0.000,0.000,,,VIC,Regional - VIC,590012,2026/09/11 07:20:00
2026/09/10,MRP,580100,PIPE,9.257,0.000,9.258,0.000,,,NT,Regional - NT,590017,2026/09/11 09:25:47
2026/09/10,MSP,520053,PIPE,112.810,0.000,0.000,0.000,,,NSW,Sydney,520008,2026/09/11 12:46:49
2026/09/10,MSP,520053,PIPE,0.000,0.000,37.687,72.443,,,SA,Moomba Hub,550017,2026/09/11 12:46:49
2026/09/10,MSP,520053,PIPE,33.491,0.000,0.000,1.748,,,NSW,Regional - NSW,590011,2026/09/11 12:46:49
2026/09/10,MSP,520053,PIPE,18.675,0.000,0.000,0.000,,,NSW,Regional - ACT,590015,2026/09/11 12:46:49
2026/09/10,MSP,520053,PIPE,0.000,0.000,120.650,0.000,,,NSW,Culcairn,590016,2026/09/11 12:46:49
2026/09/10,Newport,533171,BBGPG,0.002,0.000,0.000,0.000,,,VIC,Melbourne,590008,2026/09/11 11:00:01
2026/09/10,NGP,580050,PIPE,0.000,0.000,0.000,0.000,,,QLD,Regional - QLD,590001,2026/09/11 12:01:13
2026/09/10,NGP,580050,PIPE,0.000,0.000,0.000,0.000,,,NT,Regional - NT,590017,2026/09/11 12:01:13
2026/09/10,NGS,520060,STOR,0.400,0.561,0.000,0.000,661.259,76.863,NSW,Sydney,520008,2026/09/11 07:55:40
2026/09/10,Oakey PS,544095,BBGPG,0.000,0.000,0.000,0.000,,,QLD,Regional - QLD,590001,2026/09/11 12:46:49
2026/09/10,Orana,540084,PROD,0.000,171.136,0.000,0.000,,,QLD,Regional - QLD,590001,2026/09/15 11:30:08
2026/09/10,Orbost,530041,PROD,0.000,64.622,0.000,0.000,,,VIC,Regional - VIC,590012,2026/09/11 12:01:05
2026/09/10,Orica,544011,BBLARGE,9.886,0.000,0.000,0.000,,,QLD,Regional - QLD,590001,2026/09/11 12:01:08
2026/09/10,Orica (Kooragang Island),523206,BBLARGE,39.847,0.000,0.000,0.000,,,NSW,Sydney,520008,2026/09/11 13:00:00
2026/09/10,Osborne,555033,BBGPG,0.000,0.000,0.000,0.000,,,SA,Regional - SA,590013,2026/09/11 11:31:05
2026/09/10,Otway,530044,PROD,0.000,144.966,0.000,0.000,,,VIC,Iona Hub,530016,2026/09/11 13:03:23
2026/09/10,Owen Springs Power Station,580235,BBGPG,0.434,0.000,0.000,0.000,,,NT,Regional - NT,590017,2026/09/11 06:41:03
2026/09/10,Palm Valley,580060,PROD,0.000,5.624,0.000,0.000,,,NT,Regional - NT,590017,2026/09/11 11:02:17
2026/09/10,PCA,550052,PIPE,0.000,16.711,36.052,3.332,,,VIC,Iona Hub,530016,2026/09/11 07:20:01
2026/09/10,PCA,550052,PIPE,30.719,0.000,0.000,0.000,,,SA,Adelaide,550016,2026/09/11 07:20:01
2026/09/10,PCA,550052,PIPE,0.000,0.000,0.000,9.663,,,VIC,Regional - VIC,590012,2026/09/11 07:20:01
2026/09/10,PCA,550052,PIPE,0.646,0.000,0.000,0.001,,,SA,Regional - SA,590013,2026/09/11 07:20:01
2026/09/10,PCI,530060,PIPE,0.000,156.072,3.332,159.404,,,VIC,Iona Hub,530016,2026/09/11 07:20:01
2026/09/10,Peat,540065,PROD,0.000,10.645,0.000,0.000,,,QLD,Regional - QLD,590001,2026/09/15 11:30:08
2026/09/10,Pelican Point Power Station,555089,BBGPG,12.933,0.000,0.000,0.000,,,SA,Regional - SA,590013,2026/09/11 07:20:01
2026/09/10,Phosphate Hill,544081,BBLARGE,24.614,0.000,0.000,0.000,,,QLD,Regional - QLD,590001,2026/09/11 12:46:49
2026/09/10,Pipeline Compression Station,544279,COMPRESSOR,0.000,0.000,0.000,0.000,,,QLD,Regional - QLD,590001,2026/09/11 11:13:05
2026/09/10,PVP,580070,PIPE,0.918,0.000,1.163,0.000,,,NT,Regional - NT,590017,2026/09/11 06:41:03
2026/09/10,QCLNG LNG Plant,544272,LNGEXPORT,1433.812,0.000,0.000,0.000,,,QLD,Curtis Island,540030,2026/09/11 10:35:43
2026/09/10,QGP,540058,PIPE,0.000,0.000,12.222,0.000,,,QLD,Wallumbilla Hub,540032,2026/09/11 12:01:08
2026/09/10,QGP,540058,PIPE,114.750,23.722,76.889,0.000,,,QLD,Regional - QLD,590001,2026/09/11 12:01:08
2026/09/10,Quarantine Power Station,555087,BBGPG,0.000,0.000,0.000,0.000,,,SA,Regional - SA,590013,2026/09/11 11:31:05
2026/09/10,Queensland Aluminia,544012,BBLARGE,34.611,0.000,0.000,0.000,,,QLD,Regional - QLD,590001,2026/09/11 12:01:08
2026/09/10,RBP,540057,PIPE,0.000,0.000,23.911,10.300,,,QLD,Wallumbilla Hub,540032,2026/09/11 12:46:49
2026/09/10,RBP,540057,PIPE,4.014,35.364,6.301,5.973,,,QLD,Regional - QLD,590001,2026/09/11 12:46:49
2026/09/10,RBP,540057,PIPE,50.127,0.000,0.000,0.000,,,QLD,Brisbane,590002,2026/09/11 12:46:49
2026/09/10,RCWP,540102,PIPE,0.000,0.000,0.000,46.843,,,QLD,Wallumbilla Hub,540032,2026/09/11 12:46:49
2026/09/10,RCWP,540102,PIPE,0.000,0.000,47.261,0.000,,,QLD,Regional - QLD,590001,2026/09/11 12:46:49
2026/09/10,Reedy Creek,540085,PROD,0.000,184.716,0.000,0.000,,,QLD,Regional - QLD,590001,2026/09/15 11:30:08
2026/09/10,RMNGPF,640011,PROD,0.000,18.310,0.000,0.000,,,QLD,Regional - QLD,590001,2026/09/11 11:26:25
2026/09/10,RNMGP,640012,PIPE,0.000,18.310,0.000,18.310,,,QLD,Regional - QLD,590001,2026/09/11 11:26:25
2026/09/10,RNP,640009,PIPE,0.000,23.098,0.000,23.098,,,QLD,Regional - QLD,590001,2026/09/11 12:01:09
2026/09/10,Rolleston,540073,PROD,0.000,8.035,0.000,0.000,,,QLD,Regional - QLD,590001,2026/09/11 12:01:08
2026/09/10,Roma,540095,PROD,0.000,232.729,0.000,0.000,,,QLD,Regional - QLD,590001,2026/09/11 11:13:20
2026/09/10,Roma North,544260,PROD,0.000,23.098,0.000,0.000,,,QLD,Regional - QLD,590001,2026/09/11 12:01:14
2026/09/10,Roma Power Station,540120,BBGPG,0.000,0.000,0.000,0.000,,,QLD,Regional - QLD,590001,2026/09/11 11:27:58
2026/09/10,Ron Goodin Power Station,580234,BBGPG,0.000,0.000,0.000,0.000,,,NT,Regional - NT,590017,2026/09/11 06:41:03
2026/09/10,RPL,540110,PIPE,0.054,0.000,0.000,0.000,,,QLD,Regional - QLD,590001,2026/09/11 11:27:58
2026/09/10,Ruby Jo,540082,PROD,0.000,422.296,0.000,0.000,,,QLD,Regional - QLD,590001,2026/09/11 10:35:43
2026/09/10,RUGS,540040,STOR,1.740,0.000,0.000,0.000,15127.157,0.000,QLD,Regional - QLD,590001,2026/09/11 11:13:20
2026/09/10,Scotia,540072,PROD,0.000,102.509,0.000,0.000,,,QLD,Regional - QLD,590001,2026/09/11 11:13:20
2026/09/10,SEPS,550061,PIPE,6.167,0.000,6.183,0.000,,,SA,Regional - SA,590013,2026/09/11 11:32:05
2026/09/10,SESA,550060,PIPE,0.000,0.000,9.662,0.000,,,VIC,Regional - VIC,590012,2026/09/11 12:46:49
2026/09/10,SESA,550060,PIPE,3.322,0.000,0.000,6.180,,,SA,Regional - SA,590013,2026/09/11 12:46:49
2026/09/10,Smithfield Energy Facility,522004,BBGPG,0.000,0.000,0.000,0.000,,,NSW,Regional - NSW,590011,2026/09/11 12:06:37
2026/09/10,Snapper Point,555090,BBGPG,0.000,0.000,0.000,0.000,,,SA,Regional - SA,590013,2026/09/11 11:31:05
2026/09/10,Somerton,533174,BBGPG,7.465,0.000,0.000,0.000,,,VIC,Melbourne,590008,2026/09/11 11:00:01
2026/09/10,SPCF,580236,PROD,0.000,19.320,0.000,0.000,,,NT,Regional - NT,590017,2026/09/11 09:57:45
2026/09/10,SPP,580237,PIPE,0.000,19.320,0.000,19.320,,,NT,Regional - NT,590017,2026/09/11 12:46:49
2026/09/10,Spring Gully,540066,PROD,0.000,54.976,0.000,0.000,,,QLD,Regional - QLD,590001,2026/09/15 11:30:08
2026/09/10,SSP,540103,PIPE,0.000,6.800,0.000,6.800,,,QLD,Regional - QLD,590001,2026/09/11 11:14:15
2026/09/10,SSSF,540062,STOR,0.000,6.300,0.000,0.000,8409.712,0.000,QLD,Regional - QLD,590001,2026/09/11 11:14:15
2026/09/10,Strathblane,540067,PROD,0.000,46.752,0.000,0.000,,,QLD,Regional - QLD,590001,2026/09/15 11:30:08
2026/09/10,Swanbank Power Station,544104,BBGPG,0.000,0.000,0.000,0.000,,,QLD,Brisbane,590002,2026/09/11 12:46:49
2026/09/10,SWQP,540060,PIPE,0.000,0.000,254.975,327.148,,,QLD,Wallumbilla Hub,540032,2026/09/11 12:46:49
2026/09/10,SWQP,540060,PIPE,0.000,0.000,0.000,74.559,,,QLD,Ballera,540078,2026/09/11 12:46:49
2026/09/10,SWQP,540060,PIPE,0.000,184.422,60.006,75.841,,,SA,Moomba Hub,550017,2026/09/11 12:46:49
2026/09/10,SWQP,540060,PIPE,0.155,0.000,0.000,0.000,,,QLD,Regional - QLD,590001,2026/09/11 12:46:49
2026/09/10,Talinga,540076,PROD,0.000,84.870,0.000,0.000,,,QLD,Regional - QLD,590001,2026/09/15 11:30:08
2026/09/10,Tallawarra,522002,BBGPG,0.000,0.000,0.000,0.000,,,NSW,Regional - NSW,590011,2026/09/11 11:00:04
2026/09/10,Tallawarra Pipeline,523201,PIPE,0.000,0.000,0.000,0.000,,,NSW,Regional - NSW,590011,2026/09/11 11:00:04
2026/09/10,Taloona,540068,PROD,0.000,39.931,0.000,0.000,,,QLD,Regional - QLD,590001,2026/09/15 11:30:08
2026/09/10,Tanami GP,580210,PIPE,8.546,0.000,8.740,0.000,,,NT,Regional - NT,590017,2026/09/11 12:02:00
2026/09/10,TGP,570050,PIPE,0.000,0.000,74.207,20.625,,,VIC,Longford Hub,530015,2026/09/18 10:01:00
2026/09/10,TGP,570050,PIPE,54.363,0.000,0.000,0.000,,,TAS,Regional - TAS,590014,2026/09/18 10:01:00
2026/09/10,Tipton,540051,PROD,0.000,0.000,0.000,0.000,,,QLD,Regional - QLD,590001,2026/09/11 12:30:08
2026/09/10,Torrens Island PS,555041,BBGPG,18.717,0.000,0.000,0.000,,,SA,Regional - SA,590013,2026/09/11 11:31:05
2026/09/10,Uranquinty Power Station,522047,BBGPG,0.000,0.000,0.000,0.000,,,NSW,Regional - NSW,590011,2026/09/11 12:46:49
2026/09/10,Valley Power GPG,535024,BBGPG,0.764,0.000,0.000,0.000,,,VIC,Gippsland,590009,2026/09/11 11:00:46
2026/09/10,VicHub,532005,PIPE,0.000,0.000,36.802,36.802,,,VIC,Longford Hub,530015,2026/09/11 12:01:16
2026/09/10,Viva Energy Refinery,535018,BBLARGE,7.839,0.000,0.000,0.000,,,VIC,Geelong,590005,2026/09/11 07:30:14
2026/09/10,VTS,530110,PIPE,0.000,405.159,57.443,0.000,,,VIC,Longford Hub,530015,2026/09/11 11:00:01
2026/09/10,VTS,530110,PIPE,0.000,77.348,99.205,0.000,,,VIC,Iona Hub,530016,2026/09/11 11:00:01
2026/09/10,VTS,530110,PIPE,11.808,0.000,0.000,0.000,,,VIC,Western,590004,2026/09/11 11:00:01
2026/09/10,VTS,530110,PIPE,55.544,0.000,0.000,0.000,,,VIC,Geelong,590005,2026/09/11 11:00:01
2026/09/10,VTS,530110,PIPE,34.590,0.000,0.000,0.000,,,VIC,Ballarat,590006,2026/09/11 11:00:01
2026/09/10,VTS,530110,PIPE,58.919,0.000,0.000,0.000,,,VIC,Northern,590007,2026/09/11 11:00:01
2026/09/10,VTS,530110,PIPE,349.217,6.340,0.000,0.000,,,VIC,Melbourne,590008,2026/09/11 11:00:01
2026/09/10,VTS,530110,PIPE,32.416,0.000,16.620,0.768,,,VIC,Gippsland,590009,2026/09/11 11:00:01
2026/09/10,VTS,530110,PIPE,0.000,0.000,0.000,120.648,,,NSW,Culcairn,590016,2026/09/11 11:00:01
2026/09/10,Wallumbilla Compression Station,544280,COMPRESSOR,0.000,0.000,0.000,0.000,,,QLD,Wallumbilla Hub,540032,2026/09/11 11:13:05
2026/09/10,WCFA,540045,COMPRESSOR,0.000,0.000,132.893,132.893,,,QLD,Wallumbilla Hub,540032,2026/09/11 12:46:49
2026/09/10,WCFB,540046,COMPRESSOR,0.000,0.000,194.255,194.255,,,QLD,Wallumbilla Hub,540032,2026/09/11 12:46:49
2026/09/10,Weddell Power Station,580232,BBGPG,22.484,0.000,0.000,0.000,,,NT,Darwin,580001,2026/09/11 12:46:49
2026/09/10,WGP,540091,PIPE,1433.812,0.000,0.000,0.000,,,QLD,Curtis Island,540030,2026/09/11 10:35:43
2026/09/10,WGP,540091,PIPE,0.000,1371.498,56.671,0.000,,,QLD,Regional - QLD,590001,2026/09/11 10:35:43
2026/09/10,Whyalla Steelworks,555085,BBLARGE,6.607,0.000,0.000,0.000,,,SA,Regional - SA,590013,2026/09/11 11:31:05
2026/09/10,Windibri,540069,PROD,0.000,93.671,0.000,0.000,,,QLD,Regional - QLD,590001,2026/09/11 10:35:43
2026/09/10,Woleebee Creek,540087,PROD,0.000,640.860,0.000,0.000,,,QLD,Regional - QLD,590001,2026/09/11 10:35:43
2026/09/10,WPP,580030,PIPE,22.484,11.909,10.572,0.000,,,NT,Darwin,580001,2026/09/11 12:46:49
2026/09/10,Yarwun,544282,BBGPG,52.204,0.000,0.000,0.000,,,QLD,Regional - QLD,590001,2026/09/11 12:01:08
2026/09/10,Yelcherr,580180,PROD,0.000,0.000,0.000,0.000,,,NT,Regional - NT,590017,2026/09/11 12:46:49
2026/09/10,Yellowbank,540074,PROD,0.000,11.437,0.000,0.000,,,QLD,Regional - QLD,590001,2026/09/11 12:01:08
2026/09/11,Adelaide Brighton,555091,BBLARGE,7.342,0.000,0.000,0.000,,,SA,Adelaide,550016,2026/09/12 13:00:00
2026/09/11,AGP,580010,PIPE,15.656,0.000,0.000,15.101,,,NT,Darwin,580001,2026/09/12 12:48:49
2026/09/11,AGP,580010,PIPE,7.171,31.207,27.000,18.514,,,NT,Regional - NT,590017,2026/09/12 12:48:49
2026/09/11,APLNG Pipeline,540093,PIPE,1601.432,0.000,0.000,0.000,,,QLD,Curtis Island,540030,2026/09/16 11:30:10
2026/09/11,APLNG Pipeline,540093,PIPE,0.000,1182.565,540.514,142.421,,,QLD,Regional - QLD,590001,2026/09/16 11:30:10
2026/09/11,Arcadia,540101,PROD,0.000,92.657,0.000,0.000,,,QLD,Regional - QLD,590001,2026/09/12 10:58:40
2026/09/11,ATGP,640013,PIPE,0.000,42.824,0.000,42.824,,,QLD,Regional - QLD,590001,2026/09/12 12:01:11
2026/09/11,ATHENA,535014,PROD,0.000,17.039,0.000,0.000,,,VIC,Iona Hub,530016,2026/09/17 10:23:03
2026/09/11,Atlas,544261,PROD,0.000,42.824,0.000,0.000,,,QLD,Regional - QLD,590001,2026/09/12 12:01:16
2026/09/11,Atlas East Central Processing Facility,640008,PROD,0.000,33.240,0.000,0.000,,,QLD,Regional - QLD,590001,2026/09/12 08:30:35
2026/09/11,Atlas to Reedy Creek Pipeline,640007,PIPE,0.000,33.254,0.000,27.948,,,QLD,Regional - QLD,590001,2026/09/12 12:48:49
2026/09/11,Australia Pacific LNG,544273,LNGEXPORT,1601.432,0.000,0.000,0.000,,,QLD,Curtis Island,540030,2026/09/12 12:00:25
2026/09/11,Australian Paper (Opal),535021,BBLARGE,10.259,0.000,0.000,0.000,,,VIC,Gippsland,590009,2026/09/12 11:00:01
2026/09/11,B1PL,540077,PIPE,0.190,84.821,0.000,28.141,,,QLD,Regional - QLD,590001,2026/09/12 11:00:51
2026/09/11,B2PL,540071,PIPE,0.000,54.641,1.011,55.672,,,QLD,Regional - QLD,590001,2026/09/12 12:30:08
2026/09/11,Bairnsdale Power Station,535020,BBGPG,0.000,0.000,0.000,0.000,,,VIC,Regional - VIC,590012,2026/09/12 11:00:57
2026/09/11,BCF,540047,COMPRESSOR,0.000,0.000,71.000,71.000,,,QLD,Regional - QLD,590001,2026/09/16 21:35:28
2026/09/11,Bell Bay CCGT,577016,BBGPG,33.086,0.000,0.000,0.000,,,TAS,Regional - TAS,590014,2026/09/18 10:01:00
2026/09/11,Bell Bay GGT,577014,BBGPG,0.338,0.000,0.000,0.000,,,TAS,Regional - TAS,590014,2026/09/18 10:01:00
2026/09/11,Bell Bay OCGT,577015,BBGPG,0.000,0.000,0.000,0.000,,,TAS,Regional - TAS,590014,2026/09/18 10:01:00
2026/09/11,Bellevue,540083,PROD,0.000,149.348,0.000,0.000,,,QLD,Regional - QLD,590001,2026/09/12 10:35:31
2026/09/11,BGP,580020,PIPE,0.352,0.000,0.000,0.000,,,NT,Regional - NT,590017,2026/09/12 12:48:49
2026/09/11,BlueScope,523204,BBLARGE,9.559,0.000,0.000,0.000,,,NSW,Sydney,520008,2026/09/12 12:01:05
2026/09/11,Bolivar,555008,BBGPG,0.000,0.000,0.000,0.000,,,SA,Regional - SA,590013,2026/09/12 12:03:58
2026/09/11,Bomaderry Gas Pipeline,523202,PIPE,0.000,0.000,22.399,0.000,,,NSW,Regional - NSW,590011,2026/09/12 12:01:05
2026/09/11,BPP,530030,PIPE,2.650,19.100,0.000,16.480,,,VIC,Gippsland,590009,2026/09/12 11:00:01
2026/09/11,Braemar 2 Power Station,544085,BBGPG,0.000,0.000,0.000,0.000,,,QLD,Regional - QLD,590001,2026/09/12 12:30:08
2026/09/11,Braemar Power Station,544252,BBGPG,0.190,0.000,0.000,0.000,,,QLD,Regional - QLD,590001,2026/09/12 11:00:51
2026/09/11,BWP,540096,PIPE,0.000,0.000,0.000,41.765,,,QLD,Wallumbilla Hub,540032,2026/09/12 12:48:49
2026/09/11,BWP,540096,PIPE,0.000,39.646,0.000,0.000,,,QLD,Regional - QLD,590001,2026/09/12 12:48:49
2026/09/11,CGP,540059,PIPE,0.000,0.000,70.952,0.000,,,QLD,Ballera,540078,2026/09/12 12:48:49
2026/09/11,CGP,540059,PIPE,74.387,0.000,0.000,0.000,,,QLD,Regional - QLD,590001,2026/09/12 12:48:49
2026/09/11,Channel Island Power Station,580231,BBGPG,15.656,0.000,0.000,0.000,,,NT,Darwin,580001,2026/09/12 12:48:49
2026/09/11,Colongra,523120,BBGPG,0.000,0.000,0.000,0.000,,,NSW,Regional - NSW,590011,2026/09/12 12:00:05
2026/09/11,ColongraGP,520090,PIPE,-0.072,0.000,0.000,0.000,,,NSW,Sydney,520008,2026/09/12 12:00:05
2026/09/11,ColongraGP,520090,PIPE,0.000,0.000,0.000,0.000,,,NSW,Regional - NSW,590011,2026/09/12 12:00:05
2026/09/11,Combabula,540094,PROD,0.000,290.322,0.000,0.000,,,QLD,Regional - QLD,590001,2026/09/16 11:30:10
2026/09/11,Condabri Central,540080,PROD,0.000,0.000,0.000,0.000,,,QLD,Regional - QLD,590001,2026/09/16 11:30:10
2026/09/11,Condabri North,540090,PROD,0.000,137.684,0.000,0.000,,,QLD,Regional - QLD,590001,2026/09/16 11:30:10
2026/09/11,Condabri South,540086,PROD,0.000,161.015,0.000,0.000,,,QLD,Regional - QLD,590001,2026/09/16 11:30:10
2026/09/11,Condamine Power Station,544274,BBGPG,0.000,0.000,0.000,0.000,,,QLD,Regional - QLD,590001,2026/09/12 10:35:38
2026/09/11,CRWP,540098,PIPE,0.000,0.000,292.229,0.000,,,QLD,Wallumbilla Hub,540032,2026/09/12 10:58:05
2026/09/11,CRWP,540098,PIPE,0.000,231.057,41.436,571.304,,,QLD,Regional - QLD,590001,2026/09/12 10:58:05
2026/09/11,CWP,520054,PIPE,3.693,0.000,3.468,0.000,,,NSW,Regional - NSW,590011,2026/09/12 12:48:49
2026/09/11,Daandine,540050,PROD,0.000,54.657,0.000,0.000,,,QLD,Regional - QLD,590001,2026/09/12 12:30:08
2026/09/11,Dandenong LNG,530038,STOR,4.219,0.440,0.000,0.000,640.889,27.889,VIC,Melbourne,590008,2026/09/12 12:48:49
2026/09/11,DDP,540097,PIPE,0.000,0.000,0.000,175.152,,,QLD,Wallumbilla Hub,540032,2026/09/15 09:00:05
2026/09/11,DDP,540097,PIPE,0.004,554.200,94.880,479.897,,,QLD,Regional - QLD,590001,2026/09/15 09:00:05
2026/09/11,DDPS,544027,BBGPG,0.004,0.000,0.000,0.000,,,QLD,Regional - QLD,590001,2026/09/15 09:00:05
2026/09/11,Diamantina Power Station,544077,BBGPG,37.439,0.000,0.000,0.000,,,QLD,Regional - QLD,590001,2026/09/12 12:48:49
2026/09/11,Dry Creek Power Station,555026,BBGPG,0.000,0.000,0.000,0.000,,,SA,Regional - SA,590013,2026/09/12 11:31:05
2026/09/11,EGP,520047,PIPE,135.735,0.000,0.000,0.000,,,NSW,Sydney,520008,2026/09/12 12:01:05
2026/09/11,EGP,520047,PIPE,8.664,0.000,0.000,0.000,,,NSW,Canberra,520009,2026/09/12 12:01:05
2026/09/11,EGP,520047,PIPE,0.000,210.669,0.000,104.634,,,VIC,Longford Hub,530015,2026/09/12 12:01:05
2026/09/11,EGP,520047,PIPE,4.798,0.000,0.000,22.399,,,NSW,Regional - NSW,590011,2026/09/12 12:01:05
2026/09/11,EGP,520047,PIPE,0.894,73.108,0.000,0.000,,,VIC,Regional - VIC,590012,2026/09/12 12:01:05
2026/09/11,EO4PL,540055,PIPE,0.000,0.000,0.000,0.000,,,QLD,Regional - QLD,590001,2026/09/12 10:35:31
2026/09/11,Eurombah Creek,540089,PROD,0.000,157.072,0.000,0.000,,,QLD,Regional - QLD,590001,2026/09/16 11:30:10
2026/09/11,Fairview,540070,PROD,0.000,279.892,0.000,0.000,,,QLD,Regional - QLD,590001,2026/09/12 10:58:40
2026/09/11,GLNG (Curtis Island),544276,LNGEXPORT,1002.254,0.000,0.000,0.000,,,QLD,Curtis Island,540030,2026/09/12 10:58:05
2026/09/11,GLNG Pipeline,540092,PIPE,1002.254,0.000,0.000,0.000,,,QLD,Curtis Island,540030,2026/09/12 10:58:05
2026/09/11,GLNG Pipeline,540092,PIPE,0.000,416.708,583.888,0.000,,,QLD,Regional - QLD,590001,2026/09/12 10:35:31
2026/09/11,Hallett,555029,BBGPG,0.302,0.000,0.000,0.000,,,SA,Regional - SA,590013,2026/09/12 11:31:05
2026/09/11,Hunter Power Station,523210,BBGPG,0.001,0.000,0.000,0.000,,,NSW,Sydney,520008,2026/09/12 12:48:49
2026/09/11,ICF,530071,COMPRESSOR,0.000,0.000,10.000,10.000,,,VIC,Iona Hub,530016,2026/09/12 08:35:02
2026/09/11,Iona UGS,530042,STOR,25.774,51.117,0.000,0.000,12684.773,0.000,VIC,Iona Hub,530016,2026/09/12 08:30:03
2026/09/11,Jeerelang,533161,BBGPG,0.459,0.000,0.000,0.000,,,VIC,Gippsland,590009,2026/09/12 11:00:01
2026/09/11,Jordan,540088,PROD,0.000,335.529,0.000,0.000,,,QLD,Regional - QLD,590001,2026/09/12 10:35:31
2026/09/11,Katherine Power Station,580233,BBGPG,0.000,0.000,0.000,0.000,,,NT,Regional - NT,590017,2026/09/12 12:48:49
2026/09/11,Kenya,540075,PROD,0.000,110.837,0.000,0.000,,,QLD,Regional - QLD,590001,2026/09/12 10:35:31
2026/09/11,Kincora,544253,PROD,0.000,4.000,0.000,0.000,,,QLD,Regional - QLD,590001,2026/09/12 12:48:49
2026/09/11,KKLP,523209,PIPE,0.001,0.000,0.000,0.000,,,NSW,Sydney,520008,2026/09/12 12:48:49
2026/09/11,Kogan North,540061,PROD,0.000,4.317,0.000,0.000,,,QLD,Regional - QLD,590001,2026/09/12 12:48:49
2026/09/11,Ladbroke Grove PS,555086,BBGPG,7.379,0.000,0.000,0.000,,,SA,Regional - SA,590013,2026/09/12 12:48:49
2026/09/11,Lang Lang,530039,PROD,0.000,19.100,0.000,0.000,,,VIC,Gippsland,590009,2026/09/12 11:37:57
2026/09/11,Laverton,533201,BBGPG,0.000,0.000,0.000,0.000,,,VIC,Geelong,590005,2026/09/12 11:00:01
2026/09/11,Longford,530040,PROD,0.000,608.453,0.000,0.000,,,VIC,Longford Hub,530015,2026/09/12 08:02:59
2026/09/11,Loy Yang B,533163,BBGPG,0.000,0.000,0.000,0.000,,,VIC,Gippsland,590009,2026/09/12 11:00:48
2026/09/11,LYB Transmission Pipeline,535023,PIPE,0.016,0.000,0.000,0.000,,,VIC,Gippsland,590009,2026/09/12 11:00:48
2026/09/11,MAPS,550054,PIPE,35.643,0.000,0.000,0.000,,,SA,Adelaide,550016,2026/09/12 11:31:05
2026/09/11,MAPS,550054,PIPE,0.000,44.093,56.002,0.000,,,SA,Moomba Hub,550017,2026/09/12 11:31:05
2026/09/11,MAPS,550054,PIPE,65.612,0.000,10.000,0.000,,,SA,Regional - SA,590013,2026/09/12 11:31:05
2026/09/11,McArthur River Mine,580220,BBGPG,9.612,0.000,0.000,0.000,,,NT,Regional - NT,590017,2026/09/12 10:35:47
2026/09/11,MCF,550050,COMPRESSOR,0.000,0.000,122.511,122.511,,,SA,Moomba Hub,550017,2026/09/12 12:48:49
2026/09/11,Mereenie,580040,PROD,0.000,25.593,0.000,0.000,,,NT,Regional - NT,590017,2026/09/12 11:07:21
2026/09/11,Meridian,540064,PROD,0.000,48.409,0.000,0.000,,,QLD,Regional - QLD,590001,2026/09/12 09:39:14
2026/09/11,Mintaro Power Station,555031,BBGPG,0.000,0.000,0.000,0.000,,,SA,Regional - SA,590013,2026/09/12 11:31:05
2026/09/11,Moomba,550045,PROD,0.000,227.400,0.000,0.000,,,SA,Moomba Hub,550017,2026/09/16 21:35:28
2026/09/11,Moomba Storage,550046,STOR,0.000,5.100,0.000,0.000,6254.700,0.000,SA,Moomba Hub,550017,2026/09/16 21:35:28
2026/09/11,Mortlake PS,530063,BBGPG,0.000,0.000,0.000,0.000,,,VIC,Regional - VIC,590012,2026/09/12 07:20:01
2026/09/11,MPL,530061,PIPE,0.000,0.000,24.984,9.376,,,VIC,Iona Hub,530016,2026/09/12 07:20:01
2026/09/11,MPL,530061,PIPE,0.000,0.000,0.000,0.000,,,VIC,Regional - VIC,590012,2026/09/12 07:20:01
2026/09/11,MRP,580100,PIPE,9.612,0.000,9.613,0.000,,,NT,Regional - NT,590017,2026/09/12 10:35:47
2026/09/11,MSP,520053,PIPE,92.598,0.000,0.000,0.000,,,NSW,Sydney,520008,2026/09/12 12:48:49
2026/09/11,MSP,520053,PIPE,0.000,0.000,25.907,21.074,,,SA,Moomba Hub,550017,2026/09/12 12:48:49
2026/09/11,MSP,520053,PIPE,28.818,0.000,0.000,3.468,,,NSW,Regional - NSW,590011,2026/09/12 12:48:49
2026/09/11,MSP,520053,PIPE,12.112,0.000,0.000,0.000,,,NSW,Regional - ACT,590015,2026/09/12 12:48:49
2026/09/11,MSP,520053,PIPE,0.000,0.000,107.159,0.000,,,NSW,Culcairn,590016,2026/09/12 12:48:49
2026/09/11,Newport,533171,BBGPG,0.002,0.000,0.000,0.000,,,VIC,Melbourne,590008,2026/09/12 11:00:01
2026/09/11,NGP,580050,PIPE,0.000,0.000,0.000,0.000,,,QLD,Regional - QLD,590001,2026/09/12 12:01:14
2026/09/11,NGP,580050,PIPE,0.000,0.000,0.000,0.000,,,NT,Regional - NT,590017,2026/09/12 12:01:14
2026/09/11,NGS,520060,STOR,0.290,0.826,0.000,0.000,660.727,76.863,NSW,Sydney,520008,2026/09/12 07:59:04
2026/09/11,Oakey PS,544095,BBGPG,0.000,0.000,0.000,0.000,,,QLD,Regional - QLD,590001,2026/09/12 12:48:49
2026/09/11,Orana,540084,PROD,0.000,170.794,0.000,0.000,,,QLD,Regional - QLD,590001,2026/09/16 11:30:10
2026/09/11,Orbost,530041,PROD,0.000,73.108,0.000,0.000,,,VIC,Regional - VIC,590012,2026/09/12 12:01:05
2026/09/11,Orica,544011,BBLARGE,9.014,0.000,0.000,0.000,,,QLD,Regional - QLD,590001,2026/09/12 12:01:08
2026/09/11,Orica (Kooragang Island),523206,BBLARGE,38.946,0.000,0.000,0.000,,,NSW,Sydney,520008,2026/09/12 13:00:00
2026/09/11,Osborne,555033,BBGPG,0.000,0.000,0.000,0.000,,,SA,Regional - SA,590013,2026/09/12 11:31:05
2026/09/11,Otway,530044,PROD,0.000,144.960,0.000,0.000,,,VIC,Iona Hub,530016,2026/09/12 08:33:03
2026/09/11,Owen Springs Power Station,580235,BBGPG,0.192,0.000,0.000,0.000,,,NT,Regional - NT,590017,2026/09/12 06:41:44
2026/09/11,Palm Valley,580060,PROD,0.000,5.614,0.000,0.000,,,NT,Regional - NT,590017,2026/09/12 11:07:21
2026/09/11,PCA,550052,PIPE,0.001,15.825,34.186,3.067,,,VIC,Iona Hub,530016,2026/09/12 07:20:02
2026/09/11,PCA,550052,PIPE,16.363,0.000,0.000,0.000,,,SA,Adelaide,550016,2026/09/12 07:20:02
2026/09/11,PCA,550052,PIPE,0.000,0.000,0.000,14.801,,,VIC,Regional - VIC,590012,2026/09/12 07:20:02
2026/09/11,PCA,550052,PIPE,12.705,0.000,0.000,10.014,,,SA,Regional - SA,590013,2026/09/12 07:20:02
2026/09/11,PCI,530060,PIPE,0.000,156.168,12.443,168.611,,,VIC,Iona Hub,530016,2026/09/12 07:20:02
2026/09/11,Peat,540065,PROD,0.000,11.500,0.000,0.000,,,QLD,Regional - QLD,590001,2026/09/16 11:30:10
2026/09/11,Pelican Point Power Station,555089,BBGPG,18.351,0.000,0.000,0.000,,,SA,Regional - SA,590013,2026/09/12 07:20:02
2026/09/11,Phosphate Hill,544081,BBLARGE,24.577,0.000,0.000,0.000,,,QLD,Regional - QLD,590001,2026/09/12 12:48:49
2026/09/11,Pipeline Compression Station,544279,COMPRESSOR,0.000,0.000,0.000,0.000,,,QLD,Regional - QLD,590001,2026/09/12 10:58:05
2026/09/11,PVP,580070,PIPE,0.639,0.000,0.802,0.000,,,NT,Regional - NT,590017,2026/09/12 06:41:44
2026/09/11,QCLNG LNG Plant,544272,LNGEXPORT,1442.712,0.000,0.000,0.000,,,QLD,Curtis Island,540030,2026/09/12 10:35:31
2026/09/11,QGP,540058,PIPE,0.000,0.000,11.285,0.000,,,QLD,Wallumbilla Hub,540032,2026/09/12 12:01:08
2026/09/11,QGP,540058,PIPE,115.218,24.080,76.887,0.000,,,QLD,Regional - QLD,590001,2026/09/12 12:01:08
2026/09/11,Quarantine Power Station,555087,BBGPG,12.023,0.000,0.000,0.000,,,SA,Regional - SA,590013,2026/09/12 11:31:05
2026/09/11,Queensland Aluminia,544012,BBLARGE,37.084,0.000,0.000,0.000,,,QLD,Regional - QLD,590001,2026/09/12 12:01:08
2026/09/11,RBP,540057,PIPE,0.000,0.000,4.392,10.300,,,QLD,Wallumbilla Hub,540032,2026/09/12 12:48:49
2026/09/11,RBP,540057,PIPE,3.597,23.317,34.458,1.011,,,QLD,Regional - QLD,590001,2026/09/12 12:48:49
2026/09/11,RBP,540057,PIPE,46.727,0.000,0.000,0.000,,,QLD,Brisbane,590002,2026/09/12 12:48:49
2026/09/11,RCWP,540102,PIPE,0.000,0.000,46.601,5.489,,,QLD,Wallumbilla Hub,540032,2026/09/12 12:48:49
2026/09/11,RCWP,540102,PIPE,0.000,0.000,28.361,60.617,,,QLD,Regional - QLD,590001,2026/09/12 12:48:49
2026/09/11,Reedy Creek,540085,PROD,0.000,184.807,0.000,0.000,,,QLD,Regional - QLD,590001,2026/09/16 11:30:10
2026/09/11,RMNGPF,640011,PROD,0.000,18.290,0.000,0.000,,,QLD,Regional - QLD,590001,2026/09/12 08:30:03
2026/09/11,RNMGP,640012,PIPE,0.000,18.290,0.000,18.290,,,QLD,Regional - QLD,590001,2026/09/12 08:30:03
2026/09/11,RNP,640009,PIPE,0.000,23.146,0.000,23.146,,,QLD,Regional - QLD,590001,2026/09/12 12:01:09
2026/09/11,Rolleston,540073,PROD,0.000,7.876,0.000,0.000,,,QLD,Regional - QLD,590001,2026/09/12 12:01:08
2026/09/11,Roma,540095,PROD,0.000,231.057,0.000,0.000,,,QLD,Regional - QLD,590001,2026/09/12 10:58:46
2026/09/11,Roma North,544260,PROD,0.000,23.146,0.000,0.000,,,QLD,Regional - QLD,590001,2026/09/12 12:01:15
2026/09/11,Roma Power Station,540120,BBGPG,0.000,0.000,0.000,0.000,,,QLD,Regional - QLD,590001,2026/09/12 15:59:57
2026/09/11,Ron Goodin Power Station,580234,BBGPG,0.000,0.000,0.000,0.000,,,NT,Regional - NT,590017,2026/09/12 06:41:44
2026/09/11,RPL,540110,PIPE,0.052,0.000,0.000,0.000,,,QLD,Regional - QLD,590001,2026/09/12 15:59:57
2026/09/11,Ruby Jo,540082,PROD,0.000,422.536,0.000,0.000,,,QLD,Regional - QLD,590001,2026/09/12 10:35:31
2026/09/11,RUGS,540040,STOR,0.000,0.000,0.000,0.000,15127.296,0.000,QLD,Regional - QLD,590001,2026/09/12 10:58:46
2026/09/11,Scotia,540072,PROD,0.000,102.365,0.000,0.000,,,QLD,Regional - QLD,590001,2026/09/12 10:58:46
2026/09/11,SEPS,550061,PIPE,7.204,0.000,7.193,0.000,,,SA,Regional - SA,590013,2026/09/12 11:32:05
2026/09/11,SESA,550060,PIPE,0.000,0.000,14.803,0.000,,,VIC,Regional - VIC,590012,2026/09/12 12:48:49
2026/09/11,SESA,550060,PIPE,7.379,0.000,0.000,7.185,,,SA,Regional - SA,590013,2026/09/12 12:48:49
2026/09/11,Smithfield Energy Facility,522004,BBGPG,0.000,0.000,0.000,0.000,,,NSW,Regional - NSW,590011,2026/09/12 12:03:58
2026/09/11,Snapper Point,555090,BBGPG,0.000,0.000,0.000,0.000,,,SA,Regional - SA,590013,2026/09/12 11:31:05
2026/09/11,Somerton,533174,BBGPG,6.254,0.000,0.000,0.000,,,VIC,Melbourne,590008,2026/09/12 11:00:01
2026/09/11,SPCF,580236,PROD,0.000,27.000,0.000,0.000,,,NT,Regional - NT,590017,2026/09/12 10:36:06
2026/09/11,SPP,580237,PIPE,0.000,27.000,0.000,27.000,,,NT,Regional - NT,590017,2026/09/12 12:48:49
2026/09/11,Spring Gully,540066,PROD,0.000,55.366,0.000,0.000,,,QLD,Regional - QLD,590001,2026/09/16 11:30:10
2026/09/11,SSP,540103,PIPE,0.000,6.300,0.000,6.300,,,QLD,Regional - QLD,590001,2026/09/12 20:57:01
2026/09/11,SSSF,540062,STOR,0.000,6.300,0.000,0.000,8403.462,0.000,QLD,Regional - QLD,590001,2026/09/12 20:57:01
2026/09/11,Strathblane,540067,PROD,0.000,44.528,0.000,0.000,,,QLD,Regional - QLD,590001,2026/09/16 11:30:10
2026/09/11,Swanbank Power Station,544104,BBGPG,0.000,0.000,0.000,0.000,,,QLD,Brisbane,590002,2026/09/12 12:48:49
2026/09/11,SWQP,540060,PIPE,0.000,0.000,232.059,353.860,,,QLD,Wallumbilla Hub,540032,2026/09/12 12:48:49
2026/09/11,SWQP,540060,PIPE,0.000,0.000,0.000,75.553,,,QLD,Ballera,540078,2026/09/12 12:48:49
2026/09/11,SWQP,540060,PIPE,0.000,183.346,6.898,67.733,,,SA,Moomba Hub,550017,2026/09/12 12:48:49
2026/09/11,SWQP,540060,PIPE,0.102,0.000,0.000,0.000,,,QLD,Regional - QLD,590001,2026/09/12 12:48:49
2026/09/11,Talinga,540076,PROD,0.000,86.885,0.000,0.000,,,QLD,Regional - QLD,590001,2026/09/16 11:30:10
2026/09/11,Tallawarra,522002,BBGPG,0.000,0.000,0.000,0.000,,,NSW,Regional - NSW,590011,2026/09/12 11:00:09
2026/09/11,Tallawarra Pipeline,523201,PIPE,0.000,0.000,0.000,0.000,,,NSW,Regional - NSW,590011,2026/09/12 11:00:09
2026/09/11,Taloona,540068,PROD,0.000,40.896,0.000,0.000,,,QLD,Regional - QLD,590001,2026/09/16 11:30:10
2026/09/11,Tanami GP,580210,PIPE,8.188,0.000,8.099,0.000,,,NT,Regional - NT,590017,2026/09/12 12:02:00
2026/09/11,TGP,570050,PIPE,0.000,0.000,80.807,24.290,,,VIC,Longford Hub,530015,2026/09/18 10:01:00
2026/09/11,TGP,570050,PIPE,51.702,0.000,0.000,0.000,,,TAS,Regional - TAS,590014,2026/09/18 10:01:00
2026/09/11,Tipton,540051,PROD,0.000,32.500,0.000,0.000,,,QLD,Regional - QLD,590001,2026/09/12 12:30:08
2026/09/11,Torrens Island PS,555041,BBGPG,24.640,0.000,0.000,0.000,,,SA,Regional - SA,590013,2026/09/12 11:31:05
2026/09/11,Uranquinty Power Station,522047,BBGPG,0.000,0.000,0.000,0.000,,,NSW,Regional - NSW,590011,2026/09/12 12:48:49
2026/09/11,Valley Power GPG,535024,BBGPG,0.016,0.000,0.000,0.000,,,VIC,Gippsland,590009,2026/09/12 11:00:48
2026/09/11,VicHub,532005,PIPE,0.000,0.000,23.831,23.831,,,VIC,Longford Hub,530015,2026/09/12 12:01:17
2026/09/11,Viva Energy Refinery,535018,BBLARGE,8.957,0.000,0.000,0.000,,,VIC,Geelong,590005,2026/09/12 07:30:15
2026/09/11,VTS,530110,PIPE,0.000,396.060,48.134,0.000,,,VIC,Longford Hub,530015,2026/09/12 11:00:01
2026/09/11,VTS,530110,PIPE,5.787,21.045,109.420,0.000,,,VIC,Iona Hub,530016,2026/09/12 11:00:01
2026/09/11,VTS,530110,PIPE,13.281,0.000,0.000,0.000,,,VIC,Western,590004,2026/09/12 11:00:01
2026/09/11,VTS,530110,PIPE,54.351,0.000,0.000,0.000,,,VIC,Geelong,590005,2026/09/12 11:00:01
2026/09/11,VTS,530110,PIPE,30.380,0.000,0.000,0.000,,,VIC,Ballarat,590006,2026/09/12 11:00:01
2026/09/11,VTS,530110,PIPE,49.300,0.000,0.000,0.000,,,VIC,Northern,590007,2026/09/12 11:00:01
2026/09/11,VTS,530110,PIPE,316.063,5.382,0.000,0.000,,,VIC,Melbourne,590008,2026/09/12 11:00:01
2026/09/11,VTS,530110,PIPE,31.268,0.000,16.480,0.003,,,VIC,Gippsland,590009,2026/09/12 11:00:01
2026/09/11,VTS,530110,PIPE,0.000,0.000,0.000,107.159,,,NSW,Culcairn,590016,2026/09/12 11:00:01
2026/09/11,Wallumbilla Compression Station,544280,COMPRESSOR,0.000,0.000,0.000,0.000,,,QLD,Wallumbilla Hub,540032,2026/09/12 10:58:05
2026/09/11,WCFA,540045,COMPRESSOR,0.000,0.000,161.630,161.630,,,QLD,Wallumbilla Hub,540032,2026/09/12 12:48:49
2026/09/11,WCFB,540046,COMPRESSOR,0.000,0.000,192.230,192.230,,,QLD,Wallumbilla Hub,540032,2026/09/12 12:48:49
2026/09/11,Weddell Power Station,580232,BBGPG,23.327,0.000,0.000,0.000,,,NT,Darwin,580001,2026/09/12 12:48:49
2026/09/11,WGP,540091,PIPE,1442.712,0.000,0.000,0.000,,,QLD,Curtis Island,540030,2026/09/12 10:35:31
2026/09/11,WGP,540091,PIPE,0.000,1403.749,55.655,0.000,,,QLD,Regional - QLD,590001,2026/09/12 10:35:31
2026/09/11,Whyalla Steelworks,555085,BBLARGE,6.258,0.000,0.000,0.000,,,SA,Regional - SA,590013,2026/09/12 11:31:05
2026/09/11,Windibri,540069,PROD,0.000,96.107,0.000,0.000,,,QLD,Regional - QLD,590001,2026/09/12 10:35:31
2026/09/11,Woleebee Creek,540087,PROD,0.000,640.288,0.000,0.000,,,QLD,Regional - QLD,590001,2026/09/12 10:35:31
2026/09/11,WPP,580030,PIPE,23.327,8.237,15.101,0.000,,,NT,Darwin,580001,2026/09/12 12:48:49
2026/09/11,Yarwun,544282,BBGPG,51.488,0.000,0.000,0.000,,,QLD,Regional - QLD,590001,2026/09/12 12:01:08
2026/09/11,Yelcherr,580180,PROD,0.000,0.000,0.000,0.000,,,NT,Regional - NT,590017,2026/09/12 12:48:49
2026/09/11,Yellowbank,540074,PROD,0.000,11.954,0.000,0.000,,,QLD,Regional - QLD,590001,2026/09/12 12:01:08
2026/09/12,Adelaide Brighton,555091,BBLARGE,7.540,0.000,0.000,0.000,,,SA,Adelaide,550016,2026/09/13 13:00:00
2026/09/12,AGP,580010,PIPE,14.824,0.000,0.000,15.315,,,NT,Darwin,580001,2026/09/13 12:45:48
2026/09/12,AGP,580010,PIPE,7.083,30.113,22.136,17.797,,,NT,Regional - NT,590017,2026/09/13 12:45:48
2026/09/12,APLNG Pipeline,540093,PIPE,1630.174,0.000,0.000,0.000,,,QLD,Curtis Island,540030,2026/09/17 11:31:57
2026/09/12,APLNG Pipeline,540093,PIPE,0.000,1173.077,575.989,127.038,,,QLD,Regional - QLD,590001,2026/09/17 11:31:57
2026/09/12,Arcadia,540101,PROD,0.000,92.632,0.000,0.000,,,QLD,Regional - QLD,590001,2026/09/13 14:58:21
2026/09/12,ATGP,640013,PIPE,0.000,42.618,0.000,42.618,,,QLD,Regional - QLD,590001,2026/09/13 12:01:13
2026/09/12,ATHENA,535014,PROD,0.000,16.888,0.000,0.000,,,VIC,Iona Hub,530016,2026/09/17 10:23:03
2026/09/12,Atlas,544261,PROD,0.000,42.618,0.000,0.000,,,QLD,Regional - QLD,590001,2026/09/13 12:01:17
2026/09/12,Atlas East Central Processing Facility,640008,PROD,0.000,33.470,0.000,0.000,,,QLD,Regional - QLD,590001,2026/09/13 08:49:33
2026/09/12,Atlas to Reedy Creek Pipeline,640007,PIPE,0.000,33.475,0.000,32.826,,,QLD,Regional - QLD,590001,2026/09/13 12:45:48
2026/09/12,Australia Pacific LNG,544273,LNGEXPORT,1630.174,0.000,0.000,0.000,,,QLD,Curtis Island,540030,2026/09/13 12:00:25
2026/09/12,Australian Paper (Opal),535021,BBLARGE,9.671,0.000,0.000,0.000,,,VIC,Gippsland,590009,2026/09/15 11:00:02
2026/09/12,B1PL,540077,PIPE,0.037,40.829,0.000,38.296,,,QLD,Regional - QLD,590001,2026/09/13 11:00:51
2026/09/12,B2PL,540071,PIPE,0.000,54.695,2.008,56.722,,,QLD,Regional - QLD,590001,2026/09/13 12:30:08
2026/09/12,Bairnsdale Power Station,535020,BBGPG,0.000,0.000,0.000,0.000,,,VIC,Regional - VIC,590012,2026/09/13 11:00:52
2026/09/12,BCF,540047,COMPRESSOR,0.000,0.000,68.000,68.000,,,QLD,Regional - QLD,590001,2026/09/17 15:05:44
2026/09/12,Bell Bay CCGT,577016,BBGPG,27.228,0.000,0.000,0.000,,,TAS,Regional - TAS,590014,2026/09/18 10:01:01
2026/09/12,Bell Bay GGT,577014,BBGPG,0.564,0.000,0.000,0.000,,,TAS,Regional - TAS,590014,2026/09/18 10:01:01
2026/09/12,Bell Bay OCGT,577015,BBGPG,0.000,0.000,0.000,0.000,,,TAS,Regional - TAS,590014,2026/09/18 10:01:01
2026/09/12,Bellevue,540083,PROD,0.000,149.334,0.000,0.000,,,QLD,Regional - QLD,590001,2026/09/13 10:36:05
2026/09/12,BGP,580020,PIPE,0.333,0.000,0.000,0.000,,,NT,Regional - NT,590017,2026/09/13 12:45:48
2026/09/12,BlueScope,523204,BBLARGE,7.813,0.000,0.000,0.000,,,NSW,Sydney,520008,2026/09/15 21:00:05
2026/09/12,Bolivar,555008,BBGPG,0.000,0.000,0.000,0.000,,,SA,Regional - SA,590013,2026/09/13 12:07:03
2026/09/12,Bomaderry Gas Pipeline,523202,PIPE,0.000,0.000,21.813,0.000,,,NSW,Regional - NSW,590011,2026/09/15 21:00:05
2026/09/12,BPP,530030,PIPE,2.220,19.150,0.000,16.930,,,VIC,Gippsland,590009,2026/09/15 11:00:02
2026/09/12,Braemar 2 Power Station,544085,BBGPG,0.000,0.000,0.000,0.000,,,QLD,Regional - QLD,590001,2026/09/13 12:30:08
2026/09/12,Braemar Power Station,544252,BBGPG,0.037,0.000,0.000,0.000,,,QLD,Regional - QLD,590001,2026/09/13 11:00:51
2026/09/12,BWP,540096,PIPE,0.000,0.000,0.000,5.900,,,QLD,Wallumbilla Hub,540032,2026/09/13 12:45:48
2026/09/12,BWP,540096,PIPE,0.000,6.152,0.000,0.000,,,QLD,Regional - QLD,590001,2026/09/13 12:45:48
2026/09/12,CGP,540059,PIPE,0.000,0.000,68.005,0.000,,,QLD,Ballera,540078,2026/09/13 12:45:48
2026/09/12,CGP,540059,PIPE,60.929,0.000,0.000,0.000,,,QLD,Regional - QLD,590001,2026/09/13 12:45:48
2026/09/12,Channel Island Power Station,580231,BBGPG,14.824,0.000,0.000,0.000,,,NT,Darwin,580001,2026/09/13 12:45:48
2026/09/12,Colongra,523120,BBGPG,0.000,0.000,0.000,0.000,,,NSW,Regional - NSW,590011,2026/09/13 12:00:05
2026/09/12,ColongraGP,520090,PIPE,0.000,0.000,0.000,0.000,,,NSW,Sydney,520008,2026/09/13 12:00:05
2026/09/12,ColongraGP,520090,PIPE,0.000,0.000,0.000,0.000,,,NSW,Regional - NSW,590011,2026/09/13 12:00:05
2026/09/12,Combabula,540094,PROD,0.000,289.950,0.000,0.000,,,QLD,Regional - QLD,590001,2026/09/17 11:31:57
2026/09/12,Condabri Central,540080,PROD,0.000,0.000,0.000,0.000,,,QLD,Regional - QLD,590001,2026/09/17 11:31:57
2026/09/12,Condabri North,540090,PROD,0.000,130.951,0.000,0.000,,,QLD,Regional - QLD,590001,2026/09/17 11:31:57
2026/09/12,Condabri South,540086,PROD,0.000,156.838,0.000,0.000,,,QLD,Regional - QLD,590001,2026/09/17 11:31:57
2026/09/12,Condamine Power Station,544274,BBGPG,0.000,0.000,0.000,0.000,,,QLD,Regional - QLD,590001,2026/09/13 10:36:08
2026/09/12,CRWP,540098,PIPE,0.000,0.000,261.171,2.207,,,QLD,Wallumbilla Hub,540032,2026/09/13 14:58:05
2026/09/12,CRWP,540098,PIPE,0.000,231.040,40.358,545.088,,,QLD,Regional - QLD,590001,2026/09/13 14:58:05
2026/09/12,CWP,520054,PIPE,2.912,0.000,3.048,0.000,,,NSW,Regional - NSW,590011,2026/09/13 12:45:48
2026/09/12,Daandine,540050,PROD,0.000,54.722,0.000,0.000,,,QLD,Regional - QLD,590001,2026/09/13 12:30:08
2026/09/12,Dandenong LNG,530038,STOR,5.159,0.453,0.000,0.000,645.357,27.889,VIC,Melbourne,590008,2026/09/13 12:45:48
2026/09/12,DDP,540097,PIPE,0.000,0.000,0.000,171.432,,,QLD,Wallumbilla Hub,540032,2026/09/14 09:00:05
2026/09/12,DDP,540097,PIPE,0.004,564.866,92.292,489.247,,,QLD,Regional - QLD,590001,2026/09/14 09:00:05
2026/09/12,DDPS,544027,BBGPG,0.004,0.000,0.000,0.000,,,QLD,Regional - QLD,590001,2026/09/14 09:00:05
2026/09/12,Diamantina Power Station,544077,BBGPG,37.045,0.000,0.000,0.000,,,QLD,Regional - QLD,590001,2026/09/13 12:45:48
2026/09/12,Dry Creek Power Station,555026,BBGPG,0.000,0.000,0.000,0.000,,,SA,Regional - SA,590013,2026/09/13 11:31:24
2026/09/12,EGP,520047,PIPE,131.243,0.000,0.000,0.000,,,NSW,Sydney,520008,2026/09/15 21:00:05
2026/09/12,EGP,520047,PIPE,8.399,0.000,0.000,0.000,,,NSW,Canberra,520009,2026/09/15 21:00:05
2026/09/12,EGP,520047,PIPE,0.000,198.848,0.000,92.759,,,VIC,Longford Hub,530015,2026/09/15 21:00:05
2026/09/12,EGP,520047,PIPE,4.625,0.000,0.000,21.813,,,NSW,Regional - NSW,590011,2026/09/15 21:00:05
2026/09/12,EGP,520047,PIPE,0.671,73.351,0.000,0.000,,,VIC,Regional - VIC,590012,2026/09/15 21:00:05
2026/09/12,EO4PL,540055,PIPE,0.000,0.000,0.000,0.000,,,QLD,Regional - QLD,590001,2026/09/13 10:36:05
2026/09/12,Eurombah Creek,540089,PROD,0.000,158.608,0.000,0.000,,,QLD,Regional - QLD,590001,2026/09/17 11:31:57
2026/09/12,Fairview,540070,PROD,0.000,280.191,0.000,0.000,,,QLD,Regional - QLD,590001,2026/09/13 14:58:21
2026/09/12,GLNG (Curtis Island),544276,LNGEXPORT,969.914,0.000,0.000,0.000,,,QLD,Curtis Island,540030,2026/09/13 14:58:05
2026/09/12,GLNG Pipeline,540092,PIPE,969.914,0.000,0.000,0.000,,,QLD,Curtis Island,540030,2026/09/13 14:58:05
2026/09/12,GLNG Pipeline,540092,PIPE,0.000,413.635,545.228,22.720,,,QLD,Regional - QLD,590001,2026/09/13 10:36:05
2026/09/12,Hallett,555029,BBGPG,0.000,0.000,0.000,0.000,,,SA,Regional - SA,590013,2026/09/13 11:31:24
2026/09/12,Hunter Power Station,523210,BBGPG,0.002,0.000,0.000,0.000,,,NSW,Sydney,520008,2026/09/13 12:45:48
2026/09/12,ICF,530071,COMPRESSOR,0.000,0.000,6.300,6.300,,,VIC,Iona Hub,530016,2026/09/13 08:35:02
2026/09/12,Iona UGS,530042,STOR,66.006,11.646,0.000,0.000,12739.133,0.000,VIC,Iona Hub,530016,2026/09/13 08:30:03
2026/09/12,Jeerelang,533161,BBGPG,0.000,0.000,0.000,0.000,,,VIC,Gippsland,590009,2026/09/15 11:00:02
2026/09/12,Jordan,540088,PROD,0.000,335.538,0.000,0.000,,,QLD,Regional - QLD,590001,2026/09/13 10:36:05
2026/09/12,Katherine Power Station,580233,BBGPG,0.000,0.000,0.000,0.000,,,NT,Regional - NT,590017,2026/09/13 12:45:48
2026/09/12,Kenya,540075,PROD,0.000,110.453,0.000,0.000,,,QLD,Regional - QLD,590001,2026/09/13 10:36:05
2026/09/12,Kincora,544253,PROD,0.000,4.000,0.000,0.000,,,QLD,Regional - QLD,590001,2026/09/13 12:45:48
2026/09/12,KKLP,523209,PIPE,0.002,0.000,0.000,0.000,,,NSW,Sydney,520008,2026/09/13 12:45:48
2026/09/12,Kogan North,540061,PROD,0.000,4.313,0.000,0.000,,,QLD,Regional - QLD,590001,2026/09/13 12:45:48
2026/09/12,Ladbroke Grove PS,555086,BBGPG,0.000,0.000,0.000,0.000,,,SA,Regional - SA,590013,2026/09/13 12:45:48
2026/09/12,Lang Lang,530039,PROD,0.000,19.150,0.000,0.000,,,VIC,Gippsland,590009,2026/09/13 08:27:23
2026/09/12,Laverton,533201,BBGPG,0.002,0.000,0.000,0.000,,,VIC,Geelong,590005,2026/09/15 11:00:02
2026/09/12,Longford,530040,PROD,0.000,603.677,0.000,0.000,,,VIC,Longford Hub,530015,2026/09/13 08:38:16
2026/09/12,Loy Yang B,533163,BBGPG,0.000,0.000,0.000,0.000,,,VIC,Gippsland,590009,2026/09/13 11:00:58
2026/09/12,LYB Transmission Pipeline,535023,PIPE,0.006,0.000,0.000,0.000,,,VIC,Gippsland,590009,2026/09/13 11:00:58
2026/09/12,MAPS,550054,PIPE,16.570,0.000,0.000,0.000,,,SA,Adelaide,550016,2026/09/13 11:31:24
2026/09/12,MAPS,550054,PIPE,0.000,42.872,13.370,0.000,,,SA,Moomba Hub,550017,2026/09/13 11:31:24
2026/09/12,MAPS,550054,PIPE,49.064,0.000,10.000,0.000,,,SA,Regional - SA,590013,2026/09/13 11:31:24
2026/09/12,McArthur River Mine,580220,BBGPG,8.664,0.000,0.000,0.000,,,NT,Regional - NT,590017,2026/09/13 09:55:49
2026/09/12,MCF,550050,COMPRESSOR,0.000,0.000,165.590,165.590,,,SA,Moomba Hub,550017,2026/09/13 12:45:48
2026/09/12,Mereenie,580040,PROD,0.000,24.620,0.000,0.000,,,NT,Regional - NT,590017,2026/09/13 11:05:21
2026/09/12,Meridian,540064,PROD,0.000,45.062,0.000,0.000,,,QLD,Regional - QLD,590001,2026/09/13 09:38:51
2026/09/12,Mintaro Power Station,555031,BBGPG,0.000,0.000,0.000,0.000,,,SA,Regional - SA,590013,2026/09/13 11:31:24
2026/09/12,Moomba,550045,PROD,0.000,222.500,0.000,0.000,,,SA,Moomba Hub,550017,2026/09/17 15:05:44
2026/09/12,Moomba Storage,550046,STOR,0.000,4.800,0.000,0.000,6249.900,0.000,SA,Moomba Hub,550017,2026/09/17 15:05:44
2026/09/12,Mortlake PS,530063,BBGPG,0.000,0.000,0.000,0.000,,,VIC,Regional - VIC,590012,2026/09/13 07:20:01
2026/09/12,MPL,530061,PIPE,0.000,0.000,0.015,0.000,,,VIC,Iona Hub,530016,2026/09/13 07:20:01
2026/09/12,MPL,530061,PIPE,0.000,0.000,0.000,0.000,,,VIC,Regional - VIC,590012,2026/09/13 07:20:01
2026/09/12,MRP,580100,PIPE,8.664,0.000,8.665,0.000,,,NT,Regional - NT,590017,2026/09/13 09:55:49
2026/09/12,MSP,520053,PIPE,77.647,0.000,0.000,0.000,,,NSW,Sydney,520008,2026/09/13 12:45:48
2026/09/12,MSP,520053,PIPE,0.000,0.000,3.683,0.000,,,SA,Moomba Hub,550017,2026/09/13 12:45:48
2026/09/12,MSP,520053,PIPE,26.088,0.000,0.000,3.048,,,NSW,Regional - NSW,590011,2026/09/13 12:45:48
2026/09/12,MSP,520053,PIPE,7.223,0.000,0.000,0.000,,,NSW,Regional - ACT,590015,2026/09/13 12:45:48
2026/09/12,MSP,520053,PIPE,0.000,0.000,133.441,0.000,,,NSW,Culcairn,590016,2026/09/13 12:45:48
2026/09/12,Newport,533171,BBGPG,0.006,0.000,0.000,0.000,,,VIC,Melbourne,590008,2026/09/15 11:00:02
2026/09/12,NGP,580050,PIPE,0.000,0.000,0.000,0.000,,,QLD,Regional - QLD,590001,2026/09/13 12:01:15
2026/09/12,NGP,580050,PIPE,0.000,0.000,0.000,0.000,,,NT,Regional - NT,590017,2026/09/13 12:01:15
2026/09/12,NGS,520060,STOR,0.170,0.739,0.000,0.000,659.690,76.846,NSW,Sydney,520008,2026/09/13 12:16:16
2026/09/12,Oakey PS,544095,BBGPG,0.000,0.000,0.000,0.000,,,QLD,Regional - QLD,590001,2026/09/13 12:45:48
2026/09/12,Orana,540084,PROD,0.000,170.233,0.000,0.000,,,QLD,Regional - QLD,590001,2026/09/17 11:31:57
2026/09/12,Orbost,530041,PROD,0.000,73.351,0.000,0.000,,,VIC,Regional - VIC,590012,2026/09/15 21:00:05
2026/09/12,Orica,544011,BBLARGE,9.344,0.000,0.000,0.000,,,QLD,Regional - QLD,590001,2026/09/13 12:01:09
2026/09/12,Orica (Kooragang Island),523206,BBLARGE,40.370,0.000,0.000,0.000,,,NSW,Sydney,520008,2026/09/13 13:00:00
2026/09/12,Osborne,555033,BBGPG,0.000,0.000,0.000,0.000,,,SA,Regional - SA,590013,2026/09/13 11:31:24
2026/09/12,Otway,530044,PROD,0.000,144.850,0.000,0.000,,,VIC,Iona Hub,530016,2026/09/13 09:52:55
2026/09/12,Owen Springs Power Station,580235,BBGPG,0.120,0.000,0.000,0.000,,,NT,Regional - NT,590017,2026/09/13 06:41:03
2026/09/12,Palm Valley,580060,PROD,0.000,5.493,0.000,0.000,,,NT,Regional - NT,590017,2026/09/13 11:05:21
2026/09/12,PCA,550052,PIPE,0.000,11.894,62.629,1.182,,,VIC,Iona Hub,530016,2026/09/13 07:20:02
2026/09/12,PCA,550052,PIPE,24.327,0.000,0.000,0.000,,,SA,Adelaide,550016,2026/09/13 07:20:02
2026/09/12,PCA,550052,PIPE,0.000,0.000,0.000,7.108,,,VIC,Regional - VIC,590012,2026/09/13 07:20:02
2026/09/12,PCA,550052,PIPE,0.698,0.000,0.000,10.003,,,SA,Regional - SA,590013,2026/09/13 07:20:02
2026/09/12,PCI,530060,PIPE,0.000,155.966,1.182,157.148,,,VIC,Iona Hub,530016,2026/09/13 07:20:03
2026/09/12,Peat,540065,PROD,0.000,11.716,0.000,0.000,,,QLD,Regional - QLD,590001,2026/09/17 11:31:57
2026/09/12,Pelican Point Power Station,555089,BBGPG,17.624,0.000,0.000,0.000,,,SA,Regional - SA,590013,2026/09/13 07:20:02
2026/09/12,Phosphate Hill,544081,BBLARGE,11.602,0.000,0.000,0.000,,,QLD,Regional - QLD,590001,2026/09/13 12:45:48
2026/09/12,Pipeline Compression Station,544279,COMPRESSOR,0.000,0.000,0.000,0.000,,,QLD,Regional - QLD,590001,2026/09/13 14:58:05
2026/09/12,PVP,580070,PIPE,0.524,0.000,0.631,0.000,,,NT,Regional - NT,590017,2026/09/13 06:41:03
2026/09/12,QCLNG LNG Plant,544272,LNGEXPORT,1469.015,0.000,0.000,0.000,,,QLD,Curtis Island,540030,2026/09/13 10:36:05
2026/09/12,QGP,540058,PIPE,0.000,0.000,13.436,0.000,,,QLD,Wallumbilla Hub,540032,2026/09/13 12:01:09
2026/09/12,QGP,540058,PIPE,113.453,23.602,76.886,0.000,,,QLD,Regional - QLD,590001,2026/09/13 12:01:09
2026/09/12,Quarantine Power Station,555087,BBGPG,0.530,0.000,0.000,0.000,,,SA,Regional - SA,590013,2026/09/13 11:31:24
2026/09/12,Queensland Aluminia,544012,BBLARGE,36.817,0.000,0.000,0.000,,,QLD,Regional - QLD,590001,2026/09/13 12:01:09
2026/09/12,RBP,540057,PIPE,0.000,0.000,0.648,10.300,,,QLD,Wallumbilla Hub,540032,2026/09/13 12:45:48
2026/09/12,RBP,540057,PIPE,2.555,20.029,44.624,2.008,,,QLD,Regional - QLD,590001,2026/09/13 12:45:48
2026/09/12,RBP,540057,PIPE,31.901,0.000,0.000,0.000,,,QLD,Brisbane,590002,2026/09/13 12:45:48
2026/09/12,RCWP,540102,PIPE,0.000,0.000,31.379,0.002,,,QLD,Wallumbilla Hub,540032,2026/09/13 12:45:48
2026/09/12,RCWP,540102,PIPE,0.000,0.000,32.826,64.161,,,QLD,Regional - QLD,590001,2026/09/13 12:45:48
2026/09/12,Reedy Creek,540085,PROD,0.000,184.431,0.000,0.000,,,QLD,Regional - QLD,590001,2026/09/17 11:31:57
2026/09/12,RMNGPF,640011,PROD,0.000,18.320,0.000,0.000,,,QLD,Regional - QLD,590001,2026/09/13 08:48:55
2026/09/12,RNMGP,640012,PIPE,0.000,18.320,0.000,18.320,,,QLD,Regional - QLD,590001,2026/09/13 08:48:55
2026/09/12,RNP,640009,PIPE,0.000,22.038,0.000,22.038,,,QLD,Regional - QLD,590001,2026/09/13 12:01:11
2026/09/12,Rolleston,540073,PROD,0.000,7.892,0.000,0.000,,,QLD,Regional - QLD,590001,2026/09/13 12:01:09
2026/09/12,Roma,540095,PROD,0.000,231.040,0.000,0.000,,,QLD,Regional - QLD,590001,2026/09/13 14:58:26
2026/09/12,Roma North,544260,PROD,0.000,22.038,0.000,0.000,,,QLD,Regional - QLD,590001,2026/09/13 12:01:16
2026/09/12,Roma Power Station,540120,BBGPG,0.000,0.000,0.000,0.000,,,QLD,Regional - QLD,590001,2026/09/13 16:30:58
2026/09/12,Ron Goodin Power Station,580234,BBGPG,0.000,0.000,0.000,0.000,,,NT,Regional - NT,590017,2026/09/13 06:41:03
2026/09/12,RPL,540110,PIPE,0.045,0.000,0.000,0.000,,,QLD,Regional - QLD,590001,2026/09/13 16:30:58
2026/09/12,Ruby Jo,540082,PROD,0.000,422.548,0.000,0.000,,,QLD,Regional - QLD,590001,2026/09/13 10:36:05
2026/09/12,RUGS,540040,STOR,0.000,0.000,0.000,0.000,15130.760,0.000,QLD,Regional - QLD,590001,2026/09/13 14:58:26
2026/09/12,Scotia,540072,PROD,0.000,101.967,0.000,0.000,,,QLD,Regional - QLD,590001,2026/09/13 14:58:26
2026/09/12,SEPS,550061,PIPE,7.026,0.000,7.019,0.000,,,SA,Regional - SA,590013,2026/09/13 11:32:05
2026/09/12,SESA,550060,PIPE,0.000,0.000,7.107,0.000,,,VIC,Regional - VIC,590012,2026/09/13 12:45:48
2026/09/12,SESA,550060,PIPE,0.000,0.000,0.000,7.028,,,SA,Regional - SA,590013,2026/09/13 12:45:48
2026/09/12,Smithfield Energy Facility,522004,BBGPG,0.000,0.000,0.000,0.000,,,NSW,Regional - NSW,590011,2026/09/13 12:07:09
2026/09/12,Snapper Point,555090,BBGPG,0.000,0.000,0.000,0.000,,,SA,Regional - SA,590013,2026/09/13 11:31:24
2026/09/12,Somerton,533174,BBGPG,0.003,0.000,0.000,0.000,,,VIC,Melbourne,590008,2026/09/15 11:00:02
2026/09/12,SPCF,580236,PROD,0.000,22.136,0.000,0.000,,,NT,Regional - NT,590017,2026/09/13 09:20:05
2026/09/12,SPP,580237,PIPE,0.000,22.136,0.000,22.136,,,NT,Regional - NT,590017,2026/09/13 12:45:48
2026/09/12,Spring Gully,540066,PROD,0.000,56.973,0.000,0.000,,,QLD,Regional - QLD,590001,2026/09/17 11:31:57
2026/09/12,SSP,540103,PIPE,0.000,6.300,0.000,6.300,,,QLD,Regional - QLD,590001,2026/09/13 12:20:20
2026/09/12,SSSF,540062,STOR,0.000,6.300,0.000,0.000,8396.912,0.000,QLD,Regional - QLD,590001,2026/09/13 12:20:20
2026/09/12,Strathblane,540067,PROD,0.000,44.444,0.000,0.000,,,QLD,Regional - QLD,590001,2026/09/17 11:31:57
2026/09/12,Swanbank Power Station,544104,BBGPG,0.000,0.000,0.000,0.000,,,QLD,Brisbane,590002,2026/09/13 12:45:48
2026/09/12,SWQP,540060,PIPE,0.000,0.000,189.194,305.987,,,QLD,Wallumbilla Hub,540032,2026/09/13 12:45:48
2026/09/12,SWQP,540060,PIPE,0.000,0.000,0.000,72.613,,,QLD,Ballera,540078,2026/09/13 12:45:48
2026/09/12,SWQP,540060,PIPE,0.000,182.644,0.000,17.053,,,SA,Moomba Hub,550017,2026/09/13 12:45:48
2026/09/12,SWQP,540060,PIPE,0.080,0.000,0.000,0.000,,,QLD,Regional - QLD,590001,2026/09/13 12:45:48
2026/09/12,Talinga,540076,PROD,0.000,85.869,0.000,0.000,,,QLD,Regional - QLD,590001,2026/09/17 11:31:57
2026/09/12,Tallawarra,522002,BBGPG,0.000,0.000,0.000,0.000,,,NSW,Regional - NSW,590011,2026/09/13 11:00:10
2026/09/12,Tallawarra Pipeline,523201,PIPE,0.000,0.000,0.000,0.000,,,NSW,Regional - NSW,590011,2026/09/13 11:00:10
2026/09/12,Taloona,540068,PROD,0.000,41.115,0.000,0.000,,,QLD,Regional - QLD,590001,2026/09/17 11:31:57
2026/09/12,Tanami GP,580210,PIPE,7.575,0.000,8.501,0.000,,,NT,Regional - NT,590017,2026/09/13 12:02:00
2026/09/12,TGP,570050,PIPE,0.000,0.000,73.514,18.246,,,VIC,Longford Hub,530015,2026/09/18 10:01:01
2026/09/12,TGP,570050,PIPE,44.714,0.000,0.000,0.000,,,TAS,Regional - TAS,590014,2026/09/18 10:01:01
2026/09/12,Tipton,540051,PROD,0.000,40.829,0.000,0.000,,,QLD,Regional - QLD,590001,2026/09/13 12:30:08
2026/09/12,Torrens Island PS,555041,BBGPG,11.913,0.000,0.000,0.000,,,SA,Regional - SA,590013,2026/09/13 11:31:24
2026/09/12,Uranquinty Power Station,522047,BBGPG,0.000,0.000,0.000,0.000,,,NSW,Regional - NSW,590011,2026/09/13 12:45:48
2026/09/12,Valley Power GPG,535024,BBGPG,0.006,0.000,0.000,0.000,,,VIC,Gippsland,590009,2026/09/13 11:00:58
2026/09/12,VicHub,532005,PIPE,0.000,0.000,19.244,19.244,,,VIC,Longford Hub,530015,2026/09/14 10:00:05
2026/09/12,Viva Energy Refinery,535018,BBLARGE,7.559,0.000,0.000,0.000,,,VIC,Geelong,590005,2026/09/13 07:30:15
2026/09/12,VTS,530110,PIPE,0.000,403.037,37.500,0.000,,,VIC,Longford Hub,530015,2026/09/15 11:00:02
2026/09/12,VTS,530110,PIPE,60.466,0.000,94.479,0.000,,,VIC,Iona Hub,530016,2026/09/15 11:00:02
2026/09/12,VTS,530110,PIPE,10.588,0.000,0.000,0.000,,,VIC,Western,590004,2026/09/15 11:00:02
2026/09/12,VTS,530110,PIPE,41.424,0.000,0.000,0.000,,,VIC,Geelong,590005,2026/09/15 11:00:02
2026/09/12,VTS,530110,PIPE,22.038,0.000,0.000,0.000,,,VIC,Ballarat,590006,2026/09/15 11:00:02
2026/09/12,VTS,530110,PIPE,36.734,0.000,0.000,0.000,,,VIC,Northern,590007,2026/09/15 11:00:02
2026/09/12,VTS,530110,PIPE,232.499,4.277,0.000,0.000,,,VIC,Melbourne,590008,2026/09/15 11:00:02
2026/09/12,VTS,530110,PIPE,24.526,0.000,16.930,0.000,,,VIC,Gippsland,590009,2026/09/15 11:00:02
2026/09/12,VTS,530110,PIPE,0.000,0.000,0.000,133.440,,,NSW,Culcairn,590016,2026/09/15 11:00:02
2026/09/12,Wallumbilla Compression Station,544280,COMPRESSOR,0.000,0.000,0.000,0.000,,,QLD,Wallumbilla Hub,540032,2026/09/13 14:58:05
2026/09/12,WCFA,540045,COMPRESSOR,0.000,0.000,144.814,144.814,,,QLD,Wallumbilla Hub,540032,2026/09/13 12:45:48
2026/09/12,WCFB,540046,COMPRESSOR,0.000,0.000,161.172,161.172,,,QLD,Wallumbilla Hub,540032,2026/09/13 12:45:48
2026/09/12,Weddell Power Station,580232,BBGPG,18.116,0.000,0.000,0.000,,,NT,Darwin,580001,2026/09/13 12:45:48
2026/09/12,WGP,540091,PIPE,1469.015,0.000,0.000,0.000,,,QLD,Curtis Island,540030,2026/09/13 10:36:05
2026/09/12,WGP,540091,PIPE,0.000,1428.967,56.694,0.000,,,QLD,Regional - QLD,590001,2026/09/13 10:36:05
2026/09/12,Whyalla Steelworks,555085,BBLARGE,6.610,0.000,0.000,0.000,,,SA,Regional - SA,590013,2026/09/13 11:31:24
2026/09/12,Windibri,540069,PROD,0.000,95.692,0.000,0.000,,,QLD,Regional - QLD,590001,2026/09/13 10:36:05
2026/09/12,Woleebee Creek,540087,PROD,0.000,640.567,0.000,0.000,,,QLD,Regional - QLD,590001,2026/09/13 10:36:05
2026/09/12,WPP,580030,PIPE,18.116,2.804,15.315,0.000,,,NT,Darwin,580001,2026/09/13 12:45:48
2026/09/12,Yarwun,544282,BBGPG,50.922,0.000,0.000,0.000,,,QLD,Regional - QLD,590001,2026/09/13 12:01:09
2026/09/12,Yelcherr,580180,PROD,0.000,0.000,0.000,0.000,,,NT,Regional - NT,590017,2026/09/13 12:45:48
2026/09/12,Yellowbank,540074,PROD,0.000,11.460,0.000,0.000,,,QLD,Regional - QLD,590001,2026/09/13 12:01:09
2026/09/13,Adelaide Brighton,555091,BBLARGE,6.902,0.000,0.000,0.000,,,SA,Adelaide,550016,2026/09/14 13:00:00
2026/09/13,AGP,580010,PIPE,18.054,0.000,0.000,12.835,,,NT,Darwin,580001,2026/09/14 12:46:48
2026/09/13,AGP,580010,PIPE,6.987,30.882,30.011,17.212,,,NT,Regional - NT,590017,2026/09/14 12:46:48
2026/09/13,APLNG Pipeline,540093,PIPE,1650.705,0.000,0.000,0.000,,,QLD,Curtis Island,540030,2026/09/18 11:30:08
2026/09/13,APLNG Pipeline,540093,PIPE,0.000,1237.364,580.433,126.999,,,QLD,Regional - QLD,590001,2026/09/18 11:30:08
2026/09/13,Arcadia,540101,PROD,0.000,91.966,0.000,0.000,,,QLD,Regional - QLD,590001,2026/09/14 10:58:22
2026/09/13,ATGP,640013,PIPE,0.000,42.713,0.000,42.713,,,QLD,Regional - QLD,590001,2026/09/14 12:01:15
2026/09/13,ATHENA,535014,PROD,0.000,15.560,0.000,0.000,,,VIC,Iona Hub,530016,2026/09/17 10:23:03
2026/09/13,Atlas,544261,PROD,0.000,42.713,0.000,0.000,,,QLD,Regional - QLD,590001,2026/09/14 12:01:24
2026/09/13,Atlas East Central Processing Facility,640008,PROD,0.000,33.530,0.000,0.000,,,QLD,Regional - QLD,590001,2026/09/14 09:20:53
2026/09/13,Atlas to Reedy Creek Pipeline,640007,PIPE,0.000,33.527,0.000,32.694,,,QLD,Regional - QLD,590001,2026/09/14 12:46:48
2026/09/13,Australia Pacific LNG,544273,LNGEXPORT,1650.704,0.000,0.000,0.000,,,QLD,Curtis Island,540030,2026/09/14 12:00:26
2026/09/13,Australian Paper (Opal),535021,BBLARGE,9.057,0.000,0.000,0.000,,,VIC,Gippsland,590009,2026/09/15 11:00:02
2026/09/13,B1PL,540077,PIPE,0.038,36.817,0.000,32.296,,,QLD,Regional - QLD,590001,2026/09/14 11:01:09
2026/09/13,B2PL,540071,PIPE,0.000,54.530,3.006,56.723,,,QLD,Regional - QLD,590001,2026/09/14 12:30:09
2026/09/13,Bairnsdale Power Station,535020,BBGPG,0.000,0.000,0.000,0.000,,,VIC,Regional - VIC,590012,2026/09/14 11:01:06
2026/09/13,BCF,540047,COMPRESSOR,0.000,0.000,51.600,51.600,,,QLD,Regional - QLD,590001,2026/09/18 10:00:01
2026/09/13,Bell Bay CCGT,577016,BBGPG,26.909,0.000,0.000,0.000,,,TAS,Regional - TAS,590014,2026/09/18 10:01:21
2026/09/13,Bell Bay GGT,577014,BBGPG,0.564,0.000,0.000,0.000,,,TAS,Regional - TAS,590014,2026/09/18 10:01:21
2026/09/13,Bell Bay OCGT,577015,BBGPG,0.024,0.000,0.000,0.000,,,TAS,Regional - TAS,590014,2026/09/18 10:01:21
2026/09/13,Bellevue,540083,PROD,0.000,148.914,0.000,0.000,,,QLD,Regional - QLD,590001,2026/09/14 10:36:11
2026/09/13,BGP,580020,PIPE,0.332,0.000,0.000,0.000,,,NT,Regional - NT,590017,2026/09/14 12:46:48
2026/09/13,BlueScope,523204,BBLARGE,8.338,0.000,0.000,0.000,,,NSW,Sydney,520008,2026/09/14 12:01:05
2026/09/13,Bolivar,555008,BBGPG,0.000,0.000,0.000,0.000,,,SA,Regional - SA,590013,2026/09/14 12:04:52
2026/09/13,Bomaderry Gas Pipeline,523202,PIPE,21.814,0.000,22.089,0.000,,,NSW,Regional - NSW,590011,2026/09/15 13:31:37
2026/09/13,BPP,530030,PIPE,2.090,19.130,0.000,17.038,,,VIC,Gippsland,590009,2026/09/15 11:00:02
2026/09/13,Braemar 2 Power Station,544085,BBGPG,0.000,0.000,0.000,0.000,,,QLD,Regional - QLD,590001,2026/09/14 12:30:09
2026/09/13,Braemar Power Station,544252,BBGPG,0.038,0.000,0.000,0.000,,,QLD,Regional - QLD,590001,2026/09/14 11:01:09
2026/09/13,BWP,540096,PIPE,0.000,0.000,3.505,0.000,,,QLD,Wallumbilla Hub,540032,2026/09/14 12:46:48
2026/09/13,BWP,540096,PIPE,0.000,5.150,0.000,0.000,,,QLD,Regional - QLD,590001,2026/09/14 12:46:48
2026/09/13,CGP,540059,PIPE,0.000,0.000,51.644,0.000,,,QLD,Ballera,540078,2026/09/14 12:46:48
2026/09/13,CGP,540059,PIPE,57.979,0.000,0.000,0.000,,,QLD,Regional - QLD,590001,2026/09/14 12:46:48
2026/09/13,Channel Island Power Station,580231,BBGPG,18.054,0.000,0.000,0.000,,,NT,Darwin,580001,2026/09/14 12:46:48
2026/09/13,Colongra,523120,BBGPG,0.000,0.000,0.000,0.000,,,NSW,Regional - NSW,590011,2026/09/14 12:00:05
2026/09/13,ColongraGP,520090,PIPE,0.000,0.000,0.000,0.000,,,NSW,Sydney,520008,2026/09/14 12:00:05
2026/09/13,ColongraGP,520090,PIPE,0.000,0.000,0.000,0.000,,,NSW,Regional - NSW,590011,2026/09/14 12:00:05
2026/09/13,Combabula,540094,PROD,0.000,289.375,0.000,0.000,,,QLD,Regional - QLD,590001,2026/09/18 11:30:08
2026/09/13,Condabri Central,540080,PROD,0.000,49.949,0.000,0.000,,,QLD,Regional - QLD,590001,2026/09/18 11:30:08
2026/09/13,Condabri North,540090,PROD,0.000,154.613,0.000,0.000,,,QLD,Regional - QLD,590001,2026/09/18 11:30:08
2026/09/13,Condabri South,540086,PROD,0.000,150.231,0.000,0.000,,,QLD,Regional - QLD,590001,2026/09/18 11:30:08
2026/09/13,Condamine Power Station,544274,BBGPG,0.000,0.000,0.000,0.000,,,QLD,Regional - QLD,590001,2026/09/14 10:36:10
2026/09/13,CRWP,540098,PIPE,0.000,0.000,133.023,0.000,,,QLD,Wallumbilla Hub,540032,2026/09/14 10:58:07
2026/09/13,CRWP,540098,PIPE,0.000,230.908,41.086,423.341,,,QLD,Regional - QLD,590001,2026/09/14 10:58:07
2026/09/13,CWP,520054,PIPE,2.468,0.000,2.763,0.000,,,NSW,Regional - NSW,590011,2026/09/14 12:46:48
2026/09/13,Daandine,540050,PROD,0.000,54.553,0.000,0.000,,,QLD,Regional - QLD,590001,2026/09/14 12:30:09
2026/09/13,Dandenong LNG,530038,STOR,5.454,0.376,0.000,0.000,650.520,27.889,VIC,Melbourne,590008,2026/09/14 12:46:48
2026/09/13,DDP,540097,PIPE,0.000,0.000,0.000,170.975,,,QLD,Wallumbilla Hub,540032,2026/09/14 12:01:13
2026/09/13,DDP,540097,PIPE,0.004,548.234,92.326,473.488,,,QLD,Regional - QLD,590001,2026/09/14 12:01:13
2026/09/13,DDPS,544027,BBGPG,0.004,0.000,0.000,0.000,,,QLD,Regional - QLD,590001,2026/09/14 12:01:13
2026/09/13,Diamantina Power Station,544077,BBGPG,37.471,0.000,0.000,0.000,,,QLD,Regional - QLD,590001,2026/09/14 12:46:48
2026/09/13,Dry Creek Power Station,555026,BBGPG,0.000,0.000,0.000,0.000,,,SA,Regional - SA,590013,2026/09/14 11:31:06
2026/09/13,EGP,520047,PIPE,133.872,0.000,0.000,0.000,,,NSW,Sydney,520008,2026/09/14 12:01:05
2026/09/13,EGP,520047,PIPE,6.284,0.000,0.000,0.000,,,NSW,Canberra,520009,2026/09/14 12:01:05
2026/09/13,EGP,520047,PIPE,0.000,200.212,0.000,88.739,,,VIC,Longford Hub,530015,2026/09/14 12:01:05
2026/09/13,EGP,520047,PIPE,4.561,0.000,0.000,22.089,,,NSW,Regional - NSW,590011,2026/09/14 12:01:05
2026/09/13,EGP,520047,PIPE,0.454,70.648,0.000,0.000,,,VIC,Regional - VIC,590012,2026/09/14 12:01:05
2026/09/13,EO4PL,540055,PIPE,0.000,0.000,0.000,0.000,,,QLD,Regional - QLD,590001,2026/09/14 10:36:11
2026/09/13,Eurombah Creek,540089,PROD,0.000,158.297,0.000,0.000,,,QLD,Regional - QLD,590001,2026/09/18 11:30:08
2026/09/13,Fairview,540070,PROD,0.000,282.975,0.000,0.000,,,QLD,Regional - QLD,590001,2026/09/14 10:58:22
2026/09/13,GLNG (Curtis Island),544276,LNGEXPORT,816.882,0.000,0.000,0.000,,,QLD,Curtis Island,540030,2026/09/14 10:58:07
2026/09/13,GLNG Pipeline,540092,PIPE,816.882,0.000,0.000,0.000,,,QLD,Curtis Island,540030,2026/09/14 10:58:07
2026/09/13,GLNG Pipeline,540092,PIPE,0.000,420.143,423.551,22.518,,,QLD,Regional - QLD,590001,2026/09/14 10:36:11
2026/09/13,Hallett,555029,BBGPG,0.000,0.000,0.000,0.000,,,SA,Regional - SA,590013,2026/09/14 11:31:06
2026/09/13,Hunter Power Station,523210,BBGPG,0.001,0.000,0.000,0.000,,,NSW,Sydney,520008,2026/09/14 12:46:48
2026/09/13,ICF,530071,COMPRESSOR,0.000,0.000,4.000,4.000,,,VIC,Iona Hub,530016,2026/09/14 08:35:02
2026/09/13,Iona UGS,530042,STOR,97.194,6.002,0.000,0.000,12830.325,0.000,VIC,Iona Hub,530016,2026/09/14 08:30:03
2026/09/13,Jeerelang,533161,BBGPG,0.000,0.000,0.000,0.000,,,VIC,Gippsland,590009,2026/09/15 11:00:02
2026/09/13,Jordan,540088,PROD,0.000,337.780,0.000,0.000,,,QLD,Regional - QLD,590001,2026/09/14 10:36:11
2026/09/13,Katherine Power Station,580233,BBGPG,0.000,0.000,0.000,0.000,,,NT,Regional - NT,590017,2026/09/14 12:46:48
2026/09/13,Kenya,540075,PROD,0.000,109.580,0.000,0.000,,,QLD,Regional - QLD,590001,2026/09/14 10:36:11
2026/09/13,Kincora,544253,PROD,0.000,4.000,0.000,0.000,,,QLD,Regional - QLD,590001,2026/09/14 12:46:48
2026/09/13,KKLP,523209,PIPE,0.001,0.000,0.000,0.000,,,NSW,Sydney,520008,2026/09/14 12:46:48
2026/09/13,Kogan North,540061,PROD,0.000,4.310,0.000,0.000,,,QLD,Regional - QLD,590001,2026/09/14 12:46:48
2026/09/13,Ladbroke Grove PS,555086,BBGPG,0.000,0.000,0.000,0.000,,,SA,Regional - SA,590013,2026/09/14 12:46:48
2026/09/13,Lang Lang,530039,PROD,0.000,19.130,0.000,0.000,,,VIC,Gippsland,590009,2026/09/14 09:08:25
2026/09/13,Laverton,533201,BBGPG,0.000,0.000,0.000,0.000,,,VIC,Geelong,590005,2026/09/15 11:00:02
2026/09/13,Longford,530040,PROD,0.000,617.827,0.000,0.000,,,VIC,Longford Hub,530015,2026/09/14 08:58:04
2026/09/13,Loy Yang B,533163,BBGPG,0.000,0.000,0.000,0.000,,,VIC,Gippsland,590009,2026/09/14 11:01:11
2026/09/13,LYB Transmission Pipeline,535023,PIPE,0.001,0.000,0.121,0.000,,,VIC,Gippsland,590009,2026/09/14 11:01:11
2026/09/13,MAPS,550054,PIPE,24.615,0.000,0.000,0.000,,,SA,Adelaide,550016,2026/09/14 11:31:06
2026/09/13,MAPS,550054,PIPE,0.000,42.600,19.999,0.000,,,SA,Moomba Hub,550017,2026/09/14 11:31:06
2026/09/13,MAPS,550054,PIPE,39.738,0.000,14.999,0.000,,,SA,Regional - SA,590013,2026/09/14 11:31:06
2026/09/13,McArthur River Mine,580220,BBGPG,8.024,0.000,0.000,0.000,,,NT,Regional - NT,590017,2026/09/14 09:19:53
2026/09/13,MCF,550050,COMPRESSOR,0.000,0.000,159.428,159.428,,,SA,Moomba Hub,550017,2026/09/14 12:46:48
2026/09/13,Mereenie,580040,PROD,0.000,25.418,0.000,0.000,,,NT,Regional - NT,590017,2026/09/14 12:48:13
2026/09/13,Meridian,540064,PROD,0.000,49.452,0.000,0.000,,,QLD,Regional - QLD,590001,2026/09/14 09:39:00
2026/09/13,Mintaro Power Station,555031,BBGPG,0.000,0.000,0.000,0.000,,,SA,Regional - SA,590013,2026/09/14 11:31:06
2026/09/13,Moomba,550045,PROD,0.000,219.700,0.000,0.000,,,SA,Moomba Hub,550017,2026/09/18 10:00:01
2026/09/13,Moomba Storage,550046,STOR,0.000,3.800,0.000,0.000,6246.000,0.000,SA,Moomba Hub,550017,2026/09/18 10:00:01
2026/09/13,Mortlake PS,530063,BBGPG,0.000,0.000,0.000,0.000,,,VIC,Regional - VIC,590012,2026/09/14 07:20:00
2026/09/13,MPL,530061,PIPE,0.000,0.000,16.535,0.000,,,VIC,Iona Hub,530016,2026/09/14 07:20:00
2026/09/13,MPL,530061,PIPE,0.000,0.000,0.000,0.000,,,VIC,Regional - VIC,590012,2026/09/14 07:20:00
2026/09/13,MRP,580100,PIPE,8.024,0.000,8.025,0.000,,,NT,Regional - NT,590017,2026/09/14 09:19:53
2026/09/13,MSP,520053,PIPE,64.718,0.000,0.000,0.000,,,NSW,Sydney,520008,2026/09/14 12:46:48
2026/09/13,MSP,520053,PIPE,0.000,0.000,2.358,1.700,,,SA,Moomba Hub,550017,2026/09/14 12:46:48
2026/09/13,MSP,520053,PIPE,24.235,0.000,0.000,2.763,,,NSW,Regional - NSW,590011,2026/09/14 12:46:48
2026/09/13,MSP,520053,PIPE,9.171,0.000,0.000,0.000,,,NSW,Regional - ACT,590015,2026/09/14 12:46:48
2026/09/13,MSP,520053,PIPE,0.000,0.000,147.624,0.000,,,NSW,Culcairn,590016,2026/09/14 12:46:48
2026/09/13,Newport,533171,BBGPG,0.001,0.000,0.000,0.000,,,VIC,Melbourne,590008,2026/09/15 11:00:02
2026/09/13,NGP,580050,PIPE,0.000,0.000,0.000,0.000,,,QLD,Regional - QLD,590001,2026/09/14 12:01:20
2026/09/13,NGP,580050,PIPE,0.000,0.000,0.000,0.000,,,NT,Regional - NT,590017,2026/09/14 12:01:20
2026/09/13,NGS,520060,STOR,0.060,0.745,0.000,0.000,658.744,76.846,NSW,Sydney,520008,2026/09/14 10:13:20
2026/09/13,Oakey PS,544095,BBGPG,0.000,0.000,0.000,0.000,,,QLD,Regional - QLD,590001,2026/09/14 12:46:48
2026/09/13,Orana,540084,PROD,0.000,169.741,0.000,0.000,,,QLD,Regional - QLD,590001,2026/09/18 11:30:08
2026/09/13,Orbost,530041,PROD,0.000,70.648,0.000,0.000,,,VIC,Regional - VIC,590012,2026/09/14 12:01:05
2026/09/13,Orica,544011,BBLARGE,9.553,0.000,0.000,0.000,,,QLD,Regional - QLD,590001,2026/09/14 20:00:05
2026/09/13,Orica (Kooragang Island),523206,BBLARGE,39.542,0.000,0.000,0.000,,,NSW,Sydney,520008,2026/09/14 13:00:00
2026/09/13,Osborne,555033,BBGPG,0.000,0.000,0.000,0.000,,,SA,Regional - SA,590013,2026/09/14 11:31:06
2026/09/13,Otway,530044,PROD,0.000,135.724,0.000,0.000,,,VIC,Iona Hub,530016,2026/09/14 13:26:38
2026/09/13,Owen Springs Power Station,580235,BBGPG,0.190,0.000,0.000,0.000,,,NT,Regional - NT,590017,2026/09/14 06:41:13
2026/09/13,Palm Valley,580060,PROD,0.000,5.464,0.000,0.000,,,NT,Regional - NT,590017,2026/09/14 12:48:13
2026/09/13,PCA,550052,PIPE,0.000,9.015,36.535,1.306,,,VIC,Iona Hub,530016,2026/09/14 07:20:01
2026/09/13,PCA,550052,PIPE,17.410,0.000,0.000,0.000,,,SA,Adelaide,550016,2026/09/14 07:20:01
2026/09/13,PCA,550052,PIPE,0.000,0.000,0.000,6.349,,,VIC,Regional - VIC,590012,2026/09/14 07:20:01
2026/09/13,PCA,550052,PIPE,26.020,0.000,0.000,14.991,,,SA,Regional - SA,590013,2026/09/14 07:20:01
2026/09/13,PCI,530060,PIPE,0.000,146.276,1.306,147.584,,,VIC,Iona Hub,530016,2026/09/14 07:20:01
2026/09/13,Peat,540065,PROD,0.000,11.647,0.000,0.000,,,QLD,Regional - QLD,590001,2026/09/18 11:30:08
2026/09/13,Pelican Point Power Station,555089,BBGPG,17.569,0.000,0.000,0.000,,,SA,Regional - SA,590013,2026/09/14 07:20:01
2026/09/13,Phosphate Hill,544081,BBLARGE,8.632,0.000,0.000,0.000,,,QLD,Regional - QLD,590001,2026/09/14 12:46:48
2026/09/13,Pipeline Compression Station,544279,COMPRESSOR,0.000,0.000,0.000,0.000,,,QLD,Regional - QLD,590001,2026/09/14 10:58:07
2026/09/13,PVP,580070,PIPE,0.568,0.000,0.687,0.000,,,NT,Regional - NT,590017,2026/09/14 06:41:13
2026/09/13,QCLNG LNG Plant,544272,LNGEXPORT,1491.332,0.000,0.000,0.000,,,QLD,Curtis Island,540030,2026/09/14 10:36:11
2026/09/13,QGP,540058,PIPE,0.000,0.000,11.570,0.000,,,QLD,Wallumbilla Hub,540032,2026/09/14 20:00:05
2026/09/13,QGP,540058,PIPE,112.207,23.525,76.887,0.000,,,QLD,Regional - QLD,590001,2026/09/14 20:00:05
2026/09/13,Quarantine Power Station,555087,BBGPG,25.783,0.000,0.000,0.000,,,SA,Regional - SA,590013,2026/09/14 11:31:06
2026/09/13,Queensland Aluminia,544012,BBLARGE,35.758,0.000,0.000,0.000,,,QLD,Regional - QLD,590001,2026/09/14 20:00:05
2026/09/13,RBP,540057,PIPE,0.000,0.000,0.647,33.299,,,QLD,Wallumbilla Hub,540032,2026/09/14 12:46:48
2026/09/13,RBP,540057,PIPE,2.318,19.957,38.619,3.006,,,QLD,Regional - QLD,590001,2026/09/14 12:46:48
2026/09/13,RBP,540057,PIPE,33.713,0.000,0.000,0.000,,,QLD,Brisbane,590002,2026/09/14 12:46:48
2026/09/13,RCWP,540102,PIPE,0.000,0.000,53.133,0.091,,,QLD,Wallumbilla Hub,540032,2026/09/14 12:46:48
2026/09/13,RCWP,540102,PIPE,0.000,0.000,32.694,84.637,,,QLD,Regional - QLD,590001,2026/09/14 12:46:48
2026/09/13,Reedy Creek,540085,PROD,0.000,184.093,0.000,0.000,,,QLD,Regional - QLD,590001,2026/09/18 11:30:08
2026/09/13,RMNGPF,640011,PROD,0.000,18.410,0.000,0.000,,,QLD,Regional - QLD,590001,2026/09/14 09:20:40
2026/09/13,RNMGP,640012,PIPE,0.000,18.410,0.000,18.410,,,QLD,Regional - QLD,590001,2026/09/14 09:20:40
2026/09/13,RNP,640009,PIPE,0.000,22.676,0.000,22.676,,,QLD,Regional - QLD,590001,2026/09/14 12:01:11
2026/09/13,Rolleston,540073,PROD,0.000,7.816,0.000,0.000,,,QLD,Regional - QLD,590001,2026/09/14 20:00:05
2026/09/13,Roma,540095,PROD,0.000,230.908,0.000,0.000,,,QLD,Regional - QLD,590001,2026/09/14 10:58:47
2026/09/13,Roma North,544260,PROD,0.000,22.676,0.000,0.000,,,QLD,Regional - QLD,590001,2026/09/14 12:01:21
2026/09/13,Roma Power Station,540120,BBGPG,0.000,0.000,0.000,0.000,,,QLD,Regional - QLD,590001,2026/09/14 12:15:00
2026/09/13,Ron Goodin Power Station,580234,BBGPG,0.000,0.000,0.000,0.000,,,NT,Regional - NT,590017,2026/09/14 06:41:13
2026/09/13,RPL,540110,PIPE,0.042,0.000,0.000,0.000,,,QLD,Regional - QLD,590001,2026/09/14 12:15:00
2026/09/13,Ruby Jo,540082,PROD,0.000,422.786,0.000,0.000,,,QLD,Regional - QLD,590001,2026/09/14 10:36:11
2026/09/13,RUGS,540040,STOR,0.000,0.000,0.000,0.000,15127.079,0.000,QLD,Regional - QLD,590001,2026/09/14 10:58:47
2026/09/13,Scotia,540072,PROD,0.000,101.746,0.000,0.000,,,QLD,Regional - QLD,590001,2026/09/14 10:58:47
2026/09/13,SEPS,550061,PIPE,6.262,0.000,6.258,0.000,,,SA,Regional - SA,590013,2026/09/14 11:32:05
2026/09/13,SESA,550060,PIPE,0.000,0.000,6.349,0.000,,,VIC,Regional - VIC,590012,2026/09/14 12:46:48
2026/09/13,SESA,550060,PIPE,0.000,0.000,0.000,6.252,,,SA,Regional - SA,590013,2026/09/14 12:46:48
2026/09/13,Shoalhaven Starches Cogeneration Plant,523203,BBLARGE,21.814,0.000,0.000,0.000,,,NSW,Regional - NSW,590011,2026/09/15 13:31:37
2026/09/13,Smithfield Energy Facility,522004,BBGPG,0.000,0.000,0.000,0.000,,,NSW,Regional - NSW,590011,2026/09/14 12:04:52
2026/09/13,Snapper Point,555090,BBGPG,0.000,0.000,0.000,0.000,,,SA,Regional - SA,590013,2026/09/14 11:31:06
2026/09/13,Somerton,533174,BBGPG,0.002,0.000,0.000,0.000,,,VIC,Melbourne,590008,2026/09/15 11:00:02
2026/09/13,SPCF,580236,PROD,0.000,30.011,0.000,0.000,,,NT,Regional - NT,590017,2026/09/14 10:18:56
2026/09/13,SPP,580237,PIPE,0.000,30.011,0.000,30.011,,,NT,Regional - NT,590017,2026/09/14 12:46:48
2026/09/13,Spring Gully,540066,PROD,0.000,56.786,0.000,0.000,,,QLD,Regional - QLD,590001,2026/09/18 11:30:08
2026/09/13,SSP,540103,PIPE,0.000,6.760,0.000,6.760,,,QLD,Regional - QLD,590001,2026/09/14 09:31:25
2026/09/13,SSSF,540062,STOR,0.000,6.300,0.000,0.000,8390.152,0.000,QLD,Regional - QLD,590001,2026/09/14 09:31:25
2026/09/13,Strathblane,540067,PROD,0.000,45.720,0.000,0.000,,,QLD,Regional - QLD,590001,2026/09/18 11:30:08
2026/09/13,Swanbank Power Station,544104,BBGPG,0.000,0.000,0.000,0.000,,,QLD,Brisbane,590002,2026/09/14 12:46:48
2026/09/13,SWQP,540060,PIPE,0.000,0.000,203.719,201.231,,,QLD,Wallumbilla Hub,540032,2026/09/14 12:46:48
2026/09/13,SWQP,540060,PIPE,0.000,0.000,0.000,56.097,,,QLD,Ballera,540078,2026/09/14 12:46:48
2026/09/13,SWQP,540060,PIPE,0.000,180.085,0.000,20.657,,,SA,Moomba Hub,550017,2026/09/14 12:46:48
2026/09/13,SWQP,540060,PIPE,0.122,0.000,0.000,0.000,,,QLD,Regional - QLD,590001,2026/09/14 12:46:48
2026/09/13,Talinga,540076,PROD,0.000,84.243,0.000,0.000,,,QLD,Regional - QLD,590001,2026/09/18 11:30:08
2026/09/13,Tallawarra,522002,BBGPG,0.000,0.000,0.000,0.000,,,NSW,Regional - NSW,590011,2026/09/14 11:00:10
2026/09/13,Tallawarra Pipeline,523201,PIPE,0.000,0.000,0.000,0.000,,,NSW,Regional - NSW,590011,2026/09/14 11:00:10
2026/09/13,Taloona,540068,PROD,0.000,40.594,0.000,0.000,,,QLD,Regional - QLD,590001,2026/09/18 11:30:08
2026/09/13,Tanami GP,580210,PIPE,6.480,0.000,8.500,0.000,,,NT,Regional - NT,590017,2026/09/14 12:02:00
2026/09/13,TGP,570050,PIPE,0.000,0.000,81.335,24.913,,,VIC,Longford Hub,530015,2026/09/18 10:01:21
2026/09/13,TGP,570050,PIPE,44.270,0.000,0.000,0.000,,,TAS,Regional - TAS,590014,2026/09/18 10:01:21
2026/09/13,Tipton,540051,PROD,0.000,36.817,0.000,0.000,,,QLD,Regional - QLD,590001,2026/09/14 12:30:09
2026/09/13,Torrens Island PS,555041,BBGPG,3.733,0.000,0.000,0.000,,,SA,Regional - SA,590013,2026/09/14 11:31:06
2026/09/13,Uranquinty Power Station,522047,BBGPG,0.000,0.000,0.000,0.000,,,NSW,Regional - NSW,590011,2026/09/14 12:46:48
2026/09/13,Valley Power GPG,535024,BBGPG,0.001,0.000,0.000,0.000,,,VIC,Gippsland,590009,2026/09/14 11:01:11
2026/09/13,VicHub,532005,PIPE,0.000,0.000,7.354,7.354,,,VIC,Longford Hub,530015,2026/09/14 12:01:26
2026/09/13,Viva Energy Refinery,535018,BBLARGE,6.617,0.000,0.000,0.000,,,VIC,Geelong,590005,2026/09/14 07:30:13
2026/09/13,VTS,530110,PIPE,0.000,415.853,32.275,0.001,,,VIC,Longford Hub,530015,2026/09/15 11:00:02
2026/09/13,VTS,530110,PIPE,95.383,0.000,94.502,0.000,,,VIC,Iona Hub,530016,2026/09/15 11:00:02
2026/09/13,VTS,530110,PIPE,10.619,0.000,0.000,0.000,,,VIC,Western,590004,2026/09/15 11:00:02
2026/09/13,VTS,530110,PIPE,31.382,0.000,0.000,0.000,,,VIC,Geelong,590005,2026/09/15 11:00:02
2026/09/13,VTS,530110,PIPE,18.822,0.000,0.000,0.000,,,VIC,Ballarat,590006,2026/09/15 11:00:02
2026/09/13,VTS,530110,PIPE,33.286,0.000,0.000,0.000,,,VIC,Northern,590007,2026/09/15 11:00:02
2026/09/13,VTS,530110,PIPE,187.569,4.436,0.000,0.000,,,VIC,Melbourne,590008,2026/09/15 11:00:02
2026/09/13,VTS,530110,PIPE,21.314,0.000,17.038,0.121,,,VIC,Gippsland,590009,2026/09/15 11:00:02
2026/09/13,VTS,530110,PIPE,0.000,0.000,0.000,147.623,,,NSW,Culcairn,590016,2026/09/15 11:00:02
2026/09/13,Wallumbilla Compression Station,544280,COMPRESSOR,0.000,0.000,0.000,0.000,,,QLD,Wallumbilla Hub,540032,2026/09/14 10:58:07
2026/09/13,WCFA,540045,COMPRESSOR,0.000,0.000,103.776,103.776,,,QLD,Wallumbilla Hub,540032,2026/09/14 12:46:48
2026/09/13,WCFB,540046,COMPRESSOR,0.000,0.000,97.455,97.455,,,QLD,Wallumbilla Hub,540032,2026/09/14 12:46:48
2026/09/13,Weddell Power Station,580232,BBGPG,15.683,0.000,0.000,0.000,,,NT,Darwin,580001,2026/09/14 12:46:48
2026/09/13,WGP,540091,PIPE,1491.332,0.000,0.000,0.000,,,QLD,Curtis Island,540030,2026/09/14 10:36:11
2026/09/13,WGP,540091,PIPE,0.000,1447.102,56.700,0.000,,,QLD,Regional - QLD,590001,2026/09/14 10:36:11
2026/09/13,Whyalla Steelworks,555085,BBLARGE,6.179,0.000,0.000,0.000,,,SA,Regional - SA,590013,2026/09/14 11:31:06
2026/09/13,Windibri,540069,PROD,0.000,95.949,0.000,0.000,,,QLD,Regional - QLD,590001,2026/09/14 10:36:11
2026/09/13,Woleebee Creek,540087,PROD,0.000,639.886,0.000,0.000,,,QLD,Regional - QLD,590001,2026/09/14 10:36:11
2026/09/13,WPP,580030,PIPE,15.683,2.825,12.835,0.000,,,NT,Darwin,580001,2026/09/14 12:46:48
2026/09/13,Yarwun,544282,BBGPG,50.662,0.000,0.000,0.000,,,QLD,Regional - QLD,590001,2026/09/14 20:00:05
2026/09/13,Yelcherr,580180,PROD,0.000,0.000,0.000,0.000,,,NT,Regional - NT,590017,2026/09/14 12:46:48
2026/09/13,Yellowbank,540074,PROD,0.000,11.459,0.000,0.000,,,QLD,Regional - QLD,590001,2026/09/14 20:00:05
2026/09/14,Adelaide Brighton,555091,BBLARGE,6.701,0.000,0.000,0.000,,,SA,Adelaide,550016,2026/09/15 13:00:00
2026/09/14,AGP,580010,PIPE,21.452,0.000,0.000,13.951,,,NT,Darwin,580001,2026/09/15 12:46:48
2026/09/14,AGP,580010,PIPE,7.715,30.874,30.014,15.450,,,NT,Regional - NT,590017,2026/09/15 12:46:48
2026/09/14,APLNG Pipeline,540093,PIPE,1660.377,0.000,0.000,0.000,,,QLD,Curtis Island,540030,2026/09/19 11:38:37
2026/09/14,APLNG Pipeline,540093,PIPE,0.000,1273.456,583.619,138.393,,,QLD,Regional - QLD,590001,2026/09/19 11:38:37
2026/09/14,Arcadia,540101,PROD,0.000,93.230,0.000,0.000,,,QLD,Regional - QLD,590001,2026/09/15 11:28:21
2026/09/14,ATGP,640013,PIPE,0.000,42.746,0.000,42.746,,,QLD,Regional - QLD,590001,2026/09/15 12:01:10
2026/09/14,ATHENA,535014,PROD,0.000,16.245,0.000,0.000,,,VIC,Iona Hub,530016,2026/09/19 10:30:53
2026/09/14,Atlas,544261,PROD,0.000,42.746,0.000,0.000,,,QLD,Regional - QLD,590001,2026/09/15 12:01:17
2026/09/14,Atlas East Central Processing Facility,640008,PROD,0.000,33.510,0.000,0.000,,,QLD,Regional - QLD,590001,2026/09/15 08:01:08
2026/09/14,Atlas to Reedy Creek Pipeline,640007,PIPE,0.000,33.505,0.000,33.069,,,QLD,Regional - QLD,590001,2026/09/15 12:46:48
2026/09/14,Australia Pacific LNG,544273,LNGEXPORT,1660.377,0.000,0.000,0.000,,,QLD,Curtis Island,540030,2026/09/15 12:00:25
2026/09/14,Australian Paper (Opal),535021,BBLARGE,9.905,0.000,0.000,0.000,,,VIC,Gippsland,590009,2026/09/17 11:00:07
2026/09/14,B1PL,540077,PIPE,0.044,39.738,0.000,33.785,,,QLD,Regional - QLD,590001,2026/09/15 11:01:20
2026/09/14,B2PL,540071,PIPE,0.000,54.423,2.022,56.729,,,QLD,Regional - QLD,590001,2026/09/15 10:17:26
2026/09/14,Bairnsdale Power Station,535020,BBGPG,0.000,0.000,0.000,0.000,,,VIC,Regional - VIC,590012,2026/09/15 11:01:17
2026/09/14,BCF,540047,COMPRESSOR,0.000,0.000,75.600,75.600,,,QLD,Regional - QLD,590001,2026/09/19 14:35:17
2026/09/14,Bell Bay CCGT,577016,BBGPG,28.163,0.000,0.000,0.000,,,TAS,Regional - TAS,590014,2026/09/18 10:01:21
2026/09/14,Bell Bay GGT,577014,BBGPG,0.564,0.000,0.000,0.000,,,TAS,Regional - TAS,590014,2026/09/18 10:01:21
2026/09/14,Bell Bay OCGT,577015,BBGPG,0.000,0.000,0.000,0.000,,,TAS,Regional - TAS,590014,2026/09/18 10:01:21
2026/09/14,Bellevue,540083,PROD,0.000,147.887,0.000,0.000,,,QLD,Regional - QLD,590001,2026/09/15 10:35:40
2026/09/14,BGP,580020,PIPE,0.335,0.000,0.000,0.000,,,NT,Regional - NT,590017,2026/09/15 12:46:48
2026/09/14,BlueScope,523204,BBLARGE,8.070,0.000,0.000,0.000,,,NSW,Sydney,520008,2026/09/15 12:01:05
2026/09/14,Bolivar,555008,BBGPG,0.000,0.000,0.000,0.000,,,SA,Regional - SA,590013,2026/09/15 12:08:30
2026/09/14,Bomaderry Gas Pipeline,523202,PIPE,0.000,0.000,21.814,0.000,,,NSW,Regional - NSW,590011,2026/09/15 12:01:05
2026/09/14,BPP,530030,PIPE,2.000,19.050,0.000,17.044,,,VIC,Gippsland,590009,2026/09/17 11:00:07
2026/09/14,Braemar 2 Power Station,544085,BBGPG,0.000,0.000,0.000,0.000,,,QLD,Regional - QLD,590001,2026/09/15 10:17:26
2026/09/14,Braemar Power Station,544252,BBGPG,0.044,0.000,0.000,0.000,,,QLD,Regional - QLD,590001,2026/09/15 11:01:20
2026/09/14,BWP,540096,PIPE,0.000,0.000,0.000,27.557,,,QLD,Wallumbilla Hub,540032,2026/09/15 12:46:48
2026/09/14,BWP,540096,PIPE,0.000,18.110,0.000,0.000,,,QLD,Regional - QLD,590001,2026/09/15 12:46:48
2026/09/14,CGP,540059,PIPE,0.000,0.000,75.588,0.000,,,QLD,Ballera,540078,2026/09/15 12:46:48
2026/09/14,CGP,540059,PIPE,64.208,0.000,0.000,0.000,,,QLD,Regional - QLD,590001,2026/09/15 12:46:48
2026/09/14,Channel Island Power Station,580231,BBGPG,21.452,0.000,0.000,0.000,,,NT,Darwin,580001,2026/09/15 12:46:48
2026/09/14,Colongra,523120,BBGPG,1.583,0.000,0.000,0.000,,,NSW,Regional - NSW,590011,2026/09/15 12:00:05
2026/09/14,ColongraGP,520090,PIPE,0.000,0.000,0.000,0.000,,,NSW,Sydney,520008,2026/09/15 12:00:05
2026/09/14,ColongraGP,520090,PIPE,1.583,0.000,0.000,0.000,,,NSW,Regional - NSW,590011,2026/09/15 12:00:05
2026/09/14,Combabula,540094,PROD,0.000,288.983,0.000,0.000,,,QLD,Regional - QLD,590001,2026/09/19 11:38:37
2026/09/14,Condabri Central,540080,PROD,0.000,82.941,0.000,0.000,,,QLD,Regional - QLD,590001,2026/09/19 11:38:37
2026/09/14,Condabri North,540090,PROD,0.000,164.349,0.000,0.000,,,QLD,Regional - QLD,590001,2026/09/19 11:38:37
2026/09/14,Condabri South,540086,PROD,0.000,144.573,0.000,0.000,,,QLD,Regional - QLD,590001,2026/09/19 11:38:37
2026/09/14,Condamine Power Station,544274,BBGPG,0.000,0.000,0.000,0.000,,,QLD,Regional - QLD,590001,2026/09/15 10:35:40
2026/09/14,CRWP,540098,PIPE,0.000,0.000,54.536,0.000,,,QLD,Wallumbilla Hub,540032,2026/09/15 11:28:06
2026/09/14,CRWP,540098,PIPE,0.000,230.889,41.147,332.453,,,QLD,Regional - QLD,590001,2026/09/15 11:28:06
2026/09/14,CWP,520054,PIPE,3.805,0.000,3.730,0.000,,,NSW,Regional - NSW,590011,2026/09/15 12:46:48
2026/09/14,Daandine,540050,PROD,0.000,54.450,0.000,0.000,,,QLD,Regional - QLD,590001,2026/09/15 10:17:34
2026/09/14,Dandenong LNG,530038,STOR,3.603,0.306,0.000,0.000,654.102,27.889,VIC,Melbourne,590008,2026/09/15 12:46:48
2026/09/14,DDP,540097,PIPE,0.000,0.000,0.000,181.595,,,QLD,Wallumbilla Hub,540032,2026/09/15 12:01:09
2026/09/14,DDP,540097,PIPE,0.004,523.075,103.567,448.293,,,QLD,Regional - QLD,590001,2026/09/15 12:01:09
2026/09/14,DDPS,544027,BBGPG,0.004,0.000,0.000,0.000,,,QLD,Regional - QLD,590001,2026/09/15 12:01:09
2026/09/14,Diamantina Power Station,544077,BBGPG,36.641,0.000,0.000,0.000,,,QLD,Regional - QLD,590001,2026/09/15 12:46:48
2026/09/14,Dry Creek Power Station,555026,BBGPG,0.000,0.000,0.000,0.000,,,SA,Regional - SA,590013,2026/09/15 11:31:05
2026/09/14,EGP,520047,PIPE,132.056,0.000,0.000,0.000,,,NSW,Sydney,520008,2026/09/15 12:01:05
2026/09/14,EGP,520047,PIPE,8.103,0.000,0.000,0.000,,,NSW,Canberra,520009,2026/09/15 12:01:05
2026/09/14,EGP,520047,PIPE,0.000,191.680,0.000,90.568,,,VIC,Longford Hub,530015,2026/09/15 12:01:05
2026/09/14,EGP,520047,PIPE,4.725,0.000,0.000,21.814,,,NSW,Regional - NSW,590011,2026/09/15 12:01:05
2026/09/14,EGP,520047,PIPE,0.642,70.194,0.000,0.000,,,VIC,Regional - VIC,590012,2026/09/15 12:01:05
2026/09/14,EO4PL,540055,PIPE,0.000,0.000,0.000,0.000,,,QLD,Regional - QLD,590001,2026/09/15 10:35:40
2026/09/14,Eurombah Creek,540089,PROD,0.000,155.337,0.000,0.000,,,QLD,Regional - QLD,590001,2026/09/19 11:38:37
2026/09/14,Fairview,540070,PROD,0.000,283.361,0.000,0.000,,,QLD,Regional - QLD,590001,2026/09/15 11:28:21
2026/09/14,GLNG (Curtis Island),544276,LNGEXPORT,736.421,0.000,0.000,0.000,,,QLD,Curtis Island,540030,2026/09/15 11:28:06
2026/09/14,GLNG Pipeline,540092,PIPE,736.421,0.000,0.000,0.000,,,QLD,Curtis Island,540030,2026/09/15 11:28:06
2026/09/14,GLNG Pipeline,540092,PIPE,0.000,421.955,332.453,21.676,,,QLD,Regional - QLD,590001,2026/09/15 10:35:40
2026/09/14,Hallett,555029,BBGPG,0.000,0.000,0.000,0.000,,,SA,Regional - SA,590013,2026/09/15 11:31:05
2026/09/14,Hunter Power Station,523210,BBGPG,0.001,0.000,0.000,0.000,,,NSW,Sydney,520008,2026/09/15 12:46:48
2026/09/14,ICF,530071,COMPRESSOR,0.000,0.000,5.000,5.000,,,VIC,Iona Hub,530016,2026/09/15 08:35:02
2026/09/14,Iona UGS,530042,STOR,100.694,7.501,0.000,0.000,12923.518,0.000,VIC,Iona Hub,530016,2026/09/15 08:30:03
2026/09/14,Jeerelang,533161,BBGPG,0.000,0.000,0.000,0.000,,,VIC,Gippsland,590009,2026/09/17 11:00:07
2026/09/14,Jordan,540088,PROD,0.000,335.470,0.000,0.000,,,QLD,Regional - QLD,590001,2026/09/15 10:35:40
2026/09/14,Katherine Power Station,580233,BBGPG,0.397,0.000,0.000,0.000,,,NT,Regional - NT,590017,2026/09/15 12:46:48
2026/09/14,Kenya,540075,PROD,0.000,110.499,0.000,0.000,,,QLD,Regional - QLD,590001,2026/09/15 10:35:40
2026/09/14,Kincora,544253,PROD,0.000,4.000,0.000,0.000,,,QLD,Regional - QLD,590001,2026/09/15 12:46:48
2026/09/14,KKLP,523209,PIPE,0.001,0.000,0.000,0.000,,,NSW,Sydney,520008,2026/09/15 12:46:48
2026/09/14,Kogan North,540061,PROD,0.000,4.311,0.000,0.000,,,QLD,Regional - QLD,590001,2026/09/15 12:46:48
2026/09/14,Ladbroke Grove PS,555086,BBGPG,3.524,0.000,0.000,0.000,,,SA,Regional - SA,590013,2026/09/15 12:46:48
2026/09/14,Lang Lang,530039,PROD,0.000,19.050,0.000,0.000,,,VIC,Gippsland,590009,2026/09/15 11:18:13
2026/09/14,Laverton,533201,BBGPG,0.000,0.000,0.000,0.000,,,VIC,Geelong,590005,2026/09/17 11:00:07
2026/09/14,Longford,530040,PROD,0.000,618.996,0.000,0.000,,,VIC,Longford Hub,530015,2026/09/15 10:32:56
2026/09/14,Loy Yang B,533163,BBGPG,0.000,0.000,0.000,0.000,,,VIC,Gippsland,590009,2026/09/15 11:01:19
2026/09/14,LYB Transmission Pipeline,535023,PIPE,0.002,0.000,0.031,0.000,,,VIC,Gippsland,590009,2026/09/15 11:01:19
2026/09/14,MAPS,550054,PIPE,32.169,0.000,0.000,0.000,,,SA,Adelaide,550016,2026/09/15 11:31:05
2026/09/14,MAPS,550054,PIPE,0.000,43.070,85.466,0.000,,,SA,Moomba Hub,550017,2026/09/15 11:31:05
2026/09/14,MAPS,550054,PIPE,78.244,0.000,0.006,0.000,,,SA,Regional - SA,590013,2026/09/15 11:31:05
2026/09/14,McArthur River Mine,580220,BBGPG,6.220,0.000,0.000,0.000,,,NT,Regional - NT,590017,2026/09/15 09:56:18
2026/09/14,MCF,550050,COMPRESSOR,0.000,0.000,94.977,94.977,,,SA,Moomba Hub,550017,2026/09/15 12:46:48
2026/09/14,Mereenie,580040,PROD,0.000,25.352,0.000,0.000,,,NT,Regional - NT,590017,2026/09/15 11:33:33
2026/09/14,Meridian,540064,PROD,0.000,49.614,0.000,0.000,,,QLD,Regional - QLD,590001,2026/09/15 09:39:09
2026/09/14,Mintaro Power Station,555031,BBGPG,0.001,0.000,0.000,0.000,,,SA,Regional - SA,590013,2026/09/15 11:31:05
2026/09/14,Moomba,550045,PROD,0.000,224.200,0.000,0.000,,,SA,Moomba Hub,550017,2026/09/19 14:35:17
2026/09/14,Moomba Storage,550046,STOR,0.000,3.300,0.000,0.000,6242.700,0.000,SA,Moomba Hub,550017,2026/09/19 14:35:17
2026/09/14,Mortlake PS,530063,BBGPG,0.000,0.000,0.000,0.000,,,VIC,Regional - VIC,590012,2026/09/15 07:20:00
2026/09/14,MPL,530061,PIPE,0.000,0.000,0.000,0.000,,,VIC,Iona Hub,530016,2026/09/15 07:20:00
2026/09/14,MPL,530061,PIPE,0.000,0.000,0.000,0.000,,,VIC,Regional - VIC,590012,2026/09/15 07:20:00
2026/09/14,MRP,580100,PIPE,6.220,0.000,6.222,0.000,,,NT,Regional - NT,590017,2026/09/15 09:56:18
2026/09/14,MSP,520053,PIPE,75.488,0.000,0.000,0.000,,,NSW,Sydney,520008,2026/09/15 12:46:48
2026/09/14,MSP,520053,PIPE,0.000,0.000,4.916,4.200,,,SA,Moomba Hub,550017,2026/09/15 12:46:48
2026/09/14,MSP,520053,PIPE,26.629,0.000,0.000,3.730,,,NSW,Regional - NSW,590011,2026/09/15 12:46:48
2026/09/14,MSP,520053,PIPE,6.071,0.000,0.000,0.000,,,NSW,Regional - ACT,590015,2026/09/15 12:46:48
2026/09/14,MSP,520053,PIPE,0.000,0.000,98.834,0.001,,,NSW,Culcairn,590016,2026/09/15 12:46:48
2026/09/14,Newport,533171,BBGPG,0.001,0.000,0.000,0.000,,,VIC,Melbourne,590008,2026/09/17 11:00:07
2026/09/14,NGP,580050,PIPE,0.000,0.000,0.000,0.000,,,QLD,Regional - QLD,590001,2026/09/15 12:01:15
2026/09/14,NGP,580050,PIPE,0.000,0.000,0.000,0.000,,,NT,Regional - NT,590017,2026/09/15 12:01:15
2026/09/14,NGS,520060,STOR,0.080,0.763,0.000,0.000,658.007,76.863,NSW,Sydney,520008,2026/09/15 10:03:55
2026/09/14,Oakey PS,544095,BBGPG,0.000,0.000,0.000,0.000,,,QLD,Regional - QLD,590001,2026/09/15 12:46:48
2026/09/14,Orana,540084,PROD,0.000,158.682,0.000,0.000,,,QLD,Regional - QLD,590001,2026/09/19 11:38:37
2026/09/14,Orbost,530041,PROD,0.000,70.194,0.000,0.000,,,VIC,Regional - VIC,590012,2026/09/15 12:01:05
2026/09/14,Orica,544011,BBLARGE,7.930,0.000,0.000,0.000,,,QLD,Regional - QLD,590001,2026/09/15 12:01:06
2026/09/14,Orica (Kooragang Island),523206,BBLARGE,39.396,0.000,0.000,0.000,,,NSW,Sydney,520008,2026/09/15 13:00:00
2026/09/14,Osborne,555033,BBGPG,16.972,0.000,0.000,0.000,,,SA,Regional - SA,590013,2026/09/15 11:31:05
2026/09/14,Otway,530044,PROD,0.000,111.812,0.000,0.000,,,VIC,Iona Hub,530016,2026/09/15 14:50:30
2026/09/14,Owen Springs Power Station,580235,BBGPG,0.254,0.000,0.000,0.000,,,NT,Regional - NT,590017,2026/09/15 06:41:42
2026/09/14,Palm Valley,580060,PROD,0.000,5.522,0.000,0.000,,,NT,Regional - NT,590017,2026/09/15 11:33:33
2026/09/14,PCA,550052,PIPE,0.000,8.375,53.920,1.724,,,VIC,Iona Hub,530016,2026/09/24 07:20:02
2026/09/14,PCA,550052,PIPE,20.391,0.000,0.000,0.000,,,SA,Adelaide,550016,2026/09/24 07:20:02
2026/09/14,PCA,550052,PIPE,0.000,0.000,0.000,10.664,,,VIC,Regional - VIC,590012,2026/09/24 07:20:02
2026/09/14,PCA,550052,PIPE,2.977,0.000,0.000,0.000,,,SA,Regional - SA,590013,2026/09/24 07:20:02
2026/09/14,PCI,530060,PIPE,0.000,122.690,1.724,124.414,,,VIC,Iona Hub,530016,2026/09/15 07:20:02
2026/09/14,Peat,540065,PROD,0.000,11.631,0.000,0.000,,,QLD,Regional - QLD,590001,2026/09/19 11:38:37
2026/09/14,Pelican Point Power Station,555089,BBGPG,17.833,0.000,0.000,0.000,,,SA,Regional - SA,590013,2026/09/24 07:20:02
2026/09/14,Phosphate Hill,544081,BBLARGE,16.488,0.000,0.000,0.000,,,QLD,Regional - QLD,590001,2026/09/15 12:46:48
2026/09/14,Pipeline Compression Station,544279,COMPRESSOR,0.000,0.000,0.000,0.000,,,QLD,Regional - QLD,590001,2026/09/15 11:28:06
2026/09/14,PVP,580070,PIPE,0.644,0.000,0.828,0.000,,,NT,Regional - NT,590017,2026/09/15 06:41:42
2026/09/14,QCLNG LNG Plant,544272,LNGEXPORT,1491.959,0.000,0.000,0.000,,,QLD,Curtis Island,540030,2026/09/15 10:35:40
2026/09/14,QGP,540058,PIPE,0.000,0.000,14.086,0.000,,,QLD,Wallumbilla Hub,540032,2026/09/15 12:01:06
2026/09/14,QGP,540058,PIPE,114.190,24.133,76.886,0.000,,,QLD,Regional - QLD,590001,2026/09/15 12:01:06
2026/09/14,Quarantine Power Station,555087,BBGPG,2.286,0.000,0.000,0.000,,,SA,Regional - SA,590013,2026/09/15 11:31:05
2026/09/14,Queensland Aluminia,544012,BBLARGE,38.631,0.000,0.000,0.000,,,QLD,Regional - QLD,590001,2026/09/15 12:01:06
2026/09/14,RBP,540057,PIPE,0.000,0.000,0.647,15.981,,,QLD,Wallumbilla Hub,540032,2026/09/15 12:46:48
2026/09/14,RBP,540057,PIPE,3.850,19.942,40.112,2.022,,,QLD,Regional - QLD,590001,2026/09/15 12:46:48
2026/09/14,RBP,540057,PIPE,46.461,0.000,0.000,0.000,,,QLD,Brisbane,590002,2026/09/15 12:46:48
2026/09/14,RCWP,540102,PIPE,0.000,0.000,80.814,0.000,,,QLD,Wallumbilla Hub,540032,2026/09/15 12:46:48
2026/09/14,RCWP,540102,PIPE,0.000,0.000,33.069,113.650,,,QLD,Regional - QLD,590001,2026/09/15 12:46:48
2026/09/14,Reedy Creek,540085,PROD,0.000,184.054,0.000,0.000,,,QLD,Regional - QLD,590001,2026/09/19 11:38:37
2026/09/14,RMNGPF,640011,PROD,0.000,18.200,0.000,0.000,,,QLD,Regional - QLD,590001,2026/09/15 08:01:26
2026/09/14,RNMGP,640012,PIPE,0.000,18.200,0.000,18.200,,,QLD,Regional - QLD,590001,2026/09/15 08:01:26
2026/09/14,RNP,640009,PIPE,0.000,22.947,0.000,22.947,,,QLD,Regional - QLD,590001,2026/09/15 12:01:08
2026/09/14,Rolleston,540073,PROD,0.000,8.698,0.000,0.000,,,QLD,Regional - QLD,590001,2026/09/15 12:01:06
2026/09/14,Roma,540095,PROD,0.000,230.889,0.000,0.000,,,QLD,Regional - QLD,590001,2026/09/15 11:28:26
2026/09/14,Roma North,544260,PROD,0.000,22.947,0.000,0.000,,,QLD,Regional - QLD,590001,2026/09/15 12:01:16
2026/09/14,Roma Power Station,540120,BBGPG,0.000,0.000,0.000,0.000,,,QLD,Regional - QLD,590001,2026/09/15 11:31:58
2026/09/14,Ron Goodin Power Station,580234,BBGPG,0.000,0.000,0.000,0.000,,,NT,Regional - NT,590017,2026/09/15 06:41:42
2026/09/14,RPL,540110,PIPE,0.051,0.000,0.000,0.000,,,QLD,Regional - QLD,590001,2026/09/15 11:31:58
2026/09/14,Ruby Jo,540082,PROD,0.000,422.653,0.000,0.000,,,QLD,Regional - QLD,590001,2026/09/15 10:35:40
2026/09/14,RUGS,540040,STOR,4.211,0.005,0.000,0.000,15129.559,0.000,QLD,Regional - QLD,590001,2026/09/15 11:28:26
2026/09/14,Scotia,540072,PROD,0.000,101.276,0.000,0.000,,,QLD,Regional - QLD,590001,2026/09/15 11:28:26
2026/09/14,SEPS,550061,PIPE,6.966,0.000,6.978,0.000,,,SA,Regional - SA,590013,2026/09/15 11:32:05
2026/09/14,SESA,550060,PIPE,0.000,0.000,10.665,0.000,,,VIC,Regional - VIC,590012,2026/09/15 12:46:48
2026/09/14,SESA,550060,PIPE,3.524,0.000,0.000,6.985,,,SA,Regional - SA,590013,2026/09/15 12:46:48
2026/09/14,Smithfield Energy Facility,522004,BBGPG,0.000,0.000,0.000,0.000,,,NSW,Regional - NSW,590011,2026/09/15 12:08:15
2026/09/14,Snapper Point,555090,BBGPG,0.000,0.000,0.000,0.000,,,SA,Regional - SA,590013,2026/09/15 11:31:05
2026/09/14,Somerton,533174,BBGPG,2.689,0.000,0.000,0.000,,,VIC,Melbourne,590008,2026/09/17 11:00:07
2026/09/14,SPCF,580236,PROD,0.000,30.014,0.000,0.000,,,NT,Regional - NT,590017,2026/09/15 09:24:08
2026/09/14,SPP,580237,PIPE,0.000,30.014,0.000,30.014,,,NT,Regional - NT,590017,2026/09/15 12:46:48
2026/09/14,Spring Gully,540066,PROD,0.000,55.659,0.000,0.000,,,QLD,Regional - QLD,590001,2026/09/19 11:38:37
2026/09/14,SSP,540103,PIPE,0.000,6.380,0.000,6.380,,,QLD,Regional - QLD,590001,2026/09/15 11:11:33
2026/09/14,SSSF,540062,STOR,0.000,6.300,0.000,0.000,8383.772,0.000,QLD,Regional - QLD,590001,2026/09/15 11:11:33
2026/09/14,Strathblane,540067,PROD,0.000,50.083,0.000,0.000,,,QLD,Regional - QLD,590001,2026/09/19 11:38:37
2026/09/14,Swanbank Power Station,544104,BBGPG,0.000,0.000,0.000,0.000,,,QLD,Brisbane,590002,2026/09/15 12:46:48
2026/09/14,SWQP,540060,PIPE,0.000,0.000,224.486,149.436,,,QLD,Wallumbilla Hub,540032,2026/09/15 12:46:48
2026/09/14,SWQP,540060,PIPE,0.000,0.000,0.000,80.219,,,QLD,Ballera,540078,2026/09/15 12:46:48
2026/09/14,SWQP,540060,PIPE,0.000,181.159,0.000,86.182,,,SA,Moomba Hub,550017,2026/09/15 12:46:48
2026/09/14,SWQP,540060,PIPE,0.170,0.000,0.000,0.000,,,QLD,Regional - QLD,590001,2026/09/15 12:46:48
2026/09/14,Talinga,540076,PROD,0.000,83.205,0.000,0.000,,,QLD,Regional - QLD,590001,2026/09/19 11:38:37
2026/09/14,Tallawarra,522002,BBGPG,0.000,0.000,0.000,0.000,,,NSW,Regional - NSW,590011,2026/09/15 11:00:10
2026/09/14,Tallawarra Pipeline,523201,PIPE,0.000,0.000,0.000,0.000,,,NSW,Regional - NSW,590011,2026/09/15 11:00:10
2026/09/14,Taloona,540068,PROD,0.000,41.068,0.000,0.000,,,QLD,Regional - QLD,590001,2026/09/19 11:38:37
2026/09/14,Tanami GP,580210,PIPE,6.375,0.000,8.400,0.000,,,NT,Regional - NT,590017,2026/09/15 12:02:00
2026/09/14,TGP,570050,PIPE,0.000,0.000,75.510,22.988,,,VIC,Longford Hub,530015,2026/09/18 10:01:21
2026/09/14,TGP,570050,PIPE,47.604,0.000,0.000,0.000,,,TAS,Regional - TAS,590014,2026/09/18 10:01:21
2026/09/14,Tipton,540051,PROD,0.000,39.738,0.000,0.000,,,QLD,Regional - QLD,590001,2026/09/15 10:17:32
2026/09/14,Torrens Island PS,555041,BBGPG,24.175,0.000,0.000,0.000,,,SA,Regional - SA,590013,2026/09/15 11:31:05
2026/09/14,Uranquinty Power Station,522047,BBGPG,0.000,0.000,0.000,0.000,,,NSW,Regional - NSW,590011,2026/09/15 12:46:48
2026/09/14,Valley Power GPG,535024,BBGPG,0.002,0.000,0.000,0.000,,,VIC,Gippsland,590009,2026/09/15 11:01:19
2026/09/14,VicHub,532005,PIPE,0.000,0.000,15.063,15.063,,,VIC,Longford Hub,530015,2026/09/15 12:01:18
2026/09/14,Viva Energy Refinery,535018,BBLARGE,7.378,0.000,0.000,0.000,,,VIC,Geelong,590005,2026/09/15 07:30:15
2026/09/14,VTS,530110,PIPE,0.000,425.660,38.061,0.000,,,VIC,Longford Hub,530015,2026/09/17 11:00:07
2026/09/14,VTS,530110,PIPE,96.187,0.000,70.441,0.000,,,VIC,Iona Hub,530016,2026/09/17 11:00:07
2026/09/14,VTS,530110,PIPE,12.216,0.000,0.000,0.000,,,VIC,Western,590004,2026/09/17 11:00:07
2026/09/14,VTS,530110,PIPE,38.727,0.000,0.000,0.000,,,VIC,Geelong,590005,2026/09/17 11:00:07
2026/09/14,VTS,530110,PIPE,20.879,0.000,0.000,0.000,,,VIC,Ballarat,590006,2026/09/17 11:00:07
2026/09/14,VTS,530110,PIPE,40.502,0.000,0.000,0.000,,,VIC,Northern,590007,2026/09/17 11:00:07
2026/09/14,VTS,530110,PIPE,215.914,4.175,0.000,0.000,,,VIC,Melbourne,590008,2026/09/17 11:00:07
2026/09/14,VTS,530110,PIPE,25.412,0.000,17.044,0.031,,,VIC,Gippsland,590009,2026/09/17 11:00:07
2026/09/14,VTS,530110,PIPE,0.000,0.000,0.001,98.834,,,NSW,Culcairn,590016,2026/09/17 11:00:07
2026/09/14,Wallumbilla Compression Station,544280,COMPRESSOR,0.000,0.000,0.000,0.000,,,QLD,Wallumbilla Hub,540032,2026/09/15 11:28:06
2026/09/14,WCFA,540045,COMPRESSOR,0.000,0.000,195.217,195.217,,,QLD,Wallumbilla Hub,540032,2026/09/15 12:46:48
2026/09/14,WCFB,540046,COMPRESSOR,0.000,0.000,18.969,18.969,,,QLD,Wallumbilla Hub,540032,2026/09/15 12:46:48
2026/09/14,Weddell Power Station,580232,BBGPG,16.795,0.000,0.000,0.000,,,NT,Darwin,580001,2026/09/15 12:46:48
2026/09/14,WGP,540091,PIPE,1491.959,0.000,0.000,0.000,,,QLD,Curtis Island,540030,2026/09/15 10:35:40
2026/09/14,WGP,540091,PIPE,0.000,1445.904,56.702,0.000,,,QLD,Regional - QLD,590001,2026/09/15 10:35:40
2026/09/14,Whyalla Steelworks,555085,BBLARGE,3.875,0.000,0.000,0.000,,,SA,Regional - SA,590013,2026/09/15 11:31:05
2026/09/14,Windibri,540069,PROD,0.000,96.276,0.000,0.000,,,QLD,Regional - QLD,590001,2026/09/15 10:35:40
2026/09/14,Woleebee Creek,540087,PROD,0.000,639.998,0.000,0.000,,,QLD,Regional - QLD,590001,2026/09/15 10:35:40
2026/09/14,WPP,580030,PIPE,16.795,2.839,13.951,0.000,,,NT,Darwin,580001,2026/09/15 12:46:48
2026/09/14,Yarwun,544282,BBGPG,50.266,0.000,0.000,0.000,,,QLD,Regional - QLD,590001,2026/09/15 12:01:06
2026/09/14,Yelcherr,580180,PROD,0.000,0.000,0.000,0.000,,,NT,Regional - NT,590017,2026/09/15 12:46:48
2026/09/14,Yellowbank,540074,PROD,0.000,11.185,0.000,0.000,,,QLD,Regional - QLD,590001,2026/09/15 12:01:06
2026/09/15,Adelaide Brighton,555091,BBLARGE,5.622,0.000,0.000,0.000,,,SA,Adelaide,550016,2026/09/16 13:00:00
2026/09/15,AGP,580010,PIPE,21.019,0.000,0.000,14.249,,,NT,Darwin,580001,2026/09/16 12:46:47
2026/09/15,AGP,580010,PIPE,7.188,30.470,26.279,16.378,,,NT,Regional - NT,590017,2026/09/16 12:46:47
2026/09/15,APLNG Pipeline,540093,PIPE,1683.513,0.000,0.000,0.000,,,QLD,Curtis Island,540030,2026/09/20 11:30:08
2026/09/15,APLNG Pipeline,540093,PIPE,0.000,1269.657,551.618,134.382,,,QLD,Regional - QLD,590001,2026/09/20 11:30:08
2026/09/15,Arcadia,540101,PROD,0.000,93.398,0.000,0.000,,,QLD,Regional - QLD,590001,2026/09/16 10:28:23
2026/09/15,ATGP,640013,PIPE,0.000,42.769,0.000,42.769,,,QLD,Regional - QLD,590001,2026/09/16 12:01:12
2026/09/15,ATHENA,535014,PROD,0.000,17.220,0.000,0.000,,,VIC,Iona Hub,530016,2026/09/20 10:53:10
2026/09/15,Atlas,544261,PROD,0.000,42.769,0.000,0.000,,,QLD,Regional - QLD,590001,2026/09/16 12:01:21
2026/09/15,Atlas East Central Processing Facility,640008,PROD,0.000,32.800,0.000,0.000,,,QLD,Regional - QLD,590001,2026/09/16 10:33:56
2026/09/15,Atlas to Reedy Creek Pipeline,640007,PIPE,0.000,32.795,0.000,31.411,,,QLD,Regional - QLD,590001,2026/09/16 12:46:47
2026/09/15,Australia Pacific LNG,544273,LNGEXPORT,1683.513,0.000,0.000,0.000,,,QLD,Curtis Island,540030,2026/09/16 12:00:25
2026/09/15,Australian Paper (Opal),535021,BBLARGE,9.751,0.000,0.000,0.000,,,VIC,Gippsland,590009,2026/09/17 11:00:07
2026/09/15,B1PL,540077,PIPE,0.040,40.380,0.000,39.708,,,QLD,Regional - QLD,590001,2026/09/16 11:00:55
2026/09/15,B2PL,540071,PIPE,0.000,54.140,2.019,56.706,,,QLD,Regional - QLD,590001,2026/09/16 12:30:03
2026/09/15,Bairnsdale Power Station,535020,BBGPG,0.000,0.000,0.000,0.000,,,VIC,Regional - VIC,590012,2026/09/16 11:00:57
2026/09/15,BCF,540047,COMPRESSOR,0.000,0.000,69.200,69.200,,,QLD,Regional - QLD,590001,2026/09/20 14:12:11
2026/09/15,Bell Bay CCGT,577016,BBGPG,13.854,0.000,0.000,0.000,,,TAS,Regional - TAS,590014,2026/09/18 10:01:22
2026/09/15,Bell Bay GGT,577014,BBGPG,0.564,0.000,0.000,0.000,,,TAS,Regional - TAS,590014,2026/09/18 10:01:22
2026/09/15,Bell Bay OCGT,577015,BBGPG,0.000,0.000,0.000,0.000,,,TAS,Regional - TAS,590014,2026/09/18 10:01:22
2026/09/15,Bellevue,540083,PROD,0.000,148.846,0.000,0.000,,,QLD,Regional - QLD,590001,2026/09/16 10:35:33
2026/09/15,BGP,580020,PIPE,0.340,0.000,0.000,0.000,,,NT,Regional - NT,590017,2026/09/16 12:46:47
2026/09/15,BlueScope,523204,BBLARGE,8.320,0.000,0.000,0.000,,,NSW,Sydney,520008,2026/09/16 12:01:05
2026/09/15,Bolivar,555008,BBGPG,0.000,0.000,0.000,0.000,,,SA,Regional - SA,590013,2026/09/16 12:07:09
2026/09/15,Bomaderry Gas Pipeline,523202,PIPE,21.794,0.000,21.794,0.000,,,NSW,Regional - NSW,590011,2026/09/16 12:32:23
2026/09/15,BPP,530030,PIPE,2.960,18.910,0.000,15.949,,,VIC,Gippsland,590009,2026/09/17 11:00:07
2026/09/15,Braemar 2 Power Station,544085,BBGPG,0.000,0.000,0.000,0.000,,,QLD,Regional - QLD,590001,2026/09/16 12:30:03
2026/09/15,Braemar Power Station,544252,BBGPG,0.040,0.000,0.000,0.000,,,QLD,Regional - QLD,590001,2026/09/16 11:00:55
2026/09/15,BWP,540096,PIPE,0.000,0.000,0.000,5.108,,,QLD,Wallumbilla Hub,540032,2026/09/16 12:46:47
2026/09/15,BWP,540096,PIPE,0.000,5.051,0.000,0.000,,,QLD,Regional - QLD,590001,2026/09/16 12:46:47
2026/09/15,CGP,540059,PIPE,0.000,0.000,69.192,0.000,,,QLD,Ballera,540078,2026/09/16 12:46:47
2026/09/15,CGP,540059,PIPE,66.880,0.000,0.000,0.000,,,QLD,Regional - QLD,590001,2026/09/16 12:46:47
2026/09/15,Channel Island Power Station,580231,BBGPG,21.019,0.000,0.000,0.000,,,NT,Darwin,580001,2026/09/16 12:46:47
2026/09/15,Colongra,523120,BBGPG,0.187,0.000,0.000,0.000,,,NSW,Regional - NSW,590011,2026/09/16 12:00:05
2026/09/15,ColongraGP,520090,PIPE,0.000,0.000,0.000,0.000,,,NSW,Sydney,520008,2026/09/16 12:00:05
2026/09/15,ColongraGP,520090,PIPE,0.187,0.000,0.000,0.000,,,NSW,Regional - NSW,590011,2026/09/16 12:00:05
2026/09/15,Combabula,540094,PROD,0.000,287.872,0.000,0.000,,,QLD,Regional - QLD,590001,2026/09/20 11:30:08
2026/09/15,Condabri Central,540080,PROD,0.000,82.965,0.000,0.000,,,QLD,Regional - QLD,590001,2026/09/20 11:30:08
2026/09/15,Condabri North,540090,PROD,0.000,164.363,0.000,0.000,,,QLD,Regional - QLD,590001,2026/09/20 11:30:08
2026/09/15,Condabri South,540086,PROD,0.000,144.127,0.000,0.000,,,QLD,Regional - QLD,590001,2026/09/20 11:30:08
2026/09/15,Condamine Power Station,544274,BBGPG,0.000,0.000,0.000,0.000,,,QLD,Regional - QLD,590001,2026/09/16 10:35:32
2026/09/15,CRWP,540098,PIPE,0.000,0.000,53.635,0.000,,,QLD,Wallumbilla Hub,540032,2026/09/16 10:28:07
2026/09/15,CRWP,540098,PIPE,0.000,230.809,41.150,335.697,,,QLD,Regional - QLD,590001,2026/09/16 10:28:07
2026/09/15,CWP,520054,PIPE,2.572,0.000,1.130,0.000,,,NSW,Regional - NSW,590011,2026/09/16 12:46:47
2026/09/15,Daandine,540050,PROD,0.000,54.168,0.000,0.000,,,QLD,Regional - QLD,590001,2026/09/16 12:30:03
2026/09/15,Dandenong LNG,530038,STOR,0.000,0.222,0.000,0.000,654.184,27.889,VIC,Melbourne,590008,2026/09/16 12:46:47
2026/09/15,DDP,540097,PIPE,0.000,0.000,0.000,178.449,,,QLD,Wallumbilla Hub,540032,2026/09/16 12:01:11
2026/09/15,DDP,540097,PIPE,0.004,533.404,99.892,457.584,,,QLD,Regional - QLD,590001,2026/09/16 12:01:11
2026/09/15,DDPS,544027,BBGPG,0.004,0.000,0.000,0.000,,,QLD,Regional - QLD,590001,2026/09/16 12:01:11
2026/09/15,Diamantina Power Station,544077,BBGPG,35.351,0.000,0.000,0.000,,,QLD,Regional - QLD,590001,2026/09/16 12:46:47
2026/09/15,Dry Creek Power Station,555026,BBGPG,0.000,0.000,0.000,0.000,,,SA,Regional - SA,590013,2026/09/16 11:31:24
2026/09/15,EGP,520047,PIPE,134.456,0.000,0.000,0.000,,,NSW,Sydney,520008,2026/09/16 12:01:05
2026/09/15,EGP,520047,PIPE,8.130,0.000,0.000,0.000,,,NSW,Canberra,520009,2026/09/16 12:01:05
2026/09/15,EGP,520047,PIPE,0.000,189.268,0.000,102.788,,,VIC,Longford Hub,530015,2026/09/16 12:01:05
2026/09/15,EGP,520047,PIPE,4.901,0.000,0.000,21.794,,,NSW,Regional - NSW,590011,2026/09/16 12:01:05
2026/09/15,EGP,520047,PIPE,1.031,70.578,0.000,0.000,,,VIC,Regional - VIC,590012,2026/09/16 12:01:05
2026/09/15,EO4PL,540055,PIPE,0.000,0.000,0.000,0.000,,,QLD,Regional - QLD,590001,2026/09/16 10:35:33
2026/09/15,Eurombah Creek,540089,PROD,0.000,155.582,0.000,0.000,,,QLD,Regional - QLD,590001,2026/09/20 11:30:08
2026/09/15,Fairview,540070,PROD,0.000,284.737,0.000,0.000,,,QLD,Regional - QLD,590001,2026/09/16 10:28:23
2026/09/15,GLNG (Curtis Island),544276,LNGEXPORT,731.205,0.000,0.000,0.000,,,QLD,Curtis Island,540030,2026/09/16 10:28:07
2026/09/15,GLNG Pipeline,540092,PIPE,731.205,0.000,0.000,0.000,,,QLD,Curtis Island,540030,2026/09/16 10:28:07
2026/09/15,GLNG Pipeline,540092,PIPE,0.000,422.167,335.697,23.452,,,QLD,Regional - QLD,590001,2026/09/16 10:35:33
2026/09/15,Hallett,555029,BBGPG,0.070,0.000,0.000,0.000,,,SA,Regional - SA,590013,2026/09/16 11:31:24
2026/09/15,Hunter Power Station,523210,BBGPG,0.004,0.000,0.000,0.000,,,NSW,Sydney,520008,2026/09/16 12:46:47
2026/09/15,ICF,530071,COMPRESSOR,0.000,0.000,7.700,7.700,,,VIC,Iona Hub,530016,2026/09/16 08:35:02
2026/09/15,Iona UGS,530042,STOR,52.130,21.700,0.000,0.000,12953.948,0.000,VIC,Iona Hub,530016,2026/09/16 08:30:03
2026/09/15,Jeerelang,533161,BBGPG,0.000,0.000,0.000,0.000,,,VIC,Gippsland,590009,2026/09/17 11:00:07
2026/09/15,Jordan,540088,PROD,0.000,335.273,0.000,0.000,,,QLD,Regional - QLD,590001,2026/09/16 10:35:33
2026/09/15,Katherine Power Station,580233,BBGPG,0.000,0.000,0.000,0.000,,,NT,Regional - NT,590017,2026/09/16 12:46:47
2026/09/15,Kenya,540075,PROD,0.000,108.996,0.000,0.000,,,QLD,Regional - QLD,590001,2026/09/16 10:35:33
2026/09/15,Kincora,544253,PROD,0.000,4.000,0.000,0.000,,,QLD,Regional - QLD,590001,2026/09/16 12:46:47
2026/09/15,KKLP,523209,PIPE,0.004,0.000,0.000,0.000,,,NSW,Sydney,520008,2026/09/16 12:46:47
2026/09/15,Kogan North,540061,PROD,0.000,4.314,0.000,0.000,,,QLD,Regional - QLD,590001,2026/09/16 12:46:47
2026/09/15,Ladbroke Grove PS,555086,BBGPG,0.403,0.000,0.000,0.000,,,SA,Regional - SA,590013,2026/09/16 12:46:47
2026/09/15,Lang Lang,530039,PROD,0.000,18.910,0.000,0.000,,,VIC,Gippsland,590009,2026/09/16 10:18:17
2026/09/15,Laverton,533201,BBGPG,0.000,0.000,0.000,0.000,,,VIC,Geelong,590005,2026/09/17 11:00:07
2026/09/15,Longford,530040,PROD,0.000,613.818,0.000,0.000,,,VIC,Longford Hub,530015,2026/09/16 09:13:24
2026/09/15,Loy Yang B,533163,BBGPG,0.000,0.000,0.000,0.000,,,VIC,Gippsland,590009,2026/09/16 11:00:51
2026/09/15,LYB Transmission Pipeline,535023,PIPE,0.039,0.000,0.016,0.000,,,VIC,Gippsland,590009,2026/09/16 11:00:51
2026/09/15,MAPS,550054,PIPE,26.163,0.000,0.000,0.000,,,SA,Adelaide,550016,2026/09/16 11:31:24
2026/09/15,MAPS,550054,PIPE,0.000,40.545,45.830,0.000,,,SA,Moomba Hub,550017,2026/09/16 11:31:24
2026/09/15,MAPS,550054,PIPE,50.586,0.000,0.000,0.000,,,SA,Regional - SA,590013,2026/09/16 11:31:24
2026/09/15,McArthur River Mine,580220,BBGPG,8.741,0.000,0.000,0.000,,,NT,Regional - NT,590017,2026/09/16 09:19:04
2026/09/15,MCF,550050,COMPRESSOR,0.000,0.000,99.013,99.013,,,SA,Moomba Hub,550017,2026/09/16 12:46:47
2026/09/15,Mereenie,580040,PROD,0.000,24.929,0.000,0.000,,,NT,Regional - NT,590017,2026/09/16 11:47:27
2026/09/15,Meridian,540064,PROD,0.000,48.282,0.000,0.000,,,QLD,Regional - QLD,590001,2026/09/16 09:39:19
2026/09/15,Mintaro Power Station,555031,BBGPG,0.000,0.000,0.000,0.000,,,SA,Regional - SA,590013,2026/09/16 11:31:24
2026/09/15,Moomba,550045,PROD,0.000,209.100,0.000,0.000,,,SA,Moomba Hub,550017,2026/09/20 14:12:11
2026/09/15,Moomba Storage,550046,STOR,0.000,5.100,0.000,0.000,6237.600,0.000,SA,Moomba Hub,550017,2026/09/20 14:12:11
2026/09/15,Mortlake PS,530063,BBGPG,0.000,0.000,0.000,0.000,,,VIC,Regional - VIC,590012,2026/09/16 07:20:00
2026/09/15,MPL,530061,PIPE,0.000,0.000,0.000,0.000,,,VIC,Iona Hub,530016,2026/09/16 07:20:00
2026/09/15,MPL,530061,PIPE,0.000,0.000,0.000,0.000,,,VIC,Regional - VIC,590012,2026/09/16 07:20:00
2026/09/15,MRP,580100,PIPE,8.741,0.000,8.748,0.000,,,NT,Regional - NT,590017,2026/09/16 09:19:04
2026/09/15,MSP,520053,PIPE,86.902,0.000,0.000,0.000,,,NSW,Sydney,520008,2026/09/16 12:46:47
2026/09/15,MSP,520053,PIPE,0.000,0.000,28.705,0.000,,,SA,Moomba Hub,550017,2026/09/16 12:46:47
2026/09/15,MSP,520053,PIPE,32.740,0.000,0.000,1.130,,,NSW,Regional - NSW,590011,2026/09/16 12:46:47
2026/09/15,MSP,520053,PIPE,11.031,0.000,0.000,0.000,,,NSW,Regional - ACT,590015,2026/09/16 12:46:47
2026/09/15,MSP,520053,PIPE,0.000,0.000,17.846,1.400,,,NSW,Culcairn,590016,2026/09/16 12:46:47
2026/09/15,Newport,533171,BBGPG,0.001,0.000,0.000,0.000,,,VIC,Melbourne,590008,2026/09/17 11:00:07
2026/09/15,NGP,580050,PIPE,0.000,0.000,0.000,0.000,,,QLD,Regional - QLD,590001,2026/09/16 12:01:17
2026/09/15,NGP,580050,PIPE,0.000,0.000,0.000,0.000,,,NT,Regional - NT,590017,2026/09/16 12:01:17
2026/09/15,NGS,520060,STOR,0.130,0.610,0.000,0.000,657.507,76.881,NSW,Sydney,520008,2026/09/16 11:38:45
2026/09/15,Oakey PS,544095,BBGPG,0.000,0.000,0.000,0.000,,,QLD,Regional - QLD,590001,2026/09/16 12:46:47
2026/09/15,Orana,540084,PROD,0.000,168.894,0.000,0.000,,,QLD,Regional - QLD,590001,2026/09/20 11:30:08
2026/09/15,Orbost,530041,PROD,0.000,70.578,0.000,0.000,,,VIC,Regional - VIC,590012,2026/09/16 12:01:05
2026/09/15,Orica,544011,BBLARGE,9.708,0.000,0.000,0.000,,,QLD,Regional - QLD,590001,2026/09/16 12:01:07
2026/09/15,Orica (Kooragang Island),523206,BBLARGE,41.248,0.000,0.000,0.000,,,NSW,Sydney,520008,2026/09/16 13:00:00
2026/09/15,Osborne,555033,BBGPG,2.068,0.000,0.000,0.000,,,SA,Regional - SA,590013,2026/09/16 11:31:24
2026/09/15,Otway,530044,PROD,0.000,114.700,0.000,0.000,,,VIC,Iona Hub,530016,2026/09/16 15:22:15
2026/09/15,Owen Springs Power Station,580235,BBGPG,0.138,0.000,0.000,0.000,,,NT,Regional - NT,590017,2026/09/16 06:41:02
2026/09/15,Palm Valley,580060,PROD,0.000,5.541,0.000,0.000,,,NT,Regional - NT,590017,2026/09/16 11:47:27
2026/09/15,PCA,550052,PIPE,0.000,13.601,47.598,1.040,,,VIC,Iona Hub,530016,2026/09/16 07:20:01
2026/09/15,PCA,550052,PIPE,27.940,0.000,0.000,0.000,,,SA,Adelaide,550016,2026/09/16 07:20:01
2026/09/15,PCA,550052,PIPE,0.000,0.000,0.000,6.676,,,VIC,Regional - VIC,590012,2026/09/16 07:20:01
2026/09/15,PCA,550052,PIPE,0.702,0.000,0.000,0.000,,,SA,Regional - SA,590013,2026/09/16 07:20:01
2026/09/15,PCI,530060,PIPE,0.000,126.020,1.040,127.068,,,VIC,Iona Hub,530016,2026/09/16 07:20:01
2026/09/15,Peat,540065,PROD,0.000,11.600,0.000,0.000,,,QLD,Regional - QLD,590001,2026/09/20 11:30:08
2026/09/15,Pelican Point Power Station,555089,BBGPG,15.149,0.000,0.000,0.000,,,SA,Regional - SA,590013,2026/09/16 07:20:01
2026/09/15,Phosphate Hill,544081,BBLARGE,21.045,0.000,0.000,0.000,,,QLD,Regional - QLD,590001,2026/09/16 12:46:47
2026/09/15,Pipeline Compression Station,544279,COMPRESSOR,0.000,0.000,0.000,0.000,,,QLD,Regional - QLD,590001,2026/09/16 10:28:07
2026/09/15,PVP,580070,PIPE,0.533,0.000,0.630,0.000,,,NT,Regional - NT,590017,2026/09/16 06:41:02
2026/09/15,QCLNG LNG Plant,544272,LNGEXPORT,1505.376,0.000,0.000,0.000,,,QLD,Curtis Island,540030,2026/09/16 10:35:33
2026/09/15,QGP,540058,PIPE,0.000,0.000,14.935,0.000,,,QLD,Wallumbilla Hub,540032,2026/09/16 12:01:07
2026/09/15,QGP,540058,PIPE,117.494,25.628,76.886,0.000,,,QLD,Regional - QLD,590001,2026/09/16 12:01:07
2026/09/15,Quarantine Power Station,555087,BBGPG,0.000,0.000,0.000,0.000,,,SA,Regional - SA,590013,2026/09/16 11:31:24
2026/09/15,Queensland Aluminia,544012,BBLARGE,39.101,0.000,0.000,0.000,,,QLD,Regional - QLD,590001,2026/09/16 12:01:07
2026/09/15,RBP,540057,PIPE,0.000,0.000,0.647,10.300,,,QLD,Wallumbilla Hub,540032,2026/09/16 12:46:47
2026/09/15,RBP,540057,PIPE,3.422,19.914,46.036,2.019,,,QLD,Regional - QLD,590001,2026/09/16 12:46:47
2026/09/15,RBP,540057,PIPE,49.728,0.000,0.000,0.000,,,QLD,Brisbane,590002,2026/09/16 12:46:47
2026/09/15,RCWP,540102,PIPE,0.000,0.000,39.439,0.000,,,QLD,Wallumbilla Hub,540032,2026/09/16 12:46:47
2026/09/15,RCWP,540102,PIPE,0.000,0.000,31.411,70.582,,,QLD,Regional - QLD,590001,2026/09/16 12:46:47
2026/09/15,Reedy Creek,540085,PROD,0.000,183.266,0.000,0.000,,,QLD,Regional - QLD,590001,2026/09/20 11:30:08
2026/09/15,RMNGPF,640011,PROD,0.000,18.180,0.000,0.000,,,QLD,Regional - QLD,590001,2026/09/16 10:34:07
2026/09/15,RNMGP,640012,PIPE,0.000,18.180,0.000,18.180,,,QLD,Regional - QLD,590001,2026/09/16 10:34:07
2026/09/15,RNP,640009,PIPE,0.000,22.970,0.000,22.970,,,QLD,Regional - QLD,590001,2026/09/16 12:01:09
2026/09/15,Rolleston,540073,PROD,0.000,9.493,0.000,0.000,,,QLD,Regional - QLD,590001,2026/09/16 12:01:07
2026/09/15,Roma,540095,PROD,0.000,230.809,0.000,0.000,,,QLD,Regional - QLD,590001,2026/09/16 10:28:28
2026/09/15,Roma North,544260,PROD,0.000,22.970,0.000,0.000,,,QLD,Regional - QLD,590001,2026/09/16 12:01:19
2026/09/15,Roma Power Station,540120,BBGPG,0.000,0.000,0.000,0.000,,,QLD,Regional - QLD,590001,2026/09/16 11:19:57
2026/09/15,Ron Goodin Power Station,580234,BBGPG,0.000,0.000,0.000,0.000,,,NT,Regional - NT,590017,2026/09/16 06:41:02
2026/09/15,RPL,540110,PIPE,0.051,0.000,0.000,0.000,,,QLD,Regional - QLD,590001,2026/09/16 11:19:57
2026/09/15,Ruby Jo,540082,PROD,0.000,422.520,0.000,0.000,,,QLD,Regional - QLD,590001,2026/09/16 10:35:33
2026/09/15,RUGS,540040,STOR,0.000,0.000,0.000,0.000,15129.559,0.000,QLD,Regional - QLD,590001,2026/09/16 10:28:28
2026/09/15,Scotia,540072,PROD,0.000,98.484,0.000,0.000,,,QLD,Regional - QLD,590001,2026/09/16 10:28:28
2026/09/15,SEPS,550061,PIPE,6.165,0.000,6.177,0.000,,,SA,Regional - SA,590013,2026/09/16 11:32:05
2026/09/15,SESA,550060,PIPE,0.000,0.000,6.676,0.000,,,VIC,Regional - VIC,590012,2026/09/16 12:46:47
2026/09/15,SESA,550060,PIPE,0.403,0.000,0.000,6.177,,,SA,Regional - SA,590013,2026/09/16 12:46:47
2026/09/15,Shoalhaven Starches Cogeneration Plant,523203,BBLARGE,21.794,0.000,0.000,0.000,,,NSW,Regional - NSW,590011,2026/09/16 12:32:23
2026/09/15,Smithfield Energy Facility,522004,BBGPG,0.000,0.000,0.000,0.000,,,NSW,Regional - NSW,590011,2026/09/16 12:07:09
2026/09/15,Snapper Point,555090,BBGPG,0.000,0.000,0.000,0.000,,,SA,Regional - SA,590013,2026/09/16 11:31:24
2026/09/15,Somerton,533174,BBGPG,0.174,0.000,0.000,0.000,,,VIC,Melbourne,590008,2026/09/17 11:00:07
2026/09/15,SPCF,580236,PROD,0.000,26.279,0.000,0.000,,,NT,Regional - NT,590017,2026/09/16 10:57:37
2026/09/15,SPP,580237,PIPE,0.000,26.279,0.000,26.279,,,NT,Regional - NT,590017,2026/09/16 12:46:47
2026/09/15,Spring Gully,540066,PROD,0.000,55.803,0.000,0.000,,,QLD,Regional - QLD,590001,2026/09/20 11:30:08
2026/09/15,SSP,540103,PIPE,0.000,6.790,0.000,6.790,,,QLD,Regional - QLD,590001,2026/09/16 10:56:14
2026/09/15,SSSF,540062,STOR,0.000,6.300,0.000,0.000,8376.982,0.000,QLD,Regional - QLD,590001,2026/09/16 10:56:14
2026/09/15,Strathblane,540067,PROD,0.000,49.990,0.000,0.000,,,QLD,Regional - QLD,590001,2026/09/20 11:30:08
2026/09/15,Swanbank Power Station,544104,BBGPG,0.000,0.000,0.000,0.000,,,QLD,Brisbane,590002,2026/09/16 12:46:47
2026/09/15,SWQP,540060,PIPE,0.000,0.000,193.210,108.009,,,QLD,Wallumbilla Hub,540032,2026/09/16 12:46:47
2026/09/15,SWQP,540060,PIPE,0.000,0.000,0.000,73.807,,,QLD,Ballera,540078,2026/09/16 12:46:47
2026/09/15,SWQP,540060,PIPE,0.000,173.548,0.000,74.535,,,SA,Moomba Hub,550017,2026/09/16 12:46:47
2026/09/15,SWQP,540060,PIPE,0.148,0.000,0.000,0.000,,,QLD,Regional - QLD,590001,2026/09/16 12:46:47
2026/09/15,Talinga,540076,PROD,0.000,84.327,0.000,0.000,,,QLD,Regional - QLD,590001,2026/09/20 11:30:08
2026/09/15,Tallawarra,522002,BBGPG,0.000,0.000,0.000,0.000,,,NSW,Regional - NSW,590011,2026/09/16 11:00:11
2026/09/15,Tallawarra Pipeline,523201,PIPE,0.000,0.000,0.000,0.000,,,NSW,Regional - NSW,590011,2026/09/16 11:00:11
2026/09/15,Taloona,540068,PROD,0.000,40.917,0.000,0.000,,,QLD,Regional - QLD,590001,2026/09/20 11:30:08
2026/09/15,Tanami GP,580210,PIPE,6.441,0.000,7.000,0.000,,,NT,Regional - NT,590017,2026/09/16 12:02:00
2026/09/15,TGP,570050,PIPE,0.000,0.000,74.809,43.505,,,VIC,Longford Hub,530015,2026/09/18 10:01:22
2026/09/15,TGP,570050,PIPE,34.326,0.000,0.000,0.000,,,TAS,Regional - TAS,590014,2026/09/18 10:01:22
2026/09/15,Tipton,540051,PROD,0.000,40.380,0.000,0.000,,,QLD,Regional - QLD,590001,2026/09/16 12:30:03
2026/09/15,Torrens Island PS,555041,BBGPG,13.975,0.000,0.000,0.000,,,SA,Regional - SA,590013,2026/09/16 11:31:24
2026/09/15,Uranquinty Power Station,522047,BBGPG,0.000,0.000,0.000,0.000,,,NSW,Regional - NSW,590011,2026/09/16 12:46:47
2026/09/15,Valley Power GPG,535024,BBGPG,0.039,0.000,0.000,0.000,,,VIC,Gippsland,590009,2026/09/16 11:00:51
2026/09/15,VicHub,532005,PIPE,0.000,0.000,27.983,27.983,,,VIC,Longford Hub,530015,2026/09/16 12:01:23
2026/09/15,Viva Energy Refinery,535018,BBLARGE,8.919,0.000,0.000,0.000,,,VIC,Geelong,590005,2026/09/16 07:30:14
2026/09/15,VTS,530110,PIPE,0.000,422.890,71.506,0.000,,,VIC,Longford Hub,530015,2026/09/17 11:00:07
2026/09/15,VTS,530110,PIPE,38.347,0.013,79.411,0.000,,,VIC,Iona Hub,530016,2026/09/17 11:00:07
2026/09/15,VTS,530110,PIPE,13.774,0.000,0.000,0.000,,,VIC,Western,590004,2026/09/17 11:00:07
2026/09/15,VTS,530110,PIPE,59.253,0.000,0.000,0.000,,,VIC,Geelong,590005,2026/09/17 11:00:07
2026/09/15,VTS,530110,PIPE,37.364,0.000,0.000,0.000,,,VIC,Ballarat,590006,2026/09/17 11:00:07
2026/09/15,VTS,530110,PIPE,60.878,0.000,0.000,0.000,,,VIC,Northern,590007,2026/09/17 11:00:07
2026/09/15,VTS,530110,PIPE,341.385,0.085,0.000,0.000,,,VIC,Melbourne,590008,2026/09/17 11:00:07
2026/09/15,VTS,530110,PIPE,32.306,0.000,15.949,0.016,,,VIC,Gippsland,590009,2026/09/17 11:00:07
2026/09/15,VTS,530110,PIPE,0.000,0.000,1.401,17.846,,,NSW,Culcairn,590016,2026/09/17 11:00:07
2026/09/15,Wallumbilla Compression Station,544280,COMPRESSOR,0.000,0.000,0.000,0.000,,,QLD,Wallumbilla Hub,540032,2026/09/16 10:28:07
2026/09/15,WCFA,540045,COMPRESSOR,0.000,0.000,154.758,154.758,,,QLD,Wallumbilla Hub,540032,2026/09/16 12:46:47
2026/09/15,WCFB,540046,COMPRESSOR,0.000,0.000,28.152,28.152,,,QLD,Wallumbilla Hub,540032,2026/09/16 12:46:47
2026/09/15,Weddell Power Station,580232,BBGPG,17.110,0.000,0.000,0.000,,,NT,Darwin,580001,2026/09/16 12:46:47
2026/09/15,WGP,540091,PIPE,1505.376,0.000,0.000,0.000,,,QLD,Curtis Island,540030,2026/09/16 10:35:33
2026/09/15,WGP,540091,PIPE,0.000,1458.929,56.678,0.000,,,QLD,Regional - QLD,590001,2026/09/16 10:35:33
2026/09/15,Whyalla Steelworks,555085,BBLARGE,3.036,0.000,0.000,0.000,,,SA,Regional - SA,590013,2026/09/16 11:31:24
2026/09/15,Windibri,540069,PROD,0.000,96.985,0.000,0.000,,,QLD,Regional - QLD,590001,2026/09/16 10:35:33
2026/09/15,Woleebee Creek,540087,PROD,0.000,639.792,0.000,0.000,,,QLD,Regional - QLD,590001,2026/09/16 10:35:33
2026/09/15,WPP,580030,PIPE,17.110,2.861,14.249,0.000,,,NT,Darwin,580001,2026/09/16 12:46:47
2026/09/15,Yarwun,544282,BBGPG,50.685,0.000,0.000,0.000,,,QLD,Regional - QLD,590001,2026/09/16 12:01:07
2026/09/15,Yelcherr,580180,PROD,0.000,0.000,0.000,0.000,,,NT,Regional - NT,590017,2026/09/16 12:46:47
2026/09/15,Yellowbank,540074,PROD,0.000,11.885,0.000,0.000,,,QLD,Regional - QLD,590001,2026/09/16 12:01:07
2026/09/16,Adelaide Brighton,555091,BBLARGE,8.884,0.000,0.000,0.000,,,SA,Adelaide,550016,2026/09/17 13:00:00
2026/09/16,AGP,580010,PIPE,19.780,0.000,0.000,13.312,,,NT,Darwin,580001,2026/09/17 12:47:47
2026/09/16,AGP,580010,PIPE,7.159,27.886,14.975,16.793,,,NT,Regional - NT,590017,2026/09/17 12:47:47
2026/09/16,APLNG Pipeline,540093,PIPE,1645.767,0.000,0.000,0.000,,,QLD,Curtis Island,540030,2026/09/21 11:30:08
2026/09/16,APLNG Pipeline,540093,PIPE,0.000,1274.794,508.795,131.179,,,QLD,Regional - QLD,590001,2026/09/21 11:30:08
2026/09/16,Arcadia,540101,PROD,0.000,93.622,0.000,0.000,,,QLD,Regional - QLD,590001,2026/09/17 10:43:20
2026/09/16,ATGP,640013,PIPE,0.000,42.773,0.000,42.773,,,QLD,Regional - QLD,590001,2026/09/17 12:01:15
2026/09/16,ATHENA,535014,PROD,0.000,17.322,0.000,0.000,,,VIC,Iona Hub,530016,2026/09/21 09:38:57
2026/09/16,Atlas,544261,PROD,0.000,42.773,0.000,0.000,,,QLD,Regional - QLD,590001,2026/09/17 12:01:22
2026/09/16,Atlas East Central Processing Facility,640008,PROD,0.000,33.430,0.000,0.000,,,QLD,Regional - QLD,590001,2026/09/17 09:34:46
2026/09/16,Atlas to Reedy Creek Pipeline,640007,PIPE,0.000,33.435,0.000,33.388,,,QLD,Regional - QLD,590001,2026/09/17 12:47:47
2026/09/16,Australia Pacific LNG,544273,LNGEXPORT,1645.768,0.000,0.000,0.000,,,QLD,Curtis Island,540030,2026/09/17 12:00:25
2026/09/16,Australian Paper (Opal),535021,BBLARGE,8.533,0.000,0.000,0.000,,,VIC,Gippsland,590009,2026/09/18 11:00:14
2026/09/16,B1PL,540077,PIPE,0.540,40.433,0.000,42.680,,,QLD,Regional - QLD,590001,2026/09/17 11:00:48
2026/09/16,B2PL,540071,PIPE,0.000,54.095,6.010,59.711,,,QLD,Regional - QLD,590001,2026/09/17 10:17:34
2026/09/16,Bairnsdale Power Station,535020,BBGPG,0.000,0.000,0.000,0.000,,,VIC,Regional - VIC,590012,2026/09/17 11:00:52
2026/09/16,BCF,540047,COMPRESSOR,0.000,0.000,72.000,72.000,,,QLD,Regional - QLD,590001,2026/09/21 15:01:17
2026/09/16,Bell Bay CCGT,577016,BBGPG,0.000,0.000,0.000,0.000,,,TAS,Regional - TAS,590014,2026/09/17 12:01:01
2026/09/16,Bell Bay GGT,577014,BBGPG,0.000,0.000,0.000,0.000,,,TAS,Regional - TAS,590014,2026/09/17 12:01:01
2026/09/16,Bell Bay OCGT,577015,BBGPG,1.993,0.000,0.000,0.000,,,TAS,Regional - TAS,590014,2026/09/17 12:01:01
2026/09/16,Bellevue,540083,PROD,0.000,152.263,0.000,0.000,,,QLD,Regional - QLD,590001,2026/09/17 10:35:39
2026/09/16,BGP,580020,PIPE,0.342,0.000,0.000,0.000,,,NT,Regional - NT,590017,2026/09/17 12:47:47
2026/09/16,BlueScope,523204,BBLARGE,8.691,0.000,0.000,0.000,,,NSW,Sydney,520008,2026/09/17 12:01:05
2026/09/16,Bolivar,555008,BBGPG,0.000,0.000,0.000,0.000,,,SA,Regional - SA,590013,2026/09/17 12:04:40
2026/09/16,Bomaderry Gas Pipeline,523202,PIPE,22.347,0.000,22.347,0.000,,,NSW,Regional - NSW,590011,2026/09/17 14:33:14
2026/09/16,BPP,530030,PIPE,2.810,17.050,0.000,14.240,,,VIC,Gippsland,590009,2026/09/18 11:00:14
2026/09/16,Braemar 2 Power Station,544085,BBGPG,0.000,0.000,0.000,0.000,,,QLD,Regional - QLD,590001,2026/09/17 10:17:34
2026/09/16,Braemar Power Station,544252,BBGPG,0.540,0.000,0.000,0.000,,,QLD,Regional - QLD,590001,2026/09/17 11:00:48
2026/09/16,BWP,540096,PIPE,0.000,0.000,0.000,49.760,,,QLD,Wallumbilla Hub,540032,2026/09/17 12:47:47
2026/09/16,BWP,540096,PIPE,0.000,50.648,0.000,0.000,,,QLD,Regional - QLD,590001,2026/09/17 12:47:47
2026/09/16,CGP,540059,PIPE,0.000,0.000,72.012,0.000,,,QLD,Ballera,540078,2026/09/17 12:47:47
2026/09/16,CGP,540059,PIPE,68.442,0.000,0.000,0.000,,,QLD,Regional - QLD,590001,2026/09/17 12:47:47
2026/09/16,Channel Island Power Station,580231,BBGPG,19.780,0.000,0.000,0.000,,,NT,Darwin,580001,2026/09/17 12:47:47
2026/09/16,Colongra,523120,BBGPG,0.000,0.000,0.000,0.000,,,NSW,Regional - NSW,590011,2026/09/17 12:00:05
2026/09/16,ColongraGP,520090,PIPE,-1.650,0.000,0.000,0.000,,,NSW,Sydney,520008,2026/09/17 12:00:05
2026/09/16,ColongraGP,520090,PIPE,0.000,0.000,0.000,0.000,,,NSW,Regional - NSW,590011,2026/09/17 12:00:05
2026/09/16,Combabula,540094,PROD,0.000,288.196,0.000,0.000,,,QLD,Regional - QLD,590001,2026/09/21 11:30:08
2026/09/16,Condabri Central,540080,PROD,0.000,83.409,0.000,0.000,,,QLD,Regional - QLD,590001,2026/09/21 11:30:08
2026/09/16,Condabri North,540090,PROD,0.000,164.842,0.000,0.000,,,QLD,Regional - QLD,590001,2026/09/21 11:30:08
2026/09/16,Condabri South,540086,PROD,0.000,144.015,0.000,0.000,,,QLD,Regional - QLD,590001,2026/09/21 11:30:08
2026/09/16,Condamine Power Station,544274,BBGPG,0.000,0.000,0.000,0.000,,,QLD,Regional - QLD,590001,2026/09/17 10:35:25
2026/09/16,CRWP,540098,PIPE,0.000,0.000,47.240,0.000,,,QLD,Wallumbilla Hub,540032,2026/09/17 10:43:05
2026/09/16,CRWP,540098,PIPE,0.000,231.051,41.153,326.363,,,QLD,Regional - QLD,590001,2026/09/17 10:43:05
2026/09/16,CWP,520054,PIPE,3.097,0.000,2.553,0.000,,,NSW,Regional - NSW,590011,2026/09/17 12:47:47
2026/09/16,Daandine,540050,PROD,0.000,54.111,0.000,0.000,,,QLD,Regional - QLD,590001,2026/09/17 10:17:37
2026/09/16,Dandenong LNG,530038,STOR,0.000,1.515,0.000,0.000,650.990,27.889,VIC,Melbourne,590008,2026/09/17 12:47:47
2026/09/16,DDP,540097,PIPE,0.000,0.000,0.000,160.822,,,QLD,Wallumbilla Hub,540032,2026/09/17 12:01:14
2026/09/16,DDP,540097,PIPE,12.923,484.383,96.500,408.543,,,QLD,Regional - QLD,590001,2026/09/17 12:01:14
2026/09/16,DDPS,544027,BBGPG,12.923,0.000,0.000,0.000,,,QLD,Regional - QLD,590001,2026/09/17 12:01:14
2026/09/16,Diamantina Power Station,544077,BBGPG,35.596,0.000,0.000,0.000,,,QLD,Regional - QLD,590001,2026/09/17 12:47:47
2026/09/16,Dry Creek Power Station,555026,BBGPG,0.000,0.000,0.000,0.000,,,SA,Regional - SA,590013,2026/09/17 11:31:05
2026/09/16,EGP,520047,PIPE,127.474,0.000,0.000,0.000,,,NSW,Sydney,520008,2026/09/17 12:01:05
2026/09/16,EGP,520047,PIPE,11.785,0.000,0.000,0.000,,,NSW,Canberra,520009,2026/09/17 12:01:05
2026/09/16,EGP,520047,PIPE,0.000,207.902,0.000,90.545,,,VIC,Longford Hub,530015,2026/09/17 12:01:05
2026/09/16,EGP,520047,PIPE,5.352,0.000,0.000,22.347,,,NSW,Regional - NSW,590011,2026/09/17 12:01:05
2026/09/16,EGP,520047,PIPE,1.113,70.502,0.000,0.000,,,VIC,Regional - VIC,590012,2026/09/17 12:01:05
2026/09/16,EO4PL,540055,PIPE,0.000,0.000,0.000,0.000,,,QLD,Regional - QLD,590001,2026/09/17 10:35:39
2026/09/16,Eurombah Creek,540089,PROD,0.000,155.635,0.000,0.000,,,QLD,Regional - QLD,590001,2026/09/21 11:30:08
2026/09/16,Fairview,540070,PROD,0.000,286.877,0.000,0.000,,,QLD,Regional - QLD,590001,2026/09/17 10:43:20
2026/09/16,GLNG (Curtis Island),544276,LNGEXPORT,727.915,0.000,0.000,0.000,,,QLD,Curtis Island,540030,2026/09/17 10:43:05
2026/09/16,GLNG Pipeline,540092,PIPE,727.915,0.000,0.000,0.000,,,QLD,Curtis Island,540030,2026/09/17 10:43:05
2026/09/16,GLNG Pipeline,540092,PIPE,0.000,425.301,326.363,18.164,,,QLD,Regional - QLD,590001,2026/09/17 10:35:39
2026/09/16,Hallett,555029,BBGPG,0.000,0.000,0.000,0.000,,,SA,Regional - SA,590013,2026/09/17 11:31:05
2026/09/16,Hunter Power Station,523210,BBGPG,0.020,0.000,0.000,0.000,,,NSW,Sydney,520008,2026/09/17 12:47:47
2026/09/16,ICF,530071,COMPRESSOR,0.000,0.000,7.780,7.780,,,VIC,Iona Hub,530016,2026/09/17 08:35:02
2026/09/16,Iona UGS,530042,STOR,19.309,88.875,0.000,0.000,12884.382,0.000,VIC,Iona Hub,530016,2026/09/17 08:30:03
2026/09/16,Jeerelang,533161,BBGPG,0.000,0.000,0.000,0.000,,,VIC,Gippsland,590009,2026/09/18 11:00:14
2026/09/16,Jordan,540088,PROD,0.000,324.902,0.000,0.000,,,QLD,Regional - QLD,590001,2026/09/17 10:35:39
2026/09/16,Katherine Power Station,580233,BBGPG,0.000,0.000,0.000,0.000,,,NT,Regional - NT,590017,2026/09/17 12:47:47
2026/09/16,Kenya,540075,PROD,0.000,113.261,0.000,0.000,,,QLD,Regional - QLD,590001,2026/09/17 10:35:39
2026/09/16,Kincora,544253,PROD,0.000,4.000,0.000,0.000,,,QLD,Regional - QLD,590001,2026/09/17 12:47:47
2026/09/16,KKLP,523209,PIPE,0.020,0.000,0.000,0.000,,,NSW,Sydney,520008,2026/09/17 12:47:47
2026/09/16,Kogan North,540061,PROD,0.000,4.315,0.000,0.000,,,QLD,Regional - QLD,590001,2026/09/17 12:47:47
2026/09/16,Ladbroke Grove PS,555086,BBGPG,0.000,0.000,0.000,0.000,,,SA,Regional - SA,590013,2026/09/17 12:47:47
2026/09/16,Lang Lang,530039,PROD,0.000,17.050,0.000,0.000,,,VIC,Gippsland,590009,2026/09/17 11:21:50
2026/09/16,Laverton,533201,BBGPG,0.001,0.000,0.000,0.000,,,VIC,Geelong,590005,2026/09/18 11:00:14
2026/09/16,Longford,530040,PROD,0.000,614.597,0.000,0.000,,,VIC,Longford Hub,530015,2026/09/17 09:02:57
2026/09/16,Loy Yang B,533163,BBGPG,0.000,0.000,0.000,0.000,,,VIC,Gippsland,590009,2026/09/17 11:00:50
2026/09/16,LYB Transmission Pipeline,535023,PIPE,0.049,0.000,0.029,0.000,,,VIC,Gippsland,590009,2026/09/17 11:00:50
2026/09/16,MAPS,550054,PIPE,33.595,0.000,0.000,0.000,,,SA,Adelaide,550016,2026/09/17 11:31:05
2026/09/16,MAPS,550054,PIPE,0.000,38.349,49.523,0.000,,,SA,Moomba Hub,550017,2026/09/17 11:31:05
2026/09/16,MAPS,550054,PIPE,76.766,0.000,0.000,0.000,,,SA,Regional - SA,590013,2026/09/17 11:31:05
2026/09/16,McArthur River Mine,580220,BBGPG,10.095,0.000,0.000,0.000,,,NT,Regional - NT,590017,2026/09/17 09:06:19
2026/09/16,MCF,550050,COMPRESSOR,0.000,0.000,0.000,0.000,,,SA,Moomba Hub,550017,2026/09/17 12:47:47
2026/09/16,Mereenie,580040,PROD,0.000,22.334,0.000,0.000,,,NT,Regional - NT,590017,2026/09/17 11:47:37
2026/09/16,Meridian,540064,PROD,0.000,49.052,0.000,0.000,,,QLD,Regional - QLD,590001,2026/09/17 09:38:59
2026/09/16,Mintaro Power Station,555031,BBGPG,0.000,0.000,0.000,0.000,,,SA,Regional - SA,590013,2026/09/17 11:31:05
2026/09/16,Moomba,550045,PROD,0.000,209.200,0.000,0.000,,,SA,Moomba Hub,550017,2026/09/21 15:01:17
2026/09/16,Moomba Storage,550046,STOR,0.000,4.800,0.000,0.000,6232.800,0.000,SA,Moomba Hub,550017,2026/09/21 15:01:17
2026/09/16,Mortlake PS,530063,BBGPG,30.003,0.000,0.000,0.000,,,VIC,Regional - VIC,590012,2026/09/17 07:20:00
2026/09/16,MPL,530061,PIPE,0.000,0.000,12.652,0.000,,,VIC,Iona Hub,530016,2026/09/17 07:20:00
2026/09/16,MPL,530061,PIPE,30.003,0.000,0.000,0.000,,,VIC,Regional - VIC,590012,2026/09/17 07:20:00
2026/09/16,MRP,580100,PIPE,10.095,0.000,10.118,0.000,,,NT,Regional - NT,590017,2026/09/17 09:06:19
2026/09/16,MSP,520053,PIPE,118.581,0.000,0.000,0.000,,,NSW,Sydney,520008,2026/09/17 12:47:47
2026/09/16,MSP,520053,PIPE,0.000,0.000,160.420,2.300,,,SA,Moomba Hub,550017,2026/09/17 12:47:47
2026/09/16,MSP,520053,PIPE,38.471,0.000,0.000,2.553,,,NSW,Regional - NSW,590011,2026/09/17 12:47:47
2026/09/16,MSP,520053,PIPE,17.262,0.000,0.000,0.000,,,NSW,Regional - ACT,590015,2026/09/17 12:47:47
2026/09/16,MSP,520053,PIPE,0.000,0.000,10.465,14.415,,,NSW,Culcairn,590016,2026/09/17 12:47:47
2026/09/16,Newport,533171,BBGPG,44.771,0.000,0.000,0.000,,,VIC,Melbourne,590008,2026/09/18 11:00:14
2026/09/16,NGP,580050,PIPE,0.000,0.000,0.000,0.000,,,QLD,Regional - QLD,590001,2026/09/17 12:01:19
2026/09/16,NGP,580050,PIPE,0.000,0.000,0.000,0.000,,,NT,Regional - NT,590017,2026/09/17 12:01:19
2026/09/16,NGS,520060,STOR,0.260,0.480,0.000,0.000,657.389,76.881,NSW,Sydney,520008,2026/09/17 08:06:13
2026/09/16,Oakey PS,544095,BBGPG,0.000,0.000,0.000,0.000,,,QLD,Regional - QLD,590001,2026/09/17 12:47:47
2026/09/16,Orana,540084,PROD,0.000,159.929,0.000,0.000,,,QLD,Regional - QLD,590001,2026/09/21 11:30:08
2026/09/16,Orbost,530041,PROD,0.000,70.502,0.000,0.000,,,VIC,Regional - VIC,590012,2026/09/17 12:01:05
2026/09/16,Orica,544011,BBLARGE,9.833,0.000,0.000,0.000,,,QLD,Regional - QLD,590001,2026/09/17 12:01:10
2026/09/16,Orica (Kooragang Island),523206,BBLARGE,40.658,0.000,0.000,0.000,,,NSW,Sydney,520008,2026/09/17 13:00:00
2026/09/16,Osborne,555033,BBGPG,0.000,0.000,0.000,0.000,,,SA,Regional - SA,590013,2026/09/17 11:31:05
2026/09/16,Otway,530044,PROD,0.000,119.899,0.000,0.000,,,VIC,Iona Hub,530016,2026/09/17 15:53:38
2026/09/16,Owen Springs Power Station,580235,BBGPG,0.154,0.000,0.000,0.000,,,NT,Regional - NT,590017,2026/09/17 06:41:08
2026/09/16,Palm Valley,580060,PROD,0.000,5.552,0.000,0.000,,,NT,Regional - NT,590017,2026/09/17 11:47:37
2026/09/16,PCA,550052,PIPE,0.000,13.628,20.090,1.013,,,VIC,Iona Hub,530016,2026/09/24 07:20:02
2026/09/16,PCA,550052,PIPE,26.073,0.000,0.000,0.000,,,SA,Adelaide,550016,2026/09/24 07:20:02
2026/09/16,PCA,550052,PIPE,0.000,0.000,0.000,6.569,,,VIC,Regional - VIC,590012,2026/09/24 07:20:02
2026/09/16,PCA,550052,PIPE,0.684,0.000,0.000,0.000,,,SA,Regional - SA,590013,2026/09/24 07:20:02
2026/09/16,PCI,530060,PIPE,0.000,131.288,1.013,132.301,,,VIC,Iona Hub,530016,2026/09/17 07:20:01
2026/09/16,Peat,540065,PROD,0.000,11.573,0.000,0.000,,,QLD,Regional - QLD,590001,2026/09/21 11:30:08
2026/09/16,Pelican Point Power Station,555089,BBGPG,22.808,0.000,0.000,0.000,,,SA,Regional - SA,590013,2026/09/24 07:20:02
2026/09/16,Phosphate Hill,544081,BBLARGE,22.303,0.000,0.000,0.000,,,QLD,Regional - QLD,590001,2026/09/17 12:47:47
2026/09/16,Pipeline Compression Station,544279,COMPRESSOR,0.000,0.000,0.000,0.000,,,QLD,Regional - QLD,590001,2026/09/17 10:43:05
2026/09/16,PVP,580070,PIPE,0.582,0.000,0.675,0.000,,,NT,Regional - NT,590017,2026/09/17 06:41:08
2026/09/16,QCLNG LNG Plant,544272,LNGEXPORT,1503.117,0.000,0.000,0.000,,,QLD,Curtis Island,540030,2026/09/17 10:35:39
2026/09/16,QGP,540058,PIPE,0.000,0.000,23.155,0.000,,,QLD,Wallumbilla Hub,540032,2026/09/17 12:01:10
2026/09/16,QGP,540058,PIPE,123.489,23.641,76.887,0.000,,,QLD,Regional - QLD,590001,2026/09/17 12:01:10
2026/09/16,Quarantine Power Station,555087,BBGPG,0.012,0.000,0.000,0.000,,,SA,Regional - SA,590013,2026/09/17 11:31:05
2026/09/16,Queensland Aluminia,544012,BBLARGE,44.287,0.000,0.000,0.000,,,QLD,Regional - QLD,590001,2026/09/17 12:01:10
2026/09/16,RBP,540057,PIPE,0.000,0.000,10.336,10.300,,,QLD,Wallumbilla Hub,540032,2026/09/17 12:47:47
2026/09/16,RBP,540057,PIPE,3.276,20.487,48.996,6.010,,,QLD,Regional - QLD,590001,2026/09/17 12:47:47
2026/09/16,RBP,540057,PIPE,51.204,0.000,0.000,0.000,,,QLD,Brisbane,590002,2026/09/17 12:47:47
2026/09/16,RCWP,540102,PIPE,0.000,0.000,48.811,0.011,,,QLD,Wallumbilla Hub,540032,2026/09/17 12:47:47
2026/09/16,RCWP,540102,PIPE,0.000,0.000,33.388,82.089,,,QLD,Regional - QLD,590001,2026/09/17 12:47:47
2026/09/16,Reedy Creek,540085,PROD,0.000,184.213,0.000,0.000,,,QLD,Regional - QLD,590001,2026/09/21 11:30:08
2026/09/16,RMNGPF,640011,PROD,0.000,18.220,0.000,0.000,,,QLD,Regional - QLD,590001,2026/09/17 09:34:55
2026/09/16,RNMGP,640012,PIPE,0.000,18.220,0.000,18.220,,,QLD,Regional - QLD,590001,2026/09/17 09:34:55
2026/09/16,RNP,640009,PIPE,0.000,22.933,0.000,22.933,,,QLD,Regional - QLD,590001,2026/09/17 12:01:12
2026/09/16,Rolleston,540073,PROD,0.000,8.740,0.000,0.000,,,QLD,Regional - QLD,590001,2026/09/17 12:01:10
2026/09/16,Roma,540095,PROD,0.000,231.051,0.000,0.000,,,QLD,Regional - QLD,590001,2026/09/17 10:43:25
2026/09/16,Roma North,544260,PROD,0.000,22.933,0.000,0.000,,,QLD,Regional - QLD,590001,2026/09/17 12:01:21
2026/09/16,Roma Power Station,540120,BBGPG,0.000,0.000,0.000,0.000,,,QLD,Regional - QLD,590001,2026/09/17 16:30:57
2026/09/16,Ron Goodin Power Station,580234,BBGPG,0.000,0.000,0.000,0.000,,,NT,Regional - NT,590017,2026/09/17 06:41:08
2026/09/16,RPL,540110,PIPE,0.054,0.000,0.000,0.000,,,QLD,Regional - QLD,590001,2026/09/17 16:30:57
2026/09/16,Ruby Jo,540082,PROD,0.000,422.616,0.000,0.000,,,QLD,Regional - QLD,590001,2026/09/17 10:35:39
2026/09/16,RUGS,540040,STOR,0.000,0.000,0.000,0.000,15125.346,0.000,QLD,Regional - QLD,590001,2026/09/17 10:43:25
2026/09/16,Scotia,540072,PROD,0.000,101.484,0.000,0.000,,,QLD,Regional - QLD,590001,2026/09/17 10:43:25
2026/09/16,SEPS,550061,PIPE,6.512,0.000,6.510,0.000,,,SA,Regional - SA,590013,2026/09/17 11:32:05
2026/09/16,SESA,550060,PIPE,0.000,0.000,6.568,0.000,,,VIC,Regional - VIC,590012,2026/09/17 12:47:47
2026/09/16,SESA,550060,PIPE,0.000,0.000,0.000,6.508,,,SA,Regional - SA,590013,2026/09/17 12:47:47
2026/09/16,Shoalhaven Starches Cogeneration Plant,523203,BBLARGE,22.347,0.000,0.000,0.000,,,NSW,Regional - NSW,590011,2026/09/17 14:33:14
2026/09/16,Smithfield Energy Facility,522004,BBGPG,0.000,0.000,0.000,0.000,,,NSW,Regional - NSW,590011,2026/09/17 12:04:55
2026/09/16,Snapper Point,555090,BBGPG,0.000,0.000,0.000,0.000,,,SA,Regional - SA,590013,2026/09/17 11:31:05
2026/09/16,Somerton,533174,BBGPG,5.700,0.000,0.000,0.000,,,VIC,Melbourne,590008,2026/09/18 11:00:14
2026/09/16,SPCF,580236,PROD,0.000,14.975,0.000,0.000,,,NT,Regional - NT,590017,2026/09/17 09:41:43
2026/09/16,SPP,580237,PIPE,0.000,14.975,0.000,14.975,,,NT,Regional - NT,590017,2026/09/17 12:47:47
2026/09/16,Spring Gully,540066,PROD,0.000,55.898,0.000,0.000,,,QLD,Regional - QLD,590001,2026/09/21 11:30:08
2026/09/16,SSP,540103,PIPE,0.000,6.810,0.000,6.810,,,QLD,Regional - QLD,590001,2026/09/17 10:05:59
2026/09/16,SSSF,540062,STOR,0.000,6.300,0.000,0.000,8370.172,0.000,QLD,Regional - QLD,590001,2026/09/17 10:05:59
2026/09/16,Strathblane,540067,PROD,0.000,50.529,0.000,0.000,,,QLD,Regional - QLD,590001,2026/09/21 11:30:08
2026/09/16,Swanbank Power Station,544104,BBGPG,0.000,0.000,0.000,0.000,,,QLD,Brisbane,590002,2026/09/17 12:47:47
2026/09/16,SWQP,540060,PIPE,0.000,0.000,220.246,128.895,,,QLD,Wallumbilla Hub,540032,2026/09/17 12:47:47
2026/09/16,SWQP,540060,PIPE,0.000,0.000,0.000,76.748,,,QLD,Ballera,540078,2026/09/17 12:47:47
2026/09/16,SWQP,540060,PIPE,0.000,186.293,0.000,207.643,,,SA,Moomba Hub,550017,2026/09/17 12:47:47
2026/09/16,SWQP,540060,PIPE,0.129,0.000,0.000,0.000,,,QLD,Regional - QLD,590001,2026/09/17 12:47:47
2026/09/16,Talinga,540076,PROD,0.000,84.092,0.000,0.000,,,QLD,Regional - QLD,590001,2026/09/21 11:30:08
2026/09/16,Tallawarra,522002,BBGPG,0.000,0.000,0.000,0.000,,,NSW,Regional - NSW,590011,2026/09/17 11:00:04
2026/09/16,Tallawarra Pipeline,523201,PIPE,0.000,0.000,0.000,0.000,,,NSW,Regional - NSW,590011,2026/09/17 11:00:04
2026/09/16,Taloona,540068,PROD,0.000,40.709,0.000,0.000,,,QLD,Regional - QLD,590001,2026/09/21 11:30:08
2026/09/16,Tanami GP,580210,PIPE,6.617,0.000,6.000,0.000,,,NT,Regional - NT,590017,2026/09/17 12:02:00
2026/09/16,TGP,570050,PIPE,0.000,0.000,44.160,51.315,,,VIC,Longford Hub,530015,2026/09/17 12:01:01
2026/09/16,TGP,570050,PIPE,21.145,0.000,0.000,0.000,,,TAS,Regional - TAS,590014,2026/09/17 12:01:01
2026/09/16,Tipton,540051,PROD,0.000,40.433,0.000,0.000,,,QLD,Regional - QLD,590001,2026/09/17 10:17:41
2026/09/16,Torrens Island PS,555041,BBGPG,32.692,0.000,0.000,0.000,,,SA,Regional - SA,590013,2026/09/17 11:31:05
2026/09/16,Uranquinty Power Station,522047,BBGPG,0.000,0.000,0.000,0.000,,,NSW,Regional - NSW,590011,2026/09/17 12:47:47
2026/09/16,Valley Power GPG,535024,BBGPG,0.049,0.000,0.000,0.000,,,VIC,Gippsland,590009,2026/09/17 11:00:50
2026/09/16,VicHub,532005,PIPE,0.000,0.000,46.390,46.390,,,VIC,Longford Hub,530015,2026/09/17 12:01:24
2026/09/16,Viva Energy Refinery,535018,BBLARGE,10.463,0.000,0.000,0.000,,,VIC,Geelong,590005,2026/09/17 07:30:12
2026/09/16,VTS,530110,PIPE,0.000,404.936,97.730,0.001,,,VIC,Longford Hub,530015,2026/09/18 11:00:14
2026/09/16,VTS,530110,PIPE,0.279,61.771,99.462,0.000,,,VIC,Iona Hub,530016,2026/09/18 11:00:14
2026/09/16,VTS,530110,PIPE,14.478,0.000,0.000,0.000,,,VIC,Western,590004,2026/09/18 11:00:14
2026/09/16,VTS,530110,PIPE,62.862,0.000,0.000,0.000,,,VIC,Geelong,590005,2026/09/18 11:00:14
2026/09/16,VTS,530110,PIPE,42.698,0.000,0.000,0.000,,,VIC,Ballarat,590006,2026/09/18 11:00:14
2026/09/16,VTS,530110,PIPE,66.032,0.000,0.000,0.000,,,VIC,Northern,590007,2026/09/18 11:00:14
2026/09/16,VTS,530110,PIPE,447.212,1.394,0.000,0.000,,,VIC,Melbourne,590008,2026/09/18 11:00:14
2026/09/16,VTS,530110,PIPE,35.284,0.000,14.240,0.029,,,VIC,Gippsland,590009,2026/09/18 11:00:14
2026/09/16,VTS,530110,PIPE,0.000,0.000,14.415,10.465,,,NSW,Culcairn,590016,2026/09/18 11:00:14
2026/09/16,Wallumbilla Compression Station,544280,COMPRESSOR,0.000,0.000,0.000,0.000,,,QLD,Wallumbilla Hub,540032,2026/09/17 10:43:05
2026/09/16,WCFA,540045,COMPRESSOR,0.000,0.000,188.188,188.188,,,QLD,Wallumbilla Hub,540032,2026/09/17 12:47:47
2026/09/16,WCFB,540046,COMPRESSOR,0.000,0.000,21.757,21.757,,,QLD,Wallumbilla Hub,540032,2026/09/17 12:47:47
2026/09/16,Weddell Power Station,580232,BBGPG,16.489,0.000,0.000,0.000,,,NT,Darwin,580001,2026/09/17 12:47:47
2026/09/16,WGP,540091,PIPE,1503.117,0.000,0.000,0.000,,,QLD,Curtis Island,540030,2026/09/17 10:35:39
2026/09/16,WGP,540091,PIPE,0.000,1449.045,59.695,0.000,,,QLD,Regional - QLD,590001,2026/09/17 10:35:39
2026/09/16,Whyalla Steelworks,555085,BBLARGE,4.982,0.000,0.000,0.000,,,SA,Regional - SA,590013,2026/09/17 11:31:05
2026/09/16,Windibri,540069,PROD,0.000,96.016,0.000,0.000,,,QLD,Regional - QLD,590001,2026/09/17 10:35:39
2026/09/16,Woleebee Creek,540087,PROD,0.000,639.377,0.000,0.000,,,QLD,Regional - QLD,590001,2026/09/17 10:35:39
2026/09/16,WPP,580030,PIPE,16.489,3.182,13.312,0.000,,,NT,Darwin,580001,2026/09/17 12:47:47
2026/09/16,Yarwun,544282,BBGPG,51.647,0.000,0.000,0.000,,,QLD,Regional - QLD,590001,2026/09/17 12:01:10
2026/09/16,Yelcherr,580180,PROD,0.000,0.000,0.000,0.000,,,NT,Regional - NT,590017,2026/09/17 12:47:47
2026/09/16,Yellowbank,540074,PROD,0.000,10.651,0.000,0.000,,,QLD,Regional - QLD,590001,2026/09/17 12:01:10
2026/09/17,Adelaide Brighton,555091,BBLARGE,8.428,0.000,0.000,0.000,,,SA,Adelaide,550016,2026/09/18 13:00:01
2026/09/17,AGP,580010,PIPE,18.664,0.000,0.000,12.868,,,NT,Darwin,580001,2026/09/18 12:46:48
2026/09/17,AGP,580010,PIPE,7.054,30.862,25.021,17.273,,,NT,Regional - NT,590017,2026/09/18 12:46:48
2026/09/17,APLNG Pipeline,540093,PIPE,1680.525,0.000,0.000,0.000,,,QLD,Curtis Island,540030,2026/09/22 11:30:08
2026/09/17,APLNG Pipeline,540093,PIPE,0.000,1272.581,505.530,128.716,,,QLD,Regional - QLD,590001,2026/09/22 11:30:08
2026/09/17,Arcadia,540101,PROD,0.000,93.773,0.000,0.000,,,QLD,Regional - QLD,590001,2026/09/18 10:28:20
2026/09/17,ATGP,640013,PIPE,0.000,42.668,0.000,42.668,,,QLD,Regional - QLD,590001,2026/09/18 12:01:12
2026/09/17,ATHENA,535014,PROD,0.000,17.360,0.000,0.000,,,VIC,Iona Hub,530016,2026/09/22 09:42:40
2026/09/17,Atlas,544261,PROD,0.000,42.668,0.000,0.000,,,QLD,Regional - QLD,590001,2026/09/18 12:01:17
2026/09/17,Atlas East Central Processing Facility,640008,PROD,0.000,33.360,0.000,0.000,,,QLD,Regional - QLD,590001,2026/09/18 09:47:09
2026/09/17,Atlas to Reedy Creek Pipeline,640007,PIPE,0.000,33.540,0.000,31.402,,,QLD,Regional - QLD,590001,2026/09/18 12:46:48
2026/09/17,Australia Pacific LNG,544273,LNGEXPORT,1680.525,0.000,0.000,0.000,,,QLD,Curtis Island,540030,2026/09/18 12:00:25
2026/09/17,Australian Paper (Opal),535021,BBLARGE,8.905,0.000,0.000,0.000,,,VIC,Gippsland,590009,2026/09/18 11:00:14
2026/09/17,B1PL,540077,PIPE,0.391,34.112,0.000,31.935,,,QLD,Regional - QLD,590001,2026/09/18 11:00:54
2026/09/17,B2PL,540071,PIPE,0.000,54.484,5.010,59.719,,,QLD,Regional - QLD,590001,2026/09/18 12:30:05
2026/09/17,Bairnsdale Power Station,535020,BBGPG,0.000,0.000,0.000,0.000,,,VIC,Regional - VIC,590012,2026/09/18 11:00:57
2026/09/17,BCF,540047,COMPRESSOR,0.000,0.000,71.100,71.100,,,QLD,Regional - QLD,590001,2026/09/22 21:14:47
2026/09/17,Bell Bay CCGT,577016,BBGPG,0.000,0.000,0.000,0.000,,,TAS,Regional - TAS,590014,2026/09/19 12:01:00
2026/09/17,Bell Bay GGT,577014,BBGPG,0.197,0.000,0.000,0.000,,,TAS,Regional - TAS,590014,2026/09/19 12:01:00
2026/09/17,Bell Bay OCGT,577015,BBGPG,0.424,0.000,0.000,0.000,,,TAS,Regional - TAS,590014,2026/09/19 12:01:00
2026/09/17,Bellevue,540083,PROD,0.000,151.393,0.000,0.000,,,QLD,Regional - QLD,590001,2026/09/18 10:35:36
2026/09/17,BGP,580020,PIPE,0.337,0.000,0.000,0.000,,,NT,Regional - NT,590017,2026/09/18 12:46:48
2026/09/17,BlueScope,523204,BBLARGE,12.548,0.000,0.000,0.000,,,NSW,Sydney,520008,2026/09/18 12:01:05
2026/09/17,Bolivar,555008,BBGPG,0.000,0.000,0.000,0.000,,,SA,Regional - SA,590013,2026/09/18 12:08:27
2026/09/17,Bomaderry Gas Pipeline,523202,PIPE,21.880,0.000,21.846,0.000,,,NSW,Regional - NSW,590011,2026/09/20 09:54:34
2026/09/17,BPP,530030,PIPE,2.640,17.050,0.000,14.411,,,VIC,Gippsland,590009,2026/09/18 11:00:14
2026/09/17,Braemar 2 Power Station,544085,BBGPG,0.000,0.000,0.000,0.000,,,QLD,Regional - QLD,590001,2026/09/18 12:30:05
2026/09/17,Braemar Power Station,544252,BBGPG,0.391,0.000,0.000,0.000,,,QLD,Regional - QLD,590001,2026/09/18 11:00:54
2026/09/17,BWP,540096,PIPE,0.000,0.000,0.000,20.201,,,QLD,Wallumbilla Hub,540032,2026/09/18 12:46:48
2026/09/17,BWP,540096,PIPE,0.000,19.104,0.000,0.000,,,QLD,Regional - QLD,590001,2026/09/18 12:46:48
2026/09/17,CGP,540059,PIPE,0.000,0.000,71.063,0.000,,,QLD,Ballera,540078,2026/09/18 12:46:48
2026/09/17,CGP,540059,PIPE,70.022,0.000,0.000,0.000,,,QLD,Regional - QLD,590001,2026/09/18 12:46:48
2026/09/17,Channel Island Power Station,580231,BBGPG,18.664,0.000,0.000,0.000,,,NT,Darwin,580001,2026/09/18 12:46:48
2026/09/17,Colongra,523120,BBGPG,0.000,0.000,0.000,0.000,,,NSW,Regional - NSW,590011,2026/09/18 12:00:05
2026/09/17,ColongraGP,520090,PIPE,0.000,0.000,0.000,0.000,,,NSW,Sydney,520008,2026/09/18 12:00:05
2026/09/17,ColongraGP,520090,PIPE,0.000,0.000,0.000,0.000,,,NSW,Regional - NSW,590011,2026/09/18 12:00:05
2026/09/17,Combabula,540094,PROD,0.000,288.258,0.000,0.000,,,QLD,Regional - QLD,590001,2026/09/22 11:30:08
2026/09/17,Condabri Central,540080,PROD,0.000,83.536,0.000,0.000,,,QLD,Regional - QLD,590001,2026/09/22 11:30:08
2026/09/17,Condabri North,540090,PROD,0.000,164.998,0.000,0.000,,,QLD,Regional - QLD,590001,2026/09/22 11:30:08
2026/09/17,Condabri South,540086,PROD,0.000,143.169,0.000,0.000,,,QLD,Regional - QLD,590001,2026/09/22 11:30:08
2026/09/17,Condamine Power Station,544274,BBGPG,0.000,0.000,0.000,0.000,,,QLD,Regional - QLD,590001,2026/09/18 10:36:20
2026/09/17,CRWP,540098,PIPE,0.000,0.000,67.514,0.000,,,QLD,Wallumbilla Hub,540032,2026/09/18 10:28:07
2026/09/17,CRWP,540098,PIPE,0.000,230.505,41.122,334.581,,,QLD,Regional - QLD,590001,2026/09/18 10:28:07
2026/09/17,CWP,520054,PIPE,4.715,0.000,5.990,0.000,,,NSW,Regional - NSW,590011,2026/09/18 12:46:48
2026/09/17,Daandine,540050,PROD,0.000,54.503,0.000,0.000,,,QLD,Regional - QLD,590001,2026/09/18 12:30:05
2026/09/17,Dandenong LNG,530038,STOR,0.000,0.447,0.000,0.000,651.183,27.889,VIC,Melbourne,590008,2026/09/18 12:46:48
2026/09/17,DDP,540097,PIPE,0.000,0.000,0.000,174.694,,,QLD,Wallumbilla Hub,540032,2026/09/18 12:01:11
2026/09/17,DDP,540097,PIPE,0.003,517.603,94.424,441.145,,,QLD,Regional - QLD,590001,2026/09/18 12:01:11
2026/09/17,DDPS,544027,BBGPG,0.003,0.000,0.000,0.000,,,QLD,Regional - QLD,590001,2026/09/18 12:01:11
2026/09/17,Diamantina Power Station,544077,BBGPG,34.901,0.000,0.000,0.000,,,QLD,Regional - QLD,590001,2026/09/18 12:46:48
2026/09/17,Dry Creek Power Station,555026,BBGPG,0.000,0.000,0.000,0.000,,,SA,Regional - SA,590013,2026/09/18 11:31:05
2026/09/17,EGP,520047,PIPE,127.411,0.000,0.000,0.000,,,NSW,Sydney,520008,2026/09/18 12:01:05
2026/09/17,EGP,520047,PIPE,9.836,0.000,0.000,0.000,,,NSW,Canberra,520009,2026/09/18 12:01:05
2026/09/17,EGP,520047,PIPE,0.000,202.073,0.000,108.854,,,VIC,Longford Hub,530015,2026/09/18 12:01:05
2026/09/17,EGP,520047,PIPE,25.701,0.000,0.000,21.846,,,NSW,Regional - NSW,590011,2026/09/18 12:01:05
2026/09/17,EGP,520047,PIPE,0.991,70.594,0.000,0.000,,,VIC,Regional - VIC,590012,2026/09/18 12:01:05
2026/09/17,EO4PL,540055,PIPE,0.000,0.000,0.000,0.000,,,QLD,Regional - QLD,590001,2026/09/18 10:35:36
2026/09/17,Eurombah Creek,540089,PROD,0.000,157.859,0.000,0.000,,,QLD,Regional - QLD,590001,2026/09/22 11:30:08
2026/09/17,Fairview,540070,PROD,0.000,284.907,0.000,0.000,,,QLD,Regional - QLD,590001,2026/09/18 10:28:20
2026/09/17,GLNG (Curtis Island),544276,LNGEXPORT,690.586,0.000,0.000,0.000,,,QLD,Curtis Island,540030,2026/09/18 10:28:07
2026/09/17,GLNG Pipeline,540092,PIPE,690.586,0.000,0.000,0.000,,,QLD,Curtis Island,540030,2026/09/18 10:28:07
2026/09/17,GLNG Pipeline,540092,PIPE,0.000,425.258,334.595,25.197,,,QLD,Regional - QLD,590001,2026/09/18 10:35:36
2026/09/17,Hallett,555029,BBGPG,0.000,0.000,0.000,0.000,,,SA,Regional - SA,590013,2026/09/18 11:31:05
2026/09/17,Hunter Power Station,523210,BBGPG,0.007,0.000,0.000,0.000,,,NSW,Sydney,520008,2026/09/18 12:46:48
2026/09/17,ICF,530071,COMPRESSOR,0.000,0.000,10.000,10.000,,,VIC,Iona Hub,530016,2026/09/18 08:35:03
2026/09/17,Iona UGS,530042,STOR,30.330,49.153,0.000,0.000,12865.559,0.000,VIC,Iona Hub,530016,2026/09/18 08:30:03
2026/09/17,Jeerelang,533161,BBGPG,0.000,0.000,0.000,0.000,,,VIC,Gippsland,590009,2026/09/18 11:00:14
2026/09/17,Jordan,540088,PROD,0.000,320.847,0.000,0.000,,,QLD,Regional - QLD,590001,2026/09/18 10:35:36
2026/09/17,Katherine Power Station,580233,BBGPG,0.000,0.000,0.000,0.000,,,NT,Regional - NT,590017,2026/09/18 12:46:48
2026/09/17,Kenya,540075,PROD,0.000,118.562,0.000,0.000,,,QLD,Regional - QLD,590001,2026/09/18 10:35:36
2026/09/17,Kincora,544253,PROD,0.000,4.000,0.000,0.000,,,QLD,Regional - QLD,590001,2026/09/18 12:46:48
2026/09/17,KKLP,523209,PIPE,0.007,0.000,0.000,0.000,,,NSW,Sydney,520008,2026/09/18 12:46:48
2026/09/17,Kogan North,540061,PROD,0.000,4.310,0.000,0.000,,,QLD,Regional - QLD,590001,2026/09/18 12:46:48
2026/09/17,Ladbroke Grove PS,555086,BBGPG,9.183,0.000,0.000,0.000,,,SA,Regional - SA,590013,2026/09/18 12:46:48
2026/09/17,Lang Lang,530039,PROD,0.000,17.050,0.000,0.000,,,VIC,Gippsland,590009,2026/09/18 08:37:24
2026/09/17,Laverton,533201,BBGPG,0.095,0.000,0.000,0.000,,,VIC,Geelong,590005,2026/09/18 11:00:14
2026/09/17,Longford,530040,PROD,0.000,617.222,0.000,0.000,,,VIC,Longford Hub,530015,2026/09/18 07:49:46
2026/09/17,Loy Yang B,533163,BBGPG,0.000,0.000,0.000,0.000,,,VIC,Gippsland,590009,2026/09/18 11:01:01
2026/09/17,LYB Transmission Pipeline,535023,PIPE,0.828,0.000,0.000,0.000,,,VIC,Gippsland,590009,2026/09/18 11:01:01
2026/09/17,MAPS,550054,PIPE,33.682,0.000,0.000,0.000,,,SA,Adelaide,550016,2026/09/18 11:31:05
2026/09/17,MAPS,550054,PIPE,0.000,43.544,84.828,0.000,,,SA,Moomba Hub,550017,2026/09/18 11:31:05
2026/09/17,MAPS,550054,PIPE,96.958,0.000,0.000,0.000,,,SA,Regional - SA,590013,2026/09/18 11:31:05
2026/09/17,McArthur River Mine,580220,BBGPG,11.037,0.000,0.000,0.000,,,NT,Regional - NT,590017,2026/09/18 09:16:19
2026/09/17,MCF,550050,COMPRESSOR,0.000,0.000,0.000,0.000,,,SA,Moomba Hub,550017,2026/09/18 12:46:48
2026/09/17,Mereenie,580040,PROD,0.000,25.293,0.000,0.000,,,NT,Regional - NT,590017,2026/09/18 10:56:30
2026/09/17,Meridian,540064,PROD,0.000,50.828,0.000,0.000,,,QLD,Regional - QLD,590001,2026/09/18 15:27:43
2026/09/17,Mintaro Power Station,555031,BBGPG,0.167,0.000,0.000,0.000,,,SA,Regional - SA,590013,2026/09/18 11:31:05
2026/09/17,Moomba,550045,PROD,0.000,230.800,0.000,0.000,,,SA,Moomba Hub,550017,2026/09/22 21:14:47
2026/09/17,Moomba Storage,550046,STOR,0.000,4.800,0.000,0.000,6228.000,0.000,SA,Moomba Hub,550017,2026/09/22 21:14:47
2026/09/17,Mortlake PS,530063,BBGPG,52.844,0.000,0.000,0.000,,,VIC,Regional - VIC,590012,2026/09/18 07:20:00
2026/09/17,MPL,530061,PIPE,0.000,0.000,52.112,0.000,,,VIC,Iona Hub,530016,2026/09/18 07:20:00
2026/09/17,MPL,530061,PIPE,52.844,0.000,0.000,0.000,,,VIC,Regional - VIC,590012,2026/09/18 07:20:00
2026/09/17,MRP,580100,PIPE,11.037,0.000,11.071,0.000,,,NT,Regional - NT,590017,2026/09/18 09:16:19
2026/09/17,MSP,520053,PIPE,118.063,0.000,0.000,0.000,,,NSW,Sydney,520008,2026/09/18 12:46:48
2026/09/17,MSP,520053,PIPE,0.000,0.000,179.525,2.300,,,SA,Moomba Hub,550017,2026/09/18 12:46:48
2026/09/17,MSP,520053,PIPE,36.287,0.000,0.000,5.990,,,NSW,Regional - NSW,590011,2026/09/18 12:46:48
2026/09/17,MSP,520053,PIPE,15.217,0.000,0.000,0.000,,,NSW,Regional - ACT,590015,2026/09/18 12:46:48
2026/09/17,MSP,520053,PIPE,0.000,0.000,42.427,0.000,,,NSW,Culcairn,590016,2026/09/18 12:46:48
2026/09/17,Newport,533171,BBGPG,4.905,0.000,0.000,0.000,,,VIC,Melbourne,590008,2026/09/18 11:00:14
2026/09/17,NGP,580050,PIPE,0.000,0.000,0.000,0.000,,,QLD,Regional - QLD,590001,2026/09/18 12:01:14
2026/09/17,NGP,580050,PIPE,0.000,0.000,0.000,0.000,,,NT,Regional - NT,590017,2026/09/18 12:01:14
2026/09/17,NGS,520060,STOR,0.280,0.638,0.000,0.000,657.093,76.881,NSW,Sydney,520008,2026/09/18 09:33:43
2026/09/17,Oakey PS,544095,BBGPG,0.000,0.000,0.000,0.000,,,QLD,Regional - QLD,590001,2026/09/18 12:46:48
2026/09/17,Orana,540084,PROD,0.000,169.366,0.000,0.000,,,QLD,Regional - QLD,590001,2026/09/22 11:30:08
2026/09/17,Orbost,530041,PROD,0.000,70.594,0.000,0.000,,,VIC,Regional - VIC,590012,2026/09/18 12:01:05
2026/09/17,Orica,544011,BBLARGE,9.738,0.000,0.000,0.000,,,QLD,Regional - QLD,590001,2026/09/18 12:01:08
2026/09/17,Orica (Kooragang Island),523206,BBLARGE,40.007,0.000,0.000,0.000,,,NSW,Sydney,520008,2026/09/18 13:00:00
2026/09/17,Osborne,555033,BBGPG,9.229,0.000,0.000,0.000,,,SA,Regional - SA,590013,2026/09/18 11:31:05
2026/09/17,Otway,530044,PROD,0.000,119.530,0.000,0.000,,,VIC,Iona Hub,530016,2026/09/18 12:26:13
2026/09/17,Owen Springs Power Station,580235,BBGPG,0.143,0.000,0.000,0.000,,,NT,Regional - NT,590017,2026/09/18 06:41:22
2026/09/17,Palm Valley,580060,PROD,0.000,5.569,0.000,0.000,,,NT,Regional - NT,590017,2026/09/18 10:56:30
2026/09/17,PCA,550052,PIPE,0.000,15.978,18.058,3.317,,,VIC,Iona Hub,530016,2026/09/18 07:20:01
2026/09/17,PCA,550052,PIPE,23.353,0.000,0.000,0.000,,,SA,Adelaide,550016,2026/09/18 07:20:01
2026/09/17,PCA,550052,PIPE,0.000,0.000,0.000,16.628,,,VIC,Regional - VIC,590012,2026/09/18 07:20:01
2026/09/17,PCA,550052,PIPE,22.327,0.000,0.000,0.000,,,SA,Regional - SA,590013,2026/09/18 07:20:01
2026/09/17,PCI,530060,PIPE,0.000,130.940,3.317,134.281,,,VIC,Iona Hub,530016,2026/09/18 07:20:02
2026/09/17,Peat,540065,PROD,0.000,11.509,0.000,0.000,,,QLD,Regional - QLD,590001,2026/09/22 11:30:08
2026/09/17,Pelican Point Power Station,555089,BBGPG,38.631,0.000,0.000,0.000,,,SA,Regional - SA,590013,2026/09/18 07:20:01
2026/09/17,Phosphate Hill,544081,BBLARGE,24.310,0.000,0.000,0.000,,,QLD,Regional - QLD,590001,2026/09/18 12:46:48
2026/09/17,Pipeline Compression Station,544279,COMPRESSOR,0.000,0.000,0.000,0.000,,,QLD,Regional - QLD,590001,2026/09/18 10:28:07
2026/09/17,PVP,580070,PIPE,0.589,0.000,0.702,0.000,,,NT,Regional - NT,590017,2026/09/18 06:41:22
2026/09/17,QCLNG LNG Plant,544272,LNGEXPORT,1513.683,0.000,0.000,0.000,,,QLD,Curtis Island,540030,2026/09/18 10:35:36
2026/09/17,QGP,540058,PIPE,0.000,0.000,20.230,0.000,,,QLD,Wallumbilla Hub,540032,2026/09/18 12:01:08
2026/09/17,QGP,540058,PIPE,121.403,24.220,76.887,0.000,,,QLD,Regional - QLD,590001,2026/09/18 12:01:08
2026/09/17,Quarantine Power Station,555087,BBGPG,10.043,0.000,0.000,0.000,,,SA,Regional - SA,590013,2026/09/18 11:31:05
2026/09/17,Queensland Aluminia,544012,BBLARGE,42.221,0.000,0.000,0.000,,,QLD,Regional - QLD,590001,2026/09/18 12:01:08
2026/09/17,RBP,540057,PIPE,0.000,0.000,27.643,10.301,,,QLD,Wallumbilla Hub,540032,2026/09/18 12:46:48
2026/09/17,RBP,540057,PIPE,3.526,19.819,38.254,5.010,,,QLD,Regional - QLD,590001,2026/09/18 12:46:48
2026/09/17,RBP,540057,PIPE,70.933,0.000,0.000,0.000,,,QLD,Brisbane,590002,2026/09/18 12:46:48
2026/09/17,RCWP,540102,PIPE,0.000,0.000,7.506,0.034,,,QLD,Wallumbilla Hub,540032,2026/09/18 12:46:48
2026/09/17,RCWP,540102,PIPE,0.000,0.000,31.402,39.202,,,QLD,Regional - QLD,590001,2026/09/18 12:46:48
2026/09/17,Reedy Creek,540085,PROD,0.000,184.251,0.000,0.000,,,QLD,Regional - QLD,590001,2026/09/22 11:30:08
2026/09/17,RMNGPF,640011,PROD,0.000,18.220,0.000,0.000,,,QLD,Regional - QLD,590001,2026/09/18 09:46:59
2026/09/17,RNMGP,640012,PIPE,0.000,18.220,0.000,18.220,,,QLD,Regional - QLD,590001,2026/09/18 09:46:59
2026/09/17,RNP,640009,PIPE,0.000,22.902,0.000,22.902,,,QLD,Regional - QLD,590001,2026/09/18 12:01:10
2026/09/17,Rolleston,540073,PROD,0.000,8.958,0.000,0.000,,,QLD,Regional - QLD,590001,2026/09/18 12:01:08
2026/09/17,Roma,540095,PROD,0.000,230.505,0.000,0.000,,,QLD,Regional - QLD,590001,2026/09/18 10:28:28
2026/09/17,Roma North,544260,PROD,0.000,22.902,0.000,0.000,,,QLD,Regional - QLD,590001,2026/09/18 12:01:16
2026/09/17,Roma Power Station,540120,BBGPG,0.000,0.000,0.000,0.000,,,QLD,Regional - QLD,590001,2026/09/18 12:49:57
2026/09/17,Ron Goodin Power Station,580234,BBGPG,0.000,0.000,0.000,0.000,,,NT,Regional - NT,590017,2026/09/18 06:41:22
2026/09/17,RPL,540110,PIPE,0.056,0.000,0.003,0.000,,,QLD,Regional - QLD,590001,2026/09/18 12:49:57
2026/09/17,Ruby Jo,540082,PROD,0.000,421.551,0.000,0.000,,,QLD,Regional - QLD,590001,2026/09/18 10:35:36
2026/09/17,RUGS,540040,STOR,0.000,0.000,0.000,0.000,15125.338,0.000,QLD,Regional - QLD,590001,2026/09/18 10:28:28
2026/09/17,Scotia,540072,PROD,0.000,101.762,0.000,0.000,,,QLD,Regional - QLD,590001,2026/09/18 10:28:28
2026/09/17,SEPS,550061,PIPE,7.339,0.000,7.331,0.000,,,SA,Regional - SA,590013,2026/09/18 11:32:05
2026/09/17,SESA,550060,PIPE,0.000,0.000,16.630,0.000,,,VIC,Regional - VIC,590012,2026/09/18 12:46:48
2026/09/17,SESA,550060,PIPE,9.183,0.000,0.000,7.334,,,SA,Regional - SA,590013,2026/09/18 12:46:48
2026/09/17,Shoalhaven Starches Cogeneration Plant,523203,BBLARGE,21.880,0.000,0.000,0.000,,,NSW,Regional - NSW,590011,2026/09/20 09:54:34
2026/09/17,Smithfield Energy Facility,522004,BBGPG,0.000,0.000,0.000,0.000,,,NSW,Regional - NSW,590011,2026/09/18 12:07:23
2026/09/17,Snapper Point,555090,BBGPG,0.000,0.000,0.000,0.000,,,SA,Regional - SA,590013,2026/09/18 11:31:05
2026/09/17,Somerton,533174,BBGPG,13.198,0.000,0.000,0.000,,,VIC,Melbourne,590008,2026/09/18 11:00:14
2026/09/17,SPCF,580236,PROD,0.000,25.021,0.000,0.000,,,NT,Regional - NT,590017,2026/09/18 09:44:54
2026/09/17,SPP,580237,PIPE,0.000,25.021,0.000,25.021,,,NT,Regional - NT,590017,2026/09/18 12:46:48
2026/09/17,Spring Gully,540066,PROD,0.000,56.127,0.000,0.000,,,QLD,Regional - QLD,590001,2026/09/22 11:30:08
2026/09/17,SSP,540103,PIPE,0.000,6.760,0.000,6.760,,,QLD,Regional - QLD,590001,2026/09/18 09:53:31
2026/09/17,SSSF,540062,STOR,0.000,6.300,0.000,0.000,8363.412,0.000,QLD,Regional - QLD,590001,2026/09/18 09:53:31
2026/09/17,Strathblane,540067,PROD,0.000,46.805,0.000,0.000,,,QLD,Regional - QLD,590001,2026/09/22 11:30:08
2026/09/17,Swanbank Power Station,544104,BBGPG,19.408,0.000,0.000,0.000,,,QLD,Brisbane,590002,2026/09/18 12:46:48
2026/09/17,SWQP,540060,PIPE,0.000,0.000,197.975,122.246,,,QLD,Wallumbilla Hub,540032,2026/09/18 12:46:48
2026/09/17,SWQP,540060,PIPE,0.000,0.000,0.000,75.741,,,QLD,Ballera,540078,2026/09/18 12:46:48
2026/09/17,SWQP,540060,PIPE,0.000,192.276,0.000,262.053,,,SA,Moomba Hub,550017,2026/09/18 12:46:48
2026/09/17,SWQP,540060,PIPE,0.115,0.000,0.000,0.003,,,QLD,Regional - QLD,590001,2026/09/18 12:46:48
2026/09/17,Talinga,540076,PROD,0.000,83.505,0.000,0.000,,,QLD,Regional - QLD,590001,2026/09/22 11:30:08
2026/09/17,Tallawarra,522002,BBGPG,20.679,0.000,0.000,0.000,,,NSW,Regional - NSW,590011,2026/09/18 11:00:09
2026/09/17,Tallawarra Pipeline,523201,PIPE,20.679,0.000,20.679,0.000,,,NSW,Regional - NSW,590011,2026/09/18 11:00:09
2026/09/17,Taloona,540068,PROD,0.000,40.395,0.000,0.000,,,QLD,Regional - QLD,590001,2026/09/22 11:30:08
2026/09/17,Tanami GP,580210,PIPE,6.700,0.000,5.500,0.000,,,NT,Regional - NT,590017,2026/09/18 12:02:00
2026/09/17,TGP,570050,PIPE,0.000,0.000,66.179,42.998,,,VIC,Longford Hub,530015,2026/09/19 12:01:00
2026/09/17,TGP,570050,PIPE,19.436,0.000,0.000,0.000,,,TAS,Regional - TAS,590014,2026/09/19 12:01:00
2026/09/17,Tipton,540051,PROD,0.000,34.112,0.000,0.000,,,QLD,Regional - QLD,590001,2026/09/18 12:30:05
2026/09/17,Torrens Island PS,555041,BBGPG,37.483,0.000,0.000,0.000,,,SA,Regional - SA,590013,2026/09/18 11:31:05
2026/09/17,Uranquinty Power Station,522047,BBGPG,0.000,0.000,0.000,0.000,,,NSW,Regional - NSW,590011,2026/09/18 12:46:48
2026/09/17,Valley Power GPG,535024,BBGPG,0.828,0.000,0.000,0.000,,,VIC,Gippsland,590009,2026/09/18 11:01:01
2026/09/17,VicHub,532005,PIPE,0.000,0.000,42.670,42.670,,,VIC,Longford Hub,530015,2026/09/18 12:01:18
2026/09/17,Viva Energy Refinery,535018,BBLARGE,10.841,0.000,0.000,0.000,,,VIC,Geelong,590005,2026/09/18 07:30:15
2026/09/17,VTS,530110,PIPE,0.000,413.430,85.691,0.000,,,VIC,Longford Hub,530015,2026/09/18 11:00:14
2026/09/17,VTS,530110,PIPE,0.000,9.021,64.016,0.000,,,VIC,Iona Hub,530016,2026/09/18 11:00:14
2026/09/17,VTS,530110,PIPE,13.695,0.000,0.000,0.000,,,VIC,Western,590004,2026/09/18 11:00:14
2026/09/17,VTS,530110,PIPE,59.648,0.000,0.000,0.000,,,VIC,Geelong,590005,2026/09/18 11:00:14
2026/09/17,VTS,530110,PIPE,32.650,0.000,0.000,0.000,,,VIC,Ballarat,590006,2026/09/18 11:00:14
2026/09/17,VTS,530110,PIPE,56.401,0.000,0.000,0.000,,,VIC,Northern,590007,2026/09/18 11:00:14
2026/09/17,VTS,530110,PIPE,360.805,0.344,0.000,0.000,,,VIC,Melbourne,590008,2026/09/18 11:00:14
2026/09/17,VTS,530110,PIPE,35.615,0.000,14.411,0.825,,,VIC,Gippsland,590009,2026/09/18 11:00:14
2026/09/17,VTS,530110,PIPE,0.000,0.000,0.000,42.427,,,NSW,Culcairn,590016,2026/09/18 11:00:14
2026/09/17,Wallumbilla Compression Station,544280,COMPRESSOR,0.000,0.000,0.000,0.000,,,QLD,Wallumbilla Hub,540032,2026/09/18 10:28:07
2026/09/17,WCFA,540045,COMPRESSOR,0.000,0.000,145.628,145.628,,,QLD,Wallumbilla Hub,540032,2026/09/18 12:46:48
2026/09/17,WCFB,540046,COMPRESSOR,0.000,0.000,42.046,42.046,,,QLD,Wallumbilla Hub,540032,2026/09/18 12:46:48
2026/09/17,Weddell Power Station,580232,BBGPG,16.149,0.000,0.000,0.000,,,NT,Darwin,580001,2026/09/18 12:46:48
2026/09/17,WGP,540091,PIPE,1513.683,0.000,0.000,0.000,,,QLD,Curtis Island,540030,2026/09/18 10:35:36
2026/09/17,WGP,540091,PIPE,0.000,1457.426,59.700,0.000,,,QLD,Regional - QLD,590001,2026/09/18 10:35:36
2026/09/17,Whyalla Steelworks,555085,BBLARGE,5.767,0.000,0.000,0.000,,,SA,Regional - SA,590013,2026/09/18 11:31:05
2026/09/17,Windibri,540069,PROD,0.000,96.558,0.000,0.000,,,QLD,Regional - QLD,590001,2026/09/18 10:35:36
2026/09/17,Woleebee Creek,540087,PROD,0.000,639.557,0.000,0.000,,,QLD,Regional - QLD,590001,2026/09/18 10:35:36
2026/09/17,WPP,580030,PIPE,16.149,3.276,12.868,0.000,,,NT,Darwin,580001,2026/09/18 12:46:48
2026/09/17,Yarwun,544282,BBGPG,52.650,0.000,0.000,0.000,,,QLD,Regional - QLD,590001,2026/09/18 12:01:08
2026/09/17,Yelcherr,580180,PROD,0.000,0.000,0.000,0.000,,,NT,Regional - NT,590017,2026/09/18 12:46:48
2026/09/17,Yellowbank,540074,PROD,0.000,11.012,0.000,0.000,,,QLD,Regional - QLD,590001,2026/09/18 12:01:08
2026/09/18,Adelaide Brighton,555091,BBLARGE,8.710,0.000,0.000,0.000,,,SA,Adelaide,550016,2026/09/19 13:00:00
2026/09/18,AGP,580010,PIPE,18.762,0.000,0.000,12.741,,,NT,Darwin,580001,2026/09/19 12:46:48
2026/09/18,AGP,580010,PIPE,6.918,30.858,24.999,15.315,,,NT,Regional - NT,590017,2026/09/19 12:46:48
2026/09/18,APLNG Pipeline,540093,PIPE,1676.925,0.000,0.000,0.000,,,QLD,Curtis Island,540030,2026/09/23 11:30:13
2026/09/18,APLNG Pipeline,540093,PIPE,0.000,1283.471,571.934,124.502,,,QLD,Regional - QLD,590001,2026/09/23 11:30:13
2026/09/18,Arcadia,540101,PROD,0.000,93.230,0.000,0.000,,,QLD,Regional - QLD,590001,2026/09/19 10:28:19
2026/09/18,ATGP,640013,PIPE,0.000,43.428,0.000,43.428,,,QLD,Regional - QLD,590001,2026/09/19 12:01:11
2026/09/18,ATHENA,535014,PROD,0.000,17.280,0.000,0.000,,,VIC,Iona Hub,530016,2026/09/23 09:46:11
2026/09/18,Atlas,544261,PROD,0.000,43.428,0.000,0.000,,,QLD,Regional - QLD,590001,2026/09/19 12:01:16
2026/09/18,Atlas East Central Processing Facility,640008,PROD,0.000,32.370,0.000,0.000,,,QLD,Regional - QLD,590001,2026/09/19 10:20:05
2026/09/18,Atlas to Reedy Creek Pipeline,640007,PIPE,0.000,32.361,0.000,29.402,,,QLD,Regional - QLD,590001,2026/09/19 12:46:48
2026/09/18,Australia Pacific LNG,544273,LNGEXPORT,1676.926,0.000,0.000,0.000,,,QLD,Curtis Island,540030,2026/09/19 12:00:25
2026/09/18,Australian Paper (Opal),535021,BBLARGE,10.342,0.000,0.000,0.000,,,VIC,Gippsland,590009,2026/09/29 11:00:05
2026/09/18,B1PL,540077,PIPE,0.037,23.805,0.000,24.559,,,QLD,Regional - QLD,590001,2026/09/19 11:00:56
2026/09/18,B2PL,540071,PIPE,0.000,54.399,6.017,59.720,,,QLD,Regional - QLD,590001,2026/09/19 12:05:45
2026/09/18,Bairnsdale Power Station,535020,BBGPG,0.000,0.000,0.000,0.000,,,VIC,Regional - VIC,590012,2026/09/19 11:00:57
2026/09/18,BCF,540047,COMPRESSOR,0.000,0.000,66.300,66.300,,,QLD,Regional - QLD,590001,2026/09/23 15:03:33
2026/09/18,Bell Bay CCGT,577016,BBGPG,0.000,0.000,0.000,0.000,,,TAS,Regional - TAS,590014,2026/09/20 12:01:00
2026/09/18,Bell Bay GGT,577014,BBGPG,0.682,0.000,0.000,0.000,,,TAS,Regional - TAS,590014,2026/09/20 12:01:00
2026/09/18,Bell Bay OCGT,577015,BBGPG,0.000,0.000,0.000,0.000,,,TAS,Regional - TAS,590014,2026/09/20 12:01:00
2026/09/18,Bellevue,540083,PROD,0.000,146.023,0.000,0.000,,,QLD,Regional - QLD,590001,2026/09/19 10:35:45
2026/09/18,BGP,580020,PIPE,0.337,0.000,0.000,0.000,,,NT,Regional - NT,590017,2026/09/19 12:46:48
2026/09/18,BlueScope,523204,BBLARGE,12.656,0.000,0.000,0.000,,,NSW,Sydney,520008,2026/09/19 12:01:05
2026/09/18,Bolivar,555008,BBGPG,0.000,0.000,0.000,0.000,,,SA,Regional - SA,590013,2026/09/19 12:11:28
2026/09/18,Bomaderry Gas Pipeline,523202,PIPE,21.329,0.000,21.880,0.000,,,NSW,Regional - NSW,590011,2026/09/20 14:18:12
2026/09/18,BPP,530030,PIPE,2.460,12.020,0.000,9.564,,,VIC,Gippsland,590009,2026/09/29 11:00:05
2026/09/18,Braemar 2 Power Station,544085,BBGPG,0.000,0.000,0.000,0.000,,,QLD,Regional - QLD,590001,2026/09/19 12:05:45
2026/09/18,Braemar Power Station,544252,BBGPG,0.037,0.000,0.000,0.000,,,QLD,Regional - QLD,590001,2026/09/19 11:00:56
2026/09/18,BWP,540096,PIPE,0.000,0.000,0.000,28.531,,,QLD,Wallumbilla Hub,540032,2026/09/19 12:46:48
2026/09/18,BWP,540096,PIPE,0.000,28.653,0.000,0.000,,,QLD,Regional - QLD,590001,2026/09/19 12:46:48
2026/09/18,CGP,540059,PIPE,0.000,0.000,66.271,0.001,,,QLD,Ballera,540078,2026/09/19 12:46:48
2026/09/18,CGP,540059,PIPE,73.810,0.000,0.000,0.000,,,QLD,Regional - QLD,590001,2026/09/19 12:46:48
2026/09/18,Channel Island Power Station,580231,BBGPG,18.762,0.000,0.000,0.000,,,NT,Darwin,580001,2026/09/19 12:46:48
2026/09/18,Colongra,523120,BBGPG,0.000,0.000,0.000,0.000,,,NSW,Regional - NSW,590011,2026/09/19 12:00:05
2026/09/18,ColongraGP,520090,PIPE,0.000,0.000,0.000,0.000,,,NSW,Sydney,520008,2026/09/19 12:00:05
2026/09/18,ColongraGP,520090,PIPE,0.000,0.000,0.000,0.000,,,NSW,Regional - NSW,590011,2026/09/19 12:00:05
2026/09/18,Combabula,540094,PROD,0.000,287.877,0.000,0.000,,,QLD,Regional - QLD,590001,2026/09/23 11:30:13
2026/09/18,Condabri Central,540080,PROD,0.000,87.263,0.000,0.000,,,QLD,Regional - QLD,590001,2026/09/23 11:30:13
2026/09/18,Condabri North,540090,PROD,0.000,170.616,0.000,0.000,,,QLD,Regional - QLD,590001,2026/09/23 11:30:13
2026/09/18,Condabri South,540086,PROD,0.000,147.794,0.000,0.000,,,QLD,Regional - QLD,590001,2026/09/23 11:30:13
2026/09/18,Condamine Power Station,544274,BBGPG,0.000,0.000,0.000,0.000,,,QLD,Regional - QLD,590001,2026/09/19 10:36:18
2026/09/18,CRWP,540098,PIPE,0.000,0.000,107.483,0.000,,,QLD,Wallumbilla Hub,540032,2026/09/19 10:28:05
2026/09/18,CRWP,540098,PIPE,0.000,233.238,41.027,394.285,,,QLD,Regional - QLD,590001,2026/09/19 10:28:05
2026/09/18,CWP,520054,PIPE,4.515,0.000,4.927,0.000,,,NSW,Regional - NSW,590011,2026/09/19 12:46:48
2026/09/18,Daandine,540050,PROD,0.000,54.415,0.000,0.000,,,QLD,Regional - QLD,590001,2026/09/19 12:05:49
2026/09/18,Dandenong LNG,530038,STOR,0.000,0.424,0.000,0.000,649.810,27.889,VIC,Melbourne,590008,2026/09/19 12:46:48
2026/09/18,DDP,540097,PIPE,0.000,0.000,0.000,168.063,,,QLD,Wallumbilla Hub,540032,2026/09/19 12:01:09
2026/09/18,DDP,540097,PIPE,0.004,528.686,93.460,455.744,,,QLD,Regional - QLD,590001,2026/09/19 12:01:09
2026/09/18,DDPS,544027,BBGPG,0.004,0.000,0.000,0.000,,,QLD,Regional - QLD,590001,2026/09/19 12:01:09
2026/09/18,Diamantina Power Station,544077,BBGPG,36.348,0.000,0.000,0.000,,,QLD,Regional - QLD,590001,2026/09/19 12:46:48
2026/09/18,Dry Creek Power Station,555026,BBGPG,0.000,0.000,0.000,0.000,,,SA,Regional - SA,590013,2026/09/19 11:31:05
2026/09/18,EGP,520047,PIPE,136.145,0.000,0.000,0.000,,,NSW,Sydney,520008,2026/09/19 12:01:05
2026/09/18,EGP,520047,PIPE,9.598,0.000,0.000,0.000,,,NSW,Canberra,520009,2026/09/19 12:01:05
2026/09/18,EGP,520047,PIPE,0.000,210.916,0.000,119.560,,,VIC,Longford Hub,530015,2026/09/19 12:01:05
2026/09/18,EGP,520047,PIPE,6.828,0.000,0.000,21.880,,,NSW,Regional - NSW,590011,2026/09/19 12:01:05
2026/09/18,EGP,520047,PIPE,0.779,70.233,0.000,0.000,,,VIC,Regional - VIC,590012,2026/09/19 12:01:05
2026/09/18,EO4PL,540055,PIPE,0.000,0.000,0.000,0.000,,,QLD,Regional - QLD,590001,2026/09/19 10:35:45
2026/09/18,Eurombah Creek,540089,PROD,0.000,157.860,0.000,0.000,,,QLD,Regional - QLD,590001,2026/09/23 11:30:13
2026/09/18,Fairview,540070,PROD,0.000,285.883,0.000,0.000,,,QLD,Regional - QLD,590001,2026/09/19 10:28:19
2026/09/18,GLNG (Curtis Island),544276,LNGEXPORT,786.199,0.000,0.000,0.000,,,QLD,Curtis Island,540030,2026/09/19 10:28:05
2026/09/18,GLNG Pipeline,540092,PIPE,786.199,0.000,0.000,0.000,,,QLD,Curtis Island,540030,2026/09/19 10:28:05
2026/09/18,GLNG Pipeline,540092,PIPE,0.000,425.054,394.285,55.812,,,QLD,Regional - QLD,590001,2026/09/19 10:35:45
2026/09/18,Hallett,555029,BBGPG,0.328,0.000,0.000,0.000,,,SA,Regional - SA,590013,2026/09/19 11:31:05
2026/09/18,Hunter Power Station,523210,BBGPG,0.003,0.000,0.000,0.000,,,NSW,Sydney,520008,2026/09/19 12:46:48
2026/09/18,ICF,530071,COMPRESSOR,0.000,0.000,9.300,9.300,,,VIC,Iona Hub,530016,2026/09/19 08:35:02
2026/09/18,Iona UGS,530042,STOR,89.348,25.281,0.000,0.000,12929.626,0.000,VIC,Iona Hub,530016,2026/09/19 08:30:03
2026/09/18,Jeerelang,533161,BBGPG,0.000,0.000,0.000,0.000,,,VIC,Gippsland,590009,2026/09/29 11:00:05
2026/09/18,Jordan,540088,PROD,0.000,334.733,0.000,0.000,,,QLD,Regional - QLD,590001,2026/09/19 10:35:45
2026/09/18,Katherine Power Station,580233,BBGPG,0.000,0.000,0.000,0.000,,,NT,Regional - NT,590017,2026/09/19 12:46:48
2026/09/18,Kenya,540075,PROD,0.000,117.648,0.000,0.000,,,QLD,Regional - QLD,590001,2026/09/19 10:35:45
2026/09/18,Kincora,544253,PROD,0.000,4.000,0.000,0.000,,,QLD,Regional - QLD,590001,2026/09/19 12:46:48
2026/09/18,KKLP,523209,PIPE,0.003,0.000,0.000,0.000,,,NSW,Sydney,520008,2026/09/19 12:46:48
2026/09/18,Kogan North,540061,PROD,0.000,4.306,0.000,0.000,,,QLD,Regional - QLD,590001,2026/09/19 12:46:48
2026/09/18,Ladbroke Grove PS,555086,BBGPG,0.764,0.000,0.000,0.000,,,SA,Regional - SA,590013,2026/09/19 12:46:48
2026/09/18,Lang Lang,530039,PROD,0.000,12.020,0.000,0.000,,,VIC,Gippsland,590009,2026/09/19 09:26:37
2026/09/18,Laverton,533201,BBGPG,0.000,0.000,0.000,0.000,,,VIC,Geelong,590005,2026/09/29 11:00:05
2026/09/18,Longford,530040,PROD,0.000,615.206,0.000,0.000,,,VIC,Longford Hub,530015,2026/09/19 08:22:58
2026/09/18,Loy Yang B,533163,BBGPG,0.000,0.000,0.000,0.000,,,VIC,Gippsland,590009,2026/09/19 11:00:55
2026/09/18,LYB Transmission Pipeline,535023,PIPE,0.003,0.000,0.000,0.000,,,VIC,Gippsland,590009,2026/09/19 11:00:55
2026/09/18,MAPS,550054,PIPE,23.483,0.000,0.000,0.000,,,SA,Adelaide,550016,2026/09/19 11:31:05
2026/09/18,MAPS,550054,PIPE,0.000,43.708,37.197,0.000,,,SA,Moomba Hub,550017,2026/09/19 11:31:05
2026/09/18,MAPS,550054,PIPE,48.238,0.000,10.000,0.000,,,SA,Regional - SA,590013,2026/09/19 11:31:05
2026/09/18,McArthur River Mine,580220,BBGPG,9.147,0.000,0.000,0.000,,,NT,Regional - NT,590017,2026/09/19 10:16:18
2026/09/18,MCF,550050,COMPRESSOR,0.000,0.000,0.000,0.000,,,SA,Moomba Hub,550017,2026/09/19 12:46:48
2026/09/18,Mereenie,580040,PROD,0.000,25.311,0.000,0.000,,,NT,Regional - NT,590017,2026/09/19 10:54:26
2026/09/18,Meridian,540064,PROD,0.000,50.191,0.000,0.000,,,QLD,Regional - QLD,590001,2026/09/19 09:38:54
2026/09/18,Mintaro Power Station,555031,BBGPG,0.000,0.000,0.000,0.000,,,SA,Regional - SA,590013,2026/09/19 11:31:05
2026/09/18,Moomba,550045,PROD,0.000,227.500,0.000,0.000,,,SA,Moomba Hub,550017,2026/09/23 15:03:33
2026/09/18,Moomba Storage,550046,STOR,0.000,4.700,0.000,0.000,6223.300,0.000,SA,Moomba Hub,550017,2026/09/23 15:03:33
2026/09/18,Mortlake PS,530063,BBGPG,0.000,0.000,0.000,0.000,,,VIC,Regional - VIC,590012,2026/09/19 07:20:00
2026/09/18,MPL,530061,PIPE,0.000,0.000,8.063,0.000,,,VIC,Iona Hub,530016,2026/09/19 07:20:00
2026/09/18,MPL,530061,PIPE,0.000,0.000,0.000,0.000,,,VIC,Regional - VIC,590012,2026/09/19 07:20:00
2026/09/18,MRP,580100,PIPE,9.147,0.000,9.153,0.000,,,NT,Regional - NT,590017,2026/09/19 10:16:18
2026/09/18,MSP,520053,PIPE,87.612,0.000,0.000,0.000,,,NSW,Sydney,520008,2026/09/19 12:46:48
2026/09/18,MSP,520053,PIPE,0.000,0.000,169.892,2.212,,,SA,Moomba Hub,550017,2026/09/19 12:46:48
2026/09/18,MSP,520053,PIPE,29.946,0.000,0.000,4.927,,,NSW,Regional - NSW,590011,2026/09/19 12:46:48
2026/09/18,MSP,520053,PIPE,11.381,0.000,0.000,0.000,,,NSW,Regional - ACT,590015,2026/09/19 12:46:48
2026/09/18,MSP,520053,PIPE,0.000,0.000,72.540,0.000,,,NSW,Culcairn,590016,2026/09/19 12:46:48
2026/09/18,Newport,533171,BBGPG,0.001,0.000,0.000,0.000,,,VIC,Melbourne,590008,2026/09/29 11:00:05
2026/09/18,NGP,580050,PIPE,0.000,0.000,0.000,0.000,,,QLD,Regional - QLD,590001,2026/09/19 12:01:14
2026/09/18,NGP,580050,PIPE,0.000,0.000,0.000,0.000,,,NT,Regional - NT,590017,2026/09/19 12:01:14
2026/09/18,NGS,520060,STOR,0.180,0.894,0.000,0.000,656.147,76.881,NSW,Sydney,520008,2026/09/19 08:17:48
2026/09/18,Oakey PS,544095,BBGPG,0.000,0.000,0.000,0.000,,,QLD,Regional - QLD,590001,2026/09/19 12:46:48
2026/09/18,Orana,540084,PROD,0.000,169.093,0.000,0.000,,,QLD,Regional - QLD,590001,2026/09/23 11:30:13
2026/09/18,Orbost,530041,PROD,0.000,70.233,0.000,0.000,,,VIC,Regional - VIC,590012,2026/09/19 12:01:05
2026/09/18,Orica,544011,BBLARGE,9.610,0.000,0.000,0.000,,,QLD,Regional - QLD,590001,2026/09/19 12:01:07
2026/09/18,Orica (Kooragang Island),523206,BBLARGE,39.526,0.000,0.000,0.000,,,NSW,Sydney,520008,2026/09/19 13:00:00
2026/09/18,Osborne,555033,BBGPG,0.000,0.000,0.000,0.000,,,SA,Regional - SA,590013,2026/09/19 11:31:05
2026/09/18,Otway,530044,PROD,0.000,80.550,0.000,0.000,,,VIC,Iona Hub,530016,2026/09/19 14:13:48
2026/09/18,Owen Springs Power Station,580235,BBGPG,0.161,0.000,0.000,0.000,,,NT,Regional - NT,590017,2026/09/19 06:41:31
2026/09/18,Palm Valley,580060,PROD,0.000,5.547,0.000,0.000,,,NT,Regional - NT,590017,2026/09/19 10:54:26
2026/09/18,PCA,550052,PIPE,0.000,15.235,27.999,2.776,,,VIC,Iona Hub,530016,2026/09/19 07:20:01
2026/09/18,PCA,550052,PIPE,25.607,0.000,0.000,0.000,,,SA,Adelaide,550016,2026/09/19 07:20:01
2026/09/18,PCA,550052,PIPE,0.000,0.000,0.000,7.421,,,VIC,Regional - VIC,590012,2026/09/19 07:20:01
2026/09/18,PCA,550052,PIPE,0.667,0.000,0.000,10.005,,,SA,Regional - SA,590013,2026/09/19 07:20:01
2026/09/18,PCI,530060,PIPE,0.000,91.904,2.776,94.680,,,VIC,Iona Hub,530016,2026/09/19 07:20:01
2026/09/18,Peat,540065,PROD,0.000,11.545,0.000,0.000,,,QLD,Regional - QLD,590001,2026/09/23 11:30:13
2026/09/18,Pelican Point Power Station,555089,BBGPG,15.444,0.000,0.000,0.000,,,SA,Regional - SA,590013,2026/09/19 07:20:01
2026/09/18,Phosphate Hill,544081,BBLARGE,25.782,0.000,0.000,0.000,,,QLD,Regional - QLD,590001,2026/09/19 12:46:48
2026/09/18,Pipeline Compression Station,544279,COMPRESSOR,0.000,0.000,0.000,0.000,,,QLD,Regional - QLD,590001,2026/09/19 10:28:05
2026/09/18,PVP,580070,PIPE,0.612,0.000,0.662,0.000,,,NT,Regional - NT,590017,2026/09/19 06:41:31
2026/09/18,QCLNG LNG Plant,544272,LNGEXPORT,1511.948,0.000,0.000,0.000,,,QLD,Curtis Island,540030,2026/09/19 10:35:45
2026/09/18,QGP,540058,PIPE,0.000,0.000,24.977,0.000,,,QLD,Wallumbilla Hub,540032,2026/09/19 12:01:07
2026/09/18,QGP,540058,PIPE,119.186,25.231,73.885,0.000,,,QLD,Regional - QLD,590001,2026/09/19 12:01:07
2026/09/18,Quarantine Power Station,555087,BBGPG,0.000,0.000,0.000,0.000,,,SA,Regional - SA,590013,2026/09/19 11:31:05
2026/09/18,Queensland Aluminia,544012,BBLARGE,40.010,0.000,0.000,0.000,,,QLD,Regional - QLD,590001,2026/09/19 12:01:07
2026/09/18,RBP,540057,PIPE,0.000,0.000,17.756,10.300,,,QLD,Wallumbilla Hub,540032,2026/09/19 12:46:48
2026/09/18,RBP,540057,PIPE,3.302,19.851,30.875,6.017,,,QLD,Regional - QLD,590001,2026/09/19 12:46:48
2026/09/18,RBP,540057,PIPE,48.202,0.000,0.000,0.000,,,QLD,Brisbane,590002,2026/09/19 12:46:48
2026/09/18,RCWP,540102,PIPE,0.000,0.000,31.124,0.002,,,QLD,Wallumbilla Hub,540032,2026/09/19 12:46:48
2026/09/18,RCWP,540102,PIPE,0.000,0.000,29.402,60.378,,,QLD,Regional - QLD,590001,2026/09/19 12:46:48
2026/09/18,Reedy Creek,540085,PROD,0.000,184.015,0.000,0.000,,,QLD,Regional - QLD,590001,2026/09/23 11:30:13
2026/09/18,RMNGPF,640011,PROD,0.000,18.180,0.000,0.000,,,QLD,Regional - QLD,590001,2026/09/19 10:19:26
2026/09/18,RNMGP,640012,PIPE,0.000,18.180,0.000,18.180,,,QLD,Regional - QLD,590001,2026/09/19 10:19:26
2026/09/18,RNP,640009,PIPE,0.000,22.847,0.000,22.847,,,QLD,Regional - QLD,590001,2026/09/19 12:01:08
2026/09/18,Rolleston,540073,PROD,0.000,9.406,0.000,0.000,,,QLD,Regional - QLD,590001,2026/09/19 12:01:07
2026/09/18,Roma,540095,PROD,0.000,233.238,0.000,0.000,,,QLD,Regional - QLD,590001,2026/09/19 10:28:24
2026/09/18,Roma North,544260,PROD,0.000,22.847,0.000,0.000,,,QLD,Regional - QLD,590001,2026/09/19 12:01:15
2026/09/18,Roma Power Station,540120,BBGPG,0.000,0.000,0.000,0.000,,,QLD,Regional - QLD,590001,2026/09/19 11:11:58
2026/09/18,Ron Goodin Power Station,580234,BBGPG,0.000,0.000,0.000,0.000,,,NT,Regional - NT,590017,2026/09/19 06:41:31
2026/09/18,RPL,540110,PIPE,0.054,0.000,0.000,0.000,,,QLD,Regional - QLD,590001,2026/09/19 11:11:58
2026/09/18,Ruby Jo,540082,PROD,0.000,421.526,0.000,0.000,,,QLD,Regional - QLD,590001,2026/09/19 10:35:45
2026/09/18,RUGS,540040,STOR,0.000,0.000,0.000,0.000,15125.452,0.000,QLD,Regional - QLD,590001,2026/09/19 10:28:24
2026/09/18,Scotia,540072,PROD,0.000,99.322,0.000,0.000,,,QLD,Regional - QLD,590001,2026/09/19 10:28:24
2026/09/18,SEPS,550061,PIPE,6.525,0.000,6.553,0.000,,,SA,Regional - SA,590013,2026/09/19 11:32:24
2026/09/18,SESA,550060,PIPE,0.000,0.000,7.420,0.000,,,VIC,Regional - VIC,590012,2026/09/19 12:46:48
2026/09/18,SESA,550060,PIPE,0.764,0.000,0.000,6.549,,,SA,Regional - SA,590013,2026/09/19 12:46:48
2026/09/18,Shoalhaven Starches Cogeneration Plant,523203,BBLARGE,21.329,0.000,0.000,0.000,,,NSW,Regional - NSW,590011,2026/09/20 14:18:12
2026/09/18,Smithfield Energy Facility,522004,BBGPG,0.000,0.000,0.000,0.000,,,NSW,Regional - NSW,590011,2026/09/19 12:11:28
2026/09/18,Snapper Point,555090,BBGPG,0.000,0.000,0.000,0.000,,,SA,Regional - SA,590013,2026/09/19 11:31:05
2026/09/18,Somerton,533174,BBGPG,0.001,0.000,0.000,0.000,,,VIC,Melbourne,590008,2026/09/29 11:00:05
2026/09/18,SPCF,580236,PROD,0.000,24.999,0.000,0.000,,,NT,Regional - NT,590017,2026/09/19 09:33:07
2026/09/18,SPP,580237,PIPE,0.000,24.999,0.000,24.999,,,NT,Regional - NT,590017,2026/09/19 12:46:48
2026/09/18,Spring Gully,540066,PROD,0.000,55.904,0.000,0.000,,,QLD,Regional - QLD,590001,2026/09/23 11:30:13
2026/09/18,SSP,540103,PIPE,0.000,6.300,0.000,6.300,,,QLD,Regional - QLD,590001,2026/09/19 12:40:40
2026/09/18,SSSF,540062,STOR,0.000,7.110,0.000,0.000,8356.302,0.000,QLD,Regional - QLD,590001,2026/09/19 12:40:40
2026/09/18,Strathblane,540067,PROD,0.000,46.905,0.000,0.000,,,QLD,Regional - QLD,590001,2026/09/23 11:30:13
2026/09/18,Swanbank Power Station,544104,BBGPG,0.000,0.000,0.000,0.000,,,QLD,Brisbane,590002,2026/09/19 12:46:48
2026/09/18,SWQP,540060,PIPE,0.000,0.000,206.249,180.693,,,QLD,Wallumbilla Hub,540032,2026/09/19 12:46:48
2026/09/18,SWQP,540060,PIPE,0.000,0.000,0.001,70.991,,,QLD,Ballera,540078,2026/09/19 12:46:48
2026/09/18,SWQP,540060,PIPE,0.000,186.341,0.000,204.877,,,SA,Moomba Hub,550017,2026/09/19 12:46:48
2026/09/18,SWQP,540060,PIPE,0.060,0.000,0.000,0.000,,,QLD,Regional - QLD,590001,2026/09/19 12:46:48
2026/09/18,Talinga,540076,PROD,0.000,83.557,0.000,0.000,,,QLD,Regional - QLD,590001,2026/09/23 11:30:13
2026/09/18,Tallawarra,522002,BBGPG,2.064,0.000,0.000,0.000,,,NSW,Regional - NSW,590011,2026/09/19 11:00:10
2026/09/18,Tallawarra Pipeline,523201,PIPE,2.064,0.000,2.064,0.000,,,NSW,Regional - NSW,590011,2026/09/19 11:00:10
2026/09/18,Taloona,540068,PROD,0.000,40.427,0.000,0.000,,,QLD,Regional - QLD,590001,2026/09/23 11:30:13
2026/09/18,Tanami GP,580210,PIPE,8.104,0.000,5.500,0.000,,,NT,Regional - NT,590017,2026/09/19 12:02:00
2026/09/18,TGP,570050,PIPE,0.000,0.000,67.963,44.795,,,VIC,Longford Hub,530015,2026/09/20 12:01:00
2026/09/18,TGP,570050,PIPE,18.952,0.000,0.000,0.000,,,TAS,Regional - TAS,590014,2026/09/20 12:01:00
2026/09/18,Tipton,540051,PROD,0.000,23.805,0.000,0.000,,,QLD,Regional - QLD,590001,2026/09/19 12:05:47
2026/09/18,Torrens Island PS,555041,BBGPG,10.407,0.000,0.000,0.000,,,SA,Regional - SA,590013,2026/09/19 11:31:05
2026/09/18,Uranquinty Power Station,522047,BBGPG,0.000,0.000,0.000,0.000,,,NSW,Regional - NSW,590011,2026/09/19 12:46:48
2026/09/18,Valley Power GPG,535024,BBGPG,0.003,0.000,0.000,0.000,,,VIC,Gippsland,590009,2026/09/19 11:00:55
2026/09/18,VicHub,532005,PIPE,0.000,0.000,51.595,51.595,,,VIC,Longford Hub,530015,2026/09/19 12:01:17
2026/09/18,Viva Energy Refinery,535018,BBLARGE,11.339,0.000,0.000,0.000,,,VIC,Geelong,590005,2026/09/19 07:30:16
2026/09/18,VTS,530110,PIPE,0.000,402.575,96.415,0.001,,,VIC,Longford Hub,530015,2026/09/29 11:00:05
2026/09/18,VTS,530110,PIPE,73.793,0.000,58.519,0.000,,,VIC,Iona Hub,530016,2026/09/29 11:00:05
2026/09/18,VTS,530110,PIPE,11.785,0.000,0.000,0.000,,,VIC,Western,590004,2026/09/29 11:00:05
2026/09/18,VTS,530110,PIPE,50.172,0.000,0.000,0.000,,,VIC,Geelong,590005,2026/09/29 11:00:05
2026/09/18,VTS,530110,PIPE,23.931,0.000,0.000,0.000,,,VIC,Ballarat,590006,2026/09/29 11:00:05
2026/09/18,VTS,530110,PIPE,47.416,0.000,0.000,0.000,,,VIC,Northern,590007,2026/09/29 11:00:05
2026/09/18,VTS,530110,PIPE,251.681,0.322,0.000,0.000,,,VIC,Melbourne,590008,2026/09/29 11:00:05
2026/09/18,VTS,530110,PIPE,27.435,0.000,9.564,0.000,,,VIC,Gippsland,590009,2026/09/29 11:00:05
2026/09/18,VTS,530110,PIPE,0.000,0.000,0.000,72.539,,,NSW,Culcairn,590016,2026/09/29 11:00:05
2026/09/18,Wallumbilla Compression Station,544280,COMPRESSOR,0.000,0.000,0.000,0.000,,,QLD,Wallumbilla Hub,540032,2026/09/19 10:28:05
2026/09/18,WCFA,540045,COMPRESSOR,0.000,0.000,124.033,124.033,,,QLD,Wallumbilla Hub,540032,2026/09/19 12:46:48
2026/09/18,WCFB,540046,COMPRESSOR,0.000,0.000,71.916,71.916,,,QLD,Wallumbilla Hub,540032,2026/09/19 12:46:48
2026/09/18,Weddell Power Station,580232,BBGPG,16.000,0.000,0.000,0.000,,,NT,Darwin,580001,2026/09/19 12:46:48
2026/09/18,WGP,540091,PIPE,1511.948,0.000,0.000,0.000,,,QLD,Curtis Island,540030,2026/09/19 10:35:45
2026/09/18,WGP,540091,PIPE,0.000,1442.351,59.704,0.000,,,QLD,Regional - QLD,590001,2026/09/19 10:35:45
2026/09/18,Whyalla Steelworks,555085,BBLARGE,5.598,0.000,0.000,0.000,,,SA,Regional - SA,590013,2026/09/19 11:31:05
2026/09/18,Windibri,540069,PROD,0.000,94.557,0.000,0.000,,,QLD,Regional - QLD,590001,2026/09/19 10:35:45
2026/09/18,Woleebee Creek,540087,PROD,0.000,639.622,0.000,0.000,,,QLD,Regional - QLD,590001,2026/09/19 10:35:45
2026/09/18,WPP,580030,PIPE,16.000,3.272,12.741,0.000,,,NT,Darwin,580001,2026/09/19 12:46:48
2026/09/18,Yarwun,544282,BBGPG,52.261,0.000,0.000,0.000,,,QLD,Regional - QLD,590001,2026/09/19 12:01:07
2026/09/18,Yelcherr,580180,PROD,0.000,0.000,0.000,0.000,,,NT,Regional - NT,590017,2026/09/19 12:46:48
2026/09/18,Yellowbank,540074,PROD,0.000,11.575,0.000,0.000,,,QLD,Regional - QLD,590001,2026/09/19 12:01:07
2026/09/19,Adelaide Brighton,555091,BBLARGE,8.416,0.000,0.000,0.000,,,SA,Adelaide,550016,2026/09/20 13:00:00
2026/09/19,AGP,580010,PIPE,17.409,0.000,0.000,12.178,,,NT,Darwin,580001,2026/09/20 12:46:48
2026/09/19,AGP,580010,PIPE,6.934,30.825,24.988,15.139,,,NT,Regional - NT,590017,2026/09/20 12:46:48
2026/09/19,APLNG Pipeline,540093,PIPE,1679.811,0.000,0.000,0.000,,,QLD,Curtis Island,540030,2026/09/24 11:30:13
2026/09/19,APLNG Pipeline,540093,PIPE,0.000,1276.765,570.067,124.015,,,QLD,Regional - QLD,590001,2026/09/24 11:30:13
2026/09/19,Arcadia,540101,PROD,0.000,93.115,0.000,0.000,,,QLD,Regional - QLD,590001,2026/09/20 10:28:18
2026/09/19,ATGP,640013,PIPE,0.000,43.455,0.000,43.455,,,QLD,Regional - QLD,590001,2026/09/20 12:01:11
2026/09/19,ATHENA,535014,PROD,0.000,17.283,0.000,0.000,,,VIC,Iona Hub,530016,2026/09/24 09:52:13
2026/09/19,Atlas,544261,PROD,0.000,43.455,0.000,0.000,,,QLD,Regional - QLD,590001,2026/09/20 12:01:16
2026/09/19,Atlas East Central Processing Facility,640008,PROD,0.000,32.160,0.000,0.000,,,QLD,Regional - QLD,590001,2026/09/20 09:30:22
2026/09/19,Atlas to Reedy Creek Pipeline,640007,PIPE,0.000,32.161,0.000,35.483,,,QLD,Regional - QLD,590001,2026/09/20 12:46:48
2026/09/19,Australia Pacific LNG,544273,LNGEXPORT,1679.810,0.000,0.000,0.000,,,QLD,Curtis Island,540030,2026/09/20 12:00:25
2026/09/19,Australian Paper (Opal),535021,BBLARGE,11.448,0.000,0.000,0.000,,,VIC,Gippsland,590009,2026/09/29 11:00:05
2026/09/19,B1PL,540077,PIPE,0.032,28.636,0.000,34.802,,,QLD,Regional - QLD,590001,2026/09/20 11:01:01
2026/09/19,B2PL,540071,PIPE,0.000,54.162,5.013,59.721,,,QLD,Regional - QLD,590001,2026/09/20 12:30:09
2026/09/19,Bairnsdale Power Station,535020,BBGPG,0.000,0.000,0.000,0.000,,,VIC,Regional - VIC,590012,2026/09/20 11:01:06
2026/09/19,BCF,540047,COMPRESSOR,0.000,0.000,66.100,66.100,,,QLD,Regional - QLD,590001,2026/09/24 14:52:14
2026/09/19,Bell Bay CCGT,577016,BBGPG,0.000,0.000,0.000,0.000,,,TAS,Regional - TAS,590014,2026/09/21 12:01:00
2026/09/19,Bell Bay GGT,577014,BBGPG,0.438,0.000,0.000,0.000,,,TAS,Regional - TAS,590014,2026/09/21 12:01:00
2026/09/19,Bell Bay OCGT,577015,BBGPG,0.000,0.000,0.000,0.000,,,TAS,Regional - TAS,590014,2026/09/21 12:01:00
2026/09/19,Bellevue,540083,PROD,0.000,146.387,0.000,0.000,,,QLD,Regional - QLD,590001,2026/09/20 10:35:57
2026/09/19,BGP,580020,PIPE,0.328,0.000,0.000,0.000,,,NT,Regional - NT,590017,2026/09/20 12:46:48
2026/09/19,BlueScope,523204,BBLARGE,11.126,0.000,0.000,0.000,,,NSW,Sydney,520008,2026/09/20 12:01:05
2026/09/19,Bolivar,555008,BBGPG,0.000,0.000,0.000,0.000,,,SA,Regional - SA,590013,2026/09/20 12:06:26
2026/09/19,Bomaderry Gas Pipeline,523202,PIPE,0.000,0.000,21.329,0.000,,,NSW,Regional - NSW,590011,2026/09/20 12:01:05
2026/09/19,BPP,530030,PIPE,1.950,8.070,0.000,6.121,,,VIC,Gippsland,590009,2026/09/29 11:00:05
2026/09/19,Braemar 2 Power Station,544085,BBGPG,0.000,0.000,0.000,0.000,,,QLD,Regional - QLD,590001,2026/09/20 12:30:09
2026/09/19,Braemar Power Station,544252,BBGPG,0.032,0.000,0.000,0.000,,,QLD,Regional - QLD,590001,2026/09/20 11:01:01
2026/09/19,BWP,540096,PIPE,0.000,0.000,0.000,0.088,,,QLD,Wallumbilla Hub,540032,2026/09/20 12:46:48
2026/09/19,BWP,540096,PIPE,0.000,0.000,0.000,0.000,,,QLD,Regional - QLD,590001,2026/09/20 12:46:48
2026/09/19,CGP,540059,PIPE,0.000,0.000,66.100,0.000,,,QLD,Ballera,540078,2026/09/20 12:46:48
2026/09/19,CGP,540059,PIPE,73.965,0.000,0.000,0.000,,,QLD,Regional - QLD,590001,2026/09/20 12:46:48
2026/09/19,Channel Island Power Station,580231,BBGPG,17.409,0.000,0.000,0.000,,,NT,Darwin,580001,2026/09/20 12:46:48
2026/09/19,Colongra,523120,BBGPG,1.764,0.000,0.000,0.000,,,NSW,Regional - NSW,590011,2026/09/20 12:00:05
2026/09/19,ColongraGP,520090,PIPE,0.000,0.000,0.000,0.000,,,NSW,Sydney,520008,2026/09/20 12:00:05
2026/09/19,ColongraGP,520090,PIPE,1.764,0.000,0.000,0.000,,,NSW,Regional - NSW,590011,2026/09/20 12:00:05
2026/09/19,Combabula,540094,PROD,0.000,287.441,0.000,0.000,,,QLD,Regional - QLD,590001,2026/09/24 11:30:13
2026/09/19,Condabri Central,540080,PROD,0.000,88.157,0.000,0.000,,,QLD,Regional - QLD,590001,2026/09/24 11:30:13
2026/09/19,Condabri North,540090,PROD,0.000,171.837,0.000,0.000,,,QLD,Regional - QLD,590001,2026/09/24 11:30:13
2026/09/19,Condabri South,540086,PROD,0.000,149.997,0.000,0.000,,,QLD,Regional - QLD,590001,2026/09/24 11:30:13
2026/09/19,Condamine Power Station,544274,BBGPG,0.000,0.000,0.000,0.000,,,QLD,Regional - QLD,590001,2026/09/20 10:35:29
2026/09/19,CRWP,540098,PIPE,0.000,0.000,229.781,0.000,,,QLD,Wallumbilla Hub,540032,2026/09/20 10:28:05
2026/09/19,CRWP,540098,PIPE,0.000,234.094,41.030,497.856,,,QLD,Regional - QLD,590001,2026/09/20 10:28:05
2026/09/19,CWP,520054,PIPE,4.189,0.000,5.417,0.000,,,NSW,Regional - NSW,590011,2026/09/20 12:46:48
2026/09/19,Daandine,540050,PROD,0.000,54.182,0.000,0.000,,,QLD,Regional - QLD,590001,2026/09/20 12:30:08
2026/09/19,Dandenong LNG,530038,STOR,0.000,0.324,0.000,0.000,649.455,27.889,VIC,Melbourne,590008,2026/09/20 12:46:48
2026/09/19,DDP,540097,PIPE,0.000,0.000,0.000,167.786,,,QLD,Wallumbilla Hub,540032,2026/09/20 12:01:10
2026/09/19,DDP,540097,PIPE,0.003,553.859,90.512,477.244,,,QLD,Regional - QLD,590001,2026/09/20 12:01:10
2026/09/19,DDPS,544027,BBGPG,0.003,0.000,0.000,0.000,,,QLD,Regional - QLD,590001,2026/09/20 12:01:10
2026/09/19,Diamantina Power Station,544077,BBGPG,35.681,0.000,0.000,0.000,,,QLD,Regional - QLD,590001,2026/09/20 12:46:48
2026/09/19,Dry Creek Power Station,555026,BBGPG,0.000,0.000,0.000,0.000,,,SA,Regional - SA,590013,2026/09/20 11:31:05
2026/09/19,EGP,520047,PIPE,137.339,0.000,0.000,0.000,,,NSW,Sydney,520008,2026/09/20 12:01:05
2026/09/19,EGP,520047,PIPE,6.318,0.000,0.000,0.000,,,NSW,Canberra,520009,2026/09/20 12:01:05
2026/09/19,EGP,520047,PIPE,0.000,191.799,0.000,73.319,,,VIC,Longford Hub,530015,2026/09/20 12:01:05
2026/09/19,EGP,520047,PIPE,4.492,0.000,0.000,21.329,,,NSW,Regional - NSW,590011,2026/09/20 12:01:05
2026/09/19,EGP,520047,PIPE,0.401,70.691,0.000,0.000,,,VIC,Regional - VIC,590012,2026/09/20 12:01:05
2026/09/19,EO4PL,540055,PIPE,0.000,0.000,0.000,0.000,,,QLD,Regional - QLD,590001,2026/09/20 10:35:57
2026/09/19,Eurombah Creek,540089,PROD,0.000,156.442,0.000,0.000,,,QLD,Regional - QLD,590001,2026/09/24 11:30:13
2026/09/19,Fairview,540070,PROD,0.000,285.573,0.000,0.000,,,QLD,Regional - QLD,590001,2026/09/20 10:28:18
2026/09/19,GLNG (Curtis Island),544276,LNGEXPORT,887.336,0.000,0.000,0.000,,,QLD,Curtis Island,540030,2026/09/20 10:28:05
2026/09/19,GLNG Pipeline,540092,PIPE,887.336,0.000,0.000,0.000,,,QLD,Curtis Island,540030,2026/09/20 10:28:05
2026/09/19,GLNG Pipeline,540092,PIPE,0.000,423.655,498.000,31.375,,,QLD,Regional - QLD,590001,2026/09/20 10:35:57
2026/09/19,Hallett,555029,BBGPG,0.000,0.000,0.000,0.000,,,SA,Regional - SA,590013,2026/09/20 11:31:05
2026/09/19,Hunter Power Station,523210,BBGPG,0.000,0.000,0.000,0.000,,,NSW,Sydney,520008,2026/09/20 12:46:48
2026/09/19,ICF,530071,COMPRESSOR,0.000,0.000,8.000,8.000,,,VIC,Iona Hub,530016,2026/09/20 08:35:03
2026/09/19,Iona UGS,530042,STOR,112.045,8.300,0.000,0.000,13033.371,0.000,VIC,Iona Hub,530016,2026/09/20 08:30:03
2026/09/19,Jeerelang,533161,BBGPG,0.000,0.000,0.000,0.000,,,VIC,Gippsland,590009,2026/09/29 11:00:05
2026/09/19,Jordan,540088,PROD,0.000,335.071,0.000,0.000,,,QLD,Regional - QLD,590001,2026/09/20 10:35:57
2026/09/19,Katherine Power Station,580233,BBGPG,0.000,0.000,0.000,0.000,,,NT,Regional - NT,590017,2026/09/20 12:46:48
2026/09/19,Kenya,540075,PROD,0.000,120.500,0.000,0.000,,,QLD,Regional - QLD,590001,2026/09/20 10:35:57
2026/09/19,Kincora,544253,PROD,0.000,4.000,0.000,0.000,,,QLD,Regional - QLD,590001,2026/09/20 12:46:48
2026/09/19,KKLP,523209,PIPE,0.000,0.000,0.000,0.000,,,NSW,Sydney,520008,2026/09/20 12:46:48
2026/09/19,Kogan North,540061,PROD,0.000,4.311,0.000,0.000,,,QLD,Regional - QLD,590001,2026/09/20 12:46:48
2026/09/19,Ladbroke Grove PS,555086,BBGPG,0.000,0.000,0.000,0.000,,,SA,Regional - SA,590013,2026/09/20 12:46:48
2026/09/19,Lang Lang,530039,PROD,0.000,8.070,0.000,0.000,,,VIC,Gippsland,590009,2026/09/20 09:19:04
2026/09/19,Laverton,533201,BBGPG,0.000,0.000,0.000,0.000,,,VIC,Geelong,590005,2026/09/29 11:00:05
2026/09/19,Longford,530040,PROD,0.000,616.820,0.000,0.000,,,VIC,Longford Hub,530015,2026/09/20 08:38:36
2026/09/19,Loy Yang B,533163,BBGPG,0.000,0.000,0.000,0.000,,,VIC,Gippsland,590009,2026/09/20 11:01:03
2026/09/19,LYB Transmission Pipeline,535023,PIPE,0.000,0.000,0.000,0.000,,,VIC,Gippsland,590009,2026/09/20 11:01:03
2026/09/19,MAPS,550054,PIPE,17.883,0.000,0.000,0.000,,,SA,Adelaide,550016,2026/09/20 11:31:05
2026/09/19,MAPS,550054,PIPE,0.000,44.469,16.916,0.000,,,SA,Moomba Hub,550017,2026/09/20 11:31:05
2026/09/19,MAPS,550054,PIPE,40.218,0.000,0.005,0.000,,,SA,Regional - SA,590013,2026/09/20 11:31:05
2026/09/19,McArthur River Mine,580220,BBGPG,8.532,0.000,0.000,0.000,,,NT,Regional - NT,590017,2026/09/20 09:16:19
2026/09/19,MCF,550050,COMPRESSOR,0.000,0.000,153.761,153.761,,,SA,Moomba Hub,550017,2026/09/20 12:46:48
2026/09/19,Mereenie,580040,PROD,0.000,25.306,0.000,0.000,,,NT,Regional - NT,590017,2026/09/20 10:55:01
2026/09/19,Meridian,540064,PROD,0.000,49.217,0.000,0.000,,,QLD,Regional - QLD,590001,2026/09/20 18:23:49
2026/09/19,Mintaro Power Station,555031,BBGPG,0.000,0.000,0.000,0.000,,,SA,Regional - SA,590013,2026/09/20 11:31:05
2026/09/19,Moomba,550045,PROD,0.000,219.100,0.000,0.000,,,SA,Moomba Hub,550017,2026/09/24 14:52:14
2026/09/19,Moomba Storage,550046,STOR,0.000,4.600,0.000,0.000,6218.700,0.000,SA,Moomba Hub,550017,2026/09/24 14:52:14
2026/09/19,Mortlake PS,530063,BBGPG,0.000,0.000,0.000,0.000,,,VIC,Regional - VIC,590012,2026/09/20 07:20:00
2026/09/19,MPL,530061,PIPE,0.000,0.000,0.000,0.000,,,VIC,Iona Hub,530016,2026/09/20 07:20:00
2026/09/19,MPL,530061,PIPE,0.000,0.000,0.000,0.000,,,VIC,Regional - VIC,590012,2026/09/20 07:20:00
2026/09/19,MRP,580100,PIPE,8.532,0.000,8.555,0.000,,,NT,Regional - NT,590017,2026/09/20 09:16:19
2026/09/19,MSP,520053,PIPE,54.446,0.000,0.000,0.000,,,NSW,Sydney,520008,2026/09/20 12:46:48
2026/09/19,MSP,520053,PIPE,0.000,0.000,13.941,6.940,,,SA,Moomba Hub,550017,2026/09/20 12:46:48
2026/09/19,MSP,520053,PIPE,22.746,0.000,0.000,5.417,,,NSW,Regional - NSW,590011,2026/09/20 12:46:48
2026/09/19,MSP,520053,PIPE,7.299,0.000,0.000,0.000,,,NSW,Regional - ACT,590015,2026/09/20 12:46:48
2026/09/19,MSP,520053,PIPE,0.000,0.000,131.033,0.000,,,NSW,Culcairn,590016,2026/09/20 12:46:48
2026/09/19,Newport,533171,BBGPG,0.001,0.000,0.000,0.000,,,VIC,Melbourne,590008,2026/09/29 11:00:05
2026/09/19,NGP,580050,PIPE,0.000,0.000,0.000,0.000,,,QLD,Regional - QLD,590001,2026/09/20 12:01:14
2026/09/19,NGP,580050,PIPE,0.000,0.000,0.000,0.000,,,NT,Regional - NT,590017,2026/09/20 12:01:14
2026/09/19,NGS,520060,STOR,0.030,0.732,0.000,0.000,655.201,76.881,NSW,Sydney,520008,2026/09/20 08:02:09
2026/09/19,Oakey PS,544095,BBGPG,0.000,0.000,0.000,0.000,,,QLD,Regional - QLD,590001,2026/09/20 12:46:48
2026/09/19,Orana,540084,PROD,0.000,168.910,0.000,0.000,,,QLD,Regional - QLD,590001,2026/09/24 11:30:13
2026/09/19,Orbost,530041,PROD,0.000,70.691,0.000,0.000,,,VIC,Regional - VIC,590012,2026/09/20 12:01:05
2026/09/19,Orica,544011,BBLARGE,8.569,0.000,0.000,0.000,,,QLD,Regional - QLD,590001,2026/09/20 12:01:08
2026/09/19,Orica (Kooragang Island),523206,BBLARGE,39.310,0.000,0.000,0.000,,,NSW,Sydney,520008,2026/09/20 13:00:00
2026/09/19,Osborne,555033,BBGPG,0.000,0.000,0.000,0.000,,,SA,Regional - SA,590013,2026/09/20 11:31:05
2026/09/19,Otway,530044,PROD,0.000,82.470,0.000,0.000,,,VIC,Iona Hub,530016,2026/09/20 14:25:27
2026/09/19,Owen Springs Power Station,580235,BBGPG,0.082,0.000,0.000,0.000,,,NT,Regional - NT,590017,2026/09/20 06:41:05
2026/09/19,Palm Valley,580060,PROD,0.000,5.519,0.000,0.000,,,NT,Regional - NT,590017,2026/09/20 10:55:01
2026/09/19,PCA,550052,PIPE,0.000,13.878,52.984,0.989,,,VIC,Iona Hub,530016,2026/09/20 07:20:02
2026/09/19,PCA,550052,PIPE,21.310,0.000,0.000,0.000,,,SA,Adelaide,550016,2026/09/20 07:20:02
2026/09/19,PCA,550052,PIPE,0.000,0.000,0.000,6.168,,,VIC,Regional - VIC,590012,2026/09/20 07:20:02
2026/09/19,PCA,550052,PIPE,0.239,0.000,0.000,0.000,,,SA,Regional - SA,590013,2026/09/20 07:20:02
2026/09/19,PCI,530060,PIPE,0.000,93.840,0.989,94.829,,,VIC,Iona Hub,530016,2026/09/20 07:20:02
2026/09/19,Peat,540065,PROD,0.000,11.550,0.000,0.000,,,QLD,Regional - QLD,590001,2026/09/24 11:30:13
2026/09/19,Pelican Point Power Station,555089,BBGPG,14.665,0.000,0.000,0.000,,,SA,Regional - SA,590013,2026/09/20 07:20:02
2026/09/19,Phosphate Hill,544081,BBLARGE,26.106,0.000,0.000,0.000,,,QLD,Regional - QLD,590001,2026/09/20 12:46:48
2026/09/19,Pipeline Compression Station,544279,COMPRESSOR,0.000,0.000,0.000,0.000,,,QLD,Regional - QLD,590001,2026/09/20 10:28:05
2026/09/19,PVP,580070,PIPE,0.499,0.000,0.584,0.000,,,NT,Regional - NT,590017,2026/09/20 06:41:05
2026/09/19,QCLNG LNG Plant,544272,LNGEXPORT,1510.236,0.000,0.000,0.000,,,QLD,Curtis Island,540030,2026/09/20 10:35:57
2026/09/19,QGP,540058,PIPE,0.000,0.000,19.308,0.000,,,QLD,Wallumbilla Hub,540032,2026/09/20 12:01:08
2026/09/19,QGP,540058,PIPE,116.832,24.709,76.888,0.000,,,QLD,Regional - QLD,590001,2026/09/20 12:01:08
2026/09/19,Quarantine Power Station,555087,BBGPG,0.010,0.000,0.000,0.000,,,SA,Regional - SA,590013,2026/09/20 11:31:05
2026/09/19,Queensland Aluminia,544012,BBLARGE,40.983,0.000,0.000,0.000,,,QLD,Regional - QLD,590001,2026/09/20 12:01:08
2026/09/19,RBP,540057,PIPE,0.000,0.000,0.071,25.800,,,QLD,Wallumbilla Hub,540032,2026/09/20 12:46:48
2026/09/19,RBP,540057,PIPE,2.014,19.861,41.122,5.013,,,QLD,Regional - QLD,590001,2026/09/20 12:46:48
2026/09/19,RBP,540057,PIPE,35.689,0.000,0.000,0.000,,,QLD,Brisbane,590002,2026/09/20 12:46:48
2026/09/19,RCWP,540102,PIPE,0.000,0.000,26.722,0.010,,,QLD,Wallumbilla Hub,540032,2026/09/20 12:46:48
2026/09/19,RCWP,540102,PIPE,0.000,0.000,35.483,61.592,,,QLD,Regional - QLD,590001,2026/09/20 12:46:48
2026/09/19,Reedy Creek,540085,PROD,0.000,184.303,0.000,0.000,,,QLD,Regional - QLD,590001,2026/09/24 11:30:13
2026/09/19,RMNGPF,640011,PROD,0.000,18.230,0.000,0.000,,,QLD,Regional - QLD,590001,2026/09/20 09:30:40
2026/09/19,RNMGP,640012,PIPE,0.000,18.230,0.000,18.230,,,QLD,Regional - QLD,590001,2026/09/20 09:30:40
2026/09/19,RNP,640009,PIPE,0.000,22.800,0.000,22.800,,,QLD,Regional - QLD,590001,2026/09/20 12:01:09
2026/09/19,Rolleston,540073,PROD,0.000,9.077,0.000,0.000,,,QLD,Regional - QLD,590001,2026/09/20 12:01:08
2026/09/19,Roma,540095,PROD,0.000,234.094,0.000,0.000,,,QLD,Regional - QLD,590001,2026/09/20 10:28:21
2026/09/19,Roma North,544260,PROD,0.000,22.800,0.000,0.000,,,QLD,Regional - QLD,590001,2026/09/20 12:01:15
2026/09/19,Roma Power Station,540120,BBGPG,0.000,0.000,0.000,0.000,,,QLD,Regional - QLD,590001,2026/09/20 12:30:57
2026/09/19,Ron Goodin Power Station,580234,BBGPG,0.000,0.000,0.000,0.000,,,NT,Regional - NT,590017,2026/09/20 06:41:05
2026/09/19,RPL,540110,PIPE,0.048,0.000,0.000,0.000,,,QLD,Regional - QLD,590001,2026/09/20 12:30:57
2026/09/19,Ruby Jo,540082,PROD,0.000,421.719,0.000,0.000,,,QLD,Regional - QLD,590001,2026/09/20 10:35:57
2026/09/19,RUGS,540040,STOR,0.000,0.000,0.000,0.000,15125.449,0.000,QLD,Regional - QLD,590001,2026/09/20 10:28:21
2026/09/19,Scotia,540072,PROD,0.000,89.214,0.000,0.000,,,QLD,Regional - QLD,590001,2026/09/20 10:28:21
2026/09/19,SEPS,550061,PIPE,6.061,0.000,6.110,0.000,,,SA,Regional - SA,590013,2026/09/20 11:32:05
2026/09/19,SESA,550060,PIPE,0.000,0.000,6.169,0.000,,,VIC,Regional - VIC,590012,2026/09/20 12:46:48
2026/09/19,SESA,550060,PIPE,0.000,0.000,0.000,6.109,,,SA,Regional - SA,590013,2026/09/20 12:46:48
2026/09/19,Smithfield Energy Facility,522004,BBGPG,0.000,0.000,0.000,0.000,,,NSW,Regional - NSW,590011,2026/09/20 12:06:26
2026/09/19,Snapper Point,555090,BBGPG,0.000,0.000,0.000,0.000,,,SA,Regional - SA,590013,2026/09/20 11:31:05
2026/09/19,Somerton,533174,BBGPG,0.002,0.000,0.000,0.000,,,VIC,Melbourne,590008,2026/09/29 11:00:05
2026/09/19,SPCF,580236,PROD,0.000,24.988,0.000,0.000,,,NT,Regional - NT,590017,2026/09/20 09:18:16
2026/09/19,SPP,580237,PIPE,0.000,24.988,0.000,24.988,,,NT,Regional - NT,590017,2026/09/20 12:46:48
2026/09/19,Spring Gully,540066,PROD,0.000,54.999,0.000,0.000,,,QLD,Regional - QLD,590001,2026/09/24 11:30:13
2026/09/19,SSP,540103,PIPE,0.000,6.300,0.000,6.300,,,QLD,Regional - QLD,590001,2026/09/20 09:06:21
2026/09/19,SSSF,540062,STOR,0.000,6.760,0.000,0.000,8349.452,0.000,QLD,Regional - QLD,590001,2026/09/20 09:06:21
2026/09/19,Strathblane,540067,PROD,0.000,49.115,0.000,0.000,,,QLD,Regional - QLD,590001,2026/09/24 11:30:13
2026/09/19,Swanbank Power Station,544104,BBGPG,0.000,0.000,0.000,0.000,,,QLD,Brisbane,590002,2026/09/20 12:46:48
2026/09/19,SWQP,540060,PIPE,0.000,0.000,162.948,245.032,,,QLD,Wallumbilla Hub,540032,2026/09/20 12:46:48
2026/09/19,SWQP,540060,PIPE,0.000,0.000,0.000,70.710,,,QLD,Ballera,540078,2026/09/20 12:46:48
2026/09/19,SWQP,540060,PIPE,0.000,177.678,0.000,23.917,,,SA,Moomba Hub,550017,2026/09/20 12:46:48
2026/09/19,SWQP,540060,PIPE,0.024,0.000,0.000,0.000,,,QLD,Regional - QLD,590001,2026/09/20 12:46:48
2026/09/19,Talinga,540076,PROD,0.000,83.286,0.000,0.000,,,QLD,Regional - QLD,590001,2026/09/24 11:30:13
2026/09/19,Tallawarra,522002,BBGPG,0.001,0.000,0.000,0.000,,,NSW,Regional - NSW,590011,2026/09/20 11:00:10
2026/09/19,Tallawarra Pipeline,523201,PIPE,0.001,0.000,0.001,0.000,,,NSW,Regional - NSW,590011,2026/09/20 11:00:10
2026/09/19,Taloona,540068,PROD,0.000,40.037,0.000,0.000,,,QLD,Regional - QLD,590001,2026/09/24 11:30:13
2026/09/19,Tanami GP,580210,PIPE,8.858,0.000,6.000,0.000,,,NT,Regional - NT,590017,2026/09/20 12:02:00
2026/09/19,TGP,570050,PIPE,0.000,0.000,65.319,35.791,,,VIC,Longford Hub,530015,2026/09/21 12:01:00
2026/09/19,TGP,570050,PIPE,17.175,0.000,0.000,0.000,,,TAS,Regional - TAS,590014,2026/09/21 12:01:00
2026/09/19,Tipton,540051,PROD,0.000,28.636,0.000,0.000,,,QLD,Regional - QLD,590001,2026/09/20 12:30:08
2026/09/19,Torrens Island PS,555041,BBGPG,8.111,0.000,0.000,0.000,,,SA,Regional - SA,590013,2026/09/20 11:31:05
2026/09/19,Uranquinty Power Station,522047,BBGPG,0.000,0.000,0.000,0.000,,,NSW,Regional - NSW,590011,2026/09/20 12:46:48
2026/09/19,Valley Power GPG,535024,BBGPG,0.000,0.000,0.000,0.000,,,VIC,Gippsland,590009,2026/09/20 11:01:03
2026/09/19,VicHub,532005,PIPE,0.000,0.000,8.005,8.005,,,VIC,Longford Hub,530015,2026/09/20 12:01:17
2026/09/19,Viva Energy Refinery,535018,BBLARGE,7.529,0.000,0.000,0.000,,,VIC,Geelong,590005,2026/09/20 07:30:14
2026/09/19,VTS,530110,PIPE,0.000,423.436,43.807,0.001,,,VIC,Longford Hub,530015,2026/09/29 11:00:05
2026/09/19,VTS,530110,PIPE,111.883,0.000,41.699,0.000,,,VIC,Iona Hub,530016,2026/09/29 11:00:05
2026/09/19,VTS,530110,PIPE,11.093,0.000,0.000,0.000,,,VIC,Western,590004,2026/09/29 11:00:05
2026/09/19,VTS,530110,PIPE,32.204,0.000,0.000,0.000,,,VIC,Geelong,590005,2026/09/29 11:00:05
2026/09/19,VTS,530110,PIPE,14.725,0.000,0.000,0.000,,,VIC,Ballarat,590006,2026/09/29 11:00:05
2026/09/19,VTS,530110,PIPE,32.962,0.000,0.000,0.000,,,VIC,Northern,590007,2026/09/29 11:00:05
2026/09/19,VTS,530110,PIPE,165.509,0.200,0.000,0.000,,,VIC,Melbourne,590008,2026/09/29 11:00:05
2026/09/19,VTS,530110,PIPE,21.358,0.000,6.121,0.000,,,VIC,Gippsland,590009,2026/09/29 11:00:05
2026/09/19,VTS,530110,PIPE,0.000,0.000,0.000,131.032,,,NSW,Culcairn,590016,2026/09/29 11:00:05
2026/09/19,Wallumbilla Compression Station,544280,COMPRESSOR,0.000,0.000,0.000,0.000,,,QLD,Wallumbilla Hub,540032,2026/09/20 10:28:05
2026/09/19,WCFA,540045,COMPRESSOR,0.000,0.000,112.415,112.415,,,QLD,Wallumbilla Hub,540032,2026/09/20 12:46:48
2026/09/19,WCFB,540046,COMPRESSOR,0.000,0.000,132.618,132.618,,,QLD,Wallumbilla Hub,540032,2026/09/20 12:46:48
2026/09/19,Weddell Power Station,580232,BBGPG,15.437,0.000,0.000,0.000,,,NT,Darwin,580001,2026/09/20 12:46:48
2026/09/19,WGP,540091,PIPE,1510.236,0.000,0.000,0.000,,,QLD,Curtis Island,540030,2026/09/20 10:35:57
2026/09/19,WGP,540091,PIPE,0.000,1448.408,59.701,0.000,,,QLD,Regional - QLD,590001,2026/09/20 10:35:57
2026/09/19,Whyalla Steelworks,555085,BBLARGE,3.963,0.000,0.000,0.000,,,SA,Regional - SA,590013,2026/09/20 11:31:05
2026/09/19,Windibri,540069,PROD,0.000,93.302,0.000,0.000,,,QLD,Regional - QLD,590001,2026/09/20 10:35:57
2026/09/19,Woleebee Creek,540087,PROD,0.000,639.976,0.000,0.000,,,QLD,Regional - QLD,590001,2026/09/20 10:35:57
2026/09/19,WPP,580030,PIPE,15.437,3.248,12.178,0.000,,,NT,Darwin,580001,2026/09/20 12:46:48
2026/09/19,Yarwun,544282,BBGPG,50.772,0.000,0.000,0.000,,,QLD,Regional - QLD,590001,2026/09/20 12:01:08
2026/09/19,Yelcherr,580180,PROD,0.000,0.000,0.000,0.000,,,NT,Regional - NT,590017,2026/09/20 12:46:48
2026/09/19,Yellowbank,540074,PROD,0.000,11.382,0.000,0.000,,,QLD,Regional - QLD,590001,2026/09/20 12:01:08
2026/09/20,Adelaide Brighton,555091,BBLARGE,8.590,0.000,0.000,0.000,,,SA,Adelaide,550016,2026/09/21 13:00:01
2026/09/20,AGP,580010,PIPE,17.687,0.000,0.000,12.544,,,NT,Darwin,580001,2026/09/21 12:46:15
2026/09/20,AGP,580010,PIPE,5.387,30.767,25.011,17.684,,,NT,Regional - NT,590017,2026/09/21 12:46:15
2026/09/20,APLNG Pipeline,540093,PIPE,1673.068,0.000,0.000,0.000,,,QLD,Curtis Island,540030,2026/09/25 11:30:13
2026/09/20,APLNG Pipeline,540093,PIPE,0.000,1282.903,537.428,126.975,,,QLD,Regional - QLD,590001,2026/09/25 11:30:13
2026/09/20,Arcadia,540101,PROD,0.000,93.140,0.000,0.000,,,QLD,Regional - QLD,590001,2026/09/21 11:13:07
2026/09/20,ATGP,640013,PIPE,0.000,42.794,0.000,42.794,,,QLD,Regional - QLD,590001,2026/09/21 12:01:16
2026/09/20,ATHENA,535014,PROD,0.000,17.299,0.000,0.000,,,VIC,Iona Hub,530016,2026/09/25 10:10:07
2026/09/20,Atlas,544261,PROD,0.000,42.794,0.000,0.000,,,QLD,Regional - QLD,590001,2026/09/21 12:01:21
2026/09/20,Atlas East Central Processing Facility,640008,PROD,0.000,33.760,0.000,0.000,,,QLD,Regional - QLD,590001,2026/09/21 08:41:45
2026/09/20,Atlas to Reedy Creek Pipeline,640007,PIPE,0.000,33.759,0.000,32.959,,,QLD,Regional - QLD,590001,2026/09/21 12:46:15
2026/09/20,Australia Pacific LNG,544273,LNGEXPORT,1673.067,0.000,0.000,0.000,,,QLD,Curtis Island,540030,2026/09/21 12:00:25
2026/09/20,Australian Paper (Opal),535021,BBLARGE,11.942,0.000,0.000,0.000,,,VIC,Gippsland,590009,2026/09/29 11:00:05
2026/09/20,B1PL,540077,PIPE,0.035,27.358,0.000,20.742,,,QLD,Regional - QLD,590001,2026/09/21 11:00:54
2026/09/20,B2PL,540071,PIPE,0.000,54.140,6.018,59.715,,,QLD,Regional - QLD,590001,2026/09/21 12:30:07
2026/09/20,Bairnsdale Power Station,535020,BBGPG,0.000,0.000,0.000,0.000,,,VIC,Regional - VIC,590012,2026/09/21 11:00:58
2026/09/20,BCF,540047,COMPRESSOR,0.000,0.000,66.000,66.000,,,QLD,Regional - QLD,590001,2026/09/25 10:00:01
2026/09/20,Bell Bay CCGT,577016,BBGPG,0.000,0.000,0.000,0.000,,,TAS,Regional - TAS,590014,2026/09/22 12:01:00
2026/09/20,Bell Bay GGT,577014,BBGPG,0.000,0.000,0.000,0.000,,,TAS,Regional - TAS,590014,2026/09/22 12:01:00
2026/09/20,Bell Bay OCGT,577015,BBGPG,0.000,0.000,0.000,0.000,,,TAS,Regional - TAS,590014,2026/09/22 12:01:00
2026/09/20,Bellevue,540083,PROD,0.000,145.224,0.000,0.000,,,QLD,Regional - QLD,590001,2026/09/21 10:36:18
2026/09/20,BGP,580020,PIPE,0.316,0.000,0.000,0.000,,,NT,Regional - NT,590017,2026/09/21 12:46:15
2026/09/20,BlueScope,523204,BBLARGE,16.823,0.000,0.000,0.000,,,NSW,Sydney,520008,2026/09/21 12:01:05
2026/09/20,Bolivar,555008,BBGPG,0.000,0.000,0.000,0.000,,,SA,Regional - SA,590013,2026/09/21 12:07:30
2026/09/20,Bomaderry Gas Pipeline,523202,PIPE,20.951,0.000,20.951,0.000,,,NSW,Regional - NSW,590011,2026/09/21 12:32:01
2026/09/20,BPP,530030,PIPE,2.120,14.020,0.000,11.907,,,VIC,Gippsland,590009,2026/09/29 11:00:05
2026/09/20,Braemar 2 Power Station,544085,BBGPG,0.000,0.000,0.000,0.000,,,QLD,Regional - QLD,590001,2026/09/21 12:30:07
2026/09/20,Braemar Power Station,544252,BBGPG,0.035,0.000,0.000,0.000,,,QLD,Regional - QLD,590001,2026/09/21 11:00:54
2026/09/20,BWP,540096,PIPE,0.000,0.000,0.000,4.628,,,QLD,Wallumbilla Hub,540032,2026/09/21 12:46:15
2026/09/20,BWP,540096,PIPE,0.000,5.053,0.000,0.000,,,QLD,Regional - QLD,590001,2026/09/21 12:46:15
2026/09/20,CGP,540059,PIPE,0.000,0.000,65.981,0.000,,,QLD,Ballera,540078,2026/09/21 12:46:15
2026/09/20,CGP,540059,PIPE,74.690,0.000,0.000,0.000,,,QLD,Regional - QLD,590001,2026/09/21 12:46:15
2026/09/20,Channel Island Power Station,580231,BBGPG,17.687,0.000,0.000,0.000,,,NT,Darwin,580001,2026/09/21 12:46:15
2026/09/20,Colongra,523120,BBGPG,0.000,0.000,0.000,0.000,,,NSW,Regional - NSW,590011,2026/09/21 12:00:05
2026/09/20,ColongraGP,520090,PIPE,0.000,0.000,0.000,0.000,,,NSW,Sydney,520008,2026/09/21 12:00:05
2026/09/20,ColongraGP,520090,PIPE,0.000,0.000,0.000,0.000,,,NSW,Regional - NSW,590011,2026/09/21 12:00:05
2026/09/20,Combabula,540094,PROD,0.000,287.456,0.000,0.000,,,QLD,Regional - QLD,590001,2026/09/25 11:30:13
2026/09/20,Condabri Central,540080,PROD,0.000,87.589,0.000,0.000,,,QLD,Regional - QLD,590001,2026/09/25 11:30:13
2026/09/20,Condabri North,540090,PROD,0.000,170.992,0.000,0.000,,,QLD,Regional - QLD,590001,2026/09/25 11:30:13
2026/09/20,Condabri South,540086,PROD,0.000,150.192,0.000,0.000,,,QLD,Regional - QLD,590001,2026/09/25 11:30:13
2026/09/20,Condamine Power Station,544274,BBGPG,0.000,0.000,0.000,0.000,,,QLD,Regional - QLD,590001,2026/09/21 10:36:04
2026/09/20,CRWP,540098,PIPE,0.000,0.000,208.211,0.000,,,QLD,Wallumbilla Hub,540032,2026/09/21 10:58:06
2026/09/20,CRWP,540098,PIPE,0.000,233.345,41.029,448.512,,,QLD,Regional - QLD,590001,2026/09/21 10:58:06
2026/09/20,CWP,520054,PIPE,3.807,0.000,4.463,0.000,,,NSW,Regional - NSW,590011,2026/09/21 12:46:15
2026/09/20,Daandine,540050,PROD,0.000,54.156,0.000,0.000,,,QLD,Regional - QLD,590001,2026/09/21 12:30:07
2026/09/20,Dandenong LNG,530038,STOR,0.000,0.302,0.000,0.000,649.197,27.889,VIC,Melbourne,590008,2026/09/21 12:46:15
2026/09/20,DDP,540097,PIPE,0.000,0.000,0.000,168.017,,,QLD,Wallumbilla Hub,540032,2026/09/21 12:01:14
2026/09/20,DDP,540097,PIPE,0.003,530.370,92.517,458.179,,,QLD,Regional - QLD,590001,2026/09/21 12:01:14
2026/09/20,DDPS,544027,BBGPG,0.003,0.000,0.000,0.000,,,QLD,Regional - QLD,590001,2026/09/21 12:01:14
2026/09/20,Diamantina Power Station,544077,BBGPG,35.710,0.000,0.000,0.000,,,QLD,Regional - QLD,590001,2026/09/21 12:46:15
2026/09/20,Dry Creek Power Station,555026,BBGPG,0.000,0.000,0.000,0.000,,,SA,Regional - SA,590013,2026/09/21 11:31:05
2026/09/20,EGP,520047,PIPE,140.777,0.000,0.000,0.000,,,NSW,Sydney,520008,2026/09/21 12:01:05
2026/09/20,EGP,520047,PIPE,5.208,0.000,0.000,0.000,,,NSW,Canberra,520009,2026/09/21 12:01:05
2026/09/20,EGP,520047,PIPE,0.000,212.446,0.000,80.669,,,VIC,Longford Hub,530015,2026/09/21 12:01:05
2026/09/20,EGP,520047,PIPE,4.385,0.000,0.000,20.951,,,NSW,Regional - NSW,590011,2026/09/21 12:01:05
2026/09/20,EGP,520047,PIPE,0.347,70.602,0.000,0.000,,,VIC,Regional - VIC,590012,2026/09/21 12:01:05
2026/09/20,EO4PL,540055,PIPE,0.000,0.000,0.000,0.000,,,QLD,Regional - QLD,590001,2026/09/21 10:36:18
2026/09/20,Eurombah Creek,540089,PROD,0.000,157.168,0.000,0.000,,,QLD,Regional - QLD,590001,2026/09/25 11:30:13
2026/09/20,Fairview,540070,PROD,0.000,287.826,0.000,0.000,,,QLD,Regional - QLD,590001,2026/09/21 11:13:07
2026/09/20,GLNG (Curtis Island),544276,LNGEXPORT,782.493,0.000,0.000,0.000,,,QLD,Curtis Island,540030,2026/09/21 10:58:06
2026/09/20,GLNG Pipeline,540092,PIPE,782.493,0.000,0.000,0.000,,,QLD,Curtis Island,540030,2026/09/21 10:58:06
2026/09/20,GLNG Pipeline,540092,PIPE,0.000,425.856,448.512,30.336,,,QLD,Regional - QLD,590001,2026/09/21 10:36:18
2026/09/20,Hallett,555029,BBGPG,0.000,0.000,0.000,0.000,,,SA,Regional - SA,590013,2026/09/21 11:31:05
2026/09/20,Hunter Power Station,523210,BBGPG,0.011,0.000,0.000,0.000,,,NSW,Sydney,520008,2026/09/21 12:46:15
2026/09/20,ICF,530071,COMPRESSOR,0.000,0.000,4.000,4.000,,,VIC,Iona Hub,530016,2026/09/21 08:35:02
2026/09/20,Iona UGS,530042,STOR,241.255,13.301,0.000,0.000,13261.325,0.000,VIC,Iona Hub,530016,2026/09/21 08:30:03
2026/09/20,Jeerelang,533161,BBGPG,0.000,0.000,0.000,0.000,,,VIC,Gippsland,590009,2026/09/29 11:00:05
2026/09/20,Jordan,540088,PROD,0.000,335.472,0.000,0.000,,,QLD,Regional - QLD,590001,2026/09/21 10:36:18
2026/09/20,Katherine Power Station,580233,BBGPG,0.000,0.000,0.000,0.000,,,NT,Regional - NT,590017,2026/09/21 12:46:15
2026/09/20,Kenya,540075,PROD,0.000,122.609,0.000,0.000,,,QLD,Regional - QLD,590001,2026/09/21 10:36:18
2026/09/20,Kincora,544253,PROD,0.000,4.000,0.000,0.000,,,QLD,Regional - QLD,590001,2026/09/21 12:46:15
2026/09/20,KKLP,523209,PIPE,0.011,0.000,0.000,0.000,,,NSW,Sydney,520008,2026/09/21 12:46:15
2026/09/20,Kogan North,540061,PROD,0.000,4.314,0.000,0.000,,,QLD,Regional - QLD,590001,2026/09/21 12:46:15
2026/09/20,Ladbroke Grove PS,555086,BBGPG,0.000,0.000,0.000,0.000,,,SA,Regional - SA,590013,2026/09/21 12:46:15
2026/09/20,Lang Lang,530039,PROD,0.000,14.020,0.000,0.000,,,VIC,Gippsland,590009,2026/09/21 10:41:19
2026/09/20,Laverton,533201,BBGPG,0.000,0.000,0.000,0.000,,,VIC,Geelong,590005,2026/09/29 11:00:05
2026/09/20,Longford,530040,PROD,0.000,621.212,0.000,0.000,,,VIC,Longford Hub,530015,2026/09/21 09:58:57
2026/09/20,Loy Yang B,533163,BBGPG,0.000,0.000,0.000,0.000,,,VIC,Gippsland,590009,2026/09/21 11:00:48
2026/09/20,LYB Transmission Pipeline,535023,PIPE,0.001,0.000,0.000,0.000,,,VIC,Gippsland,590009,2026/09/21 11:00:48
2026/09/20,MAPS,550054,PIPE,17.036,0.000,0.000,0.000,,,SA,Adelaide,550016,2026/09/21 11:31:05
2026/09/20,MAPS,550054,PIPE,0.000,40.477,34.643,0.000,,,SA,Moomba Hub,550017,2026/09/21 11:31:05
2026/09/20,MAPS,550054,PIPE,36.099,0.000,0.000,0.000,,,SA,Regional - SA,590013,2026/09/21 11:31:05
2026/09/20,McArthur River Mine,580220,BBGPG,8.876,0.000,0.000,0.000,,,NT,Regional - NT,590017,2026/09/21 09:47:48
2026/09/20,MCF,550050,COMPRESSOR,0.000,0.000,173.015,173.015,,,SA,Moomba Hub,550017,2026/09/21 12:46:15
2026/09/20,Mereenie,580040,PROD,0.000,25.252,0.000,0.000,,,NT,Regional - NT,590017,2026/09/21 13:28:21
2026/09/20,Meridian,540064,PROD,0.000,49.140,0.000,0.000,,,QLD,Regional - QLD,590001,2026/09/21 09:53:51
2026/09/20,Mintaro Power Station,555031,BBGPG,0.000,0.000,0.000,0.000,,,SA,Regional - SA,590013,2026/09/21 11:31:05
2026/09/20,Moomba,550045,PROD,0.000,219.400,0.000,0.000,,,SA,Moomba Hub,550017,2026/09/25 10:00:01
2026/09/20,Moomba Storage,550046,STOR,0.000,4.600,0.000,0.000,6214.100,0.000,SA,Moomba Hub,550017,2026/09/25 10:00:01
2026/09/20,Mortlake PS,530063,BBGPG,0.000,0.000,0.000,0.000,,,VIC,Regional - VIC,590012,2026/09/21 07:20:00
2026/09/20,MPL,530061,PIPE,0.000,0.000,5.533,0.000,,,VIC,Iona Hub,530016,2026/09/21 07:20:00
2026/09/20,MPL,530061,PIPE,0.000,0.000,0.000,0.000,,,VIC,Regional - VIC,590012,2026/09/21 07:20:00
2026/09/20,MRP,580100,PIPE,8.876,0.000,8.886,0.000,,,NT,Regional - NT,590017,2026/09/21 09:47:48
2026/09/20,MSP,520053,PIPE,51.975,0.000,0.000,0.000,,,NSW,Sydney,520008,2026/09/21 12:46:15
2026/09/20,MSP,520053,PIPE,0.000,0.000,27.114,49.795,,,SA,Moomba Hub,550017,2026/09/21 12:46:15
2026/09/20,MSP,520053,PIPE,24.009,0.000,0.000,4.463,,,NSW,Regional - NSW,590011,2026/09/21 12:46:15
2026/09/20,MSP,520053,PIPE,6.655,0.000,0.000,0.000,,,NSW,Regional - ACT,590015,2026/09/21 12:46:15
2026/09/20,MSP,520053,PIPE,0.000,0.000,158.591,0.000,,,NSW,Culcairn,590016,2026/09/21 12:46:15
2026/09/20,Newport,533171,BBGPG,0.001,0.000,0.000,0.000,,,VIC,Melbourne,590008,2026/09/29 11:00:05
2026/09/20,NGP,580050,PIPE,0.000,0.000,0.000,0.000,,,QLD,Regional - QLD,590001,2026/09/21 12:01:18
2026/09/20,NGP,580050,PIPE,0.000,0.000,0.000,0.000,,,NT,Regional - NT,590017,2026/09/21 12:01:18
2026/09/20,NGS,520060,STOR,0.070,0.786,0.000,0.000,654.314,76.881,NSW,Sydney,520008,2026/09/21 10:36:34
2026/09/20,Oakey PS,544095,BBGPG,0.000,0.000,0.000,0.000,,,QLD,Regional - QLD,590001,2026/09/21 12:46:15
2026/09/20,Orana,540084,PROD,0.000,168.705,0.000,0.000,,,QLD,Regional - QLD,590001,2026/09/25 11:30:13
2026/09/20,Orbost,530041,PROD,0.000,70.602,0.000,0.000,,,VIC,Regional - VIC,590012,2026/09/21 12:01:05
2026/09/20,Orica,544011,BBLARGE,9.817,0.000,0.000,0.000,,,QLD,Regional - QLD,590001,2026/09/21 12:01:11
2026/09/20,Orica (Kooragang Island),523206,BBLARGE,38.910,0.000,0.000,0.000,,,NSW,Sydney,520008,2026/09/21 13:00:00
2026/09/20,Osborne,555033,BBGPG,0.000,0.000,0.000,0.000,,,SA,Regional - SA,590013,2026/09/21 11:31:05
2026/09/20,Otway,530044,PROD,0.000,82.464,0.000,0.000,,,VIC,Iona Hub,530016,2026/09/21 14:23:11
2026/09/20,Owen Springs Power Station,580235,BBGPG,0.120,0.000,0.000,0.000,,,NT,Regional - NT,590017,2026/09/21 06:41:02
2026/09/20,Palm Valley,580060,PROD,0.000,5.515,0.000,0.000,,,NT,Regional - NT,590017,2026/09/21 13:28:21
2026/09/20,PCA,550052,PIPE,0.000,9.916,32.468,0.989,,,VIC,Iona Hub,530016,2026/09/21 07:20:01
2026/09/20,PCA,550052,PIPE,22.482,0.000,0.000,0.000,,,SA,Adelaide,550016,2026/09/21 07:20:01
2026/09/20,PCA,550052,PIPE,0.000,0.000,0.000,6.654,,,VIC,Regional - VIC,590012,2026/09/21 07:20:01
2026/09/20,PCA,550052,PIPE,0.321,0.000,0.000,0.000,,,SA,Regional - SA,590013,2026/09/21 07:20:01
2026/09/20,PCI,530060,PIPE,0.000,93.856,0.989,94.845,,,VIC,Iona Hub,530016,2026/09/21 07:20:01
2026/09/20,Peat,540065,PROD,0.000,11.527,0.000,0.000,,,QLD,Regional - QLD,590001,2026/09/25 11:30:13
2026/09/20,Pelican Point Power Station,555089,BBGPG,14.775,0.000,0.000,0.000,,,SA,Regional - SA,590013,2026/09/21 07:20:01
2026/09/20,Phosphate Hill,544081,BBLARGE,26.915,0.000,0.000,0.000,,,QLD,Regional - QLD,590001,2026/09/21 12:46:15
2026/09/20,Pipeline Compression Station,544279,COMPRESSOR,0.000,0.000,0.000,0.000,,,QLD,Regional - QLD,590001,2026/09/21 10:58:06
2026/09/20,PVP,580070,PIPE,0.512,0.000,0.598,0.000,,,NT,Regional - NT,590017,2026/09/21 06:41:02
2026/09/20,QCLNG LNG Plant,544272,LNGEXPORT,1498.738,0.000,0.000,0.000,,,QLD,Curtis Island,540030,2026/09/21 10:36:18
2026/09/20,QGP,540058,PIPE,0.000,0.000,14.838,0.000,,,QLD,Wallumbilla Hub,540032,2026/09/21 12:01:11
2026/09/20,QGP,540058,PIPE,114.896,24.635,76.886,0.000,,,QLD,Regional - QLD,590001,2026/09/21 12:01:11
2026/09/20,Quarantine Power Station,555087,BBGPG,0.000,0.000,0.000,0.000,,,SA,Regional - SA,590013,2026/09/21 11:31:05
2026/09/20,Queensland Aluminia,544012,BBLARGE,38.136,0.000,0.000,0.000,,,QLD,Regional - QLD,590001,2026/09/21 12:01:11
2026/09/20,RBP,540057,PIPE,0.000,0.000,11.250,10.318,,,QLD,Wallumbilla Hub,540032,2026/09/21 12:46:15
2026/09/20,RBP,540057,PIPE,1.676,19.841,27.058,6.018,,,QLD,Regional - QLD,590001,2026/09/21 12:46:15
2026/09/20,RBP,540057,PIPE,32.057,0.000,0.000,0.000,,,QLD,Brisbane,590002,2026/09/21 12:46:15
2026/09/20,RCWP,540102,PIPE,0.000,0.000,16.696,0.003,,,QLD,Wallumbilla Hub,540032,2026/09/21 12:46:15
2026/09/20,RCWP,540102,PIPE,0.000,0.000,32.959,48.913,,,QLD,Regional - QLD,590001,2026/09/21 12:46:15
2026/09/20,Reedy Creek,540085,PROD,0.000,184.267,0.000,0.000,,,QLD,Regional - QLD,590001,2026/09/25 11:30:13
2026/09/20,RMNGPF,640011,PROD,0.000,18.190,0.000,0.000,,,QLD,Regional - QLD,590001,2026/09/21 08:41:31
2026/09/20,RNMGP,640012,PIPE,0.000,18.190,0.000,18.190,,,QLD,Regional - QLD,590001,2026/09/21 08:41:31
2026/09/20,RNP,640009,PIPE,0.000,22.839,0.000,22.839,,,QLD,Regional - QLD,590001,2026/09/21 12:01:13
2026/09/20,Rolleston,540073,PROD,0.000,8.907,0.000,0.000,,,QLD,Regional - QLD,590001,2026/09/21 12:01:11
2026/09/20,Roma,540095,PROD,0.000,233.345,0.000,0.000,,,QLD,Regional - QLD,590001,2026/09/21 11:13:20
2026/09/20,Roma North,544260,PROD,0.000,22.839,0.000,0.000,,,QLD,Regional - QLD,590001,2026/09/21 12:01:20
2026/09/20,Roma Power Station,540120,BBGPG,0.000,0.000,0.000,0.000,,,QLD,Regional - QLD,590001,2026/09/21 12:19:57
2026/09/20,Ron Goodin Power Station,580234,BBGPG,0.000,0.000,0.000,0.000,,,NT,Regional - NT,590017,2026/09/21 06:41:02
2026/09/20,RPL,540110,PIPE,0.046,0.000,0.000,0.000,,,QLD,Regional - QLD,590001,2026/09/21 12:19:57
2026/09/20,Ruby Jo,540082,PROD,0.000,420.981,0.000,0.000,,,QLD,Regional - QLD,590001,2026/09/21 10:36:18
2026/09/20,RUGS,540040,STOR,0.000,0.000,0.000,0.000,15125.461,0.000,QLD,Regional - QLD,590001,2026/09/21 11:13:20
2026/09/20,Scotia,540072,PROD,0.000,96.443,0.000,0.000,,,QLD,Regional - QLD,590001,2026/09/21 11:13:20
2026/09/20,SEPS,550061,PIPE,6.510,0.000,6.553,0.000,,,SA,Regional - SA,590013,2026/09/21 11:32:05
2026/09/20,SESA,550060,PIPE,0.000,0.000,6.653,0.000,,,VIC,Regional - VIC,590012,2026/09/21 12:46:15
2026/09/20,SESA,550060,PIPE,0.000,0.000,0.000,6.555,,,SA,Regional - SA,590013,2026/09/21 12:46:15
2026/09/20,Shoalhaven Starches Cogeneration Plant,523203,BBLARGE,20.951,0.000,0.000,0.000,,,NSW,Regional - NSW,590011,2026/09/21 12:32:01
2026/09/20,Smithfield Energy Facility,522004,BBGPG,0.000,0.000,0.000,0.000,,,NSW,Regional - NSW,590011,2026/09/21 12:07:37
2026/09/20,Snapper Point,555090,BBGPG,0.000,0.000,0.000,0.000,,,SA,Regional - SA,590013,2026/09/21 11:31:05
2026/09/20,Somerton,533174,BBGPG,0.002,0.000,0.000,0.000,,,VIC,Melbourne,590008,2026/09/29 11:00:05
2026/09/20,SPCF,580236,PROD,0.000,25.011,0.000,0.000,,,NT,Regional - NT,590017,2026/09/21 09:38:24
2026/09/20,SPP,580237,PIPE,0.000,25.011,0.000,25.011,,,NT,Regional - NT,590017,2026/09/21 12:46:15
2026/09/20,Spring Gully,540066,PROD,0.000,48.486,0.000,0.000,,,QLD,Regional - QLD,590001,2026/09/25 11:30:13
2026/09/20,SSP,540103,PIPE,0.000,6.710,0.000,6.710,,,QLD,Regional - QLD,590001,2026/09/21 09:27:06
2026/09/20,SSSF,540062,STOR,0.000,6.300,0.000,0.000,8342.832,0.000,QLD,Regional - QLD,590001,2026/09/21 09:27:06
2026/09/20,Strathblane,540067,PROD,0.000,51.626,0.000,0.000,,,QLD,Regional - QLD,590001,2026/09/25 11:30:13
2026/09/20,Swanbank Power Station,544104,BBGPG,0.000,0.000,0.000,0.000,,,QLD,Brisbane,590002,2026/09/21 12:46:15
2026/09/20,SWQP,540060,PIPE,0.000,0.000,152.302,220.221,,,QLD,Wallumbilla Hub,540032,2026/09/21 12:46:15
2026/09/20,SWQP,540060,PIPE,0.000,0.000,0.000,70.569,,,QLD,Ballera,540078,2026/09/21 12:46:15
2026/09/20,SWQP,540060,PIPE,0.000,184.976,26.202,38.164,,,SA,Moomba Hub,550017,2026/09/21 12:46:15
2026/09/20,SWQP,540060,PIPE,0.005,0.000,0.000,0.000,,,QLD,Regional - QLD,590001,2026/09/21 12:46:15
2026/09/20,Talinga,540076,PROD,0.000,83.569,0.000,0.000,,,QLD,Regional - QLD,590001,2026/09/25 11:30:13
2026/09/20,Tallawarra,522002,BBGPG,0.000,0.000,0.000,0.000,,,NSW,Regional - NSW,590011,2026/09/21 11:00:10
2026/09/20,Tallawarra Pipeline,523201,PIPE,0.000,0.000,0.000,0.000,,,NSW,Regional - NSW,590011,2026/09/21 11:00:10
2026/09/20,Taloona,540068,PROD,0.000,40.168,0.000,0.000,,,QLD,Regional - QLD,590001,2026/09/25 11:30:13
2026/09/20,Tanami GP,580210,PIPE,8.827,0.000,8.200,0.000,,,NT,Regional - NT,590017,2026/09/21 12:02:00
2026/09/20,TGP,570050,PIPE,0.000,0.000,57.757,34.627,,,VIC,Longford Hub,530015,2026/09/22 12:01:00
2026/09/20,TGP,570050,PIPE,17.445,0.000,0.000,0.000,,,TAS,Regional - TAS,590014,2026/09/22 12:01:00
2026/09/20,Tipton,540051,PROD,0.000,27.358,0.000,0.000,,,QLD,Regional - QLD,590001,2026/09/21 12:30:07
2026/09/20,Torrens Island PS,555041,BBGPG,4.752,0.000,0.000,0.000,,,SA,Regional - SA,590013,2026/09/21 11:31:05
2026/09/20,Uranquinty Power Station,522047,BBGPG,0.000,0.000,0.000,0.000,,,NSW,Regional - NSW,590011,2026/09/21 12:46:15
2026/09/20,Valley Power GPG,535024,BBGPG,0.001,0.000,0.000,0.000,,,VIC,Gippsland,590009,2026/09/21 11:00:48
2026/09/20,VicHub,532005,PIPE,0.000,0.000,22.914,22.914,,,VIC,Longford Hub,530015,2026/09/21 12:01:22
2026/09/20,Viva Energy Refinery,535018,BBLARGE,6.975,0.000,0.000,0.000,,,VIC,Geelong,590005,2026/09/21 07:30:14
2026/09/20,VTS,530110,PIPE,0.000,406.902,57.557,0.000,,,VIC,Longford Hub,530015,2026/09/29 11:00:05
2026/09/20,VTS,530110,PIPE,114.772,0.000,56.408,0.000,,,VIC,Iona Hub,530016,2026/09/29 11:00:05
2026/09/20,VTS,530110,PIPE,10.882,0.000,0.000,0.000,,,VIC,Western,590004,2026/09/29 11:00:05
2026/09/20,VTS,530110,PIPE,30.755,0.000,0.000,0.000,,,VIC,Geelong,590005,2026/09/29 11:00:05
2026/09/20,VTS,530110,PIPE,14.240,0.000,0.000,0.000,,,VIC,Ballarat,590006,2026/09/29 11:00:05
2026/09/20,VTS,530110,PIPE,29.532,0.000,0.000,0.000,,,VIC,Northern,590007,2026/09/29 11:00:05
2026/09/20,VTS,530110,PIPE,153.851,0.176,0.000,0.000,,,VIC,Melbourne,590008,2026/09/29 11:00:05
2026/09/20,VTS,530110,PIPE,21.545,0.000,11.907,0.000,,,VIC,Gippsland,590009,2026/09/29 11:00:05
2026/09/20,VTS,530110,PIPE,0.000,0.000,0.000,158.588,,,NSW,Culcairn,590016,2026/09/29 11:00:05
2026/09/20,Wallumbilla Compression Station,544280,COMPRESSOR,0.000,0.000,0.000,0.000,,,QLD,Wallumbilla Hub,540032,2026/09/21 10:58:06
2026/09/20,WCFA,540045,COMPRESSOR,0.000,0.000,117.333,117.333,,,QLD,Wallumbilla Hub,540032,2026/09/21 12:46:15
2026/09/20,WCFB,540046,COMPRESSOR,0.000,0.000,102.888,102.888,,,QLD,Wallumbilla Hub,540032,2026/09/21 12:46:15
2026/09/20,Weddell Power Station,580232,BBGPG,15.755,0.000,0.000,0.000,,,NT,Darwin,580001,2026/09/21 12:46:15
2026/09/20,WGP,540091,PIPE,1498.738,0.000,0.000,0.000,,,QLD,Curtis Island,540030,2026/09/21 10:36:18
2026/09/20,WGP,540091,PIPE,0.000,1457.325,59.699,0.000,,,QLD,Regional - QLD,590001,2026/09/21 10:36:18
2026/09/20,Whyalla Steelworks,555085,BBLARGE,4.564,0.000,0.000,0.000,,,SA,Regional - SA,590013,2026/09/21 11:31:05
2026/09/20,Windibri,540069,PROD,0.000,88.407,0.000,0.000,,,QLD,Regional - QLD,590001,2026/09/21 10:36:18
2026/09/20,Woleebee Creek,540087,PROD,0.000,637.945,0.000,0.000,,,QLD,Regional - QLD,590001,2026/09/21 10:36:18
2026/09/20,WPP,580030,PIPE,15.755,3.223,12.544,0.000,,,NT,Darwin,580001,2026/09/21 12:46:15
2026/09/20,Yarwun,544282,BBGPG,50.816,0.000,0.000,0.000,,,QLD,Regional - QLD,590001,2026/09/21 12:01:11
2026/09/20,Yelcherr,580180,PROD,0.000,0.000,0.000,0.000,,,NT,Regional - NT,590017,2026/09/21 12:46:15
2026/09/20,Yellowbank,540074,PROD,0.000,11.478,0.000,0.000,,,QLD,Regional - QLD,590001,2026/09/21 12:01:11
2026/09/21,Adelaide Brighton,555091,BBLARGE,8.976,0.000,0.000,0.000,,,SA,Adelaide,550016,2026/09/22 13:00:00
2026/09/21,AGP,580010,PIPE,22.860,0.000,0.000,13.627,,,NT,Darwin,580001,2026/09/22 12:47:15
2026/09/21,AGP,580010,PIPE,4.829,29.483,24.999,17.770,,,NT,Regional - NT,590017,2026/09/22 12:47:15
2026/09/21,APLNG Pipeline,540093,PIPE,1666.796,0.000,0.000,0.000,,,QLD,Curtis Island,540030,2026/09/26 11:43:25
2026/09/21,APLNG Pipeline,540093,PIPE,0.000,1282.563,530.626,104.898,,,QLD,Regional - QLD,590001,2026/09/26 11:43:25
2026/09/21,Arcadia,540101,PROD,0.000,88.677,0.000,0.000,,,QLD,Regional - QLD,590001,2026/09/22 11:13:19
2026/09/21,ATGP,640013,PIPE,0.000,42.852,0.000,42.852,,,QLD,Regional - QLD,590001,2026/09/22 12:01:31
2026/09/21,ATHENA,535014,PROD,0.000,17.291,0.000,0.000,,,VIC,Iona Hub,530016,2026/09/26 09:43:26
2026/09/21,Atlas,544261,PROD,0.000,42.852,0.000,0.000,,,QLD,Regional - QLD,590001,2026/09/22 12:01:36
2026/09/21,Atlas East Central Processing Facility,640008,PROD,0.000,33.570,0.000,0.000,,,QLD,Regional - QLD,590001,2026/09/22 09:15:34
2026/09/21,Atlas to Reedy Creek Pipeline,640007,PIPE,0.000,33.571,0.000,33.398,,,QLD,Regional - QLD,590001,2026/09/22 12:47:15
2026/09/21,Australia Pacific LNG,544273,LNGEXPORT,1666.796,0.000,0.000,0.000,,,QLD,Curtis Island,540030,2026/09/22 12:00:26
2026/09/21,Australian Paper (Opal),535021,BBLARGE,13.926,0.000,0.000,0.000,,,VIC,Gippsland,590009,2026/09/29 11:00:05
2026/09/21,B1PL,540077,PIPE,0.029,33.695,0.000,26.821,,,QLD,Regional - QLD,590001,2026/09/22 11:00:51
2026/09/21,B2PL,540071,PIPE,7.718,53.296,5.014,48.687,,,QLD,Regional - QLD,590001,2026/09/22 10:17:42
2026/09/21,Bairnsdale Power Station,535020,BBGPG,0.000,0.000,0.000,0.000,,,VIC,Regional - VIC,590012,2026/09/22 11:00:47
2026/09/21,BCF,540047,COMPRESSOR,0.000,0.000,79.600,79.600,,,QLD,Regional - QLD,590001,2026/09/26 21:02:28
2026/09/21,Bell Bay CCGT,577016,BBGPG,25.756,0.000,0.000,0.000,,,TAS,Regional - TAS,590014,2026/09/23 12:01:00
2026/09/21,Bell Bay GGT,577014,BBGPG,0.000,0.000,0.000,0.000,,,TAS,Regional - TAS,590014,2026/09/23 12:01:00
2026/09/21,Bell Bay OCGT,577015,BBGPG,0.001,0.000,0.000,0.000,,,TAS,Regional - TAS,590014,2026/09/23 12:01:00
2026/09/21,Bellevue,540083,PROD,0.000,140.632,0.000,0.000,,,QLD,Regional - QLD,590001,2026/09/22 10:35:26
2026/09/21,BGP,580020,PIPE,0.320,0.000,0.000,0.000,,,NT,Regional - NT,590017,2026/09/22 12:47:15
2026/09/21,BlueScope,523204,BBLARGE,13.296,0.000,0.000,0.000,,,NSW,Sydney,520008,2026/09/22 12:01:05
2026/09/21,Bolivar,555008,BBGPG,0.000,0.000,0.000,0.000,,,SA,Regional - SA,590013,2026/09/22 12:07:52
2026/09/21,Bomaderry Gas Pipeline,523202,PIPE,22.347,0.000,21.527,0.000,,,NSW,Regional - NSW,590011,2026/09/23 13:28:49
2026/09/21,BPP,530030,PIPE,2.370,15.430,0.000,13.066,,,VIC,Gippsland,590009,2026/09/29 11:00:05
2026/09/21,Braemar 2 Power Station,544085,BBGPG,7.718,0.000,0.000,0.000,,,QLD,Regional - QLD,590001,2026/09/22 10:17:42
2026/09/21,Braemar Power Station,544252,BBGPG,0.029,0.000,0.000,0.000,,,QLD,Regional - QLD,590001,2026/09/22 11:00:51
2026/09/21,BWP,540096,PIPE,0.000,0.000,0.000,8.979,,,QLD,Wallumbilla Hub,540032,2026/09/22 12:47:15
2026/09/21,BWP,540096,PIPE,0.000,9.055,0.000,0.000,,,QLD,Regional - QLD,590001,2026/09/22 12:47:15
2026/09/21,CGP,540059,PIPE,0.000,0.000,79.598,0.000,,,QLD,Ballera,540078,2026/09/22 12:47:15
2026/09/21,CGP,540059,PIPE,70.383,0.000,0.000,0.000,,,QLD,Regional - QLD,590001,2026/09/22 12:47:15
2026/09/21,Channel Island Power Station,580231,BBGPG,22.860,0.000,0.000,0.000,,,NT,Darwin,580001,2026/09/22 12:47:15
2026/09/21,Colongra,523120,BBGPG,0.000,0.000,0.000,0.000,,,NSW,Regional - NSW,590011,2026/09/22 12:00:05
2026/09/21,ColongraGP,520090,PIPE,0.000,0.000,0.000,0.000,,,NSW,Sydney,520008,2026/09/22 12:00:05
2026/09/21,ColongraGP,520090,PIPE,0.000,0.000,0.000,0.000,,,NSW,Regional - NSW,590011,2026/09/22 12:00:05
2026/09/21,Combabula,540094,PROD,0.000,287.328,0.000,0.000,,,QLD,Regional - QLD,590001,2026/09/26 11:43:25
2026/09/21,Condabri Central,540080,PROD,0.000,87.011,0.000,0.000,,,QLD,Regional - QLD,590001,2026/09/26 11:43:25
2026/09/21,Condabri North,540090,PROD,0.000,170.083,0.000,0.000,,,QLD,Regional - QLD,590001,2026/09/26 11:43:25
2026/09/21,Condabri South,540086,PROD,0.000,150.044,0.000,0.000,,,QLD,Regional - QLD,590001,2026/09/26 11:43:25
2026/09/21,Condamine Power Station,544274,BBGPG,0.057,0.000,0.000,0.000,,,QLD,Regional - QLD,590001,2026/09/22 10:35:26
2026/09/21,CRWP,540098,PIPE,0.000,0.000,228.622,1.307,,,QLD,Wallumbilla Hub,540032,2026/09/22 11:13:07
2026/09/21,CRWP,540098,PIPE,0.000,233.549,40.961,476.964,,,QLD,Regional - QLD,590001,2026/09/22 11:13:07
2026/09/21,CWP,520054,PIPE,3.335,0.000,3.270,0.000,,,NSW,Regional - NSW,590011,2026/09/22 12:47:15
2026/09/21,Daandine,540050,PROD,0.000,53.314,0.000,0.000,,,QLD,Regional - QLD,590001,2026/09/22 10:17:47
2026/09/21,Dandenong LNG,530038,STOR,0.000,0.363,0.000,0.000,647.293,27.889,VIC,Melbourne,590008,2026/09/22 12:47:15
2026/09/21,DDP,540097,PIPE,0.000,0.000,0.000,121.604,,,QLD,Wallumbilla Hub,540032,2026/09/22 12:01:30
2026/09/21,DDP,540097,PIPE,30.786,531.003,75.773,457.283,,,QLD,Regional - QLD,590001,2026/09/22 12:01:30
2026/09/21,DDPS,544027,BBGPG,30.786,0.000,0.000,0.000,,,QLD,Regional - QLD,590001,2026/09/22 12:01:30
2026/09/21,Diamantina Power Station,544077,BBGPG,34.519,0.000,0.000,0.000,,,QLD,Regional - QLD,590001,2026/09/22 12:47:15
2026/09/21,Dry Creek Power Station,555026,BBGPG,0.000,0.000,0.000,0.000,,,SA,Regional - SA,590013,2026/09/22 11:31:05
2026/09/21,EGP,520047,PIPE,136.687,0.000,0.000,0.000,,,NSW,Sydney,520008,2026/09/22 12:01:05
2026/09/21,EGP,520047,PIPE,7.296,0.000,0.000,0.000,,,NSW,Canberra,520009,2026/09/22 12:01:05
2026/09/21,EGP,520047,PIPE,0.000,217.499,0.000,104.403,,,VIC,Longford Hub,530015,2026/09/22 12:01:05
2026/09/21,EGP,520047,PIPE,29.922,0.000,0.000,21.527,,,NSW,Regional - NSW,590011,2026/09/22 12:01:05
2026/09/21,EGP,520047,PIPE,0.773,71.671,0.000,0.000,,,VIC,Regional - VIC,590012,2026/09/22 12:01:05
2026/09/21,EO4PL,540055,PIPE,0.000,0.000,0.000,0.000,,,QLD,Regional - QLD,590001,2026/09/22 10:35:26
2026/09/21,Eurombah Creek,540089,PROD,0.000,155.570,0.000,0.000,,,QLD,Regional - QLD,590001,2026/09/26 11:43:25
2026/09/21,Fairview,540070,PROD,0.000,287.462,0.000,0.000,,,QLD,Regional - QLD,590001,2026/09/22 11:13:19
2026/09/21,GLNG (Curtis Island),544276,LNGEXPORT,818.585,0.000,0.000,0.000,,,QLD,Curtis Island,540030,2026/09/22 11:13:07
2026/09/21,GLNG Pipeline,540092,PIPE,818.585,0.000,0.000,0.000,,,QLD,Curtis Island,540030,2026/09/22 11:13:07
2026/09/21,GLNG Pipeline,540092,PIPE,0.000,421.349,476.964,29.561,,,QLD,Regional - QLD,590001,2026/09/22 10:35:26
2026/09/21,Hallett,555029,BBGPG,1.004,0.000,0.000,0.000,,,SA,Regional - SA,590013,2026/09/22 11:31:05
2026/09/21,Hunter Power Station,523210,BBGPG,0.000,0.000,0.000,0.000,,,NSW,Sydney,520008,2026/09/22 12:47:15
2026/09/21,ICF,530071,COMPRESSOR,0.000,0.000,6.000,6.000,,,VIC,Iona Hub,530016,2026/09/22 08:35:02
2026/09/21,Iona UGS,530042,STOR,30.752,67.839,0.000,0.000,13224.238,0.000,VIC,Iona Hub,530016,2026/09/22 08:30:03
2026/09/21,Jeerelang,533161,BBGPG,0.000,0.000,0.000,0.000,,,VIC,Gippsland,590009,2026/09/29 11:00:05
2026/09/21,Jordan,540088,PROD,0.000,335.846,0.000,0.000,,,QLD,Regional - QLD,590001,2026/09/22 10:35:26
2026/09/21,Katherine Power Station,580233,BBGPG,0.000,0.000,0.000,0.000,,,NT,Regional - NT,590017,2026/09/22 12:47:15
2026/09/21,Kenya,540075,PROD,0.000,122.185,0.000,0.000,,,QLD,Regional - QLD,590001,2026/09/22 10:35:26
2026/09/21,Kincora,544253,PROD,0.000,4.000,0.000,0.000,,,QLD,Regional - QLD,590001,2026/09/22 12:47:15
2026/09/21,KKLP,523209,PIPE,0.000,0.000,0.000,0.000,,,NSW,Sydney,520008,2026/09/22 12:47:15
2026/09/21,Kogan North,540061,PROD,0.000,4.315,0.000,0.000,,,QLD,Regional - QLD,590001,2026/09/22 12:47:15
2026/09/21,Ladbroke Grove PS,555086,BBGPG,5.269,0.000,0.000,0.000,,,SA,Regional - SA,590013,2026/09/22 12:47:15
2026/09/21,Lang Lang,530039,PROD,0.000,15.430,0.000,0.000,,,VIC,Gippsland,590009,2026/09/22 08:24:57
2026/09/21,Laverton,533201,BBGPG,0.000,0.000,0.000,0.000,,,VIC,Geelong,590005,2026/09/29 11:00:05
2026/09/21,Longford,530040,PROD,0.000,615.699,0.000,0.000,,,VIC,Longford Hub,530015,2026/09/22 10:01:28
2026/09/21,Loy Yang B,533163,BBGPG,0.000,0.000,0.000,0.000,,,VIC,Gippsland,590009,2026/09/22 11:00:49
2026/09/21,LYB Transmission Pipeline,535023,PIPE,0.561,0.000,0.004,0.000,,,VIC,Gippsland,590009,2026/09/22 11:00:49
2026/09/21,MAPS,550054,PIPE,27.871,0.000,0.000,0.000,,,SA,Adelaide,550016,2026/09/22 11:31:05
2026/09/21,MAPS,550054,PIPE,0.000,43.270,47.872,0.000,,,SA,Moomba Hub,550017,2026/09/22 11:31:05
2026/09/21,MAPS,550054,PIPE,60.514,0.000,0.000,0.000,,,SA,Regional - SA,590013,2026/09/22 11:31:05
2026/09/21,McArthur River Mine,580220,BBGPG,8.845,0.000,0.000,0.000,,,NT,Regional - NT,590017,2026/09/23 09:15:15
2026/09/21,MCF,550050,COMPRESSOR,0.000,0.000,162.897,162.897,,,SA,Moomba Hub,550017,2026/09/22 12:47:15
2026/09/21,Mereenie,580040,PROD,0.000,24.009,0.000,0.000,,,NT,Regional - NT,590017,2026/09/22 11:01:22
2026/09/21,Meridian,540064,PROD,0.000,49.460,0.000,0.000,,,QLD,Regional - QLD,590001,2026/09/22 09:39:21
2026/09/21,Mintaro Power Station,555031,BBGPG,0.000,0.000,0.000,0.000,,,SA,Regional - SA,590013,2026/09/22 11:31:05
2026/09/21,Moomba,550045,PROD,0.000,223.200,0.000,0.000,,,SA,Moomba Hub,550017,2026/09/26 21:02:28
2026/09/21,Moomba Storage,550046,STOR,0.000,4.600,0.000,0.000,6209.400,0.000,SA,Moomba Hub,550017,2026/09/26 21:02:28
2026/09/21,Mortlake PS,530063,BBGPG,31.345,0.000,0.000,0.000,,,VIC,Regional - VIC,590012,2026/09/22 07:20:00
2026/09/21,MPL,530061,PIPE,0.000,0.000,24.206,0.000,,,VIC,Iona Hub,530016,2026/09/22 07:20:00
2026/09/21,MPL,530061,PIPE,31.345,0.000,0.000,0.000,,,VIC,Regional - VIC,590012,2026/09/22 07:20:00
2026/09/21,MRP,580100,PIPE,8.845,0.000,8.855,0.000,,,NT,Regional - NT,590017,2026/09/23 09:15:15
2026/09/21,MSP,520053,PIPE,79.260,0.000,0.000,0.000,,,NSW,Sydney,520008,2026/09/22 12:47:15
2026/09/21,MSP,520053,PIPE,0.000,0.000,51.334,77.206,,,SA,Moomba Hub,550017,2026/09/22 12:47:15
2026/09/21,MSP,520053,PIPE,45.455,0.000,0.000,3.270,,,NSW,Regional - NSW,590011,2026/09/22 12:47:15
2026/09/21,MSP,520053,PIPE,5.817,0.000,0.000,0.000,,,NSW,Regional - ACT,590015,2026/09/22 12:47:15
2026/09/21,MSP,520053,PIPE,0.000,0.000,140.010,0.000,,,NSW,Culcairn,590016,2026/09/22 12:47:15
2026/09/21,Newport,533171,BBGPG,0.001,0.000,0.000,0.000,,,VIC,Melbourne,590008,2026/09/29 11:00:05
2026/09/21,NGP,580050,PIPE,0.000,0.000,0.000,0.000,,,QLD,Regional - QLD,590001,2026/09/22 12:01:34
2026/09/21,NGP,580050,PIPE,0.000,0.000,0.000,0.000,,,NT,Regional - NT,590017,2026/09/22 12:01:34
2026/09/21,NGS,520060,STOR,0.570,0.698,0.000,0.000,654.463,76.898,NSW,Sydney,520008,2026/09/22 08:02:31
2026/09/21,Oakey PS,544095,BBGPG,2.232,0.000,0.000,0.000,,,QLD,Regional - QLD,590001,2026/09/22 12:47:15
2026/09/21,Orana,540084,PROD,0.000,168.173,0.000,0.000,,,QLD,Regional - QLD,590001,2026/09/26 11:43:25
2026/09/21,Orbost,530041,PROD,0.000,71.671,0.000,0.000,,,VIC,Regional - VIC,590012,2026/09/22 12:01:05
2026/09/21,Orica,544011,BBLARGE,9.787,0.000,0.000,0.000,,,QLD,Regional - QLD,590001,2026/09/22 12:01:27
2026/09/21,Orica (Kooragang Island),523206,BBLARGE,38.817,0.000,0.000,0.000,,,NSW,Sydney,520008,2026/09/22 13:00:00
2026/09/21,Osborne,555033,BBGPG,0.000,0.000,0.000,0.000,,,SA,Regional - SA,590013,2026/09/22 11:31:05
2026/09/21,Otway,530044,PROD,0.000,123.470,0.000,0.000,,,VIC,Iona Hub,530016,2026/09/22 09:53:56
2026/09/21,Owen Springs Power Station,580235,BBGPG,0.145,0.000,0.000,0.000,,,NT,Regional - NT,590017,2026/09/22 06:41:07
2026/09/21,Palm Valley,580060,PROD,0.000,5.474,0.000,0.000,,,NT,Regional - NT,590017,2026/09/22 11:01:22
2026/09/21,PCA,550052,PIPE,0.000,11.914,22.489,0.000,,,VIC,Iona Hub,530016,2026/09/22 07:20:01
2026/09/21,PCA,550052,PIPE,26.491,0.000,0.000,0.000,,,SA,Adelaide,550016,2026/09/22 07:20:01
2026/09/21,PCA,550052,PIPE,0.000,0.000,0.000,11.840,,,VIC,Regional - VIC,590012,2026/09/22 07:20:01
2026/09/21,PCA,550052,PIPE,15.628,0.000,0.000,0.001,,,SA,Regional - SA,590013,2026/09/22 07:20:01
2026/09/21,PCI,530060,PIPE,0.000,134.839,0.000,135.030,,,VIC,Iona Hub,530016,2026/09/22 07:20:01
2026/09/21,Peat,540065,PROD,0.000,11.497,0.000,0.000,,,QLD,Regional - QLD,590001,2026/09/26 11:43:25
2026/09/21,Pelican Point Power Station,555089,BBGPG,23.918,0.000,0.000,0.000,,,SA,Regional - SA,590013,2026/09/22 07:20:01
2026/09/21,Phosphate Hill,544081,BBLARGE,25.155,0.000,0.000,0.000,,,QLD,Regional - QLD,590001,2026/09/22 12:47:15
2026/09/21,Pipeline Compression Station,544279,COMPRESSOR,0.000,0.000,0.000,0.000,,,QLD,Regional - QLD,590001,2026/09/22 11:13:07
2026/09/21,PVP,580070,PIPE,0.531,0.000,0.615,0.000,,,NT,Regional - NT,590017,2026/09/22 06:41:07
2026/09/21,QCLNG LNG Plant,544272,LNGEXPORT,1506.428,0.000,0.000,0.000,,,QLD,Curtis Island,540030,2026/09/22 10:35:26
2026/09/21,QGP,540058,PIPE,0.000,0.000,12.495,0.000,,,QLD,Wallumbilla Hub,540032,2026/09/22 12:01:27
2026/09/21,QGP,540058,PIPE,116.240,24.797,71.886,0.000,,,QLD,Regional - QLD,590001,2026/09/22 12:01:27
2026/09/21,Quarantine Power Station,555087,BBGPG,3.693,0.000,0.000,0.000,,,SA,Regional - SA,590013,2026/09/22 11:31:05
2026/09/21,Queensland Aluminia,544012,BBLARGE,36.919,0.000,0.000,0.000,,,QLD,Regional - QLD,590001,2026/09/22 12:01:27
2026/09/21,RBP,540057,PIPE,0.000,0.000,31.316,10.300,,,QLD,Wallumbilla Hub,540032,2026/09/22 12:47:15
2026/09/21,RBP,540057,PIPE,5.631,19.812,33.140,5.014,,,QLD,Regional - QLD,590001,2026/09/22 12:47:15
2026/09/21,RBP,540057,PIPE,65.273,0.000,0.000,0.000,,,QLD,Brisbane,590002,2026/09/22 12:47:15
2026/09/21,RCWP,540102,PIPE,0.000,0.000,10.976,1.687,,,QLD,Wallumbilla Hub,540032,2026/09/22 12:47:15
2026/09/21,RCWP,540102,PIPE,0.000,0.000,33.398,43.783,,,QLD,Regional - QLD,590001,2026/09/22 12:47:15
2026/09/21,Reedy Creek,540085,PROD,0.000,183.897,0.000,0.000,,,QLD,Regional - QLD,590001,2026/09/26 11:43:25
2026/09/21,RMNGPF,640011,PROD,0.000,18.200,0.000,0.000,,,QLD,Regional - QLD,590001,2026/09/22 09:15:52
2026/09/21,RNMGP,640012,PIPE,0.000,18.200,0.000,18.200,,,QLD,Regional - QLD,590001,2026/09/22 09:15:52
2026/09/21,RNP,640009,PIPE,0.000,22.761,0.000,22.761,,,QLD,Regional - QLD,590001,2026/09/22 12:01:29
2026/09/21,Rolleston,540073,PROD,0.000,8.862,0.000,0.000,,,QLD,Regional - QLD,590001,2026/09/22 12:01:27
2026/09/21,Roma,540095,PROD,0.000,233.549,0.000,0.000,,,QLD,Regional - QLD,590001,2026/09/22 11:13:22
2026/09/21,Roma North,544260,PROD,0.000,22.761,0.000,0.000,,,QLD,Regional - QLD,590001,2026/09/22 12:01:35
2026/09/21,Roma Power Station,540120,BBGPG,0.000,0.000,0.000,0.000,,,QLD,Regional - QLD,590001,2026/09/22 11:50:57
2026/09/21,Ron Goodin Power Station,580234,BBGPG,0.000,0.000,0.000,0.000,,,NT,Regional - NT,590017,2026/09/22 06:41:07
2026/09/21,RPL,540110,PIPE,0.051,0.000,0.000,0.000,,,QLD,Regional - QLD,590001,2026/09/22 11:50:57
2026/09/21,Ruby Jo,540082,PROD,0.000,417.413,0.000,0.000,,,QLD,Regional - QLD,590001,2026/09/22 10:35:26
2026/09/21,RUGS,540040,STOR,0.000,0.000,0.000,0.000,15125.456,0.000,QLD,Regional - QLD,590001,2026/09/22 11:13:22
2026/09/21,Scotia,540072,PROD,0.000,96.284,0.000,0.000,,,QLD,Regional - QLD,590001,2026/09/22 11:13:22
2026/09/21,SEPS,550061,PIPE,6.361,0.000,6.413,0.000,,,SA,Regional - SA,590013,2026/09/22 11:32:05
2026/09/21,SESA,550060,PIPE,0.000,0.000,11.839,0.000,,,VIC,Regional - VIC,590012,2026/09/22 12:47:15
2026/09/21,SESA,550060,PIPE,5.269,0.000,0.000,6.428,,,SA,Regional - SA,590013,2026/09/22 12:47:15
2026/09/21,Shoalhaven Starches Cogeneration Plant,523203,BBLARGE,22.347,0.000,0.000,0.000,,,NSW,Regional - NSW,590011,2026/09/23 13:28:49
2026/09/21,Smithfield Energy Facility,522004,BBGPG,0.996,0.000,0.000,0.000,,,NSW,Regional - NSW,590011,2026/09/22 12:07:45
2026/09/21,Snapper Point,555090,BBGPG,0.000,0.000,0.000,0.000,,,SA,Regional - SA,590013,2026/09/22 11:31:05
2026/09/21,Somerton,533174,BBGPG,6.811,0.000,0.000,0.000,,,VIC,Melbourne,590008,2026/09/29 11:00:05
2026/09/21,SPCF,580236,PROD,0.000,24.999,0.000,0.000,,,NT,Regional - NT,590017,2026/09/22 09:41:06
2026/09/21,SPP,580237,PIPE,0.000,24.999,0.000,24.999,,,NT,Regional - NT,590017,2026/09/22 12:47:15
2026/09/21,Spring Gully,540066,PROD,0.000,52.017,0.000,0.000,,,QLD,Regional - QLD,590001,2026/09/26 11:43:25
2026/09/21,SSP,540103,PIPE,0.000,6.830,0.000,6.830,,,QLD,Regional - QLD,590001,2026/09/22 09:07:29
2026/09/21,SSSF,540062,STOR,0.000,6.300,0.000,0.000,8336.002,0.000,QLD,Regional - QLD,590001,2026/09/22 09:07:29
2026/09/21,Strathblane,540067,PROD,0.000,51.184,0.000,0.000,,,QLD,Regional - QLD,590001,2026/09/26 11:43:25
2026/09/21,Swanbank Power Station,544104,BBGPG,21.141,0.000,0.000,0.000,,,QLD,Brisbane,590002,2026/09/22 12:47:15
2026/09/21,SWQP,540060,PIPE,0.000,0.000,112.563,251.985,,,QLD,Wallumbilla Hub,540032,2026/09/22 12:47:15
2026/09/21,SWQP,540060,PIPE,0.000,0.000,0.000,84.476,,,QLD,Ballera,540078,2026/09/22 12:47:15
2026/09/21,SWQP,540060,PIPE,0.000,184.897,39.006,61.006,,,SA,Moomba Hub,550017,2026/09/22 12:47:15
2026/09/21,SWQP,540060,PIPE,0.048,0.000,0.000,0.000,,,QLD,Regional - QLD,590001,2026/09/22 12:47:15
2026/09/21,Talinga,540076,PROD,0.000,84.523,0.000,0.000,,,QLD,Regional - QLD,590001,2026/09/26 11:43:25
2026/09/21,Tallawarra,522002,BBGPG,24.042,0.000,0.000,0.000,,,NSW,Regional - NSW,590011,2026/09/22 11:00:10
2026/09/21,Tallawarra Pipeline,523201,PIPE,24.042,0.000,24.042,0.000,,,NSW,Regional - NSW,590011,2026/09/22 11:00:10
2026/09/21,Taloona,540068,PROD,0.000,39.670,0.000,0.000,,,QLD,Regional - QLD,590001,2026/09/26 11:43:25
2026/09/21,Tanami GP,580210,PIPE,8.779,0.000,8.300,0.000,,,NT,Regional - NT,590017,2026/09/22 12:02:00
2026/09/21,TGP,570050,PIPE,0.000,0.000,70.366,40.999,,,VIC,Longford Hub,530015,2026/09/23 12:01:00
2026/09/21,TGP,570050,PIPE,46.121,0.000,0.000,0.000,,,TAS,Regional - TAS,590014,2026/09/23 12:01:00
2026/09/21,Tipton,540051,PROD,0.000,33.695,0.000,0.000,,,QLD,Regional - QLD,590001,2026/09/22 10:17:44
2026/09/21,Torrens Island PS,555041,BBGPG,27.506,0.000,0.000,0.000,,,SA,Regional - SA,590013,2026/09/22 11:31:05
2026/09/21,Uranquinty Power Station,522047,BBGPG,18.675,0.000,0.000,0.000,,,NSW,Regional - NSW,590011,2026/09/22 12:47:15
2026/09/21,Valley Power GPG,535024,BBGPG,0.561,0.000,0.000,0.000,,,VIC,Gippsland,590009,2026/09/22 11:00:49
2026/09/21,VicHub,532005,PIPE,0.000,0.000,34.034,34.034,,,VIC,Longford Hub,530015,2026/09/22 12:01:37
2026/09/21,Viva Energy Refinery,535018,BBLARGE,7.853,0.000,0.000,0.000,,,VIC,Geelong,590005,2026/09/22 07:30:14
2026/09/21,VTS,530110,PIPE,0.000,396.225,75.053,0.003,,,VIC,Longford Hub,530015,2026/09/29 11:00:05
2026/09/21,VTS,530110,PIPE,0.000,32.200,88.024,0.000,,,VIC,Iona Hub,530016,2026/09/29 11:00:05
2026/09/21,VTS,530110,PIPE,13.159,0.000,0.000,0.000,,,VIC,Western,590004,2026/09/29 11:00:05
2026/09/21,VTS,530110,PIPE,46.997,0.000,0.000,0.000,,,VIC,Geelong,590005,2026/09/29 11:00:05
2026/09/21,VTS,530110,PIPE,29.108,0.000,0.000,0.000,,,VIC,Ballarat,590006,2026/09/29 11:00:05
2026/09/21,VTS,530110,PIPE,48.221,0.000,0.000,0.000,,,VIC,Northern,590007,2026/09/29 11:00:05
2026/09/21,VTS,530110,PIPE,291.284,0.231,0.000,0.000,,,VIC,Melbourne,590008,2026/09/29 11:00:05
2026/09/21,VTS,530110,PIPE,30.778,0.000,13.066,0.004,,,VIC,Gippsland,590009,2026/09/29 11:00:05
2026/09/21,VTS,530110,PIPE,0.000,0.000,0.000,140.014,,,NSW,Culcairn,590016,2026/09/29 11:00:05
2026/09/21,Wallumbilla Compression Station,544280,COMPRESSOR,0.000,0.000,0.000,0.000,,,QLD,Wallumbilla Hub,540032,2026/09/22 11:13:07
2026/09/21,WCFA,540045,COMPRESSOR,0.000,0.000,149.096,149.096,,,QLD,Wallumbilla Hub,540032,2026/09/22 12:47:15
2026/09/21,WCFB,540046,COMPRESSOR,0.000,0.000,102.889,102.889,,,QLD,Wallumbilla Hub,540032,2026/09/22 12:47:15
2026/09/21,Weddell Power Station,580232,BBGPG,16.886,0.000,0.000,0.000,,,NT,Darwin,580001,2026/09/22 12:47:15
2026/09/21,WGP,540091,PIPE,1506.428,0.000,0.000,0.000,,,QLD,Curtis Island,540030,2026/09/22 10:35:26
2026/09/21,WGP,540091,PIPE,0.000,1449.694,48.669,0.000,,,QLD,Regional - QLD,590001,2026/09/22 10:35:26
2026/09/21,Whyalla Steelworks,555085,BBLARGE,5.123,0.000,0.000,0.000,,,SA,Regional - SA,590013,2026/09/22 11:31:05
2026/09/21,Windibri,540069,PROD,0.000,92.346,0.000,0.000,,,QLD,Regional - QLD,590001,2026/09/22 10:35:26
2026/09/21,Woleebee Creek,540087,PROD,0.000,640.359,0.000,0.000,,,QLD,Regional - QLD,590001,2026/09/22 10:35:26
2026/09/21,WPP,580030,PIPE,16.886,3.235,13.627,0.000,,,NT,Darwin,580001,2026/09/22 12:47:15
2026/09/21,Yarwun,544282,BBGPG,52.651,0.000,0.000,0.000,,,QLD,Regional - QLD,590001,2026/09/22 12:01:27
2026/09/21,Yelcherr,580180,PROD,0.000,0.000,0.000,0.000,,,NT,Regional - NT,590017,2026/09/22 12:47:15
2026/09/21,Yellowbank,540074,PROD,0.000,11.685,0.000,0.000,,,QLD,Regional - QLD,590001,2026/09/22 12:01:27
2026/09/22,Adelaide Brighton,555091,BBLARGE,8.035,0.000,0.000,0.000,,,SA,Adelaide,550016,2026/09/23 13:00:01
2026/09/22,AGP,580010,PIPE,23.955,0.000,0.000,12.964,,,NT,Darwin,580001,2026/09/23 12:46:28
2026/09/22,AGP,580010,PIPE,4.624,30.834,24.998,18.077,,,NT,Regional - NT,590017,2026/09/23 12:46:28
2026/09/22,APLNG Pipeline,540093,PIPE,1683.351,0.000,0.000,0.000,,,QLD,Curtis Island,540030,2026/09/27 11:30:13
2026/09/22,APLNG Pipeline,540093,PIPE,0.000,1180.427,530.931,116.022,,,QLD,Regional - QLD,590001,2026/09/27 11:30:13
2026/09/22,Arcadia,540101,PROD,0.000,90.202,0.000,0.000,,,QLD,Regional - QLD,590001,2026/09/23 11:28:22
2026/09/22,ATGP,640013,PIPE,0.000,42.853,0.000,42.853,,,QLD,Regional - QLD,590001,2026/09/23 12:01:11
2026/09/22,ATHENA,535014,PROD,0.000,17.192,0.000,0.000,,,VIC,Iona Hub,530016,2026/09/27 11:07:19
2026/09/22,Atlas,544261,PROD,0.000,42.853,0.000,0.000,,,QLD,Regional - QLD,590001,2026/09/23 12:01:15
2026/09/22,Atlas East Central Processing Facility,640008,PROD,0.000,33.370,0.000,0.000,,,QLD,Regional - QLD,590001,2026/09/23 08:00:13
2026/09/22,Atlas to Reedy Creek Pipeline,640007,PIPE,0.000,32.905,0.000,32.902,,,QLD,Regional - QLD,590001,2026/09/23 12:46:28
2026/09/22,Australia Pacific LNG,544273,LNGEXPORT,1683.351,0.000,0.000,0.000,,,QLD,Curtis Island,540030,2026/09/23 12:00:25
2026/09/22,Australian Paper (Opal),535021,BBLARGE,13.193,0.000,0.000,0.000,,,VIC,Gippsland,590009,2026/09/29 11:00:05
2026/09/22,B1PL,540077,PIPE,0.032,33.683,0.000,40.120,,,QLD,Regional - QLD,590001,2026/09/23 11:00:51
2026/09/22,B2PL,540071,PIPE,0.000,53.760,3.021,58.713,,,QLD,Regional - QLD,590001,2026/09/23 12:30:06
2026/09/22,Bairnsdale Power Station,535020,BBGPG,0.000,0.000,0.000,0.000,,,VIC,Regional - VIC,590012,2026/09/23 11:00:49
2026/09/22,BCF,540047,COMPRESSOR,0.000,0.000,77.800,77.800,,,QLD,Regional - QLD,590001,2026/09/27 11:06:46
2026/09/22,Bell Bay CCGT,577016,BBGPG,29.336,0.000,0.000,0.000,,,TAS,Regional - TAS,590014,2026/09/24 12:01:00
2026/09/22,Bell Bay GGT,577014,BBGPG,0.123,0.000,0.000,0.000,,,TAS,Regional - TAS,590014,2026/09/24 12:01:00
2026/09/22,Bell Bay OCGT,577015,BBGPG,0.000,0.000,0.000,0.000,,,TAS,Regional - TAS,590014,2026/09/24 12:01:00
2026/09/22,Bellevue,540083,PROD,0.000,146.839,0.000,0.000,,,QLD,Regional - QLD,590001,2026/09/23 10:35:48
2026/09/22,BGP,580020,PIPE,0.330,0.000,0.000,0.000,,,NT,Regional - NT,590017,2026/09/23 12:46:28
2026/09/22,BlueScope,523204,BBLARGE,12.213,0.000,0.000,0.000,,,NSW,Sydney,520008,2026/09/23 12:01:05
2026/09/22,Bolivar,555008,BBGPG,0.000,0.000,0.000,0.000,,,SA,Regional - SA,590013,2026/09/23 12:05:23
2026/09/22,Bomaderry Gas Pipeline,523202,PIPE,21.443,0.000,22.347,0.000,,,NSW,Regional - NSW,590011,2026/09/25 13:24:29
2026/09/22,BPP,530030,PIPE,2.800,19.200,0.000,16.398,,,VIC,Gippsland,590009,2026/09/29 11:00:05
2026/09/22,Braemar 2 Power Station,544085,BBGPG,0.000,0.000,0.000,0.000,,,QLD,Regional - QLD,590001,2026/09/23 12:30:06
2026/09/22,Braemar Power Station,544252,BBGPG,0.032,0.000,0.000,0.000,,,QLD,Regional - QLD,590001,2026/09/23 11:00:51
2026/09/22,BWP,540096,PIPE,0.000,0.000,0.000,39.378,,,QLD,Wallumbilla Hub,540032,2026/09/23 12:46:28
2026/09/22,BWP,540096,PIPE,0.000,40.351,0.000,0.000,,,QLD,Regional - QLD,590001,2026/09/23 12:46:28
2026/09/22,CGP,540059,PIPE,0.000,0.000,77.768,0.000,,,QLD,Ballera,540078,2026/09/23 12:46:28
2026/09/22,CGP,540059,PIPE,64.320,0.000,0.000,0.000,,,QLD,Regional - QLD,590001,2026/09/23 12:46:28
2026/09/22,Channel Island Power Station,580231,BBGPG,23.955,0.000,0.000,0.000,,,NT,Darwin,580001,2026/09/23 12:46:28
2026/09/22,Colongra,523120,BBGPG,0.000,0.000,0.000,0.000,,,NSW,Regional - NSW,590011,2026/09/23 12:00:05
2026/09/22,ColongraGP,520090,PIPE,0.000,0.000,0.000,0.000,,,NSW,Sydney,520008,2026/09/23 12:00:05
2026/09/22,ColongraGP,520090,PIPE,0.000,0.000,0.000,0.000,,,NSW,Regional - NSW,590011,2026/09/23 12:00:05
2026/09/22,Combabula,540094,PROD,0.000,286.624,0.000,0.000,,,QLD,Regional - QLD,590001,2026/09/27 11:30:13
2026/09/22,Condabri Central,540080,PROD,0.000,0.503,0.000,0.000,,,QLD,Regional - QLD,590001,2026/09/27 11:30:13
2026/09/22,Condabri North,540090,PROD,0.000,135.162,0.000,0.000,,,QLD,Regional - QLD,590001,2026/09/27 11:30:13
2026/09/22,Condabri South,540086,PROD,0.000,170.034,0.000,0.000,,,QLD,Regional - QLD,590001,2026/09/27 11:30:13
2026/09/22,Condamine Power Station,544274,BBGPG,0.027,0.000,0.000,0.000,,,QLD,Regional - QLD,590001,2026/09/23 10:35:46
2026/09/22,CRWP,540098,PIPE,0.000,0.000,273.700,0.000,,,QLD,Wallumbilla Hub,540032,2026/09/23 11:28:08
2026/09/22,CRWP,540098,PIPE,0.000,233.634,39.121,551.781,,,QLD,Regional - QLD,590001,2026/09/23 11:28:08
2026/09/22,CWP,520054,PIPE,3.268,0.000,2.887,0.000,,,NSW,Regional - NSW,590011,2026/09/23 12:46:28
2026/09/22,Daandine,540050,PROD,0.000,53.780,0.000,0.000,,,QLD,Regional - QLD,590001,2026/09/23 12:30:06
2026/09/22,Dandenong LNG,530038,STOR,0.000,0.379,0.000,0.000,645.228,27.889,VIC,Melbourne,590008,2026/09/23 12:46:28
2026/09/22,DDP,540097,PIPE,0.000,0.000,0.000,122.840,,,QLD,Wallumbilla Hub,540032,2026/09/23 12:01:09
2026/09/22,DDP,540097,PIPE,29.030,561.143,71.789,483.932,,,QLD,Regional - QLD,590001,2026/09/23 12:01:09
2026/09/22,DDPS,544027,BBGPG,29.030,0.000,0.000,0.000,,,QLD,Regional - QLD,590001,2026/09/23 12:01:09
2026/09/22,Diamantina Power Station,544077,BBGPG,33.556,0.000,0.000,0.000,,,QLD,Regional - QLD,590001,2026/09/23 12:46:28
2026/09/22,Dry Creek Power Station,555026,BBGPG,0.000,0.000,0.000,0.000,,,SA,Regional - SA,590013,2026/09/23 11:31:05
2026/09/22,EGP,520047,PIPE,131.675,0.000,0.000,0.000,,,NSW,Sydney,520008,2026/09/23 12:01:05
2026/09/22,EGP,520047,PIPE,7.668,0.000,0.000,0.000,,,NSW,Canberra,520009,2026/09/23 12:01:05
2026/09/22,EGP,520047,PIPE,0.000,223.086,0.000,112.562,,,VIC,Longford Hub,530015,2026/09/23 12:01:05
2026/09/22,EGP,520047,PIPE,26.900,0.000,0.000,22.347,,,NSW,Regional - NSW,590011,2026/09/23 12:01:05
2026/09/22,EGP,520047,PIPE,0.910,71.311,0.000,0.000,,,VIC,Regional - VIC,590012,2026/09/23 12:01:05
2026/09/22,EO4PL,540055,PIPE,0.000,0.000,0.000,0.000,,,QLD,Regional - QLD,590001,2026/09/23 10:35:48
2026/09/22,Eurombah Creek,540089,PROD,0.000,155.347,0.000,0.000,,,QLD,Regional - QLD,590001,2026/09/27 11:30:13
2026/09/22,Fairview,540070,PROD,0.000,286.506,0.000,0.000,,,QLD,Regional - QLD,590001,2026/09/23 11:28:22
2026/09/22,GLNG (Curtis Island),544276,LNGEXPORT,953.632,0.000,0.000,0.000,,,QLD,Curtis Island,540030,2026/09/23 11:28:08
2026/09/22,GLNG Pipeline,540092,PIPE,953.632,0.000,0.000,0.000,,,QLD,Curtis Island,540030,2026/09/23 11:28:08
2026/09/22,GLNG Pipeline,540092,PIPE,0.000,421.827,551.781,29.642,,,QLD,Regional - QLD,590001,2026/09/23 10:35:48
2026/09/22,Hallett,555029,BBGPG,1.722,0.000,0.000,0.000,,,SA,Regional - SA,590013,2026/09/23 11:31:05
2026/09/22,Hunter Power Station,523210,BBGPG,0.004,0.000,0.000,0.000,,,NSW,Sydney,520008,2026/09/23 12:46:28
2026/09/22,ICF,530071,COMPRESSOR,0.000,0.000,11.000,11.000,,,VIC,Iona Hub,530016,2026/09/23 08:35:02
2026/09/22,Iona UGS,530042,STOR,18.744,77.604,0.000,0.000,13165.378,0.000,VIC,Iona Hub,530016,2026/09/23 08:30:03
2026/09/22,Jeerelang,533161,BBGPG,0.000,0.000,0.000,0.000,,,VIC,Gippsland,590009,2026/09/29 11:00:05
2026/09/22,Jordan,540088,PROD,0.000,335.214,0.000,0.000,,,QLD,Regional - QLD,590001,2026/09/23 10:35:48
2026/09/22,Katherine Power Station,580233,BBGPG,0.107,0.000,0.000,0.000,,,NT,Regional - NT,590017,2026/09/23 12:46:28
2026/09/22,Kenya,540075,PROD,0.000,121.511,0.000,0.000,,,QLD,Regional - QLD,590001,2026/09/23 10:35:48
2026/09/22,Kincora,544253,PROD,0.000,4.000,0.000,0.000,,,QLD,Regional - QLD,590001,2026/09/23 12:46:28
2026/09/22,KKLP,523209,PIPE,0.004,0.000,0.000,0.000,,,NSW,Sydney,520008,2026/09/23 12:46:28
2026/09/22,Kogan North,540061,PROD,0.000,4.314,0.000,0.000,,,QLD,Regional - QLD,590001,2026/09/23 12:46:28
2026/09/22,Ladbroke Grove PS,555086,BBGPG,4.596,0.000,0.000,0.000,,,SA,Regional - SA,590013,2026/09/23 12:46:28
2026/09/22,Lang Lang,530039,PROD,0.000,19.200,0.000,0.000,,,VIC,Gippsland,590009,2026/09/23 10:36:35
2026/09/22,Laverton,533201,BBGPG,3.862,0.000,0.000,0.000,,,VIC,Geelong,590005,2026/09/29 11:00:05
2026/09/22,Longford,530040,PROD,0.000,624.896,0.000,0.000,,,VIC,Longford Hub,530015,2026/09/23 09:29:46
2026/09/22,Loy Yang B,533163,BBGPG,0.000,0.000,0.000,0.000,,,VIC,Gippsland,590009,2026/09/23 11:00:54
2026/09/22,LYB Transmission Pipeline,535023,PIPE,0.157,0.000,0.000,0.000,,,VIC,Gippsland,590009,2026/09/23 11:00:54
2026/09/22,MAPS,550054,PIPE,24.339,0.000,0.000,0.000,,,SA,Adelaide,550016,2026/09/23 11:31:05
2026/09/22,MAPS,550054,PIPE,0.000,42.971,46.234,0.000,,,SA,Moomba Hub,550017,2026/09/23 11:31:05
2026/09/22,MAPS,550054,PIPE,97.288,0.000,15.000,0.000,,,SA,Regional - SA,590013,2026/09/23 11:31:05
2026/09/22,McArthur River Mine,580220,BBGPG,8.777,0.000,0.000,0.000,,,NT,Regional - NT,590017,2026/09/23 09:15:24
2026/09/22,MCF,550050,COMPRESSOR,0.000,0.000,194.932,194.932,,,SA,Moomba Hub,550017,2026/09/23 12:46:28
2026/09/22,Mereenie,580040,PROD,0.000,25.381,0.000,0.000,,,NT,Regional - NT,590017,2026/09/23 11:22:07
2026/09/22,Meridian,540064,PROD,0.000,49.369,0.000,0.000,,,QLD,Regional - QLD,590001,2026/09/23 09:39:00
2026/09/22,Mintaro Power Station,555031,BBGPG,0.000,0.000,0.000,0.000,,,SA,Regional - SA,590013,2026/09/23 11:31:05
2026/09/22,Moomba,550045,PROD,0.000,229.100,0.000,0.000,,,SA,Moomba Hub,550017,2026/09/27 11:06:46
2026/09/22,Moomba Storage,550046,STOR,0.000,3.600,0.000,0.000,6205.900,0.000,SA,Moomba Hub,550017,2026/09/27 11:06:46
2026/09/22,Mortlake PS,530063,BBGPG,40.922,0.000,0.000,0.000,,,VIC,Regional - VIC,590012,2026/09/23 07:20:00
2026/09/22,MPL,530061,PIPE,0.000,0.000,41.310,0.000,,,VIC,Iona Hub,530016,2026/09/23 07:20:00
2026/09/22,MPL,530061,PIPE,40.922,0.000,0.000,0.000,,,VIC,Regional - VIC,590012,2026/09/23 07:20:00
2026/09/22,MRP,580100,PIPE,8.777,0.000,8.778,0.000,,,NT,Regional - NT,590017,2026/09/23 09:15:24
2026/09/22,MSP,520053,PIPE,105.373,0.000,0.000,0.000,,,NSW,Sydney,520008,2026/09/23 12:46:28
2026/09/22,MSP,520053,PIPE,0.000,0.000,12.197,62.207,,,SA,Moomba Hub,550017,2026/09/23 12:46:28
2026/09/22,MSP,520053,PIPE,28.465,0.000,0.000,2.887,,,NSW,Regional - NSW,590011,2026/09/23 12:46:28
2026/09/22,MSP,520053,PIPE,13.701,0.000,0.000,0.000,,,NSW,Regional - ACT,590015,2026/09/23 12:46:28
2026/09/22,MSP,520053,PIPE,0.000,0.000,123.822,0.000,,,NSW,Culcairn,590016,2026/09/23 12:46:28
2026/09/22,Newport,533171,BBGPG,0.001,0.000,0.000,0.000,,,VIC,Melbourne,590008,2026/09/29 11:00:05
2026/09/22,NGP,580050,PIPE,0.000,0.000,0.000,0.000,,,QLD,Regional - QLD,590001,2026/09/23 12:01:12
2026/09/22,NGP,580050,PIPE,0.000,0.000,0.000,0.000,,,NT,Regional - NT,590017,2026/09/23 12:01:12
2026/09/22,NGS,520060,STOR,6.420,1.022,0.000,0.000,659.018,76.898,NSW,Sydney,520008,2026/09/23 11:21:52
2026/09/22,Oakey PS,544095,BBGPG,0.000,0.000,0.000,0.000,,,QLD,Regional - QLD,590001,2026/09/23 12:46:28
2026/09/22,Orana,540084,PROD,0.000,168.872,0.000,0.000,,,QLD,Regional - QLD,590001,2026/09/27 11:30:13
2026/09/22,Orbost,530041,PROD,0.000,71.311,0.000,0.000,,,VIC,Regional - VIC,590012,2026/09/23 12:01:05
2026/09/22,Orica,544011,BBLARGE,9.651,0.000,0.000,0.000,,,QLD,Regional - QLD,590001,2026/09/23 12:01:06
2026/09/22,Orica (Kooragang Island),523206,BBLARGE,38.199,0.000,0.000,0.000,,,NSW,Sydney,520008,2026/09/23 13:00:00
2026/09/22,Osborne,555033,BBGPG,20.640,0.000,0.000,0.000,,,SA,Regional - SA,590013,2026/09/23 11:31:05
2026/09/22,Otway,530044,PROD,0.000,147.119,0.000,0.000,,,VIC,Iona Hub,530016,2026/09/23 15:21:12
2026/09/22,Owen Springs Power Station,580235,BBGPG,0.107,0.000,0.000,0.000,,,NT,Regional - NT,590017,2026/09/23 06:41:21
2026/09/22,Palm Valley,580060,PROD,0.000,5.453,0.000,0.000,,,NT,Regional - NT,590017,2026/09/23 11:22:07
2026/09/22,PCA,550052,PIPE,0.000,16.857,3.784,1.072,,,VIC,Iona Hub,530016,2026/09/23 10:20:00
2026/09/22,PCA,550052,PIPE,28.753,0.000,0.000,0.000,,,SA,Adelaide,550016,2026/09/23 10:20:00
2026/09/22,PCA,550052,PIPE,0.000,0.000,0.000,7.348,,,VIC,Regional - VIC,590012,2026/09/23 10:20:00
2026/09/22,PCA,550052,PIPE,0.575,0.000,0.000,15.022,,,SA,Regional - SA,590013,2026/09/23 10:20:00
2026/09/22,PCI,530060,PIPE,0.000,158.455,1.072,160.220,,,VIC,Iona Hub,530016,2026/09/23 10:20:01
2026/09/22,Peat,540065,PROD,0.000,11.501,0.000,0.000,,,QLD,Regional - QLD,590001,2026/09/27 11:30:13
2026/09/22,Pelican Point Power Station,555089,BBGPG,16.228,0.000,0.000,0.000,,,SA,Regional - SA,590013,2026/09/23 10:20:00
2026/09/22,Phosphate Hill,544081,BBLARGE,21.036,0.000,0.000,0.000,,,QLD,Regional - QLD,590001,2026/09/23 12:46:28
2026/09/22,Pipeline Compression Station,544279,COMPRESSOR,0.000,0.000,0.000,0.000,,,QLD,Regional - QLD,590001,2026/09/23 11:28:08
2026/09/22,PVP,580070,PIPE,0.486,0.000,0.559,0.000,,,NT,Regional - NT,590017,2026/09/23 06:41:21
2026/09/22,QCLNG LNG Plant,544272,LNGEXPORT,1484.834,0.000,0.000,0.000,,,QLD,Curtis Island,540030,2026/09/23 10:35:48
2026/09/22,QGP,540058,PIPE,0.000,0.000,17.700,0.000,,,QLD,Wallumbilla Hub,540032,2026/09/23 12:01:06
2026/09/22,QGP,540058,PIPE,123.499,24.033,86.889,0.000,,,QLD,Regional - QLD,590001,2026/09/23 12:01:06
2026/09/22,Quarantine Power Station,555087,BBGPG,0.000,0.000,0.000,0.000,,,SA,Regional - SA,590013,2026/09/23 11:31:05
2026/09/22,Queensland Aluminia,544012,BBLARGE,42.861,0.000,0.000,0.000,,,QLD,Regional - QLD,590001,2026/09/23 12:01:06
2026/09/22,RBP,540057,PIPE,0.000,0.000,0.647,15.929,,,QLD,Wallumbilla Hub,540032,2026/09/23 12:46:28
2026/09/22,RBP,540057,PIPE,3.477,19.815,46.440,3.021,,,QLD,Regional - QLD,590001,2026/09/23 12:46:28
2026/09/22,RBP,540057,PIPE,45.631,0.000,0.000,0.000,,,QLD,Brisbane,590002,2026/09/23 12:46:28
2026/09/22,RCWP,540102,PIPE,0.000,0.000,0.748,19.038,,,QLD,Wallumbilla Hub,540032,2026/09/23 12:46:28
2026/09/22,RCWP,540102,PIPE,0.000,0.000,32.902,17.357,,,QLD,Regional - QLD,590001,2026/09/23 12:46:28
2026/09/22,Reedy Creek,540085,PROD,0.000,183.543,0.000,0.000,,,QLD,Regional - QLD,590001,2026/09/27 11:30:13
2026/09/22,RMNGPF,640011,PROD,0.000,18.590,0.000,0.000,,,QLD,Regional - QLD,590001,2026/09/23 08:00:05
2026/09/22,RNMGP,640012,PIPE,0.000,18.590,0.000,18.590,,,QLD,Regional - QLD,590001,2026/09/23 08:00:05
2026/09/22,RNP,640009,PIPE,0.000,20.531,0.000,20.531,,,QLD,Regional - QLD,590001,2026/09/23 12:01:08
2026/09/22,Rolleston,540073,PROD,0.000,8.980,0.000,0.000,,,QLD,Regional - QLD,590001,2026/09/23 12:01:06
2026/09/22,Roma,540095,PROD,0.000,233.634,0.000,0.000,,,QLD,Regional - QLD,590001,2026/09/23 11:28:27
2026/09/22,Roma North,544260,PROD,0.000,20.531,0.000,0.000,,,QLD,Regional - QLD,590001,2026/09/23 12:01:13
2026/09/22,Roma Power Station,540120,BBGPG,0.000,0.000,0.000,0.000,,,QLD,Regional - QLD,590001,2026/09/23 11:29:57
2026/09/22,Ron Goodin Power Station,580234,BBGPG,0.000,0.000,0.000,0.000,,,NT,Regional - NT,590017,2026/09/23 06:41:21
2026/09/22,RPL,540110,PIPE,0.049,0.000,0.000,0.000,,,QLD,Regional - QLD,590001,2026/09/23 11:29:57
2026/09/22,Ruby Jo,540082,PROD,0.000,415.888,0.000,0.000,,,QLD,Regional - QLD,590001,2026/09/23 10:35:48
2026/09/22,RUGS,540040,STOR,1.062,0.000,0.000,0.000,15125.456,0.000,QLD,Regional - QLD,590001,2026/09/23 11:28:27
2026/09/22,Scotia,540072,PROD,0.000,96.423,0.000,0.000,,,QLD,Regional - QLD,590001,2026/09/23 11:28:27
2026/09/22,SEPS,550061,PIPE,2.672,0.000,2.699,0.000,,,SA,Regional - SA,590013,2026/09/23 11:32:05
2026/09/22,SESA,550060,PIPE,0.000,0.000,7.350,0.000,,,VIC,Regional - VIC,590012,2026/09/23 12:46:28
2026/09/22,SESA,550060,PIPE,4.596,0.000,0.000,2.699,,,SA,Regional - SA,590013,2026/09/23 12:46:28
2026/09/22,Shoalhaven Starches Cogeneration Plant,523203,BBLARGE,21.443,0.000,0.000,0.000,,,NSW,Regional - NSW,590011,2026/09/25 13:24:29
2026/09/22,Smithfield Energy Facility,522004,BBGPG,0.000,0.000,0.000,0.000,,,NSW,Regional - NSW,590011,2026/09/23 12:05:23
2026/09/22,Snapper Point,555090,BBGPG,0.000,0.000,0.000,0.000,,,SA,Regional - SA,590013,2026/09/23 11:31:05
2026/09/22,Somerton,533174,BBGPG,3.277,0.000,0.000,0.000,,,VIC,Melbourne,590008,2026/09/29 11:00:05
2026/09/22,SPCF,580236,PROD,0.000,24.998,0.000,0.000,,,NT,Regional - NT,590017,2026/09/23 10:02:54
2026/09/22,SPP,580237,PIPE,0.000,24.998,0.000,24.998,,,NT,Regional - NT,590017,2026/09/23 12:46:28
2026/09/22,Spring Gully,540066,PROD,0.000,51.642,0.000,0.000,,,QLD,Regional - QLD,590001,2026/09/27 11:30:13
2026/09/22,SSP,540103,PIPE,0.000,7.220,0.000,7.220,,,QLD,Regional - QLD,590001,2026/09/23 09:52:14
2026/09/22,SSSF,540062,STOR,0.000,6.300,0.000,0.000,8328.782,0.000,QLD,Regional - QLD,590001,2026/09/23 09:52:14
2026/09/22,Strathblane,540067,PROD,0.000,51.489,0.000,0.000,,,QLD,Regional - QLD,590001,2026/09/27 11:30:13
2026/09/22,Swanbank Power Station,544104,BBGPG,0.000,0.000,0.000,0.000,,,QLD,Brisbane,590002,2026/09/23 12:46:28
2026/09/22,SWQP,540060,PIPE,0.000,0.000,165.873,261.378,,,QLD,Wallumbilla Hub,540032,2026/09/23 12:46:28
2026/09/22,SWQP,540060,PIPE,0.000,0.000,0.000,82.704,,,QLD,Ballera,540078,2026/09/23 12:46:28
2026/09/22,SWQP,540060,PIPE,0.000,191.156,51.006,47.230,,,SA,Moomba Hub,550017,2026/09/23 12:46:28
2026/09/22,SWQP,540060,PIPE,0.138,0.000,0.000,0.000,,,QLD,Regional - QLD,590001,2026/09/23 12:46:28
2026/09/22,Talinga,540076,PROD,0.000,85.130,0.000,0.000,,,QLD,Regional - QLD,590001,2026/09/27 11:30:13
2026/09/22,Tallawarra,522002,BBGPG,21.867,0.000,0.000,0.000,,,NSW,Regional - NSW,590011,2026/09/23 11:00:10
2026/09/22,Tallawarra Pipeline,523201,PIPE,21.867,0.000,21.867,0.000,,,NSW,Regional - NSW,590011,2026/09/23 11:00:10
2026/09/22,Taloona,540068,PROD,0.000,39.585,0.000,0.000,,,QLD,Regional - QLD,590001,2026/09/27 11:30:13
2026/09/22,Tanami GP,580210,PIPE,8.706,0.000,8.740,0.000,,,NT,Regional - NT,590017,2026/09/23 12:02:00
2026/09/22,TGP,570050,PIPE,0.000,0.000,90.300,31.996,,,VIC,Longford Hub,530015,2026/09/24 12:01:00
2026/09/22,TGP,570050,PIPE,49.924,0.000,0.000,0.000,,,TAS,Regional - TAS,590014,2026/09/24 12:01:00
2026/09/22,Tipton,540051,PROD,0.000,33.683,0.000,0.000,,,QLD,Regional - QLD,590001,2026/09/23 12:30:06
2026/09/22,Torrens Island PS,555041,BBGPG,36.654,0.000,0.000,0.000,,,SA,Regional - SA,590013,2026/09/23 11:31:05
2026/09/22,Uranquinty Power Station,522047,BBGPG,0.003,0.000,0.000,0.000,,,NSW,Regional - NSW,590011,2026/09/23 12:46:28
2026/09/22,Valley Power GPG,535024,BBGPG,0.157,0.000,0.000,0.000,,,VIC,Gippsland,590009,2026/09/23 11:00:54
2026/09/22,VicHub,532005,PIPE,0.000,0.000,22.288,22.288,,,VIC,Longford Hub,530015,2026/09/23 12:01:16
2026/09/22,Viva Energy Refinery,535018,BBLARGE,8.988,0.000,0.000,0.000,,,VIC,Geelong,590005,2026/09/23 07:30:17
2026/09/22,VTS,530110,PIPE,0.000,399.962,54.298,0.000,,,VIC,Longford Hub,530015,2026/09/29 11:00:05
2026/09/22,VTS,530110,PIPE,0.000,48.437,115.129,0.000,,,VIC,Iona Hub,530016,2026/09/29 11:00:05
2026/09/22,VTS,530110,PIPE,13.733,0.000,0.000,0.000,,,VIC,Western,590004,2026/09/29 11:00:05
2026/09/22,VTS,530110,PIPE,57.703,0.000,0.000,0.000,,,VIC,Geelong,590005,2026/09/29 11:00:05
2026/09/22,VTS,530110,PIPE,31.518,0.000,0.000,0.000,,,VIC,Ballarat,590006,2026/09/29 11:00:05
2026/09/22,VTS,530110,PIPE,52.497,0.000,0.000,0.000,,,VIC,Northern,590007,2026/09/29 11:00:05
2026/09/22,VTS,530110,PIPE,309.543,0.250,0.000,0.000,,,VIC,Melbourne,590008,2026/09/29 11:00:05
2026/09/22,VTS,530110,PIPE,33.943,0.000,16.398,0.000,,,VIC,Gippsland,590009,2026/09/29 11:00:05
2026/09/22,VTS,530110,PIPE,0.000,0.000,0.000,123.820,,,NSW,Culcairn,590016,2026/09/29 11:00:05
2026/09/22,Wallumbilla Compression Station,544280,COMPRESSOR,0.000,0.000,0.000,0.000,,,QLD,Wallumbilla Hub,540032,2026/09/23 11:28:08
2026/09/22,WCFA,540045,COMPRESSOR,0.000,0.000,108.158,108.158,,,QLD,Wallumbilla Hub,540032,2026/09/23 12:46:28
2026/09/22,WCFB,540046,COMPRESSOR,0.000,0.000,153.220,153.220,,,QLD,Wallumbilla Hub,540032,2026/09/23 12:46:28
2026/09/22,Weddell Power Station,580232,BBGPG,16.168,0.000,0.000,0.000,,,NT,Darwin,580001,2026/09/23 12:46:28
2026/09/22,WGP,540091,PIPE,1484.834,0.000,0.000,0.000,,,QLD,Curtis Island,540030,2026/09/23 10:35:48
2026/09/22,WGP,540091,PIPE,0.000,1393.751,58.693,0.000,,,QLD,Regional - QLD,590001,2026/09/23 10:35:48
2026/09/22,Whyalla Steelworks,555085,BBLARGE,5.322,0.000,0.000,0.000,,,SA,Regional - SA,590013,2026/09/23 11:31:05
2026/09/22,Windibri,540069,PROD,0.000,93.791,0.000,0.000,,,QLD,Regional - QLD,590001,2026/09/23 10:35:48
2026/09/22,Woleebee Creek,540087,PROD,0.000,640.506,0.000,0.000,,,QLD,Regional - QLD,590001,2026/09/23 10:35:48
2026/09/22,WPP,580030,PIPE,16.168,3.215,12.964,0.000,,,NT,Darwin,580001,2026/09/23 12:46:28
2026/09/22,Yarwun,544282,BBGPG,53.799,0.000,0.000,0.000,,,QLD,Regional - QLD,590001,2026/09/23 12:01:06
2026/09/22,Yelcherr,580180,PROD,0.000,0.000,0.000,0.000,,,NT,Regional - NT,590017,2026/09/23 12:46:28
2026/09/22,Yellowbank,540074,PROD,0.000,10.803,0.000,0.000,,,QLD,Regional - QLD,590001,2026/09/23 12:01:06
2026/09/23,Adelaide Brighton,555091,BBLARGE,7.867,0.000,0.000,0.000,,,SA,Adelaide,550016,2026/09/24 13:00:01
2026/09/23,AGP,580010,PIPE,25.021,0.000,0.000,10.674,,,NT,Darwin,580001,2026/09/24 12:46:29
2026/09/23,AGP,580010,PIPE,6.088,30.891,24.995,18.509,,,NT,Regional - NT,590017,2026/09/24 12:46:29
2026/09/23,APLNG Pipeline,540093,PIPE,1646.458,0.000,0.000,0.000,,,QLD,Curtis Island,540030,2026/09/28 11:30:16
2026/09/23,APLNG Pipeline,540093,PIPE,0.000,1174.837,525.497,123.351,,,QLD,Regional - QLD,590001,2026/09/28 11:30:16
2026/09/23,Arcadia,540101,PROD,0.000,91.467,0.000,0.000,,,QLD,Regional - QLD,590001,2026/09/24 11:13:32
2026/09/23,ATGP,640013,PIPE,0.000,42.664,0.000,42.664,,,QLD,Regional - QLD,590001,2026/09/24 12:01:10
2026/09/23,ATHENA,535014,PROD,0.000,16.345,0.000,0.000,,,VIC,Iona Hub,530016,2026/09/28 10:59:05
2026/09/23,Atlas,544261,PROD,0.000,42.664,0.000,0.000,,,QLD,Regional - QLD,590001,2026/09/24 12:01:17
2026/09/23,Atlas East Central Processing Facility,640008,PROD,0.000,33.660,0.000,0.000,,,QLD,Regional - QLD,590001,2026/09/24 11:19:48
2026/09/23,Atlas to Reedy Creek Pipeline,640007,PIPE,0.000,33.659,0.000,33.402,,,QLD,Regional - QLD,590001,2026/09/24 12:46:29
2026/09/23,Australia Pacific LNG,544273,LNGEXPORT,1646.459,0.000,0.000,0.000,,,QLD,Curtis Island,540030,2026/09/24 12:00:25
2026/09/23,Australian Paper (Opal),535021,BBLARGE,11.268,0.000,0.000,0.000,,,VIC,Gippsland,590009,2026/09/29 11:00:05
2026/09/23,B1PL,540077,PIPE,8.615,33.650,0.000,33.132,,,QLD,Regional - QLD,590001,2026/09/24 11:00:50
2026/09/23,B2PL,540071,PIPE,0.000,54.072,3.018,56.725,,,QLD,Regional - QLD,590001,2026/09/24 10:22:13
2026/09/23,Bairnsdale Power Station,535020,BBGPG,0.000,0.000,0.000,0.000,,,VIC,Regional - VIC,590012,2026/09/24 11:00:51
2026/09/23,BCF,540047,COMPRESSOR,0.000,0.000,64.000,64.000,,,QLD,Regional - QLD,590001,2026/09/28 21:05:24
2026/09/23,Bell Bay CCGT,577016,BBGPG,27.181,0.000,0.000,0.000,,,TAS,Regional - TAS,590014,2026/09/25 12:01:00
2026/09/23,Bell Bay GGT,577014,BBGPG,0.919,0.000,0.000,0.000,,,TAS,Regional - TAS,590014,2026/09/25 12:01:00
2026/09/23,Bell Bay OCGT,577015,BBGPG,2.868,0.000,0.000,0.000,,,TAS,Regional - TAS,590014,2026/09/25 12:01:00
2026/09/23,Bellevue,540083,PROD,0.000,145.034,0.000,0.000,,,QLD,Regional - QLD,590001,2026/09/24 10:35:57
2026/09/23,BGP,580020,PIPE,0.317,0.000,0.000,0.000,,,NT,Regional - NT,590017,2026/09/24 12:46:29
2026/09/23,BlueScope,523204,BBLARGE,11.759,0.000,0.000,0.000,,,NSW,Sydney,520008,2026/09/24 12:01:05
2026/09/23,Bolivar,555008,BBGPG,0.000,0.000,0.000,0.000,,,SA,Regional - SA,590013,2026/09/24 12:08:15
2026/09/23,Bomaderry Gas Pipeline,523202,PIPE,0.000,0.000,22.668,0.000,,,NSW,Regional - NSW,590011,2026/09/24 12:01:05
2026/09/23,BPP,530030,PIPE,2.450,20.060,0.000,17.611,,,VIC,Gippsland,590009,2026/09/29 11:00:05
2026/09/23,Braemar 2 Power Station,544085,BBGPG,0.000,0.000,0.000,0.000,,,QLD,Regional - QLD,590001,2026/09/24 10:22:13
2026/09/23,Braemar Power Station,544252,BBGPG,8.615,0.000,0.000,0.000,,,QLD,Regional - QLD,590001,2026/09/24 11:00:50
2026/09/23,BWP,540096,PIPE,0.000,0.000,0.000,40.236,,,QLD,Wallumbilla Hub,540032,2026/09/24 12:46:29
2026/09/23,BWP,540096,PIPE,0.000,39.345,0.000,0.000,,,QLD,Regional - QLD,590001,2026/09/24 12:46:29
2026/09/23,CGP,540059,PIPE,0.000,0.000,63.891,0.000,,,QLD,Ballera,540078,2026/09/24 12:46:29
2026/09/23,CGP,540059,PIPE,65.881,0.000,0.000,0.000,,,QLD,Regional - QLD,590001,2026/09/24 12:46:29
2026/09/23,Channel Island Power Station,580231,BBGPG,25.021,0.000,0.000,0.000,,,NT,Darwin,580001,2026/09/24 12:46:29
2026/09/23,Colongra,523120,BBGPG,0.000,0.000,0.000,0.000,,,NSW,Regional - NSW,590011,2026/09/24 12:00:05
2026/09/23,ColongraGP,520090,PIPE,0.000,0.000,0.000,0.000,,,NSW,Sydney,520008,2026/09/24 12:00:05
2026/09/23,ColongraGP,520090,PIPE,0.000,0.000,0.000,0.000,,,NSW,Regional - NSW,590011,2026/09/24 12:00:05
2026/09/23,Combabula,540094,PROD,0.000,287.228,0.000,0.000,,,QLD,Regional - QLD,590001,2026/09/28 11:30:16
2026/09/23,Condabri Central,540080,PROD,0.000,0.000,0.000,0.000,,,QLD,Regional - QLD,590001,2026/09/28 11:30:16
2026/09/23,Condabri North,540090,PROD,0.000,128.102,0.000,0.000,,,QLD,Regional - QLD,590001,2026/09/28 11:30:16
2026/09/23,Condabri South,540086,PROD,0.000,169.910,0.000,0.000,,,QLD,Regional - QLD,590001,2026/09/28 11:30:16
2026/09/23,Condamine Power Station,544274,BBGPG,0.043,0.000,0.000,0.000,,,QLD,Regional - QLD,590001,2026/09/24 10:35:43
2026/09/23,CRWP,540098,PIPE,0.000,0.000,284.762,0.000,,,QLD,Wallumbilla Hub,540032,2026/09/24 11:13:08
2026/09/23,CRWP,540098,PIPE,0.000,228.410,41.125,582.573,,,QLD,Regional - QLD,590001,2026/09/24 11:13:08
2026/09/23,CWP,520054,PIPE,2.711,0.000,2.059,0.000,,,NSW,Regional - NSW,590011,2026/09/24 12:46:29
2026/09/23,Daandine,540050,PROD,0.000,54.095,0.000,0.000,,,QLD,Regional - QLD,590001,2026/09/24 10:22:20
2026/09/23,Dandenong LNG,530038,STOR,0.000,0.422,0.000,0.000,640.711,27.889,VIC,Melbourne,590008,2026/09/24 12:46:29
2026/09/23,DDP,540097,PIPE,0.000,0.000,0.000,101.362,,,QLD,Wallumbilla Hub,540032,2026/09/24 12:01:09
2026/09/23,DDP,540097,PIPE,52.430,570.427,75.633,496.251,,,QLD,Regional - QLD,590001,2026/09/24 12:01:09
2026/09/23,DDPS,544027,BBGPG,52.430,0.000,0.000,0.000,,,QLD,Regional - QLD,590001,2026/09/24 12:01:09
2026/09/23,Diamantina Power Station,544077,BBGPG,35.060,0.000,0.000,0.000,,,QLD,Regional - QLD,590001,2026/09/24 12:46:29
2026/09/23,Dry Creek Power Station,555026,BBGPG,0.000,0.000,0.000,0.000,,,SA,Regional - SA,590013,2026/09/24 11:31:05
2026/09/23,EGP,520047,PIPE,129.497,0.000,0.000,0.000,,,NSW,Sydney,520008,2026/09/24 12:01:05
2026/09/23,EGP,520047,PIPE,9.335,0.000,0.000,0.000,,,NSW,Canberra,520009,2026/09/24 12:01:05
2026/09/23,EGP,520047,PIPE,0.000,230.124,0.000,107.263,,,VIC,Longford Hub,530015,2026/09/24 12:01:05
2026/09/23,EGP,520047,PIPE,25.156,0.000,0.000,22.668,,,NSW,Regional - NSW,590011,2026/09/24 12:01:05
2026/09/23,EGP,520047,PIPE,0.805,70.426,0.000,0.000,,,VIC,Regional - VIC,590012,2026/09/24 12:01:05
2026/09/23,EO4PL,540055,PIPE,0.000,0.000,0.000,0.000,,,QLD,Regional - QLD,590001,2026/09/24 10:35:57
2026/09/23,Eurombah Creek,540089,PROD,0.000,154.504,0.000,0.000,,,QLD,Regional - QLD,590001,2026/09/28 11:30:16
2026/09/23,Fairview,540070,PROD,0.000,285.238,0.000,0.000,,,QLD,Regional - QLD,590001,2026/09/24 11:13:32
2026/09/23,GLNG (Curtis Island),544276,LNGEXPORT,1021.483,0.000,0.000,0.000,,,QLD,Curtis Island,540030,2026/09/24 11:13:08
2026/09/23,GLNG Pipeline,540092,PIPE,1021.483,0.000,0.000,0.000,,,QLD,Curtis Island,540030,2026/09/24 11:13:08
2026/09/23,GLNG Pipeline,540092,PIPE,0.000,422.180,582.573,29.229,,,QLD,Regional - QLD,590001,2026/09/24 10:35:57
2026/09/23,Hallett,555029,BBGPG,1.738,0.000,0.000,0.000,,,SA,Regional - SA,590013,2026/09/24 11:31:05
2026/09/23,Hunter Power Station,523210,BBGPG,0.000,0.000,0.000,0.000,,,NSW,Sydney,520008,2026/09/24 12:46:29
2026/09/23,ICF,530071,COMPRESSOR,0.000,0.000,11.000,11.000,,,VIC,Iona Hub,530016,2026/09/24 08:35:03
2026/09/23,Iona UGS,530042,STOR,25.868,45.177,0.000,0.000,13146.069,0.000,VIC,Iona Hub,530016,2026/09/24 08:30:04
2026/09/23,Jeerelang,533161,BBGPG,0.000,0.000,0.000,0.000,,,VIC,Gippsland,590009,2026/09/29 11:00:05
2026/09/23,Jordan,540088,PROD,0.000,335.934,0.000,0.000,,,QLD,Regional - QLD,590001,2026/09/24 10:35:57
2026/09/23,Katherine Power Station,580233,BBGPG,0.000,0.000,0.000,0.000,,,NT,Regional - NT,590017,2026/09/24 12:46:29
2026/09/23,Kenya,540075,PROD,0.000,111.289,0.000,0.000,,,QLD,Regional - QLD,590001,2026/09/24 10:35:57
2026/09/23,Kincora,544253,PROD,0.000,4.000,0.000,0.000,,,QLD,Regional - QLD,590001,2026/09/24 12:46:29
2026/09/23,KKLP,523209,PIPE,0.000,0.000,0.000,0.000,,,NSW,Sydney,520008,2026/09/24 12:46:29
2026/09/23,Kogan North,540061,PROD,0.000,4.314,0.000,0.000,,,QLD,Regional - QLD,590001,2026/09/24 12:46:29
2026/09/23,Ladbroke Grove PS,555086,BBGPG,7.041,0.000,0.000,0.000,,,SA,Regional - SA,590013,2026/09/24 12:46:29
2026/09/23,Lang Lang,530039,PROD,0.000,20.060,0.000,0.000,,,VIC,Gippsland,590009,2026/09/24 10:01:03
2026/09/23,Laverton,533201,BBGPG,0.000,0.000,0.000,0.000,,,VIC,Geelong,590005,2026/09/29 11:00:05
2026/09/23,Longford,530040,PROD,0.000,625.330,0.000,0.000,,,VIC,Longford Hub,530015,2026/09/24 09:01:45
2026/09/23,Loy Yang B,533163,BBGPG,0.000,0.000,0.000,0.000,,,VIC,Gippsland,590009,2026/09/24 11:00:55
2026/09/23,LYB Transmission Pipeline,535023,PIPE,0.016,0.000,0.000,0.000,,,VIC,Gippsland,590009,2026/09/24 11:00:55
2026/09/23,MAPS,550054,PIPE,21.016,0.000,0.000,0.000,,,SA,Adelaide,550016,2026/09/24 11:31:05
2026/09/23,MAPS,550054,PIPE,0.000,44.157,53.158,0.000,,,SA,Moomba Hub,550017,2026/09/24 11:31:05
2026/09/23,MAPS,550054,PIPE,108.481,0.000,20.000,0.000,,,SA,Regional - SA,590013,2026/09/24 11:31:05
2026/09/23,McArthur River Mine,580220,BBGPG,9.231,0.000,0.000,0.000,,,NT,Regional - NT,590017,2026/09/24 08:53:50
2026/09/23,MCF,550050,COMPRESSOR,0.000,0.000,117.083,117.083,,,SA,Moomba Hub,550017,2026/09/24 12:46:29
2026/09/23,Mereenie,580040,PROD,0.000,25.453,0.000,0.000,,,NT,Regional - NT,590017,2026/09/24 13:18:49
2026/09/23,Meridian,540064,PROD,0.000,49.725,0.000,0.000,,,QLD,Regional - QLD,590001,2026/09/24 09:39:29
2026/09/23,Mintaro Power Station,555031,BBGPG,0.000,0.000,0.000,0.000,,,SA,Regional - SA,590013,2026/09/24 11:31:05
2026/09/23,Moomba,550045,PROD,0.000,219.000,0.000,0.000,,,SA,Moomba Hub,550017,2026/09/28 21:05:24
2026/09/23,Moomba Storage,550046,STOR,0.000,4.600,0.000,0.000,6201.300,0.000,SA,Moomba Hub,550017,2026/09/28 21:05:24
2026/09/23,Mortlake PS,530063,BBGPG,64.305,0.000,0.000,0.000,,,VIC,Regional - VIC,590012,2026/09/24 07:20:00
2026/09/23,MPL,530061,PIPE,0.000,0.000,38.260,0.000,,,VIC,Iona Hub,530016,2026/09/24 07:20:00
2026/09/23,MPL,530061,PIPE,64.305,0.000,0.000,0.000,,,VIC,Regional - VIC,590012,2026/09/24 07:20:00
2026/09/23,MRP,580100,PIPE,9.231,0.000,9.235,0.000,,,NT,Regional - NT,590017,2026/09/24 08:53:50
2026/09/23,MSP,520053,PIPE,115.686,0.000,0.000,0.000,,,NSW,Sydney,520008,2026/09/24 12:46:29
2026/09/23,MSP,520053,PIPE,0.000,0.000,79.474,72.159,,,SA,Moomba Hub,550017,2026/09/24 12:46:29
2026/09/23,MSP,520053,PIPE,36.773,0.000,0.000,2.059,,,NSW,Regional - NSW,590011,2026/09/24 12:46:29
2026/09/23,MSP,520053,PIPE,6.339,0.000,0.000,0.000,,,NSW,Regional - ACT,590015,2026/09/24 12:46:29
2026/09/23,MSP,520053,PIPE,0.000,0.000,142.539,0.004,,,NSW,Culcairn,590016,2026/09/24 12:46:29
2026/09/23,Newport,533171,BBGPG,0.003,0.000,0.000,0.000,,,VIC,Melbourne,590008,2026/09/29 11:00:05
2026/09/23,NGP,580050,PIPE,0.000,0.000,0.000,0.000,,,QLD,Regional - QLD,590001,2026/09/24 12:01:14
2026/09/23,NGP,580050,PIPE,0.000,0.000,0.000,0.000,,,NT,Regional - NT,590017,2026/09/24 12:01:14
2026/09/23,NGS,520060,STOR,12.490,1.934,0.000,0.000,668.744,76.881,NSW,Sydney,520008,2026/09/24 08:57:13
2026/09/23,Oakey PS,544095,BBGPG,4.645,0.000,0.000,0.000,,,QLD,Regional - QLD,590001,2026/09/24 12:46:29
2026/09/23,Orana,540084,PROD,0.000,169.345,0.000,0.000,,,QLD,Regional - QLD,590001,2026/09/28 11:30:16
2026/09/23,Orbost,530041,PROD,0.000,70.426,0.000,0.000,,,VIC,Regional - VIC,590012,2026/09/24 12:01:05
2026/09/23,Orica,544011,BBLARGE,9.392,0.000,0.000,0.000,,,QLD,Regional - QLD,590001,2026/09/24 12:01:06
2026/09/23,Orica (Kooragang Island),523206,BBLARGE,39.748,0.000,0.000,0.000,,,NSW,Sydney,520008,2026/09/24 13:00:00
2026/09/23,Osborne,555033,BBGPG,23.765,0.000,0.000,0.000,,,SA,Regional - SA,590013,2026/09/24 11:31:05
2026/09/23,Otway,530044,PROD,0.000,139.970,0.000,0.000,,,VIC,Iona Hub,530016,2026/09/24 15:02:26
2026/09/23,Owen Springs Power Station,580235,BBGPG,0.088,0.000,0.000,0.000,,,NT,Regional - NT,590017,2026/09/24 06:41:24
2026/09/23,Palm Valley,580060,PROD,0.000,5.438,0.000,0.000,,,NT,Regional - NT,590017,2026/09/24 13:18:49
2026/09/23,PCA,550052,PIPE,0.000,16.436,19.020,7.450,,,VIC,Iona Hub,530016,2026/09/24 07:20:03
2026/09/23,PCA,550052,PIPE,27.056,0.000,0.000,0.000,,,SA,Adelaide,550016,2026/09/24 07:20:03
2026/09/23,PCA,550052,PIPE,0.000,0.000,0.000,10.037,,,VIC,Regional - VIC,590012,2026/09/24 07:20:03
2026/09/23,PCA,550052,PIPE,3.973,0.000,0.000,20.008,,,SA,Regional - SA,590013,2026/09/24 07:20:03
2026/09/23,PCI,530060,PIPE,0.000,150.888,7.450,158.338,,,VIC,Iona Hub,530016,2026/09/24 07:20:03
2026/09/23,Peat,540065,PROD,0.000,10.422,0.000,0.000,,,QLD,Regional - QLD,590001,2026/09/28 11:30:16
2026/09/23,Pelican Point Power Station,555089,BBGPG,26.451,0.000,0.000,0.000,,,SA,Regional - SA,590013,2026/09/24 07:20:03
2026/09/23,Phosphate Hill,544081,BBLARGE,21.100,0.000,0.000,0.000,,,QLD,Regional - QLD,590001,2026/09/24 12:46:29
2026/09/23,Pipeline Compression Station,544279,COMPRESSOR,0.000,0.000,0.000,0.000,,,QLD,Regional - QLD,590001,2026/09/24 11:13:08
2026/09/23,PVP,580070,PIPE,0.469,0.000,0.534,0.000,,,NT,Regional - NT,590017,2026/09/24 06:41:24
2026/09/23,QCLNG LNG Plant,544272,LNGEXPORT,1448.526,0.000,0.000,0.000,,,QLD,Curtis Island,540030,2026/09/24 10:35:57
2026/09/23,QGP,540058,PIPE,0.000,0.000,23.351,0.000,,,QLD,Wallumbilla Hub,540032,2026/09/24 12:01:06
2026/09/23,QGP,540058,PIPE,125.458,21.601,76.886,0.000,,,QLD,Regional - QLD,590001,2026/09/24 12:01:06
2026/09/23,Quarantine Power Station,555087,BBGPG,3.420,0.000,0.000,0.000,,,SA,Regional - SA,590013,2026/09/24 11:31:05
2026/09/23,Queensland Aluminia,544012,BBLARGE,44.786,0.000,0.000,0.000,,,QLD,Regional - QLD,590001,2026/09/24 12:01:06
2026/09/23,RBP,540057,PIPE,0.000,0.000,9.656,10.300,,,QLD,Wallumbilla Hub,540032,2026/09/24 12:46:29
2026/09/23,RBP,540057,PIPE,8.138,18.736,39.455,3.018,,,QLD,Regional - QLD,590001,2026/09/24 12:46:29
2026/09/23,RBP,540057,PIPE,49.883,0.000,0.000,0.000,,,QLD,Brisbane,590002,2026/09/24 12:46:29
2026/09/23,RCWP,540102,PIPE,0.000,0.000,0.000,47.537,,,QLD,Wallumbilla Hub,540032,2026/09/24 12:46:29
2026/09/23,RCWP,540102,PIPE,0.000,0.000,46.578,0.016,,,QLD,Regional - QLD,590001,2026/09/24 12:46:29
2026/09/23,Reedy Creek,540085,PROD,0.000,183.839,0.000,0.000,,,QLD,Regional - QLD,590001,2026/09/28 11:30:16
2026/09/23,RMNGPF,640011,PROD,0.000,18.490,0.000,0.000,,,QLD,Regional - QLD,590001,2026/09/24 11:19:36
2026/09/23,RNMGP,640012,PIPE,0.000,18.490,0.000,18.490,,,QLD,Regional - QLD,590001,2026/09/24 11:19:36
2026/09/23,RNP,640009,PIPE,0.000,22.635,0.000,22.635,,,QLD,Regional - QLD,590001,2026/09/24 12:01:07
2026/09/23,Rolleston,540073,PROD,0.000,8.492,0.000,0.000,,,QLD,Regional - QLD,590001,2026/09/24 12:01:06
2026/09/23,Roma,540095,PROD,0.000,228.410,0.000,0.000,,,QLD,Regional - QLD,590001,2026/09/24 11:28:12
2026/09/23,Roma North,544260,PROD,0.000,22.635,0.000,0.000,,,QLD,Regional - QLD,590001,2026/09/24 12:01:15
2026/09/23,Roma Power Station,540120,BBGPG,0.000,0.000,0.000,0.000,,,QLD,Regional - QLD,590001,2026/09/24 11:01:57
2026/09/23,Ron Goodin Power Station,580234,BBGPG,0.000,0.000,0.000,0.000,,,NT,Regional - NT,590017,2026/09/24 06:41:24
2026/09/23,RPL,540110,PIPE,0.056,0.000,0.000,0.000,,,QLD,Regional - QLD,590001,2026/09/24 11:01:57
2026/09/23,Ruby Jo,540082,PROD,0.000,418.951,0.000,0.000,,,QLD,Regional - QLD,590001,2026/09/24 10:35:57
2026/09/23,RUGS,540040,STOR,0.000,2.181,0.000,0.000,15124.263,0.000,QLD,Regional - QLD,590001,2026/09/24 11:28:12
2026/09/23,Scotia,540072,PROD,0.000,96.603,0.000,0.000,,,QLD,Regional - QLD,590001,2026/09/24 11:28:12
2026/09/23,SEPS,550061,PIPE,3.047,0.000,3.079,0.000,,,SA,Regional - SA,590013,2026/09/24 11:32:05
2026/09/23,SESA,550060,PIPE,0.000,0.000,10.036,0.000,,,VIC,Regional - VIC,590012,2026/09/24 12:46:29
2026/09/23,SESA,550060,PIPE,7.041,0.000,0.000,3.074,,,SA,Regional - SA,590013,2026/09/24 12:46:29
2026/09/23,Smithfield Energy Facility,522004,BBGPG,0.022,0.000,0.000,0.000,,,NSW,Regional - NSW,590011,2026/09/24 12:08:28
2026/09/23,Snapper Point,555090,BBGPG,0.000,0.000,0.000,0.000,,,SA,Regional - SA,590013,2026/09/24 11:31:05
2026/09/23,Somerton,533174,BBGPG,6.797,0.000,0.000,0.000,,,VIC,Melbourne,590008,2026/09/29 11:00:05
2026/09/23,SPCF,580236,PROD,0.000,24.995,0.000,0.000,,,NT,Regional - NT,590017,2026/09/24 09:45:51
2026/09/23,SPP,580237,PIPE,0.000,24.995,0.000,24.995,,,NT,Regional - NT,590017,2026/09/24 12:46:29
2026/09/23,Spring Gully,540066,PROD,0.000,50.939,0.000,0.000,,,QLD,Regional - QLD,590001,2026/09/28 11:30:16
2026/09/23,SSP,540103,PIPE,0.000,7.420,0.000,7.420,,,QLD,Regional - QLD,590001,2026/09/24 09:55:30
2026/09/23,SSSF,540062,STOR,0.000,6.300,0.000,0.000,8321.362,0.000,QLD,Regional - QLD,590001,2026/09/24 09:55:30
2026/09/23,Strathblane,540067,PROD,0.000,52.244,0.000,0.000,,,QLD,Regional - QLD,590001,2026/09/28 11:30:16
2026/09/23,Swanbank Power Station,544104,BBGPG,0.000,0.000,0.000,0.000,,,QLD,Brisbane,590002,2026/09/24 12:46:29
2026/09/23,SWQP,540060,PIPE,0.000,0.000,168.123,286.347,,,QLD,Wallumbilla Hub,540032,2026/09/24 12:46:29
2026/09/23,SWQP,540060,PIPE,0.000,0.000,0.000,68.641,,,QLD,Ballera,540078,2026/09/24 12:46:29
2026/09/23,SWQP,540060,PIPE,0.000,177.555,35.007,95.480,,,SA,Moomba Hub,550017,2026/09/24 12:46:29
2026/09/23,SWQP,540060,PIPE,0.109,0.000,0.000,0.000,,,QLD,Regional - QLD,590001,2026/09/24 12:46:29
2026/09/23,Talinga,540076,PROD,0.000,86.575,0.000,0.000,,,QLD,Regional - QLD,590001,2026/09/28 11:30:16
2026/09/23,Tallawarra,522002,BBGPG,20.169,0.000,0.000,0.000,,,NSW,Regional - NSW,590011,2026/09/24 11:00:04
2026/09/23,Tallawarra Pipeline,523201,PIPE,20.169,0.000,20.169,0.000,,,NSW,Regional - NSW,590011,2026/09/24 11:00:04
2026/09/23,Taloona,540068,PROD,0.000,39.735,0.000,0.000,,,QLD,Regional - QLD,590001,2026/09/28 11:30:16
2026/09/23,Tanami GP,580210,PIPE,8.211,0.000,8.740,0.000,,,NT,Regional - NT,590017,2026/09/24 12:02:00
2026/09/23,TGP,570050,PIPE,0.000,0.000,85.496,27.346,,,VIC,Longford Hub,530015,2026/09/25 12:01:00
2026/09/23,TGP,570050,PIPE,51.472,0.000,0.000,0.000,,,TAS,Regional - TAS,590014,2026/09/25 12:01:00
2026/09/23,Tipton,540051,PROD,0.000,33.650,0.000,0.000,,,QLD,Regional - QLD,590001,2026/09/24 10:22:15
2026/09/23,Torrens Island PS,555041,BBGPG,35.639,0.000,0.000,0.000,,,SA,Regional - SA,590013,2026/09/24 11:31:05
2026/09/23,Uranquinty Power Station,522047,BBGPG,8.516,0.000,0.000,0.000,,,NSW,Regional - NSW,590011,2026/09/24 12:46:29
2026/09/23,Valley Power GPG,535024,BBGPG,0.016,0.000,0.000,0.000,,,VIC,Gippsland,590009,2026/09/24 11:00:55
2026/09/23,VicHub,532005,PIPE,0.000,0.000,21.768,21.768,,,VIC,Longford Hub,530015,2026/09/24 12:01:18
2026/09/23,Viva Energy Refinery,535018,BBLARGE,7.792,0.000,0.000,0.000,,,VIC,Geelong,590005,2026/09/24 07:30:13
2026/09/23,VTS,530110,PIPE,0.000,393.185,49.127,0.000,,,VIC,Longford Hub,530015,2026/09/29 11:00:05
2026/09/23,VTS,530110,PIPE,2.657,11.939,101.055,0.000,,,VIC,Iona Hub,530016,2026/09/29 11:00:05
2026/09/23,VTS,530110,PIPE,12.978,0.000,0.000,0.000,,,VIC,Western,590004,2026/09/29 11:00:05
2026/09/23,VTS,530110,PIPE,45.919,0.000,0.000,0.000,,,VIC,Geelong,590005,2026/09/29 11:00:05
2026/09/23,VTS,530110,PIPE,24.967,0.000,0.000,0.000,,,VIC,Ballarat,590006,2026/09/29 11:00:05
2026/09/23,VTS,530110,PIPE,43.227,0.000,0.000,0.000,,,VIC,Northern,590007,2026/09/29 11:00:05
2026/09/23,VTS,530110,PIPE,266.564,0.311,0.000,0.000,,,VIC,Melbourne,590008,2026/09/29 11:00:05
2026/09/23,VTS,530110,PIPE,28.732,0.000,17.611,0.000,,,VIC,Gippsland,590009,2026/09/29 11:00:05
2026/09/23,VTS,530110,PIPE,0.000,0.000,0.003,142.535,,,NSW,Culcairn,590016,2026/09/29 11:00:05
2026/09/23,Wallumbilla Compression Station,544280,COMPRESSOR,0.000,0.000,0.000,0.000,,,QLD,Wallumbilla Hub,540032,2026/09/24 11:13:08
2026/09/23,WCFA,540045,COMPRESSOR,0.000,0.000,132.253,132.253,,,QLD,Wallumbilla Hub,540032,2026/09/24 12:46:29
2026/09/23,WCFB,540046,COMPRESSOR,0.000,0.000,154.094,154.094,,,QLD,Wallumbilla Hub,540032,2026/09/24 12:46:29
2026/09/23,Weddell Power Station,580232,BBGPG,13.889,0.000,0.000,0.000,,,NT,Darwin,580001,2026/09/24 12:46:29
2026/09/23,WGP,540091,PIPE,1448.526,0.000,0.000,0.000,,,QLD,Curtis Island,540030,2026/09/24 10:35:57
2026/09/23,WGP,540091,PIPE,0.000,1382.627,56.702,0.000,,,QLD,Regional - QLD,590001,2026/09/24 10:35:57
2026/09/23,Whyalla Steelworks,555085,BBLARGE,5.583,0.000,0.000,0.000,,,SA,Regional - SA,590013,2026/09/24 11:31:05
2026/09/23,Windibri,540069,PROD,0.000,99.004,0.000,0.000,,,QLD,Regional - QLD,590001,2026/09/24 10:35:57
2026/09/23,Woleebee Creek,540087,PROD,0.000,640.448,0.000,0.000,,,QLD,Regional - QLD,590001,2026/09/24 10:35:57
2026/09/23,WPP,580030,PIPE,13.889,3.200,10.674,0.000,,,NT,Darwin,580001,2026/09/24 12:46:29
2026/09/23,Yarwun,544282,BBGPG,53.418,0.000,0.000,0.000,,,QLD,Regional - QLD,590001,2026/09/24 12:01:06
2026/09/23,Yelcherr,580180,PROD,0.000,0.000,0.000,0.000,,,NT,Regional - NT,590017,2026/09/24 12:46:29
2026/09/23,Yellowbank,540074,PROD,0.000,8.859,0.000,0.000,,,QLD,Regional - QLD,590001,2026/09/24 12:01:06
2026/09/24,Adelaide Brighton,555091,BBLARGE,9.098,0.000,0.000,0.000,,,SA,Adelaide,550016,2026/09/25 13:00:00
2026/09/24,AGP,580010,PIPE,27.364,0.000,0.000,7.025,,,NT,Darwin,580001,2026/09/25 12:46:26
2026/09/24,AGP,580010,PIPE,7.207,30.865,25.008,18.735,,,NT,Regional - NT,590017,2026/09/25 12:46:26
2026/09/24,APLNG Pipeline,540093,PIPE,1644.060,0.000,0.000,0.000,,,QLD,Curtis Island,540030,2026/09/29 11:30:13
2026/09/24,APLNG Pipeline,540093,PIPE,0.000,1274.867,536.693,113.105,,,QLD,Regional - QLD,590001,2026/09/29 11:30:13
2026/09/24,Arcadia,540101,PROD,0.000,91.910,0.000,0.000,,,QLD,Regional - QLD,590001,2026/09/25 10:43:31
2026/09/24,ATGP,640013,PIPE,0.000,42.936,0.000,42.936,,,QLD,Regional - QLD,590001,2026/09/25 12:01:13
2026/09/24,ATHENA,535014,PROD,0.000,16.373,0.000,0.000,,,VIC,Iona Hub,530016,2026/09/29 10:23:08
2026/09/24,Atlas,544261,PROD,0.000,42.936,0.000,0.000,,,QLD,Regional - QLD,590001,2026/09/25 12:01:17
2026/09/24,Atlas East Central Processing Facility,640008,PROD,0.000,33.390,0.000,0.000,,,QLD,Regional - QLD,590001,2026/09/25 09:40:28
2026/09/24,Atlas to Reedy Creek Pipeline,640007,PIPE,0.000,33.390,0.000,33.402,,,QLD,Regional - QLD,590001,2026/09/25 12:46:26
2026/09/24,Australia Pacific LNG,544273,LNGEXPORT,1644.060,0.000,0.000,0.000,,,QLD,Curtis Island,540030,2026/09/25 12:00:25
2026/09/24,Australian Paper (Opal),535021,BBLARGE,12.006,0.000,0.000,0.000,,,VIC,Gippsland,590009,2026/09/29 11:00:05
2026/09/24,B1PL,540077,PIPE,1.224,33.745,0.000,30.252,,,QLD,Regional - QLD,590001,2026/09/25 11:00:46
2026/09/24,B2PL,540071,PIPE,0.000,54.382,3.007,58.734,,,QLD,Regional - QLD,590001,2026/09/25 12:30:11
2026/09/24,Bairnsdale Power Station,535020,BBGPG,0.000,0.000,0.000,0.000,,,VIC,Regional - VIC,590012,2026/09/25 11:00:49
2026/09/24,BCF,540047,COMPRESSOR,0.000,0.000,66.100,66.100,,,QLD,Regional - QLD,590001,2026/09/29 10:00:01
2026/09/24,Bell Bay CCGT,577016,BBGPG,26.945,0.000,0.000,0.000,,,TAS,Regional - TAS,590014,2026/09/26 12:01:00
2026/09/24,Bell Bay GGT,577014,BBGPG,1.063,0.000,0.000,0.000,,,TAS,Regional - TAS,590014,2026/09/26 12:01:00
2026/09/24,Bell Bay OCGT,577015,BBGPG,0.379,0.000,0.000,0.000,,,TAS,Regional - TAS,590014,2026/09/26 12:01:00
2026/09/24,Bellevue,540083,PROD,0.000,145.648,0.000,0.000,,,QLD,Regional - QLD,590001,2026/09/25 10:36:01
2026/09/24,BGP,580020,PIPE,0.349,0.000,0.000,0.000,,,NT,Regional - NT,590017,2026/09/25 12:46:26
2026/09/24,BlueScope,523204,BBLARGE,11.118,0.000,0.000,0.000,,,NSW,Sydney,520008,2026/09/25 12:01:05
2026/09/24,Bolivar,555008,BBGPG,0.000,0.000,0.000,0.000,,,SA,Regional - SA,590013,2026/09/25 12:07:50
2026/09/24,Bomaderry Gas Pipeline,523202,PIPE,0.000,0.000,21.443,0.000,,,NSW,Regional - NSW,590011,2026/09/25 12:01:05
2026/09/24,BPP,530030,PIPE,1.780,19.080,0.000,17.291,,,VIC,Gippsland,590009,2026/09/29 11:00:05
2026/09/24,Braemar 2 Power Station,544085,BBGPG,0.000,0.000,0.000,0.000,,,QLD,Regional - QLD,590001,2026/09/25 12:30:11
2026/09/24,Braemar Power Station,544252,BBGPG,1.224,0.000,0.000,0.000,,,QLD,Regional - QLD,590001,2026/09/25 11:00:46
2026/09/24,BWP,540096,PIPE,0.000,0.000,0.000,130.640,,,QLD,Wallumbilla Hub,540032,2026/09/25 12:46:26
2026/09/24,BWP,540096,PIPE,0.000,134.948,0.000,0.000,,,QLD,Regional - QLD,590001,2026/09/25 12:46:26
2026/09/24,CGP,540059,PIPE,0.000,0.000,66.059,0.000,,,QLD,Ballera,540078,2026/09/25 12:46:26
2026/09/24,CGP,540059,PIPE,69.931,0.000,0.000,0.000,,,QLD,Regional - QLD,590001,2026/09/25 12:46:26
2026/09/24,Channel Island Power Station,580231,BBGPG,27.364,0.000,0.000,0.000,,,NT,Darwin,580001,2026/09/25 12:46:26
2026/09/24,Colongra,523120,BBGPG,0.007,0.000,0.000,0.000,,,NSW,Regional - NSW,590011,2026/09/25 12:00:05
2026/09/24,ColongraGP,520090,PIPE,0.000,0.000,0.000,0.000,,,NSW,Sydney,520008,2026/09/25 12:00:05
2026/09/24,ColongraGP,520090,PIPE,0.007,0.000,0.000,0.000,,,NSW,Regional - NSW,590011,2026/09/25 12:00:05
2026/09/24,Combabula,540094,PROD,0.000,287.455,0.000,0.000,,,QLD,Regional - QLD,590001,2026/09/29 11:30:13
2026/09/24,Condabri Central,540080,PROD,0.000,81.885,0.000,0.000,,,QLD,Regional - QLD,590001,2026/09/29 11:30:13
2026/09/24,Condabri North,540090,PROD,0.000,164.203,0.000,0.000,,,QLD,Regional - QLD,590001,2026/09/29 11:30:13
2026/09/24,Condabri South,540086,PROD,0.000,152.779,0.000,0.000,,,QLD,Regional - QLD,590001,2026/09/29 11:30:13
2026/09/24,Condamine Power Station,544274,BBGPG,0.016,0.000,0.000,0.000,,,QLD,Regional - QLD,590001,2026/09/25 10:35:35
2026/09/24,CRWP,540098,PIPE,0.000,0.000,362.312,0.000,,,QLD,Wallumbilla Hub,540032,2026/09/25 10:43:07
2026/09/24,CRWP,540098,PIPE,0.000,232.924,41.151,640.678,,,QLD,Regional - QLD,590001,2026/09/25 10:43:07
2026/09/24,CWP,520054,PIPE,3.327,0.000,3.637,0.000,,,NSW,Regional - NSW,590011,2026/09/25 12:46:26
2026/09/24,Daandine,540050,PROD,0.000,54.407,0.000,0.000,,,QLD,Regional - QLD,590001,2026/09/25 12:30:10
2026/09/24,Dandenong LNG,530038,STOR,0.000,0.423,0.000,0.000,637.806,27.889,VIC,Melbourne,590008,2026/09/25 12:46:26
2026/09/24,DDP,540097,PIPE,0.000,0.000,0.000,115.200,,,QLD,Wallumbilla Hub,540032,2026/09/25 12:01:12
2026/09/24,DDP,540097,PIPE,41.590,583.457,78.912,507.430,,,QLD,Regional - QLD,590001,2026/09/25 12:01:12
2026/09/24,DDPS,544027,BBGPG,41.590,0.000,0.000,0.000,,,QLD,Regional - QLD,590001,2026/09/25 12:01:12
2026/09/24,Diamantina Power Station,544077,BBGPG,35.756,0.000,0.000,0.000,,,QLD,Regional - QLD,590001,2026/09/25 12:46:26
2026/09/24,Dry Creek Power Station,555026,BBGPG,0.000,0.000,0.000,0.000,,,SA,Regional - SA,590013,2026/09/25 11:48:06
2026/09/24,EGP,520047,PIPE,130.160,0.000,0.000,0.000,,,NSW,Sydney,520008,2026/09/25 12:01:05
2026/09/24,EGP,520047,PIPE,7.199,0.000,0.000,0.000,,,NSW,Canberra,520009,2026/09/25 12:01:05
2026/09/24,EGP,520047,PIPE,0.000,237.038,0.000,134.551,,,VIC,Longford Hub,530015,2026/09/25 12:01:05
2026/09/24,EGP,520047,PIPE,5.269,0.000,0.000,21.443,,,NSW,Regional - NSW,590011,2026/09/25 12:01:05
2026/09/24,EGP,520047,PIPE,0.646,70.026,0.000,0.000,,,VIC,Regional - VIC,590012,2026/09/25 12:01:05
2026/09/24,EO4PL,540055,PIPE,0.000,0.000,0.000,0.000,,,QLD,Regional - QLD,590001,2026/09/25 10:36:01
2026/09/24,Eurombah Creek,540089,PROD,0.000,155.174,0.000,0.000,,,QLD,Regional - QLD,590001,2026/09/29 11:30:13
2026/09/24,Fairview,540070,PROD,0.000,285.679,0.000,0.000,,,QLD,Regional - QLD,590001,2026/09/25 10:43:31
2026/09/24,GLNG (Curtis Island),544276,LNGEXPORT,1038.106,0.000,0.000,0.000,,,QLD,Curtis Island,540030,2026/09/25 10:43:07
2026/09/24,GLNG Pipeline,540092,PIPE,1038.106,0.000,0.000,0.000,,,QLD,Curtis Island,540030,2026/09/25 10:43:07
2026/09/24,GLNG Pipeline,540092,PIPE,0.000,421.282,640.678,29.263,,,QLD,Regional - QLD,590001,2026/09/25 10:36:01
2026/09/24,Hallett,555029,BBGPG,1.446,0.000,0.000,0.000,,,SA,Regional - SA,590013,2026/09/25 11:48:06
2026/09/24,Hunter Power Station,523210,BBGPG,0.056,0.000,0.000,0.000,,,NSW,Sydney,520008,2026/09/25 12:46:26
2026/09/24,ICF,530071,COMPRESSOR,0.000,0.000,11.000,11.000,,,VIC,Iona Hub,530016,2026/09/25 08:35:02
2026/09/24,Iona UGS,530042,STOR,71.268,14.966,0.000,0.000,13202.371,0.000,VIC,Iona Hub,530016,2026/09/25 08:30:04
2026/09/24,Jeerelang,533161,BBGPG,0.000,0.000,0.000,0.000,,,VIC,Gippsland,590009,2026/09/29 11:00:05
2026/09/24,Jordan,540088,PROD,0.000,324.684,0.000,0.000,,,QLD,Regional - QLD,590001,2026/09/25 10:36:01
2026/09/24,Katherine Power Station,580233,BBGPG,0.000,0.000,0.000,0.000,,,NT,Regional - NT,590017,2026/09/25 12:46:26
2026/09/24,Kenya,540075,PROD,0.000,120.883,0.000,0.000,,,QLD,Regional - QLD,590001,2026/09/25 10:36:01
2026/09/24,Kincora,544253,PROD,0.000,4.000,0.000,0.000,,,QLD,Regional - QLD,590001,2026/09/25 12:46:26
2026/09/24,KKLP,523209,PIPE,0.056,0.000,0.000,0.000,,,NSW,Sydney,520008,2026/09/25 12:46:26
2026/09/24,Kogan North,540061,PROD,0.000,4.306,0.000,0.000,,,QLD,Regional - QLD,590001,2026/09/25 12:46:26
2026/09/24,Ladbroke Grove PS,555086,BBGPG,7.668,0.000,0.000,0.000,,,SA,Regional - SA,590013,2026/09/25 12:46:26
2026/09/24,Lang Lang,530039,PROD,0.000,19.080,0.000,0.000,,,VIC,Gippsland,590009,2026/09/25 09:30:32
2026/09/24,Laverton,533201,BBGPG,0.000,0.000,0.000,0.000,,,VIC,Geelong,590005,2026/09/29 11:00:05
2026/09/24,Longford,530040,PROD,0.000,625.291,0.000,0.000,,,VIC,Longford Hub,530015,2026/09/25 08:06:34
2026/09/24,Loy Yang B,533163,BBGPG,0.000,0.000,0.000,0.000,,,VIC,Gippsland,590009,2026/09/25 11:00:48
2026/09/24,LYB Transmission Pipeline,535023,PIPE,0.369,0.000,0.372,0.000,,,VIC,Gippsland,590009,2026/09/25 11:00:48
2026/09/24,MAPS,550054,PIPE,22.875,0.000,0.000,0.000,,,SA,Adelaide,550016,2026/09/25 11:48:06
2026/09/24,MAPS,550054,PIPE,0.000,43.934,62.600,0.000,,,SA,Moomba Hub,550017,2026/09/25 11:48:06
2026/09/24,MAPS,550054,PIPE,109.025,0.000,20.000,0.000,,,SA,Regional - SA,590013,2026/09/25 11:48:06
2026/09/24,McArthur River Mine,580220,BBGPG,9.430,0.000,0.000,0.000,,,NT,Regional - NT,590017,2026/09/25 08:51:55
2026/09/24,MCF,550050,COMPRESSOR,0.000,0.000,128.097,128.097,,,SA,Moomba Hub,550017,2026/09/25 12:46:26
2026/09/24,Mereenie,580040,PROD,0.000,25.427,0.000,0.000,,,NT,Regional - NT,590017,2026/09/25 11:09:00
2026/09/24,Meridian,540064,PROD,0.000,47.943,0.000,0.000,,,QLD,Regional - QLD,590001,2026/09/25 09:38:50
2026/09/24,Mintaro Power Station,555031,BBGPG,0.000,0.000,0.000,0.000,,,SA,Regional - SA,590013,2026/09/25 11:48:06
2026/09/24,Moomba,550045,PROD,0.000,223.300,0.000,0.000,,,SA,Moomba Hub,550017,2026/09/29 10:00:01
2026/09/24,Moomba Storage,550046,STOR,0.000,4.700,0.000,0.000,6196.600,0.000,SA,Moomba Hub,550017,2026/09/29 10:00:01
2026/09/24,Mortlake PS,530063,BBGPG,54.124,0.000,0.000,0.000,,,VIC,Regional - VIC,590012,2026/09/25 07:20:00
2026/09/24,MPL,530061,PIPE,0.000,0.000,63.768,0.000,,,VIC,Iona Hub,530016,2026/09/25 07:20:00
2026/09/24,MPL,530061,PIPE,54.124,0.000,0.000,0.000,,,VIC,Regional - VIC,590012,2026/09/25 07:20:00
2026/09/24,MRP,580100,PIPE,9.430,0.000,9.453,0.000,,,NT,Regional - NT,590017,2026/09/25 08:51:55
2026/09/24,MSP,520053,PIPE,97.633,0.000,0.000,0.000,,,NSW,Sydney,520008,2026/09/25 12:46:26
2026/09/24,MSP,520053,PIPE,0.000,0.000,77.983,86.358,,,SA,Moomba Hub,550017,2026/09/25 12:46:26
2026/09/24,MSP,520053,PIPE,29.586,0.000,0.000,3.637,,,NSW,Regional - NSW,590011,2026/09/25 12:46:26
2026/09/24,MSP,520053,PIPE,5.066,0.000,0.000,0.000,,,NSW,Regional - ACT,590015,2026/09/25 12:46:26
2026/09/24,MSP,520053,PIPE,0.000,0.000,165.033,0.000,,,NSW,Culcairn,590016,2026/09/25 12:46:26
2026/09/24,Newport,533171,BBGPG,0.001,0.000,0.000,0.000,,,VIC,Melbourne,590008,2026/09/29 11:00:05
2026/09/24,NGP,580050,PIPE,0.000,0.000,0.000,0.000,,,QLD,Regional - QLD,590001,2026/09/25 12:01:15
2026/09/24,NGP,580050,PIPE,0.000,0.000,0.000,0.000,,,NT,Regional - NT,590017,2026/09/25 12:01:15
2026/09/24,NGS,520060,STOR,13.460,2.993,0.000,0.000,678.916,76.881,NSW,Sydney,520008,2026/09/25 07:14:03
2026/09/24,Oakey PS,544095,BBGPG,1.584,0.000,0.000,0.000,,,QLD,Regional - QLD,590001,2026/09/25 12:46:26
2026/09/24,Orana,540084,PROD,0.000,169.104,0.000,0.000,,,QLD,Regional - QLD,590001,2026/09/29 11:30:13
2026/09/24,Orbost,530041,PROD,0.000,70.026,0.000,0.000,,,VIC,Regional - VIC,590012,2026/09/25 12:01:05
2026/09/24,Orica,544011,BBLARGE,9.908,0.000,0.000,0.000,,,QLD,Regional - QLD,590001,2026/09/25 12:01:09
2026/09/24,Orica (Kooragang Island),523206,BBLARGE,38.845,0.000,0.000,0.000,,,NSW,Sydney,520008,2026/09/25 13:00:00
2026/09/24,Osborne,555033,BBGPG,22.446,0.000,0.000,0.000,,,SA,Regional - SA,590013,2026/09/25 11:48:06
2026/09/24,Otway,530044,PROD,0.000,144.000,0.000,0.000,,,VIC,Iona Hub,530016,2026/09/25 11:56:35
2026/09/24,Owen Springs Power Station,580235,BBGPG,0.096,0.000,0.000,0.000,,,NT,Regional - NT,590017,2026/09/25 06:41:43
2026/09/24,Palm Valley,580060,PROD,0.000,5.438,0.000,0.000,,,NT,Regional - NT,590017,2026/09/25 11:09:00
2026/09/24,PCA,550052,PIPE,0.000,16.550,26.598,1.212,,,VIC,Iona Hub,530016,2026/09/25 07:20:01
2026/09/24,PCA,550052,PIPE,23.340,0.000,0.000,0.000,,,SA,Adelaide,550016,2026/09/25 07:20:01
2026/09/24,PCA,550052,PIPE,0.000,0.000,0.000,14.636,,,VIC,Regional - VIC,590012,2026/09/25 07:20:01
2026/09/24,PCA,550052,PIPE,4.077,0.000,0.000,19.997,,,SA,Regional - SA,590013,2026/09/25 07:20:01
2026/09/24,PCI,530060,PIPE,0.000,158.446,1.212,159.670,,,VIC,Iona Hub,530016,2026/09/25 07:20:01
2026/09/24,Peat,540065,PROD,0.000,11.687,0.000,0.000,,,QLD,Regional - QLD,590001,2026/09/29 11:30:13
2026/09/24,Pelican Point Power Station,555089,BBGPG,29.712,0.000,0.000,0.000,,,SA,Regional - SA,590013,2026/09/25 07:20:01
2026/09/24,Phosphate Hill,544081,BBLARGE,23.648,0.000,0.000,0.000,,,QLD,Regional - QLD,590001,2026/09/25 12:46:26
2026/09/24,Pipeline Compression Station,544279,COMPRESSOR,0.000,0.000,0.000,0.000,,,QLD,Regional - QLD,590001,2026/09/25 10:43:07
2026/09/24,PVP,580070,PIPE,0.468,0.000,0.542,0.000,,,NT,Regional - NT,590017,2026/09/25 06:41:43
2026/09/24,QCLNG LNG Plant,544272,LNGEXPORT,1326.797,0.000,0.000,0.000,,,QLD,Curtis Island,540030,2026/09/25 10:36:01
2026/09/24,QGP,540058,PIPE,0.000,0.000,27.898,0.000,,,QLD,Wallumbilla Hub,540032,2026/09/25 12:01:09
2026/09/24,QGP,540058,PIPE,123.630,23.683,76.887,0.000,,,QLD,Regional - QLD,590001,2026/09/25 12:01:09
2026/09/24,Quarantine Power Station,555087,BBGPG,3.672,0.000,0.000,0.000,,,SA,Regional - SA,590013,2026/09/25 11:48:06
2026/09/24,Queensland Aluminia,544012,BBLARGE,45.761,0.000,0.000,0.000,,,QLD,Regional - QLD,590001,2026/09/25 12:01:09
2026/09/24,RBP,540057,PIPE,0.000,0.000,37.099,20.300,,,QLD,Wallumbilla Hub,540032,2026/09/25 12:46:26
2026/09/24,RBP,540057,PIPE,5.058,36.414,36.577,3.007,,,QLD,Regional - QLD,590001,2026/09/25 12:46:26
2026/09/24,RBP,540057,PIPE,68.553,0.000,0.000,0.000,,,QLD,Brisbane,590002,2026/09/25 12:46:26
2026/09/24,RCWP,540102,PIPE,0.000,0.000,0.000,38.682,,,QLD,Wallumbilla Hub,540032,2026/09/25 12:46:26
2026/09/24,RCWP,540102,PIPE,0.000,0.000,33.402,0.000,,,QLD,Regional - QLD,590001,2026/09/25 12:46:26
2026/09/24,Reedy Creek,540085,PROD,0.000,183.780,0.000,0.000,,,QLD,Regional - QLD,590001,2026/09/29 11:30:13
2026/09/24,RMNGPF,640011,PROD,0.000,18.470,0.000,0.000,,,QLD,Regional - QLD,590001,2026/09/25 09:40:38
2026/09/24,RNMGP,640012,PIPE,0.000,18.470,0.000,18.470,,,QLD,Regional - QLD,590001,2026/09/25 09:40:38
2026/09/24,RNP,640009,PIPE,0.000,22.681,0.000,22.681,,,QLD,Regional - QLD,590001,2026/09/25 12:01:11
2026/09/24,Rolleston,540073,PROD,0.000,8.740,0.000,0.000,,,QLD,Regional - QLD,590001,2026/09/25 12:01:09
2026/09/24,Roma,540095,PROD,0.000,232.924,0.000,0.000,,,QLD,Regional - QLD,590001,2026/09/25 10:43:41
2026/09/24,Roma North,544260,PROD,0.000,22.681,0.000,0.000,,,QLD,Regional - QLD,590001,2026/09/25 12:01:16
2026/09/24,Roma Power Station,540120,BBGPG,0.000,0.000,0.000,0.000,,,QLD,Regional - QLD,590001,2026/09/25 10:57:58
2026/09/24,Ron Goodin Power Station,580234,BBGPG,0.000,0.000,0.000,0.000,,,NT,Regional - NT,590017,2026/09/25 06:41:43
2026/09/24,RPL,540110,PIPE,0.053,0.000,0.000,0.000,,,QLD,Regional - QLD,590001,2026/09/25 10:57:58
2026/09/24,Ruby Jo,540082,PROD,0.000,420.483,0.000,0.000,,,QLD,Regional - QLD,590001,2026/09/25 10:36:01
2026/09/24,RUGS,540040,STOR,1.708,0.000,0.000,0.000,15125.947,0.000,QLD,Regional - QLD,590001,2026/09/25 10:43:41
2026/09/24,Scotia,540072,PROD,0.000,96.389,0.000,0.000,,,QLD,Regional - QLD,590001,2026/09/25 10:43:41
2026/09/24,SEPS,550061,PIPE,6.584,0.000,6.641,0.000,,,SA,Regional - SA,590013,2026/09/25 11:48:07
2026/09/24,SESA,550060,PIPE,0.000,0.000,14.637,0.000,,,VIC,Regional - VIC,590012,2026/09/25 12:46:26
2026/09/24,SESA,550060,PIPE,7.668,0.000,0.000,6.623,,,SA,Regional - SA,590013,2026/09/25 12:46:26
2026/09/24,Smithfield Energy Facility,522004,BBGPG,0.532,0.000,0.000,0.000,,,NSW,Regional - NSW,590011,2026/09/25 12:07:50
2026/09/24,Snapper Point,555090,BBGPG,0.000,0.000,0.000,0.000,,,SA,Regional - SA,590013,2026/09/25 11:48:06
2026/09/24,Somerton,533174,BBGPG,6.020,0.000,0.000,0.000,,,VIC,Melbourne,590008,2026/09/29 11:00:05
2026/09/24,SPCF,580236,PROD,0.000,25.008,0.000,0.000,,,NT,Regional - NT,590017,2026/09/25 09:02:54
2026/09/24,SPP,580237,PIPE,0.000,25.008,0.000,25.008,,,NT,Regional - NT,590017,2026/09/25 12:46:26
2026/09/24,Spring Gully,540066,PROD,0.000,50.963,0.000,0.000,,,QLD,Regional - QLD,590001,2026/09/29 11:30:13
2026/09/24,SSP,540103,PIPE,0.000,7.390,0.000,7.390,,,QLD,Regional - QLD,590001,2026/09/25 09:06:54
2026/09/24,SSSF,540062,STOR,0.000,6.300,0.000,0.000,8313.972,0.000,QLD,Regional - QLD,590001,2026/09/25 09:06:54
2026/09/24,Strathblane,540067,PROD,0.000,52.746,0.000,0.000,,,QLD,Regional - QLD,590001,2026/09/29 11:30:13
2026/09/24,Swanbank Power Station,544104,BBGPG,19.409,0.000,0.000,0.000,,,QLD,Brisbane,590002,2026/09/25 12:46:26
2026/09/24,SWQP,540060,PIPE,0.000,0.000,271.509,393.886,,,QLD,Wallumbilla Hub,540032,2026/09/25 12:46:26
2026/09/24,SWQP,540060,PIPE,0.000,0.000,0.000,71.326,,,QLD,Ballera,540078,2026/09/25 12:46:26
2026/09/24,SWQP,540060,PIPE,0.000,182.323,52.007,106.232,,,SA,Moomba Hub,550017,2026/09/25 12:46:26
2026/09/24,SWQP,540060,PIPE,0.081,0.000,0.000,0.000,,,QLD,Regional - QLD,590001,2026/09/25 12:46:26
2026/09/24,Talinga,540076,PROD,0.000,84.353,0.000,0.000,,,QLD,Regional - QLD,590001,2026/09/29 11:30:13
2026/09/24,Tallawarra,522002,BBGPG,0.000,0.000,0.000,0.000,,,NSW,Regional - NSW,590011,2026/09/25 11:00:10
2026/09/24,Tallawarra Pipeline,523201,PIPE,0.000,0.000,0.000,0.000,,,NSW,Regional - NSW,590011,2026/09/25 11:00:10
2026/09/24,Taloona,540068,PROD,0.000,40.170,0.000,0.000,,,QLD,Regional - QLD,590001,2026/09/29 11:30:13
2026/09/24,Tanami GP,580210,PIPE,8.245,0.000,8.740,0.000,,,NT,Regional - NT,590017,2026/09/25 12:02:00
2026/09/24,TGP,570050,PIPE,0.000,0.000,87.899,41.827,,,VIC,Longford Hub,530015,2026/09/26 12:01:00
2026/09/24,TGP,570050,PIPE,47.839,0.000,0.000,0.000,,,TAS,Regional - TAS,590014,2026/09/26 12:01:00
2026/09/24,Tipton,540051,PROD,0.000,33.745,0.000,0.000,,,QLD,Regional - QLD,590001,2026/09/25 12:30:10
2026/09/24,Torrens Island PS,555041,BBGPG,33.307,0.000,0.000,0.000,,,SA,Regional - SA,590013,2026/09/25 11:48:06
2026/09/24,Uranquinty Power Station,522047,BBGPG,4.588,0.000,0.000,0.000,,,NSW,Regional - NSW,590011,2026/09/25 12:46:26
2026/09/24,Valley Power GPG,535024,BBGPG,0.369,0.000,0.000,0.000,,,VIC,Gippsland,590009,2026/09/25 11:00:48
2026/09/24,VicHub,532005,PIPE,0.000,0.000,46.655,46.655,,,VIC,Longford Hub,530015,2026/09/25 12:01:18
2026/09/24,Viva Energy Refinery,535018,BBLARGE,9.410,0.000,0.000,0.000,,,VIC,Geelong,590005,2026/09/25 07:30:12
2026/09/24,VTS,530110,PIPE,0.000,386.306,88.506,0.000,,,VIC,Longford Hub,530015,2026/09/29 11:00:05
2026/09/24,VTS,530110,PIPE,67.826,0.000,69.228,0.000,,,VIC,Iona Hub,530016,2026/09/29 11:00:05
2026/09/24,VTS,530110,PIPE,12.048,0.000,0.000,0.000,,,VIC,Western,590004,2026/09/29 11:00:05
2026/09/24,VTS,530110,PIPE,38.558,0.000,0.000,0.000,,,VIC,Geelong,590005,2026/09/29 11:00:05
2026/09/24,VTS,530110,PIPE,18.064,0.000,0.000,0.000,,,VIC,Ballarat,590006,2026/09/29 11:00:05
2026/09/24,VTS,530110,PIPE,34.799,0.000,0.000,0.000,,,VIC,Northern,590007,2026/09/29 11:00:05
2026/09/24,VTS,530110,PIPE,191.601,0.294,0.000,0.000,,,VIC,Melbourne,590008,2026/09/29 11:00:05
2026/09/24,VTS,530110,PIPE,24.675,0.000,17.291,0.372,,,VIC,Gippsland,590009,2026/09/29 11:00:05
2026/09/24,VTS,530110,PIPE,0.000,0.000,0.000,165.032,,,NSW,Culcairn,590016,2026/09/29 11:00:05
2026/09/24,Wallumbilla Compression Station,544280,COMPRESSOR,0.000,0.000,0.000,0.000,,,QLD,Wallumbilla Hub,540032,2026/09/25 10:43:07
2026/09/24,WCFA,540045,COMPRESSOR,0.000,0.000,157.350,157.350,,,QLD,Wallumbilla Hub,540032,2026/09/25 12:46:26
2026/09/24,WCFB,540046,COMPRESSOR,0.000,0.000,236.536,236.536,,,QLD,Wallumbilla Hub,540032,2026/09/25 12:46:26
2026/09/24,Weddell Power Station,580232,BBGPG,10.235,0.000,0.000,0.000,,,NT,Darwin,580001,2026/09/25 12:46:26
2026/09/24,WGP,540091,PIPE,1326.797,0.000,0.000,0.000,,,QLD,Curtis Island,540030,2026/09/25 10:36:01
2026/09/24,WGP,540091,PIPE,0.000,1256.686,58.709,0.000,,,QLD,Regional - QLD,590001,2026/09/25 10:36:01
2026/09/24,Whyalla Steelworks,555085,BBLARGE,5.238,0.000,0.000,0.000,,,SA,Regional - SA,590013,2026/09/25 11:48:06
2026/09/24,Windibri,540069,PROD,0.000,96.393,0.000,0.000,,,QLD,Regional - QLD,590001,2026/09/25 10:36:01
2026/09/24,Woleebee Creek,540087,PROD,0.000,640.382,0.000,0.000,,,QLD,Regional - QLD,590001,2026/09/25 10:36:01
2026/09/24,WPP,580030,PIPE,10.235,3.209,7.025,0.000,,,NT,Darwin,580001,2026/09/25 12:46:26
2026/09/24,Yarwun,544282,BBGPG,50.925,0.000,0.000,0.000,,,QLD,Regional - QLD,590001,2026/09/25 12:01:09
2026/09/24,Yelcherr,580180,PROD,0.000,0.000,0.000,0.000,,,NT,Regional - NT,590017,2026/09/25 12:46:26
2026/09/24,Yellowbank,540074,PROD,0.000,10.693,0.000,0.000,,,QLD,Regional - QLD,590001,2026/09/25 12:01:09
2026/09/25,Adelaide Brighton,555091,BBLARGE,9.399,0.000,0.000,0.000,,,SA,Adelaide,550016,2026/09/26 13:00:00
2026/09/25,AGP,580010,PIPE,27.273,0.000,0.000,7.301,,,NT,Darwin,580001,2026/09/26 12:46:26
2026/09/25,AGP,580010,PIPE,7.095,30.665,20.010,18.336,,,NT,Regional - NT,590017,2026/09/26 12:46:26
2026/09/25,APLNG Pipeline,540093,PIPE,1659.006,0.000,0.000,0.000,,,QLD,Curtis Island,540030,2026/09/29 11:30:13
2026/09/25,APLNG Pipeline,540093,PIPE,0.000,1318.036,501.633,149.950,,,QLD,Regional - QLD,590001,2026/09/29 11:30:13
2026/09/25,Arcadia,540101,PROD,0.000,92.021,0.000,0.000,,,QLD,Regional - QLD,590001,2026/09/26 10:46:47
2026/09/25,ATGP,640013,PIPE,0.000,42.895,0.000,42.895,,,QLD,Regional - QLD,590001,2026/09/26 12:01:08
2026/09/25,ATHENA,535014,PROD,0.000,17.012,0.000,0.000,,,VIC,Iona Hub,530016,2026/09/29 10:23:08
2026/09/25,Atlas,544261,PROD,0.000,42.895,0.000,0.000,,,QLD,Regional - QLD,590001,2026/09/26 12:01:12
2026/09/25,Atlas East Central Processing Facility,640008,PROD,0.000,33.240,0.000,0.000,,,QLD,Regional - QLD,590001,2026/09/26 09:11:39
2026/09/25,Atlas to Reedy Creek Pipeline,640007,PIPE,0.000,33.239,0.000,32.902,,,QLD,Regional - QLD,590001,2026/09/26 12:46:26
2026/09/25,Australia Pacific LNG,544273,LNGEXPORT,1659.006,0.000,0.000,0.000,,,QLD,Curtis Island,540030,2026/09/26 12:00:25
2026/09/25,Australian Paper (Opal),535021,BBLARGE,10.831,0.000,0.000,0.000,,,VIC,Gippsland,590009,2026/09/29 11:00:05
2026/09/25,B1PL,540077,PIPE,0.032,33.444,0.000,28.575,,,QLD,Regional - QLD,590001,2026/09/26 11:00:53
2026/09/25,B2PL,540071,PIPE,0.000,54.449,6.009,59.710,,,QLD,Regional - QLD,590001,2026/09/26 12:30:09
2026/09/25,Bairnsdale Power Station,535020,BBGPG,0.000,0.000,0.000,0.000,,,VIC,Regional - VIC,590012,2026/09/26 11:00:54
2026/09/25,BCF,540047,COMPRESSOR,0.000,0.000,70.900,70.900,,,QLD,Regional - QLD,590001,2026/09/29 10:00:01
2026/09/25,Bell Bay CCGT,577016,BBGPG,26.941,0.000,0.000,0.000,,,TAS,Regional - TAS,590014,2026/09/27 12:01:00
2026/09/25,Bell Bay GGT,577014,BBGPG,1.757,0.000,0.000,0.000,,,TAS,Regional - TAS,590014,2026/09/27 12:01:00
2026/09/25,Bell Bay OCGT,577015,BBGPG,0.001,0.000,0.000,0.000,,,TAS,Regional - TAS,590014,2026/09/27 12:01:00
2026/09/25,Bellevue,540083,PROD,0.000,151.016,0.000,0.000,,,QLD,Regional - QLD,590001,2026/09/26 10:36:01
2026/09/25,BGP,580020,PIPE,0.336,0.000,0.000,0.000,,,NT,Regional - NT,590017,2026/09/26 12:46:26
2026/09/25,BlueScope,523204,BBLARGE,10.547,0.000,0.000,0.000,,,NSW,Sydney,520008,2026/09/26 12:01:05
2026/09/25,Bolivar,555008,BBGPG,0.000,0.000,0.000,0.000,,,SA,Regional - SA,590013,2026/09/26 12:09:16
2026/09/25,Bomaderry Gas Pipeline,523202,PIPE,21.978,0.000,21.978,0.000,,,NSW,Regional - NSW,590011,2026/09/26 15:29:30
2026/09/25,BPP,530030,PIPE,1.850,19.360,0.000,17.513,,,VIC,Gippsland,590009,2026/09/29 11:00:05
2026/09/25,Braemar 2 Power Station,544085,BBGPG,0.000,0.000,0.000,0.000,,,QLD,Regional - QLD,590001,2026/09/26 12:30:09
2026/09/25,Braemar Power Station,544252,BBGPG,0.032,0.000,0.000,0.000,,,QLD,Regional - QLD,590001,2026/09/26 11:00:53
2026/09/25,BWP,540096,PIPE,0.000,0.000,0.000,21.856,,,QLD,Wallumbilla Hub,540032,2026/09/26 12:46:26
2026/09/25,BWP,540096,PIPE,0.000,17.354,0.000,0.000,,,QLD,Regional - QLD,590001,2026/09/26 12:46:26
2026/09/25,CGP,540059,PIPE,0.000,0.000,70.855,0.000,,,QLD,Ballera,540078,2026/09/26 12:46:26
2026/09/25,CGP,540059,PIPE,71.461,0.000,0.000,0.000,,,QLD,Regional - QLD,590001,2026/09/26 12:46:26
2026/09/25,Channel Island Power Station,580231,BBGPG,27.273,0.000,0.000,0.000,,,NT,Darwin,580001,2026/09/26 12:46:26
2026/09/25,Colongra,523120,BBGPG,0.000,0.000,0.000,0.000,,,NSW,Regional - NSW,590011,2026/09/26 12:00:05
2026/09/25,ColongraGP,520090,PIPE,0.000,0.000,0.000,0.000,,,NSW,Sydney,520008,2026/09/26 12:00:05
2026/09/25,ColongraGP,520090,PIPE,0.000,0.000,0.000,0.000,,,NSW,Regional - NSW,590011,2026/09/26 12:00:05
2026/09/25,Combabula,540094,PROD,0.000,287.398,0.000,0.000,,,QLD,Regional - QLD,590001,2026/09/29 11:30:13
2026/09/25,Condabri Central,540080,PROD,0.000,125.760,0.000,0.000,,,QLD,Regional - QLD,590001,2026/09/29 11:30:13
2026/09/25,Condabri North,540090,PROD,0.000,164.942,0.000,0.000,,,QLD,Regional - QLD,590001,2026/09/29 11:30:13
2026/09/25,Condabri South,540086,PROD,0.000,149.778,0.000,0.000,,,QLD,Regional - QLD,590001,2026/09/29 11:30:13
2026/09/25,Condamine Power Station,544274,BBGPG,0.002,0.000,0.000,0.000,,,QLD,Regional - QLD,590001,2026/09/26 10:35:47
2026/09/25,CRWP,540098,PIPE,0.000,0.000,315.259,0.000,,,QLD,Wallumbilla Hub,540032,2026/09/26 10:46:00
2026/09/25,CRWP,540098,PIPE,0.000,228.862,38.031,588.324,,,QLD,Regional - QLD,590001,2026/09/26 10:46:00
2026/09/25,CWP,520054,PIPE,2.474,0.000,1.485,0.000,,,NSW,Regional - NSW,590011,2026/09/26 12:46:26
2026/09/25,Daandine,540050,PROD,0.000,54.463,0.000,0.000,,,QLD,Regional - QLD,590001,2026/09/26 12:30:09
2026/09/25,Dandenong LNG,530038,STOR,0.000,0.285,0.000,0.000,637.580,27.889,VIC,Melbourne,590008,2026/09/26 12:46:26
2026/09/25,DDP,540097,PIPE,0.000,0.000,0.000,132.259,,,QLD,Wallumbilla Hub,540032,2026/09/26 12:01:07
2026/09/25,DDP,540097,PIPE,16.231,568.125,74.905,496.324,,,QLD,Regional - QLD,590001,2026/09/26 12:01:07
2026/09/25,DDPS,544027,BBGPG,16.231,0.000,0.000,0.000,,,QLD,Regional - QLD,590001,2026/09/26 12:01:07
2026/09/25,Diamantina Power Station,544077,BBGPG,36.130,0.000,0.000,0.000,,,QLD,Regional - QLD,590001,2026/09/26 12:46:26
2026/09/25,Dry Creek Power Station,555026,BBGPG,0.000,0.000,0.000,0.000,,,SA,Regional - SA,590013,2026/09/26 11:31:05
2026/09/25,EGP,520047,PIPE,130.494,0.000,0.000,0.000,,,NSW,Sydney,520008,2026/09/26 12:01:05
2026/09/25,EGP,520047,PIPE,5.703,0.000,0.000,0.000,,,NSW,Canberra,520009,2026/09/26 12:01:05
2026/09/25,EGP,520047,PIPE,0.000,217.565,0.000,115.099,,,VIC,Longford Hub,530015,2026/09/26 12:01:05
2026/09/25,EGP,520047,PIPE,4.347,0.000,0.000,21.978,,,NSW,Regional - NSW,590011,2026/09/26 12:01:05
2026/09/25,EGP,520047,PIPE,0.406,69.985,0.000,0.000,,,VIC,Regional - VIC,590012,2026/09/26 12:01:05
2026/09/25,EO4PL,540055,PIPE,0.000,0.000,0.000,0.000,,,QLD,Regional - QLD,590001,2026/09/26 10:36:01
2026/09/25,Eurombah Creek,540089,PROD,0.000,154.458,0.000,0.000,,,QLD,Regional - QLD,590001,2026/09/29 11:30:13
2026/09/25,Fairview,540070,PROD,0.000,284.379,0.000,0.000,,,QLD,Regional - QLD,590001,2026/09/26 10:46:47
2026/09/25,GLNG (Curtis Island),544276,LNGEXPORT,1003.365,0.000,0.000,0.000,,,QLD,Curtis Island,540030,2026/09/26 10:46:00
2026/09/25,GLNG Pipeline,540092,PIPE,1003.365,0.000,0.000,0.000,,,QLD,Curtis Island,540030,2026/09/26 10:46:00
2026/09/25,GLNG Pipeline,540092,PIPE,0.000,421.489,588.390,5.375,,,QLD,Regional - QLD,590001,2026/09/26 10:36:01
2026/09/25,Hallett,555029,BBGPG,1.068,0.000,0.000,0.000,,,SA,Regional - SA,590013,2026/09/26 11:31:05
2026/09/25,Hunter Power Station,523210,BBGPG,0.001,0.000,0.000,0.000,,,NSW,Sydney,520008,2026/09/26 12:46:26
2026/09/25,ICF,530071,COMPRESSOR,0.000,0.000,11.000,11.000,,,VIC,Iona Hub,530016,2026/09/26 08:35:04
2026/09/25,Iona UGS,530042,STOR,107.589,19.502,0.000,0.000,13290.458,0.000,VIC,Iona Hub,530016,2026/09/26 08:30:03
2026/09/25,Jeerelang,533161,BBGPG,0.000,0.000,0.000,0.000,,,VIC,Gippsland,590009,2026/09/29 11:00:05
2026/09/25,Jordan,540088,PROD,0.000,335.838,0.000,0.000,,,QLD,Regional - QLD,590001,2026/09/26 10:36:01
2026/09/25,Katherine Power Station,580233,BBGPG,0.000,0.000,0.000,0.000,,,NT,Regional - NT,590017,2026/09/26 12:46:26
2026/09/25,Kenya,540075,PROD,0.000,120.507,0.000,0.000,,,QLD,Regional - QLD,590001,2026/09/26 10:36:01
2026/09/25,Kincora,544253,PROD,0.000,4.000,0.000,0.000,,,QLD,Regional - QLD,590001,2026/09/26 12:46:26
2026/09/25,KKLP,523209,PIPE,0.001,0.000,0.000,0.000,,,NSW,Sydney,520008,2026/09/26 12:46:26
2026/09/25,Kogan North,540061,PROD,0.000,4.317,0.000,0.000,,,QLD,Regional - QLD,590001,2026/09/26 12:46:26
2026/09/25,Ladbroke Grove PS,555086,BBGPG,8.792,0.000,0.000,0.000,,,SA,Regional - SA,590013,2026/09/26 12:46:26
2026/09/25,Lang Lang,530039,PROD,0.000,19.360,0.000,0.000,,,VIC,Gippsland,590009,2026/09/26 10:09:39
2026/09/25,Laverton,533201,BBGPG,0.000,0.000,0.000,0.000,,,VIC,Geelong,590005,2026/09/29 11:00:05
2026/09/25,Longford,530040,PROD,0.000,620.792,0.000,0.000,,,VIC,Longford Hub,530015,2026/09/26 08:01:33
2026/09/25,Loy Yang B,533163,BBGPG,0.000,0.000,0.000,0.000,,,VIC,Gippsland,590009,2026/09/26 11:00:47
2026/09/25,LYB Transmission Pipeline,535023,PIPE,0.005,0.000,0.004,0.000,,,VIC,Gippsland,590009,2026/09/26 11:00:47
2026/09/25,MAPS,550054,PIPE,18.007,0.000,0.000,0.000,,,SA,Adelaide,550016,2026/09/26 11:31:05
2026/09/25,MAPS,550054,PIPE,0.000,41.627,66.778,0.000,,,SA,Moomba Hub,550017,2026/09/26 11:31:05
2026/09/25,MAPS,550054,PIPE,103.100,0.000,15.000,0.000,,,SA,Regional - SA,590013,2026/09/26 11:31:05
2026/09/25,McArthur River Mine,580220,BBGPG,9.032,0.000,0.000,0.000,,,NT,Regional - NT,590017,2026/09/26 10:12:00
2026/09/25,MCF,550050,COMPRESSOR,0.000,0.000,218.198,218.198,,,SA,Moomba Hub,550017,2026/09/26 12:46:26
2026/09/25,Mereenie,580040,PROD,0.000,25.193,0.000,0.000,,,NT,Regional - NT,590017,2026/09/26 11:09:33
2026/09/25,Meridian,540064,PROD,0.000,49.339,0.000,0.000,,,QLD,Regional - QLD,590001,2026/09/26 09:39:00
2026/09/25,Mintaro Power Station,555031,BBGPG,0.000,0.000,0.000,0.000,,,SA,Regional - SA,590013,2026/09/26 11:31:05
2026/09/25,Moomba,550045,PROD,0.000,225.400,0.000,0.000,,,SA,Moomba Hub,550017,2026/09/29 10:00:01
2026/09/25,Moomba Storage,550046,STOR,0.000,4.600,0.000,0.000,6192.100,0.000,SA,Moomba Hub,550017,2026/09/29 10:00:01
2026/09/25,Mortlake PS,530063,BBGPG,46.980,0.000,0.000,0.000,,,VIC,Regional - VIC,590012,2026/09/26 07:20:00
2026/09/25,MPL,530061,PIPE,0.000,0.000,48.164,0.000,,,VIC,Iona Hub,530016,2026/09/26 07:20:00
2026/09/25,MPL,530061,PIPE,46.980,0.000,0.000,0.000,,,VIC,Regional - VIC,590012,2026/09/26 07:20:00
2026/09/25,MRP,580100,PIPE,9.032,0.000,9.047,0.000,,,NT,Regional - NT,590017,2026/09/26 10:12:00
2026/09/25,MSP,520053,PIPE,77.432,0.000,0.000,0.000,,,NSW,Sydney,520008,2026/09/26 12:46:26
2026/09/25,MSP,520053,PIPE,0.000,0.000,49.109,147.255,,,SA,Moomba Hub,550017,2026/09/26 12:46:26
2026/09/25,MSP,520053,PIPE,22.639,0.000,0.000,1.485,,,NSW,Regional - NSW,590011,2026/09/26 12:46:26
2026/09/25,MSP,520053,PIPE,4.012,0.000,0.000,0.000,,,NSW,Regional - ACT,590015,2026/09/26 12:46:26
2026/09/25,MSP,520053,PIPE,0.000,0.000,191.540,0.000,,,NSW,Culcairn,590016,2026/09/26 12:46:26
2026/09/25,Newport,533171,BBGPG,0.001,0.000,0.000,0.000,,,VIC,Melbourne,590008,2026/09/29 11:00:05
2026/09/25,NGP,580050,PIPE,0.000,0.000,0.000,0.000,,,QLD,Regional - QLD,590001,2026/09/26 12:02:06
2026/09/25,NGP,580050,PIPE,0.000,0.000,0.000,0.000,,,NT,Regional - NT,590017,2026/09/26 12:02:06
2026/09/25,NGS,520060,STOR,12.890,2.663,0.000,0.000,688.792,76.881,NSW,Sydney,520008,2026/09/26 08:05:54
2026/09/25,Oakey PS,544095,BBGPG,0.000,0.000,0.000,0.000,,,QLD,Regional - QLD,590001,2026/09/26 12:46:26
2026/09/25,Orana,540084,PROD,0.000,168.997,0.000,0.000,,,QLD,Regional - QLD,590001,2026/09/29 11:30:13
2026/09/25,Orbost,530041,PROD,0.000,69.985,0.000,0.000,,,VIC,Regional - VIC,590012,2026/09/26 12:01:05
2026/09/25,Orica,544011,BBLARGE,9.146,0.000,0.000,0.000,,,QLD,Regional - QLD,590001,2026/09/26 12:02:05
2026/09/25,Orica (Kooragang Island),523206,BBLARGE,37.656,0.000,0.000,0.000,,,NSW,Sydney,520008,2026/09/26 13:00:00
2026/09/25,Osborne,555033,BBGPG,23.831,0.000,0.000,0.000,,,SA,Regional - SA,590013,2026/09/26 11:31:05
2026/09/25,Otway,530044,PROD,0.000,131.000,0.000,0.000,,,VIC,Iona Hub,530016,2026/09/26 11:42:00
2026/09/25,Owen Springs Power Station,580235,BBGPG,0.092,0.000,0.000,0.000,,,NT,Regional - NT,590017,2026/09/26 06:41:29
2026/09/25,Palm Valley,580060,PROD,0.000,5.472,0.000,0.000,,,NT,Regional - NT,590017,2026/09/26 11:09:33
2026/09/25,PCA,550052,PIPE,0.000,16.789,31.670,0.330,,,VIC,Iona Hub,530016,2026/09/26 07:20:01
2026/09/25,PCA,550052,PIPE,25.958,0.000,0.000,0.000,,,SA,Adelaide,550016,2026/09/26 07:20:01
2026/09/25,PCA,550052,PIPE,0.000,0.000,0.000,13.849,,,VIC,Regional - VIC,590012,2026/09/26 07:20:01
2026/09/25,PCA,550052,PIPE,2.775,0.000,0.000,15.000,,,SA,Regional - SA,590013,2026/09/26 07:20:01
2026/09/25,PCI,530060,PIPE,0.000,128.042,0.330,128.372,,,VIC,Iona Hub,530016,2026/09/26 07:20:02
2026/09/25,Peat,540065,PROD,0.000,11.693,0.000,0.000,,,QLD,Regional - QLD,590001,2026/09/29 11:30:13
2026/09/25,Pelican Point Power Station,555089,BBGPG,25.451,0.000,0.000,0.000,,,SA,Regional - SA,590013,2026/09/26 07:20:01
2026/09/25,Phosphate Hill,544081,BBLARGE,24.388,0.000,0.000,0.000,,,QLD,Regional - QLD,590001,2026/09/26 12:46:26
2026/09/25,Pipeline Compression Station,544279,COMPRESSOR,0.000,0.000,0.000,0.000,,,QLD,Regional - QLD,590001,2026/09/26 10:46:00
2026/09/25,PVP,580070,PIPE,0.478,0.000,0.549,0.000,,,NT,Regional - NT,590017,2026/09/26 06:41:29
2026/09/25,QCLNG LNG Plant,544272,LNGEXPORT,1447.999,0.000,0.000,0.000,,,QLD,Curtis Island,540030,2026/09/26 10:36:01
2026/09/25,QGP,540058,PIPE,0.000,0.000,22.892,0.000,,,QLD,Wallumbilla Hub,540032,2026/09/26 12:02:05
2026/09/25,QGP,540058,PIPE,121.819,23.264,76.886,0.000,,,QLD,Regional - QLD,590001,2026/09/26 12:02:05
2026/09/25,Quarantine Power Station,555087,BBGPG,2.396,0.000,0.000,0.000,,,SA,Regional - SA,590013,2026/09/26 11:31:05
2026/09/25,Queensland Aluminia,544012,BBLARGE,44.267,0.000,0.000,0.000,,,QLD,Regional - QLD,590001,2026/09/26 12:02:05
2026/09/25,RBP,540057,PIPE,0.000,0.000,3.647,10.339,,,QLD,Wallumbilla Hub,540032,2026/09/26 12:46:26
2026/09/25,RBP,540057,PIPE,3.088,20.010,34.890,6.009,,,QLD,Regional - QLD,590001,2026/09/26 12:46:26
2026/09/25,RBP,540057,PIPE,47.330,0.000,0.000,0.000,,,QLD,Brisbane,590002,2026/09/26 12:46:26
2026/09/25,RCWP,540102,PIPE,0.000,0.000,0.000,70.435,,,QLD,Wallumbilla Hub,540032,2026/09/26 12:46:26
2026/09/25,RCWP,540102,PIPE,0.000,0.000,74.008,0.000,,,QLD,Regional - QLD,590001,2026/09/26 12:46:26
2026/09/25,Reedy Creek,540085,PROD,0.000,183.470,0.000,0.000,,,QLD,Regional - QLD,590001,2026/09/29 11:30:13
2026/09/25,RMNGPF,640011,PROD,0.000,18.610,0.000,0.000,,,QLD,Regional - QLD,590001,2026/09/26 09:11:28
2026/09/25,RNMGP,640012,PIPE,0.000,18.610,0.000,18.610,,,QLD,Regional - QLD,590001,2026/09/26 09:11:28
2026/09/25,RNP,640009,PIPE,0.000,19.421,0.000,19.421,,,QLD,Regional - QLD,590001,2026/09/26 12:01:06
2026/09/25,Rolleston,540073,PROD,0.000,8.970,0.000,0.000,,,QLD,Regional - QLD,590001,2026/09/26 12:02:05
2026/09/25,Roma,540095,PROD,0.000,228.862,0.000,0.000,,,QLD,Regional - QLD,590001,2026/09/26 10:48:20
2026/09/25,Roma North,544260,PROD,0.000,19.421,0.000,0.000,,,QLD,Regional - QLD,590001,2026/09/26 12:01:11
2026/09/25,Roma Power Station,540120,BBGPG,0.000,0.000,0.000,0.000,,,QLD,Regional - QLD,590001,2026/09/26 11:26:58
2026/09/25,Ron Goodin Power Station,580234,BBGPG,0.000,0.000,0.000,0.000,,,NT,Regional - NT,590017,2026/09/26 06:41:29
2026/09/25,RPL,540110,PIPE,0.050,0.000,0.000,0.000,,,QLD,Regional - QLD,590001,2026/09/26 11:26:58
2026/09/25,Ruby Jo,540082,PROD,0.000,419.055,0.000,0.000,,,QLD,Regional - QLD,590001,2026/09/26 10:36:01
2026/09/25,RUGS,540040,STOR,0.000,0.000,0.000,0.000,15125.947,0.000,QLD,Regional - QLD,590001,2026/09/26 10:48:20
2026/09/25,Scotia,540072,PROD,0.000,98.146,0.000,0.000,,,QLD,Regional - QLD,590001,2026/09/26 10:48:20
2026/09/25,SEPS,550061,PIPE,4.740,0.000,4.802,0.000,,,SA,Regional - SA,590013,2026/09/26 11:32:05
2026/09/25,SESA,550060,PIPE,0.000,0.000,13.848,0.000,,,VIC,Regional - VIC,590012,2026/09/26 12:46:26
2026/09/25,SESA,550060,PIPE,8.792,0.000,0.000,4.819,,,SA,Regional - SA,590013,2026/09/26 12:46:26
2026/09/25,Shoalhaven Starches Cogeneration Plant,523203,BBLARGE,21.978,0.000,0.000,0.000,,,NSW,Regional - NSW,590011,2026/09/26 15:29:30
2026/09/25,Smithfield Energy Facility,522004,BBGPG,0.000,0.000,0.000,0.000,,,NSW,Regional - NSW,590011,2026/09/26 12:09:16
2026/09/25,Snapper Point,555090,BBGPG,0.000,0.000,0.000,0.000,,,SA,Regional - SA,590013,2026/09/26 11:31:05
2026/09/25,Somerton,533174,BBGPG,2.073,0.000,0.000,0.000,,,VIC,Melbourne,590008,2026/09/29 11:00:05
2026/09/25,SPCF,580236,PROD,0.000,20.010,0.000,0.000,,,NT,Regional - NT,590017,2026/09/26 09:27:09
2026/09/25,SPP,580237,PIPE,0.000,20.010,0.000,20.010,,,NT,Regional - NT,590017,2026/09/26 12:46:26
2026/09/25,Spring Gully,540066,PROD,0.000,54.460,0.000,0.000,,,QLD,Regional - QLD,590001,2026/09/29 11:30:13
2026/09/25,SSP,540103,PIPE,0.000,6.300,0.000,6.300,,,QLD,Regional - QLD,590001,2026/09/26 09:01:59
2026/09/25,SSSF,540062,STOR,0.000,7.410,0.000,0.000,8306.562,0.000,QLD,Regional - QLD,590001,2026/09/26 09:01:59
2026/09/25,Strathblane,540067,PROD,0.000,50.695,0.000,0.000,,,QLD,Regional - QLD,590001,2026/09/29 11:30:13
2026/09/25,Swanbank Power Station,544104,BBGPG,0.000,0.000,0.000,0.000,,,QLD,Brisbane,590002,2026/09/26 12:46:26
2026/09/25,SWQP,540060,PIPE,0.000,0.000,200.578,307.377,,,QLD,Wallumbilla Hub,540032,2026/09/26 12:46:26
2026/09/25,SWQP,540060,PIPE,0.000,0.000,0.000,75.239,,,QLD,Ballera,540078,2026/09/26 12:46:26
2026/09/25,SWQP,540060,PIPE,0.000,186.829,105.380,74.012,,,SA,Moomba Hub,550017,2026/09/26 12:46:26
2026/09/25,SWQP,540060,PIPE,0.139,0.000,0.000,0.000,,,QLD,Regional - QLD,590001,2026/09/26 12:46:26
2026/09/25,Talinga,540076,PROD,0.000,83.865,0.000,0.000,,,QLD,Regional - QLD,590001,2026/09/29 11:30:13
2026/09/25,Tallawarra,522002,BBGPG,0.000,0.000,0.000,0.000,,,NSW,Regional - NSW,590011,2026/09/26 11:00:10
2026/09/25,Tallawarra Pipeline,523201,PIPE,0.000,0.000,0.000,0.000,,,NSW,Regional - NSW,590011,2026/09/26 11:00:10
2026/09/25,Taloona,540068,PROD,0.000,40.106,0.000,0.000,,,QLD,Regional - QLD,590001,2026/09/29 11:30:13
2026/09/25,Tanami GP,580210,PIPE,7.200,0.000,8.740,0.000,,,NT,Regional - NT,590017,2026/09/26 12:02:00
2026/09/25,TGP,570050,PIPE,0.000,0.000,89.478,47.529,,,VIC,Longford Hub,530015,2026/09/27 12:01:00
2026/09/25,TGP,570050,PIPE,47.167,0.000,0.000,0.000,,,TAS,Regional - TAS,590014,2026/09/27 12:01:00
2026/09/25,Tipton,540051,PROD,0.000,33.444,0.000,0.000,,,QLD,Regional - QLD,590001,2026/09/26 12:30:09
2026/09/25,Torrens Island PS,555041,BBGPG,32.067,0.000,0.000,0.000,,,SA,Regional - SA,590013,2026/09/26 11:31:05
2026/09/25,Uranquinty Power Station,522047,BBGPG,0.000,0.000,0.000,0.000,,,NSW,Regional - NSW,590011,2026/09/26 12:46:26
2026/09/25,Valley Power GPG,535024,BBGPG,0.005,0.000,0.000,0.000,,,VIC,Gippsland,590009,2026/09/26 11:00:47
2026/09/25,VicHub,532005,PIPE,0.000,0.000,25.624,25.624,,,VIC,Longford Hub,530015,2026/09/26 12:02:07
2026/09/25,Viva Energy Refinery,535018,BBLARGE,9.584,0.000,0.000,0.000,,,VIC,Geelong,590005,2026/09/26 07:30:13
2026/09/25,VTS,530110,PIPE,0.000,401.495,73.172,0.000,,,VIC,Longford Hub,530015,2026/09/29 11:00:05
2026/09/25,VTS,530110,PIPE,99.925,0.000,48.508,0.000,,,VIC,Iona Hub,530016,2026/09/29 11:00:05
2026/09/25,VTS,530110,PIPE,11.480,0.000,0.000,0.000,,,VIC,Western,590004,2026/09/29 11:00:05
2026/09/25,VTS,530110,PIPE,35.335,0.000,0.000,0.000,,,VIC,Geelong,590005,2026/09/29 11:00:05
2026/09/25,VTS,530110,PIPE,14.932,0.000,0.000,0.000,,,VIC,Ballarat,590006,2026/09/29 11:00:05
2026/09/25,VTS,530110,PIPE,25.639,0.000,0.000,0.000,,,VIC,Northern,590007,2026/09/29 11:00:05
2026/09/25,VTS,530110,PIPE,145.640,0.149,0.000,0.000,,,VIC,Melbourne,590008,2026/09/29 11:00:05
2026/09/25,VTS,530110,PIPE,21.210,0.000,17.513,0.004,,,VIC,Gippsland,590009,2026/09/29 11:00:05
2026/09/25,VTS,530110,PIPE,0.000,0.000,0.000,191.538,,,NSW,Culcairn,590016,2026/09/29 11:00:05
2026/09/25,Wallumbilla Compression Station,544280,COMPRESSOR,0.000,0.000,0.000,0.000,,,QLD,Wallumbilla Hub,540032,2026/09/26 10:46:00
2026/09/25,WCFA,540045,COMPRESSOR,0.000,0.000,122.590,122.590,,,QLD,Wallumbilla Hub,540032,2026/09/26 12:46:26
2026/09/25,WCFB,540046,COMPRESSOR,0.000,0.000,184.788,184.788,,,QLD,Wallumbilla Hub,540032,2026/09/26 12:46:26
2026/09/25,Weddell Power Station,580232,BBGPG,10.505,0.000,0.000,0.000,,,NT,Darwin,580001,2026/09/26 12:46:26
2026/09/25,WGP,540091,PIPE,1447.999,0.000,0.000,0.000,,,QLD,Curtis Island,540030,2026/09/26 10:36:01
2026/09/25,WGP,540091,PIPE,0.000,1412.215,59.695,0.000,,,QLD,Regional - QLD,590001,2026/09/26 10:36:01
2026/09/25,Whyalla Steelworks,555085,BBLARGE,5.735,0.000,0.000,0.000,,,SA,Regional - SA,590013,2026/09/26 11:31:05
2026/09/25,Windibri,540069,PROD,0.000,86.891,0.000,0.000,,,QLD,Regional - QLD,590001,2026/09/26 10:36:01
2026/09/25,Woleebee Creek,540087,PROD,0.000,640.327,0.000,0.000,,,QLD,Regional - QLD,590001,2026/09/26 10:36:01
2026/09/25,WPP,580030,PIPE,10.505,3.201,7.301,0.000,,,NT,Darwin,580001,2026/09/26 12:46:26
2026/09/25,Yarwun,544282,BBGPG,50.905,0.000,0.000,0.000,,,QLD,Regional - QLD,590001,2026/09/26 12:02:05
2026/09/25,Yelcherr,580180,PROD,0.000,0.000,0.000,0.000,,,NT,Regional - NT,590017,2026/09/26 12:46:26
2026/09/25,Yellowbank,540074,PROD,0.000,10.044,0.000,0.000,,,QLD,Regional - QLD,590001,2026/09/26 12:02:05
2026/09/26,Adelaide Brighton,555091,BBLARGE,8.417,0.000,0.000,0.000,,,SA,Adelaide,550016,2026/09/28 13:00:01
2026/09/26,AGP,580010,PIPE,25.266,0.000,0.000,6.754,,,NT,Darwin,580001,2026/09/27 12:46:26
2026/09/26,AGP,580010,PIPE,6.908,31.016,25.022,18.355,,,NT,Regional - NT,590017,2026/09/27 12:46:26
2026/09/26,APLNG Pipeline,540093,PIPE,1650.318,0.000,0.000,0.000,,,QLD,Curtis Island,540030,2026/09/29 11:30:13
2026/09/26,APLNG Pipeline,540093,PIPE,0.000,1337.842,501.193,146.750,,,QLD,Regional - QLD,590001,2026/09/29 11:30:13
2026/09/26,Arcadia,540101,PROD,0.000,93.157,0.000,0.000,,,QLD,Regional - QLD,590001,2026/09/27 09:05:13
2026/09/26,ATGP,640013,PIPE,0.000,43.101,0.000,43.101,,,QLD,Regional - QLD,590001,2026/09/27 12:01:09
2026/09/26,ATHENA,535014,PROD,0.000,15.451,0.000,0.000,,,VIC,Iona Hub,530016,2026/09/29 10:23:08
2026/09/26,Atlas,544261,PROD,0.000,43.101,0.000,0.000,,,QLD,Regional - QLD,590001,2026/09/27 12:01:14
2026/09/26,Atlas East Central Processing Facility,640008,PROD,0.000,33.130,0.000,0.000,,,QLD,Regional - QLD,590001,2026/09/27 08:38:17
2026/09/26,Atlas to Reedy Creek Pipeline,640007,PIPE,0.000,33.124,0.000,33.400,,,QLD,Regional - QLD,590001,2026/09/27 12:46:26
2026/09/26,Australia Pacific LNG,544273,LNGEXPORT,1650.318,0.000,0.000,0.000,,,QLD,Curtis Island,540030,2026/09/27 12:00:26
2026/09/26,Australian Paper (Opal),535021,BBLARGE,12.084,0.000,0.000,0.000,,,VIC,Gippsland,590009,2026/09/29 11:00:05
2026/09/26,B1PL,540077,PIPE,0.032,36.780,0.000,32.422,,,QLD,Regional - QLD,590001,2026/09/27 11:00:51
2026/09/26,B2PL,540071,PIPE,0.000,54.393,4.008,59.715,,,QLD,Regional - QLD,590001,2026/09/27 12:30:06
2026/09/26,Bairnsdale Power Station,535020,BBGPG,0.000,0.000,0.000,0.000,,,VIC,Regional - VIC,590012,2026/09/27 11:00:55
2026/09/26,BCF,540047,COMPRESSOR,0.000,0.000,65.800,65.800,,,QLD,Regional - QLD,590001,2026/09/29 10:00:01
2026/09/26,Bell Bay CCGT,577016,BBGPG,27.087,0.000,0.000,0.000,,,TAS,Regional - TAS,590014,2026/09/28 12:01:19
2026/09/26,Bell Bay GGT,577014,BBGPG,0.430,0.000,0.000,0.000,,,TAS,Regional - TAS,590014,2026/09/28 12:01:19
2026/09/26,Bell Bay OCGT,577015,BBGPG,0.000,0.000,0.000,0.000,,,TAS,Regional - TAS,590014,2026/09/28 12:01:19
2026/09/26,Bellevue,540083,PROD,0.000,148.496,0.000,0.000,,,QLD,Regional - QLD,590001,2026/09/27 10:35:56
2026/09/26,BGP,580020,PIPE,0.313,0.000,0.000,0.000,,,NT,Regional - NT,590017,2026/09/27 12:46:26
2026/09/26,BlueScope,523204,BBLARGE,10.795,0.000,0.000,0.000,,,NSW,Sydney,520008,2026/09/27 12:01:05
2026/09/26,Bolivar,555008,BBGPG,0.000,0.000,0.000,0.000,,,SA,Regional - SA,590013,2026/09/27 12:06:56
2026/09/26,Bomaderry Gas Pipeline,523202,PIPE,21.747,0.000,21.747,0.000,,,NSW,Regional - NSW,590011,2026/09/27 15:48:55
2026/09/26,BPP,530030,PIPE,2.560,19.480,0.000,16.925,,,VIC,Gippsland,590009,2026/09/29 11:00:05
2026/09/26,Braemar 2 Power Station,544085,BBGPG,0.000,0.000,0.000,0.000,,,QLD,Regional - QLD,590001,2026/09/27 12:30:06
2026/09/26,Braemar Power Station,544252,BBGPG,0.032,0.000,0.000,0.000,,,QLD,Regional - QLD,590001,2026/09/27 11:00:51
2026/09/26,BWP,540096,PIPE,0.000,0.000,0.000,15.370,,,QLD,Wallumbilla Hub,540032,2026/09/27 12:46:26
2026/09/26,BWP,540096,PIPE,0.000,14.647,0.000,0.000,,,QLD,Regional - QLD,590001,2026/09/27 12:46:26
2026/09/26,CGP,540059,PIPE,0.000,0.000,65.841,0.000,,,QLD,Ballera,540078,2026/09/27 12:46:26
2026/09/26,CGP,540059,PIPE,71.905,0.000,0.000,0.000,,,QLD,Regional - QLD,590001,2026/09/27 12:46:26
2026/09/26,Channel Island Power Station,580231,BBGPG,25.266,0.000,0.000,0.000,,,NT,Darwin,580001,2026/09/27 12:46:26
2026/09/26,Colongra,523120,BBGPG,1.800,0.000,0.000,0.000,,,NSW,Regional - NSW,590011,2026/09/27 12:00:05
2026/09/26,ColongraGP,520090,PIPE,0.000,0.000,0.000,0.000,,,NSW,Sydney,520008,2026/09/27 12:00:05
2026/09/26,ColongraGP,520090,PIPE,1.800,0.000,0.000,0.000,,,NSW,Regional - NSW,590011,2026/09/27 12:00:05
2026/09/26,Combabula,540094,PROD,0.000,288.450,0.000,0.000,,,QLD,Regional - QLD,590001,2026/09/29 11:30:13
2026/09/26,Condabri Central,540080,PROD,0.000,131.811,0.000,0.000,,,QLD,Regional - QLD,590001,2026/09/29 11:30:13
2026/09/26,Condabri North,540090,PROD,0.000,166.274,0.000,0.000,,,QLD,Regional - QLD,590001,2026/09/29 11:30:13
2026/09/26,Condabri South,540086,PROD,0.000,151.212,0.000,0.000,,,QLD,Regional - QLD,590001,2026/09/29 11:30:13
2026/09/26,Condamine Power Station,544274,BBGPG,0.002,0.000,0.000,0.000,,,QLD,Regional - QLD,590001,2026/09/27 10:35:48
2026/09/26,CRWP,540098,PIPE,0.000,0.000,314.758,0.000,,,QLD,Wallumbilla Hub,540032,2026/09/27 09:01:08
2026/09/26,CRWP,540098,PIPE,0.000,231.968,39.579,585.484,,,QLD,Regional - QLD,590001,2026/09/27 09:01:08
2026/09/26,CWP,520054,PIPE,1.183,0.000,0.881,0.000,,,NSW,Regional - NSW,590011,2026/09/27 12:46:26
2026/09/26,Daandine,540050,PROD,0.000,54.411,0.000,0.000,,,QLD,Regional - QLD,590001,2026/09/27 12:30:06
2026/09/26,Dandenong LNG,530038,STOR,0.000,0.217,0.000,0.000,637.419,27.889,VIC,Melbourne,590008,2026/09/27 12:46:26
2026/09/26,DDP,540097,PIPE,0.000,0.000,0.000,155.498,,,QLD,Wallumbilla Hub,540032,2026/09/27 12:01:08
2026/09/26,DDP,540097,PIPE,0.005,557.528,95.663,501.193,,,QLD,Regional - QLD,590001,2026/09/27 12:01:08
2026/09/26,DDPS,544027,BBGPG,0.005,0.000,0.000,0.000,,,QLD,Regional - QLD,590001,2026/09/27 12:01:08
2026/09/26,Diamantina Power Station,544077,BBGPG,35.377,0.000,0.000,0.000,,,QLD,Regional - QLD,590001,2026/09/27 12:46:26
2026/09/26,Dry Creek Power Station,555026,BBGPG,0.000,0.000,0.000,0.000,,,SA,Regional - SA,590013,2026/09/27 11:31:05
2026/09/26,EGP,520047,PIPE,131.239,0.000,0.000,0.000,,,NSW,Sydney,520008,2026/09/27 12:01:05
2026/09/26,EGP,520047,PIPE,4.236,0.000,0.000,0.000,,,NSW,Canberra,520009,2026/09/27 12:01:05
2026/09/26,EGP,520047,PIPE,0.000,209.256,0.000,102.571,,,VIC,Longford Hub,530015,2026/09/27 12:01:05
2026/09/26,EGP,520047,PIPE,4.227,0.000,0.000,21.747,,,NSW,Regional - NSW,590011,2026/09/27 12:01:05
2026/09/26,EGP,520047,PIPE,0.699,69.891,0.000,0.000,,,VIC,Regional - VIC,590012,2026/09/27 12:01:05
2026/09/26,EO4PL,540055,PIPE,0.000,0.000,0.000,0.000,,,QLD,Regional - QLD,590001,2026/09/27 10:35:56
2026/09/26,Eurombah Creek,540089,PROD,0.000,153.781,0.000,0.000,,,QLD,Regional - QLD,590001,2026/09/29 11:30:13
2026/09/26,Fairview,540070,PROD,0.000,285.215,0.000,0.000,,,QLD,Regional - QLD,590001,2026/09/27 09:05:13
2026/09/26,GLNG (Curtis Island),544276,LNGEXPORT,1004.717,0.000,0.000,0.000,,,QLD,Curtis Island,540030,2026/09/27 09:01:08
2026/09/26,GLNG Pipeline,540092,PIPE,1004.717,0.000,0.000,0.000,,,QLD,Curtis Island,540030,2026/09/27 09:01:08
2026/09/26,GLNG Pipeline,540092,PIPE,0.000,423.584,594.289,0.299,,,QLD,Regional - QLD,590001,2026/09/27 10:35:56
2026/09/26,Hallett,555029,BBGPG,1.246,0.000,0.000,0.000,,,SA,Regional - SA,590013,2026/09/27 11:31:05
2026/09/26,Hunter Power Station,523210,BBGPG,0.001,0.000,0.000,0.000,,,NSW,Sydney,520008,2026/09/27 12:46:26
2026/09/26,ICF,530071,COMPRESSOR,0.000,0.000,10.915,10.915,,,VIC,Iona Hub,530016,2026/09/27 08:35:03
2026/09/26,Iona UGS,530042,STOR,47.864,42.796,0.000,0.000,13295.526,0.000,VIC,Iona Hub,530016,2026/09/27 08:30:03
2026/09/26,Jeerelang,533161,BBGPG,0.000,0.000,0.000,0.000,,,VIC,Gippsland,590009,2026/09/29 11:00:05
2026/09/26,Jordan,540088,PROD,0.000,335.391,0.000,0.000,,,QLD,Regional - QLD,590001,2026/09/27 10:35:56
2026/09/26,Katherine Power Station,580233,BBGPG,0.000,0.000,0.000,0.000,,,NT,Regional - NT,590017,2026/09/27 12:46:26
2026/09/26,Kenya,540075,PROD,0.000,125.509,0.000,0.000,,,QLD,Regional - QLD,590001,2026/09/27 10:35:56
2026/09/26,Kincora,544253,PROD,0.000,4.000,0.000,0.000,,,QLD,Regional - QLD,590001,2026/09/27 12:46:26
2026/09/26,KKLP,523209,PIPE,0.001,0.000,0.000,0.000,,,NSW,Sydney,520008,2026/09/27 12:46:26
2026/09/26,Kogan North,540061,PROD,0.000,4.317,0.000,0.000,,,QLD,Regional - QLD,590001,2026/09/27 12:46:26
2026/09/26,Ladbroke Grove PS,555086,BBGPG,0.000,0.000,0.000,0.000,,,SA,Regional - SA,590013,2026/09/27 12:46:26
2026/09/26,Lang Lang,530039,PROD,0.000,19.480,0.000,0.000,,,VIC,Gippsland,590009,2026/09/27 08:54:03
2026/09/26,Laverton,533201,BBGPG,0.000,0.000,0.000,0.000,,,VIC,Geelong,590005,2026/09/29 11:00:05
2026/09/26,Longford,530040,PROD,0.000,626.906,0.000,0.000,,,VIC,Longford Hub,530015,2026/09/27 08:35:30
2026/09/26,Loy Yang B,533163,BBGPG,0.000,0.000,0.000,0.000,,,VIC,Gippsland,590009,2026/09/27 11:00:53
2026/09/26,LYB Transmission Pipeline,535023,PIPE,0.012,0.000,0.009,0.000,,,VIC,Gippsland,590009,2026/09/27 11:00:53
2026/09/26,MAPS,550054,PIPE,30.597,0.000,0.000,0.000,,,SA,Adelaide,550016,2026/09/27 11:31:05
2026/09/26,MAPS,550054,PIPE,0.000,42.612,20.076,0.000,,,SA,Moomba Hub,550017,2026/09/27 11:31:05
2026/09/26,MAPS,550054,PIPE,40.725,0.000,25.000,0.000,,,SA,Regional - SA,590013,2026/09/27 11:31:05
2026/09/26,McArthur River Mine,580220,BBGPG,9.128,0.000,0.000,0.000,,,NT,Regional - NT,590017,2026/09/27 10:14:52
2026/09/26,MCF,550050,COMPRESSOR,0.000,0.000,168.249,168.249,,,SA,Moomba Hub,550017,2026/09/27 12:46:26
2026/09/26,Mereenie,580040,PROD,0.000,25.516,0.000,0.000,,,NT,Regional - NT,590017,2026/09/27 11:16:26
2026/09/26,Meridian,540064,PROD,0.000,49.462,0.000,0.000,,,QLD,Regional - QLD,590001,2026/09/27 09:39:10
2026/09/26,Mintaro Power Station,555031,BBGPG,0.000,0.000,0.000,0.000,,,SA,Regional - SA,590013,2026/09/27 11:31:05
2026/09/26,Moomba,550045,PROD,0.000,217.700,0.000,0.000,,,SA,Moomba Hub,550017,2026/09/29 10:00:01
2026/09/26,Moomba Storage,550046,STOR,0.000,5.600,0.000,0.000,6186.500,0.000,SA,Moomba Hub,550017,2026/09/29 10:00:01
2026/09/26,Mortlake PS,530063,BBGPG,0.000,0.000,0.000,0.000,,,VIC,Regional - VIC,590012,2026/09/27 07:20:00
2026/09/26,MPL,530061,PIPE,0.000,0.000,17.683,0.000,,,VIC,Iona Hub,530016,2026/09/27 07:20:00
2026/09/26,MPL,530061,PIPE,0.000,0.000,0.000,0.000,,,VIC,Regional - VIC,590012,2026/09/27 07:20:00
2026/09/26,MRP,580100,PIPE,9.128,0.000,9.140,0.000,,,NT,Regional - NT,590017,2026/09/27 10:14:52
2026/09/26,MSP,520053,PIPE,72.217,0.000,0.000,0.000,,,NSW,Sydney,520008,2026/09/27 12:46:26
2026/09/26,MSP,520053,PIPE,0.000,0.000,14.182,24.422,,,SA,Moomba Hub,550017,2026/09/27 12:46:26
2026/09/26,MSP,520053,PIPE,20.370,0.000,0.000,0.881,,,NSW,Regional - NSW,590011,2026/09/27 12:46:26
2026/09/26,MSP,520053,PIPE,5.093,0.000,0.000,0.000,,,NSW,Regional - ACT,590015,2026/09/27 12:46:26
2026/09/26,MSP,520053,PIPE,0.000,0.000,112.073,0.000,,,NSW,Culcairn,590016,2026/09/27 12:46:26
2026/09/26,Newport,533171,BBGPG,0.001,0.000,0.000,0.000,,,VIC,Melbourne,590008,2026/09/29 11:00:05
2026/09/26,NGP,580050,PIPE,0.000,0.000,0.000,0.000,,,QLD,Regional - QLD,590001,2026/09/27 12:01:11
2026/09/26,NGP,580050,PIPE,0.000,0.000,0.000,0.000,,,NT,Regional - NT,590017,2026/09/27 12:01:11
2026/09/26,NGS,520060,STOR,13.870,3.659,0.000,0.000,698.668,76.881,NSW,Sydney,520008,2026/09/27 08:39:15
2026/09/26,Oakey PS,544095,BBGPG,0.000,0.000,0.000,0.000,,,QLD,Regional - QLD,590001,2026/09/27 12:46:26
2026/09/26,Orana,540084,PROD,0.000,168.783,0.000,0.000,,,QLD,Regional - QLD,590001,2026/09/29 11:30:13
2026/09/26,Orbost,530041,PROD,0.000,69.891,0.000,0.000,,,VIC,Regional - VIC,590012,2026/09/27 12:01:05
2026/09/26,Orica,544011,BBLARGE,9.937,0.000,0.000,0.000,,,QLD,Regional - QLD,590001,2026/09/27 12:01:06
2026/09/26,Orica (Kooragang Island),523206,BBLARGE,40.342,0.000,0.000,0.000,,,NSW,Sydney,520008,2026/09/27 13:00:00
2026/09/26,Osborne,555033,BBGPG,2.136,0.000,0.000,0.000,,,SA,Regional - SA,590013,2026/09/27 11:31:05
2026/09/26,Otway,530044,PROD,0.000,131.000,0.000,0.000,,,VIC,Iona Hub,530016,2026/09/27 13:15:21
2026/09/26,Owen Springs Power Station,580235,BBGPG,0.056,0.000,0.000,0.000,,,NT,Regional - NT,590017,2026/09/27 06:41:40
2026/09/26,Palm Valley,580060,PROD,0.000,5.500,0.000,0.000,,,NT,Regional - NT,590017,2026/09/27 11:16:26
2026/09/26,PCA,550052,PIPE,0.000,6.894,64.798,1.743,,,VIC,Iona Hub,530016,2026/09/27 07:20:01
2026/09/26,PCA,550052,PIPE,12.879,0.000,0.000,0.000,,,SA,Adelaide,550016,2026/09/27 07:20:01
2026/09/26,PCA,550052,PIPE,0.000,0.000,0.000,4.071,,,VIC,Regional - VIC,590012,2026/09/27 07:20:01
2026/09/26,PCA,550052,PIPE,0.168,0.000,0.000,25.007,,,SA,Regional - SA,590013,2026/09/27 07:20:01
2026/09/26,PCI,530060,PIPE,0.000,142.345,1.743,144.561,,,VIC,Iona Hub,530016,2026/09/27 07:20:01
2026/09/26,Peat,540065,PROD,0.000,11.514,0.000,0.000,,,QLD,Regional - QLD,590001,2026/09/29 11:30:13
2026/09/26,Pelican Point Power Station,555089,BBGPG,14.860,0.000,0.000,0.000,,,SA,Regional - SA,590013,2026/09/27 07:20:01
2026/09/26,Phosphate Hill,544081,BBLARGE,24.827,0.000,0.000,0.000,,,QLD,Regional - QLD,590001,2026/09/27 12:46:26
2026/09/26,Pipeline Compression Station,544279,COMPRESSOR,0.000,0.000,0.000,0.000,,,QLD,Regional - QLD,590001,2026/09/27 09:01:08
2026/09/26,PVP,580070,PIPE,0.427,0.000,0.475,0.000,,,NT,Regional - NT,590017,2026/09/27 06:41:40
2026/09/26,QCLNG LNG Plant,544272,LNGEXPORT,1459.202,0.000,0.000,0.000,,,QLD,Curtis Island,540030,2026/09/27 10:35:56
2026/09/26,QGP,540058,PIPE,0.000,0.000,27.772,0.000,,,QLD,Wallumbilla Hub,540032,2026/09/27 12:01:06
2026/09/26,QGP,540058,PIPE,119.255,24.461,76.887,0.000,,,QLD,Regional - QLD,590001,2026/09/27 12:01:06
2026/09/26,Quarantine Power Station,555087,BBGPG,0.000,0.000,0.000,0.000,,,SA,Regional - SA,590013,2026/09/27 11:31:05
2026/09/26,Queensland Aluminia,544012,BBLARGE,42.463,0.000,0.000,0.000,,,QLD,Regional - QLD,590001,2026/09/27 12:01:06
2026/09/26,RBP,540057,PIPE,0.000,0.000,2.021,10.300,,,QLD,Wallumbilla Hub,540032,2026/09/27 12:46:26
2026/09/26,RBP,540057,PIPE,1.973,19.831,38.740,4.008,,,QLD,Regional - QLD,590001,2026/09/27 12:46:26
2026/09/26,RBP,540057,PIPE,39.449,0.000,0.000,0.000,,,QLD,Brisbane,590002,2026/09/27 12:46:26
2026/09/26,RCWP,540102,PIPE,0.000,0.000,0.000,45.290,,,QLD,Wallumbilla Hub,540032,2026/09/27 12:46:26
2026/09/26,RCWP,540102,PIPE,0.000,0.000,41.812,0.000,,,QLD,Regional - QLD,590001,2026/09/27 12:46:26
2026/09/26,Reedy Creek,540085,PROD,0.000,183.415,0.000,0.000,,,QLD,Regional - QLD,590001,2026/09/29 11:30:13
2026/09/26,RMNGPF,640011,PROD,0.000,18.870,0.000,0.000,,,QLD,Regional - QLD,590001,2026/09/27 08:38:06
2026/09/26,RNMGP,640012,PIPE,0.000,18.870,0.000,18.870,,,QLD,Regional - QLD,590001,2026/09/27 08:38:06
2026/09/26,RNP,640009,PIPE,0.000,20.709,0.000,20.709,,,QLD,Regional - QLD,590001,2026/09/27 12:01:07
2026/09/26,Rolleston,540073,PROD,0.000,8.436,0.000,0.000,,,QLD,Regional - QLD,590001,2026/09/27 12:01:06
2026/09/26,Roma,540095,PROD,0.000,231.968,0.000,0.000,,,QLD,Regional - QLD,590001,2026/09/27 09:06:55
2026/09/26,Roma North,544260,PROD,0.000,20.709,0.000,0.000,,,QLD,Regional - QLD,590001,2026/09/27 12:01:12
2026/09/26,Roma Power Station,540120,BBGPG,0.000,0.000,0.000,0.000,,,QLD,Regional - QLD,590001,2026/09/27 10:55:58
2026/09/26,Ron Goodin Power Station,580234,BBGPG,0.000,0.000,0.000,0.000,,,NT,Regional - NT,590017,2026/09/27 06:41:40
2026/09/26,RPL,540110,PIPE,0.041,0.000,0.000,0.000,,,QLD,Regional - QLD,590001,2026/09/27 10:55:58
2026/09/26,Ruby Jo,540082,PROD,0.000,411.763,0.000,0.000,,,QLD,Regional - QLD,590001,2026/09/27 10:35:56
2026/09/26,RUGS,540040,STOR,0.000,0.000,0.000,0.000,15125.947,0.000,QLD,Regional - QLD,590001,2026/09/27 09:06:55
2026/09/26,Scotia,540072,PROD,0.000,97.873,0.000,0.000,,,QLD,Regional - QLD,590001,2026/09/27 09:06:55
2026/09/26,SEPS,550061,PIPE,3.974,0.000,4.019,0.000,,,SA,Regional - SA,590013,2026/09/27 11:32:05
2026/09/26,SESA,550060,PIPE,0.000,0.000,4.070,0.000,,,VIC,Regional - VIC,590012,2026/09/27 12:46:26
2026/09/26,SESA,550060,PIPE,0.000,0.000,0.000,4.022,,,SA,Regional - SA,590013,2026/09/27 12:46:26
2026/09/26,Shoalhaven Starches Cogeneration Plant,523203,BBLARGE,21.747,0.000,0.000,0.000,,,NSW,Regional - NSW,590011,2026/09/27 15:48:55
2026/09/26,Smithfield Energy Facility,522004,BBGPG,0.000,0.000,0.000,0.000,,,NSW,Regional - NSW,590011,2026/09/27 12:06:56
2026/09/26,Snapper Point,555090,BBGPG,0.000,0.000,0.000,0.000,,,SA,Regional - SA,590013,2026/09/27 11:31:05
2026/09/26,Somerton,533174,BBGPG,0.001,0.000,0.000,0.000,,,VIC,Melbourne,590008,2026/09/29 11:00:05
2026/09/26,SPCF,580236,PROD,0.000,25.022,0.000,0.000,,,NT,Regional - NT,590017,2026/09/27 09:20:35
2026/09/26,SPP,580237,PIPE,0.000,25.022,0.000,25.022,,,NT,Regional - NT,590017,2026/09/27 12:46:26
2026/09/26,Spring Gully,540066,PROD,0.000,55.482,0.000,0.000,,,QLD,Regional - QLD,590001,2026/09/29 11:30:13
2026/09/26,SSP,540103,PIPE,0.000,6.300,0.000,6.300,,,QLD,Regional - QLD,590001,2026/09/27 09:03:46
2026/09/26,SSSF,540062,STOR,0.000,7.530,0.000,0.000,8299.032,0.000,QLD,Regional - QLD,590001,2026/09/27 09:03:46
2026/09/26,Strathblane,540067,PROD,0.000,50.358,0.000,0.000,,,QLD,Regional - QLD,590001,2026/09/29 11:30:13
2026/09/26,Swanbank Power Station,544104,BBGPG,0.000,0.000,0.000,0.000,,,QLD,Brisbane,590002,2026/09/27 12:46:26
2026/09/26,SWQP,540060,PIPE,0.000,0.000,193.771,311.755,,,QLD,Wallumbilla Hub,540032,2026/09/27 12:46:26
2026/09/26,SWQP,540060,PIPE,0.000,0.000,0.000,70.169,,,QLD,Ballera,540078,2026/09/27 12:46:26
2026/09/26,SWQP,540060,PIPE,0.000,178.086,19.622,29.458,,,SA,Moomba Hub,550017,2026/09/27 12:46:26
2026/09/26,SWQP,540060,PIPE,0.127,0.000,0.000,0.000,,,QLD,Regional - QLD,590001,2026/09/27 12:46:26
2026/09/26,Talinga,540076,PROD,0.000,83.357,0.000,0.000,,,QLD,Regional - QLD,590001,2026/09/29 11:30:13
2026/09/26,Tallawarra,522002,BBGPG,0.000,0.000,0.000,0.000,,,NSW,Regional - NSW,590011,2026/09/27 11:00:10
2026/09/26,Tallawarra Pipeline,523201,PIPE,0.000,0.000,0.000,0.000,,,NSW,Regional - NSW,590011,2026/09/27 11:00:10
2026/09/26,Taloona,540068,PROD,0.000,39.861,0.000,0.000,,,QLD,Regional - QLD,590001,2026/09/29 11:30:13
2026/09/26,Tanami GP,580210,PIPE,7.573,0.000,8.740,0.000,,,NT,Regional - NT,590017,2026/09/27 12:02:00
2026/09/26,TGP,570050,PIPE,0.000,0.000,86.093,34.495,,,VIC,Longford Hub,530015,2026/09/28 12:01:19
2026/09/26,TGP,570050,PIPE,45.182,0.000,0.000,0.000,,,TAS,Regional - TAS,590014,2026/09/28 12:01:19
2026/09/26,Tipton,540051,PROD,0.000,36.780,0.000,0.000,,,QLD,Regional - QLD,590001,2026/09/27 12:30:07
2026/09/26,Torrens Island PS,555041,BBGPG,3.822,0.000,0.000,0.000,,,SA,Regional - SA,590013,2026/09/27 11:31:05
2026/09/26,Uranquinty Power Station,522047,BBGPG,0.000,0.000,0.000,0.000,,,NSW,Regional - NSW,590011,2026/09/27 12:46:26
2026/09/26,Valley Power GPG,535024,BBGPG,0.012,0.000,0.000,0.000,,,VIC,Gippsland,590009,2026/09/27 11:00:53
2026/09/26,VicHub,532005,PIPE,0.000,0.000,16.485,16.485,,,VIC,Longford Hub,530015,2026/09/27 12:01:15
2026/09/26,Viva Energy Refinery,535018,BBLARGE,6.831,0.000,0.000,0.000,,,VIC,Geelong,590005,2026/09/27 07:30:14
2026/09/26,VTS,530110,PIPE,0.000,415.766,50.994,0.000,,,VIC,Longford Hub,530015,2026/09/29 11:00:05
2026/09/26,VTS,530110,PIPE,22.404,15.379,62.079,0.000,,,VIC,Iona Hub,530016,2026/09/29 11:00:05
2026/09/26,VTS,530110,PIPE,12.945,0.000,0.000,0.000,,,VIC,Western,590004,2026/09/29 11:00:05
2026/09/26,VTS,530110,PIPE,48.549,0.000,0.000,0.000,,,VIC,Geelong,590005,2026/09/29 11:00:05
2026/09/26,VTS,530110,PIPE,31.438,0.000,0.000,0.000,,,VIC,Ballarat,590006,2026/09/29 11:00:05
2026/09/26,VTS,530110,PIPE,32.030,0.000,0.000,0.000,,,VIC,Northern,590007,2026/09/29 11:00:05
2026/09/26,VTS,530110,PIPE,267.978,0.070,0.000,0.000,,,VIC,Melbourne,590008,2026/09/29 11:00:05
2026/09/26,VTS,530110,PIPE,29.486,0.000,16.925,0.009,,,VIC,Gippsland,590009,2026/09/29 11:00:05
2026/09/26,VTS,530110,PIPE,0.000,0.000,0.000,112.074,,,NSW,Culcairn,590016,2026/09/29 11:00:05
2026/09/26,Wallumbilla Compression Station,544280,COMPRESSOR,0.000,0.000,0.000,0.000,,,QLD,Wallumbilla Hub,540032,2026/09/27 09:01:08
2026/09/26,WCFA,540045,COMPRESSOR,0.000,0.000,127.772,127.772,,,QLD,Wallumbilla Hub,540032,2026/09/27 12:46:26
2026/09/26,WCFB,540046,COMPRESSOR,0.000,0.000,183.983,183.983,,,QLD,Wallumbilla Hub,540032,2026/09/27 12:46:26
2026/09/26,Weddell Power Station,580232,BBGPG,9.955,0.000,0.000,0.000,,,NT,Darwin,580001,2026/09/27 12:46:26
2026/09/26,WGP,540091,PIPE,1459.202,0.000,0.000,0.000,,,QLD,Curtis Island,540030,2026/09/27 10:35:56
2026/09/26,WGP,540091,PIPE,0.000,1402.130,59.697,0.000,,,QLD,Regional - QLD,590001,2026/09/27 10:35:56
2026/09/26,Whyalla Steelworks,555085,BBLARGE,5.670,0.000,0.000,0.000,,,SA,Regional - SA,590013,2026/09/27 11:31:05
2026/09/26,Windibri,540069,PROD,0.000,81.613,0.000,0.000,,,QLD,Regional - QLD,590001,2026/09/27 10:35:56
2026/09/26,Woleebee Creek,540087,PROD,0.000,640.148,0.000,0.000,,,QLD,Regional - QLD,590001,2026/09/27 10:35:56
2026/09/26,WPP,580030,PIPE,9.955,3.211,6.754,0.000,,,NT,Darwin,580001,2026/09/27 12:46:26
2026/09/26,Yarwun,544282,BBGPG,53.240,0.000,0.000,0.000,,,QLD,Regional - QLD,590001,2026/09/27 12:01:06
2026/09/26,Yelcherr,580180,PROD,0.000,0.000,0.000,0.000,,,NT,Regional - NT,590017,2026/09/27 12:46:26
2026/09/26,Yellowbank,540074,PROD,0.000,11.775,0.000,0.000,,,QLD,Regional - QLD,590001,2026/09/27 12:01:06
2026/09/27,Adelaide Brighton,555091,BBLARGE,9.025,0.000,0.000,0.000,,,SA,Adelaide,550016,2026/09/28 13:00:01
2026/09/27,AGP,580010,PIPE,25.206,0.000,0.000,6.838,,,NT,Darwin,580001,2026/09/28 12:46:26
2026/09/27,AGP,580010,PIPE,6.976,30.993,25.017,16.845,,,NT,Regional - NT,590017,2026/09/28 12:46:26
2026/09/27,APLNG Pipeline,540093,PIPE,1670.107,0.000,0.000,0.000,,,QLD,Curtis Island,540030,2026/09/29 11:30:13
2026/09/27,APLNG Pipeline,540093,PIPE,0.000,1327.651,506.509,135.361,,,QLD,Regional - QLD,590001,2026/09/29 11:30:13
2026/09/27,Arcadia,540101,PROD,0.000,93.794,0.000,0.000,,,QLD,Regional - QLD,590001,2026/09/28 11:28:24
2026/09/27,ATGP,640013,PIPE,0.000,43.123,0.000,43.123,,,QLD,Regional - QLD,590001,2026/09/28 12:01:13
2026/09/27,ATHENA,535014,PROD,0.000,16.169,0.000,0.000,,,VIC,Iona Hub,530016,2026/09/29 10:23:08
2026/09/27,Atlas,544261,PROD,0.000,43.123,0.000,0.000,,,QLD,Regional - QLD,590001,2026/09/28 12:01:22
2026/09/27,Atlas East Central Processing Facility,640008,PROD,0.000,33.000,0.000,0.000,,,QLD,Regional - QLD,590001,2026/09/28 08:34:35
2026/09/27,Atlas to Reedy Creek Pipeline,640007,PIPE,0.000,32.994,0.000,32.399,,,QLD,Regional - QLD,590001,2026/09/28 12:46:26
2026/09/27,Australia Pacific LNG,544273,LNGEXPORT,1670.107,0.000,0.000,0.000,,,QLD,Curtis Island,540030,2026/09/28 12:00:25
2026/09/27,Australian Paper (Opal),535021,BBLARGE,11.761,0.000,0.000,0.000,,,VIC,Gippsland,590009,2026/09/29 11:00:05
2026/09/27,B1PL,540077,PIPE,0.037,39.513,0.000,39.545,,,QLD,Regional - QLD,590001,2026/09/28 11:00:55
2026/09/27,B2PL,540071,PIPE,0.000,53.978,7.510,59.712,,,QLD,Regional - QLD,590001,2026/09/28 10:16:19
2026/09/27,Bairnsdale Power Station,535020,BBGPG,0.000,0.000,0.000,0.000,,,VIC,Regional - VIC,590012,2026/09/28 11:00:54
2026/09/27,BCF,540047,COMPRESSOR,0.000,0.000,65.900,65.900,,,QLD,Regional - QLD,590001,2026/09/29 10:00:01
2026/09/27,Bell Bay CCGT,577016,BBGPG,27.248,0.000,0.000,0.000,,,TAS,Regional - TAS,590014,2026/09/28 12:01:20
2026/09/27,Bell Bay GGT,577014,BBGPG,0.000,0.000,0.000,0.000,,,TAS,Regional - TAS,590014,2026/09/28 12:01:20
2026/09/27,Bell Bay OCGT,577015,BBGPG,0.000,0.000,0.000,0.000,,,TAS,Regional - TAS,590014,2026/09/28 12:01:20
2026/09/27,Bellevue,540083,PROD,0.000,138.775,0.000,0.000,,,QLD,Regional - QLD,590001,2026/09/28 10:36:01
2026/09/27,BGP,580020,PIPE,0.323,0.000,0.000,0.000,,,NT,Regional - NT,590017,2026/09/28 12:46:26
2026/09/27,BlueScope,523204,BBLARGE,11.550,0.000,0.000,0.000,,,NSW,Sydney,520008,2026/09/28 12:01:05
2026/09/27,Bolivar,555008,BBGPG,0.000,0.000,0.000,0.000,,,SA,Regional - SA,590013,2026/09/28 12:07:01
2026/09/27,Bomaderry Gas Pipeline,523202,PIPE,22.353,0.000,22.353,0.000,,,NSW,Regional - NSW,590011,2026/09/28 14:11:57
2026/09/27,BPP,530030,PIPE,2.600,19.580,0.000,16.982,,,VIC,Gippsland,590009,2026/09/29 11:00:05
2026/09/27,Braemar 2 Power Station,544085,BBGPG,0.000,0.000,0.000,0.000,,,QLD,Regional - QLD,590001,2026/09/28 10:16:19
2026/09/27,Braemar Power Station,544252,BBGPG,0.037,0.000,0.000,0.000,,,QLD,Regional - QLD,590001,2026/09/28 11:00:55
2026/09/27,BWP,540096,PIPE,0.000,0.000,0.000,4.669,,,QLD,Wallumbilla Hub,540032,2026/09/28 12:46:26
2026/09/27,BWP,540096,PIPE,0.000,5.054,0.000,0.000,,,QLD,Regional - QLD,590001,2026/09/28 12:46:26
2026/09/27,CGP,540059,PIPE,0.000,0.000,65.921,0.000,,,QLD,Ballera,540078,2026/09/28 12:46:26
2026/09/27,CGP,540059,PIPE,67.544,0.000,0.000,0.000,,,QLD,Regional - QLD,590001,2026/09/28 12:46:26
2026/09/27,Channel Island Power Station,580231,BBGPG,25.206,0.000,0.000,0.000,,,NT,Darwin,580001,2026/09/28 12:46:26
2026/09/27,Colongra,523120,BBGPG,0.000,0.000,0.000,0.000,,,NSW,Regional - NSW,590011,2026/09/28 12:00:05
2026/09/27,ColongraGP,520090,PIPE,0.000,0.000,0.000,0.000,,,NSW,Sydney,520008,2026/09/28 12:00:05
2026/09/27,ColongraGP,520090,PIPE,0.000,0.000,0.000,0.000,,,NSW,Regional - NSW,590011,2026/09/28 12:00:05
2026/09/27,Combabula,540094,PROD,0.000,287.723,0.000,0.000,,,QLD,Regional - QLD,590001,2026/09/29 11:30:13
2026/09/27,Condabri Central,540080,PROD,0.000,132.953,0.000,0.000,,,QLD,Regional - QLD,590001,2026/09/29 11:30:13
2026/09/27,Condabri North,540090,PROD,0.000,166.334,0.000,0.000,,,QLD,Regional - QLD,590001,2026/09/29 11:30:13
2026/09/27,Condabri South,540086,PROD,0.000,152.469,0.000,0.000,,,QLD,Regional - QLD,590001,2026/09/29 11:30:13
2026/09/27,Condamine Power Station,544274,BBGPG,0.029,0.000,0.000,0.000,,,QLD,Regional - QLD,590001,2026/09/28 10:36:21
2026/09/27,CRWP,540098,PIPE,0.000,0.000,322.002,0.000,,,QLD,Wallumbilla Hub,540032,2026/09/28 11:28:07
2026/09/27,CRWP,540098,PIPE,0.000,232.537,41.599,593.565,,,QLD,Regional - QLD,590001,2026/09/28 11:28:07
2026/09/27,CWP,520054,PIPE,2.387,0.000,4.156,0.000,,,NSW,Regional - NSW,590011,2026/09/28 12:46:26
2026/09/27,Daandine,540050,PROD,0.000,53.987,0.000,0.000,,,QLD,Regional - QLD,590001,2026/09/28 10:16:37
2026/09/27,Dandenong LNG,530038,STOR,0.000,0.200,0.000,0.000,637.322,27.889,VIC,Melbourne,590008,2026/09/28 12:46:26
2026/09/27,DDP,540097,PIPE,0.000,0.000,0.000,157.182,,,QLD,Wallumbilla Hub,540032,2026/09/28 12:01:11
2026/09/27,DDP,540097,PIPE,13.951,566.937,90.545,490.306,,,QLD,Regional - QLD,590001,2026/09/28 12:01:11
2026/09/27,DDPS,544027,BBGPG,13.951,0.000,0.000,0.000,,,QLD,Regional - QLD,590001,2026/09/28 12:01:11
2026/09/27,Diamantina Power Station,544077,BBGPG,33.149,0.000,0.000,0.000,,,QLD,Regional - QLD,590001,2026/09/28 12:46:26
2026/09/27,Dry Creek Power Station,555026,BBGPG,0.000,0.000,0.000,0.000,,,SA,Regional - SA,590013,2026/09/28 11:31:08
2026/09/27,EGP,520047,PIPE,123.469,0.000,0.000,0.000,,,NSW,Sydney,520008,2026/09/28 12:01:05
2026/09/27,EGP,520047,PIPE,9.452,0.000,0.000,0.000,,,NSW,Canberra,520009,2026/09/28 12:01:05
2026/09/27,EGP,520047,PIPE,0.000,214.358,0.000,106.175,,,VIC,Longford Hub,530015,2026/09/28 12:01:05
2026/09/27,EGP,520047,PIPE,4.709,0.000,0.000,22.353,,,NSW,Regional - NSW,590011,2026/09/28 12:01:05
2026/09/27,EGP,520047,PIPE,0.702,68.994,0.000,0.000,,,VIC,Regional - VIC,590012,2026/09/28 12:01:05
2026/09/27,EO4PL,540055,PIPE,0.000,0.000,0.000,0.000,,,QLD,Regional - QLD,590001,2026/09/28 10:36:01
2026/09/27,Eurombah Creek,540089,PROD,0.000,153.324,0.000,0.000,,,QLD,Regional - QLD,590001,2026/09/29 11:30:13
2026/09/27,Fairview,540070,PROD,0.000,285.087,0.000,0.000,,,QLD,Regional - QLD,590001,2026/09/28 11:28:24
2026/09/27,GLNG (Curtis Island),544276,LNGEXPORT,1008.835,0.000,0.000,0.000,,,QLD,Curtis Island,540030,2026/09/28 11:28:07
2026/09/27,GLNG Pipeline,540092,PIPE,1008.835,0.000,0.000,0.000,,,QLD,Curtis Island,540030,2026/09/28 11:28:07
2026/09/27,GLNG Pipeline,540092,PIPE,0.000,424.184,593.711,16.350,,,QLD,Regional - QLD,590001,2026/09/28 10:36:01
2026/09/27,Hallett,555029,BBGPG,0.000,0.000,0.000,0.000,,,SA,Regional - SA,590013,2026/09/28 11:31:08
2026/09/27,Hunter Power Station,523210,BBGPG,0.000,0.000,0.000,0.000,,,NSW,Sydney,520008,2026/09/28 12:46:26
2026/09/27,ICF,530071,COMPRESSOR,0.000,0.000,11.029,11.029,,,VIC,Iona Hub,530016,2026/09/28 08:35:03
2026/09/27,Iona UGS,530042,STOR,26.865,60.796,0.000,0.000,13261.595,0.000,VIC,Iona Hub,530016,2026/09/28 08:30:03
2026/09/27,Jeerelang,533161,BBGPG,0.000,0.000,0.000,0.000,,,VIC,Gippsland,590009,2026/09/29 11:00:05
2026/09/27,Jordan,540088,PROD,0.000,334.769,0.000,0.000,,,QLD,Regional - QLD,590001,2026/09/28 10:36:01
2026/09/27,Katherine Power Station,580233,BBGPG,0.000,0.000,0.000,0.000,,,NT,Regional - NT,590017,2026/09/28 12:46:26
2026/09/27,Kenya,540075,PROD,0.000,123.977,0.000,0.000,,,QLD,Regional - QLD,590001,2026/09/28 10:36:01
2026/09/27,Kincora,544253,PROD,0.000,4.000,0.000,0.000,,,QLD,Regional - QLD,590001,2026/09/28 12:46:26
2026/09/27,KKLP,523209,PIPE,0.000,0.000,0.000,0.000,,,NSW,Sydney,520008,2026/09/28 12:46:26
2026/09/27,Kogan North,540061,PROD,0.000,4.318,0.000,0.000,,,QLD,Regional - QLD,590001,2026/09/28 12:46:26
2026/09/27,Ladbroke Grove PS,555086,BBGPG,0.000,0.000,0.000,0.000,,,SA,Regional - SA,590013,2026/09/28 12:46:26
2026/09/27,Lang Lang,530039,PROD,0.000,19.580,0.000,0.000,,,VIC,Gippsland,590009,2026/09/28 09:35:49
2026/09/27,Laverton,533201,BBGPG,0.000,0.000,0.000,0.000,,,VIC,Geelong,590005,2026/09/29 11:00:05
2026/09/27,Longford,530040,PROD,0.000,629.945,0.000,0.000,,,VIC,Longford Hub,530015,2026/09/28 09:34:05
2026/09/27,Loy Yang B,533163,BBGPG,0.000,0.000,0.000,0.000,,,VIC,Gippsland,590009,2026/09/28 11:00:49
2026/09/27,LYB Transmission Pipeline,535023,PIPE,0.035,0.000,0.000,0.000,,,VIC,Gippsland,590009,2026/09/28 11:00:49
2026/09/27,MAPS,550054,PIPE,20.677,0.000,0.000,0.000,,,SA,Adelaide,550016,2026/09/28 11:31:08
2026/09/27,MAPS,550054,PIPE,0.000,43.312,17.325,0.000,,,SA,Moomba Hub,550017,2026/09/28 11:31:08
2026/09/27,MAPS,550054,PIPE,47.170,0.000,15.001,0.000,,,SA,Regional - SA,590013,2026/09/28 11:31:08
2026/09/27,McArthur River Mine,580220,BBGPG,8.951,0.000,0.000,0.000,,,NT,Regional - NT,590017,2026/09/28 09:32:46
2026/09/27,MCF,550050,COMPRESSOR,0.000,0.000,151.085,151.085,,,SA,Moomba Hub,550017,2026/09/28 12:46:26
2026/09/27,Mereenie,580040,PROD,0.000,25.487,0.000,0.000,,,NT,Regional - NT,590017,2026/09/28 11:37:59
2026/09/27,Meridian,540064,PROD,0.000,49.553,0.000,0.000,,,QLD,Regional - QLD,590001,2026/09/28 09:39:20
2026/09/27,Mintaro Power Station,555031,BBGPG,0.000,0.000,0.000,0.000,,,SA,Regional - SA,590013,2026/09/28 11:31:08
2026/09/27,Moomba,550045,PROD,0.000,224.300,0.000,0.000,,,SA,Moomba Hub,550017,2026/09/29 10:00:01
2026/09/27,Moomba Storage,550046,STOR,0.000,4.600,0.000,0.000,6181.900,0.000,SA,Moomba Hub,550017,2026/09/29 10:00:01
2026/09/27,Mortlake PS,530063,BBGPG,0.000,0.000,0.000,0.000,,,VIC,Regional - VIC,590012,2026/09/28 07:20:00
2026/09/27,MPL,530061,PIPE,0.000,0.000,0.032,0.000,,,VIC,Iona Hub,530016,2026/09/28 07:20:00
2026/09/27,MPL,530061,PIPE,0.000,0.000,0.000,0.000,,,VIC,Regional - VIC,590012,2026/09/28 07:20:00
2026/09/27,MRP,580100,PIPE,8.951,0.000,8.960,0.000,,,NT,Regional - NT,590017,2026/09/28 09:32:46
2026/09/27,MSP,520053,PIPE,98.653,0.000,0.000,0.000,,,NSW,Sydney,520008,2026/09/28 12:46:26
2026/09/27,MSP,520053,PIPE,0.000,0.000,75.754,60.165,,,SA,Moomba Hub,550017,2026/09/28 12:46:26
2026/09/27,MSP,520053,PIPE,22.376,0.000,0.000,4.156,,,NSW,Regional - NSW,590011,2026/09/28 12:46:26
2026/09/27,MSP,520053,PIPE,7.233,0.000,0.000,0.000,,,NSW,Regional - ACT,590015,2026/09/28 12:46:26
2026/09/27,MSP,520053,PIPE,0.000,0.000,171.555,0.000,,,NSW,Culcairn,590016,2026/09/28 12:46:26
2026/09/27,Newport,533171,BBGPG,0.002,0.000,0.000,0.000,,,VIC,Melbourne,590008,2026/09/29 11:00:05
2026/09/27,NGP,580050,PIPE,0.000,0.000,0.000,0.000,,,QLD,Regional - QLD,590001,2026/09/28 12:01:19
2026/09/27,NGP,580050,PIPE,0.000,0.000,0.000,0.000,,,NT,Regional - NT,590017,2026/09/28 12:01:19
2026/09/27,NGS,520060,STOR,14.570,3.869,0.000,0.000,709.136,76.881,NSW,Sydney,520008,2026/09/28 07:49:12
2026/09/27,Oakey PS,544095,BBGPG,0.000,0.000,0.000,0.000,,,QLD,Regional - QLD,590001,2026/09/28 12:46:26
2026/09/27,Orana,540084,PROD,0.000,168.413,0.000,0.000,,,QLD,Regional - QLD,590001,2026/09/29 11:30:13
2026/09/27,Orbost,530041,PROD,0.000,68.994,0.000,0.000,,,VIC,Regional - VIC,590012,2026/09/28 12:01:05
2026/09/27,Orica,544011,BBLARGE,9.428,0.000,0.000,0.000,,,QLD,Regional - QLD,590001,2026/09/28 12:01:08
2026/09/27,Orica (Kooragang Island),523206,BBLARGE,40.404,0.000,0.000,0.000,,,NSW,Sydney,520008,2026/09/28 13:00:00
2026/09/27,Osborne,555033,BBGPG,0.000,0.000,0.000,0.000,,,SA,Regional - SA,590013,2026/09/28 11:31:08
2026/09/27,Otway,530044,PROD,0.000,147.000,0.000,0.000,,,VIC,Iona Hub,530016,2026/09/28 13:58:38
2026/09/27,Owen Springs Power Station,580235,BBGPG,0.109,0.000,0.000,0.000,,,NT,Regional - NT,590017,2026/09/28 06:41:26
2026/09/27,Palm Valley,580060,PROD,0.000,5.506,0.000,0.000,,,NT,Regional - NT,590017,2026/09/28 11:37:59
2026/09/27,PCA,550052,PIPE,0.000,11.378,70.508,1.769,,,VIC,Iona Hub,530016,2026/09/28 07:20:01
2026/09/27,PCA,550052,PIPE,23.810,0.000,0.000,0.000,,,SA,Adelaide,550016,2026/09/28 07:20:01
2026/09/27,PCA,550052,PIPE,0.000,0.000,0.000,4.709,,,VIC,Regional - VIC,590012,2026/09/28 07:20:01
2026/09/27,PCA,550052,PIPE,0.236,0.000,0.000,14.993,,,SA,Regional - SA,590013,2026/09/28 07:20:01
2026/09/27,PCI,530060,PIPE,0.000,157.713,1.769,159.487,,,VIC,Iona Hub,530016,2026/09/28 07:20:01
2026/09/27,Peat,540065,PROD,0.000,11.720,0.000,0.000,,,QLD,Regional - QLD,590001,2026/09/29 11:30:13
2026/09/27,Pelican Point Power Station,555089,BBGPG,12.961,0.000,0.000,0.000,,,SA,Regional - SA,590013,2026/09/28 07:20:01
2026/09/27,Phosphate Hill,544081,BBLARGE,24.227,0.000,0.000,0.000,,,QLD,Regional - QLD,590001,2026/09/28 12:46:26
2026/09/27,Pipeline Compression Station,544279,COMPRESSOR,0.000,0.000,0.000,0.000,,,QLD,Regional - QLD,590001,2026/09/28 11:28:07
2026/09/27,PVP,580070,PIPE,0.314,0.000,0.385,0.000,,,NT,Regional - NT,590017,2026/09/28 06:41:26
2026/09/27,QCLNG LNG Plant,544272,LNGEXPORT,1467.544,0.000,0.000,0.000,,,QLD,Curtis Island,540030,2026/09/28 10:36:01
2026/09/27,QGP,540058,PIPE,0.000,0.000,6.283,0.000,,,QLD,Wallumbilla Hub,540032,2026/09/28 12:01:08
2026/09/27,QGP,540058,PIPE,108.217,23.771,76.887,0.000,,,QLD,Regional - QLD,590001,2026/09/28 12:01:08
2026/09/27,Quarantine Power Station,555087,BBGPG,0.000,0.000,0.000,0.000,,,SA,Regional - SA,590013,2026/09/28 11:31:08
2026/09/27,Queensland Aluminia,544012,BBLARGE,39.255,0.000,0.000,0.000,,,QLD,Regional - QLD,590001,2026/09/28 12:01:08
2026/09/27,RBP,540057,PIPE,0.000,0.000,0.000,25.300,,,QLD,Wallumbilla Hub,540032,2026/09/28 12:46:26
2026/09/27,RBP,540057,PIPE,1.745,20.038,45.854,7.510,,,QLD,Regional - QLD,590001,2026/09/28 12:46:26
2026/09/27,RBP,540057,PIPE,40.148,0.000,0.000,0.000,,,QLD,Brisbane,590002,2026/09/28 12:46:26
2026/09/27,RCWP,540102,PIPE,0.000,0.000,0.000,42.802,,,QLD,Wallumbilla Hub,540032,2026/09/28 12:46:26
2026/09/27,RCWP,540102,PIPE,0.000,0.000,42.990,0.000,,,QLD,Regional - QLD,590001,2026/09/28 12:46:26
2026/09/27,Reedy Creek,540085,PROD,0.000,183.528,0.000,0.000,,,QLD,Regional - QLD,590001,2026/09/29 11:30:13
2026/09/27,RMNGPF,640011,PROD,0.000,18.570,0.000,0.000,,,QLD,Regional - QLD,590001,2026/09/28 08:34:27
2026/09/27,RNMGP,640012,PIPE,0.000,18.570,0.000,18.570,,,QLD,Regional - QLD,590001,2026/09/28 08:34:27
2026/09/27,RNP,640009,PIPE,0.000,23.029,0.000,23.029,,,QLD,Regional - QLD,590001,2026/09/28 12:01:10
2026/09/27,Rolleston,540073,PROD,0.000,7.992,0.000,0.000,,,QLD,Regional - QLD,590001,2026/09/28 12:01:08
2026/09/27,Roma,540095,PROD,0.000,232.537,0.000,0.000,,,QLD,Regional - QLD,590001,2026/09/28 11:28:29
2026/09/27,Roma North,544260,PROD,0.000,23.029,0.000,0.000,,,QLD,Regional - QLD,590001,2026/09/28 12:01:21
2026/09/27,Roma Power Station,540120,BBGPG,0.000,0.000,0.000,0.000,,,QLD,Regional - QLD,590001,2026/09/28 11:42:57
2026/09/27,Ron Goodin Power Station,580234,BBGPG,0.000,0.000,0.000,0.000,,,NT,Regional - NT,590017,2026/09/28 06:41:26
2026/09/27,RPL,540110,PIPE,0.042,0.000,0.000,0.000,,,QLD,Regional - QLD,590001,2026/09/28 11:42:57
2026/09/27,Ruby Jo,540082,PROD,0.000,419.945,0.000,0.000,,,QLD,Regional - QLD,590001,2026/09/28 10:36:01
2026/09/27,RUGS,540040,STOR,0.000,1.583,0.000,0.000,15122.933,0.000,QLD,Regional - QLD,590001,2026/09/28 11:28:29
2026/09/27,Scotia,540072,PROD,0.000,101.147,0.000,0.000,,,QLD,Regional - QLD,590001,2026/09/28 11:28:29
2026/09/27,SEPS,550061,PIPE,4.544,0.000,4.587,0.000,,,SA,Regional - SA,590013,2026/09/28 11:32:05
2026/09/27,SESA,550060,PIPE,0.000,0.000,4.713,0.000,,,VIC,Regional - VIC,590012,2026/09/28 12:46:26
2026/09/27,SESA,550060,PIPE,0.000,0.000,0.000,4.585,,,SA,Regional - SA,590013,2026/09/28 12:46:26
2026/09/27,Shoalhaven Starches Cogeneration Plant,523203,BBLARGE,22.353,0.000,0.000,0.000,,,NSW,Regional - NSW,590011,2026/09/28 14:11:57
2026/09/27,Smithfield Energy Facility,522004,BBGPG,0.000,0.000,0.000,0.000,,,NSW,Regional - NSW,590011,2026/09/28 12:07:01
2026/09/27,Snapper Point,555090,BBGPG,0.000,0.000,0.000,0.000,,,SA,Regional - SA,590013,2026/09/28 11:31:08
2026/09/27,Somerton,533174,BBGPG,0.001,0.000,0.000,0.000,,,VIC,Melbourne,590008,2026/09/29 11:00:05
2026/09/27,SPCF,580236,PROD,0.000,25.017,0.000,0.000,,,NT,Regional - NT,590017,2026/09/28 09:28:57
2026/09/27,SPP,580237,PIPE,0.000,25.017,0.000,25.017,,,NT,Regional - NT,590017,2026/09/28 12:46:26
2026/09/27,Spring Gully,540066,PROD,0.000,54.967,0.000,0.000,,,QLD,Regional - QLD,590001,2026/09/29 11:30:13
2026/09/27,SSP,540103,PIPE,0.000,7.480,0.000,7.480,,,QLD,Regional - QLD,590001,2026/09/28 08:39:10
2026/09/27,SSSF,540062,STOR,0.000,6.300,0.000,0.000,8291.552,0.000,QLD,Regional - QLD,590001,2026/09/28 08:39:10
2026/09/27,Strathblane,540067,PROD,0.000,50.214,0.000,0.000,,,QLD,Regional - QLD,590001,2026/09/29 11:30:13
2026/09/27,Swanbank Power Station,544104,BBGPG,0.000,0.000,0.000,0.000,,,QLD,Brisbane,590002,2026/09/28 12:46:26
2026/09/27,SWQP,540060,PIPE,0.000,0.000,199.289,297.510,,,QLD,Wallumbilla Hub,540032,2026/09/28 12:46:26
2026/09/27,SWQP,540060,PIPE,0.000,0.000,0.000,70.966,,,QLD,Ballera,540078,2026/09/28 12:46:26
2026/09/27,SWQP,540060,PIPE,0.000,183.999,56.965,89.879,,,SA,Moomba Hub,550017,2026/09/28 12:46:26
2026/09/27,SWQP,540060,PIPE,0.195,0.000,0.000,0.000,,,QLD,Regional - QLD,590001,2026/09/28 12:46:26
2026/09/27,Talinga,540076,PROD,0.000,80.139,0.000,0.000,,,QLD,Regional - QLD,590001,2026/09/29 11:30:13
2026/09/27,Tallawarra,522002,BBGPG,0.000,0.000,0.000,0.000,,,NSW,Regional - NSW,590011,2026/09/28 11:00:11
2026/09/27,Tallawarra Pipeline,523201,PIPE,0.000,0.000,0.000,0.000,,,NSW,Regional - NSW,590011,2026/09/28 11:00:11
2026/09/27,Taloona,540068,PROD,0.000,39.889,0.000,0.000,,,QLD,Regional - QLD,590001,2026/09/29 11:30:13
2026/09/27,Tanami GP,580210,PIPE,8.378,0.000,7.500,0.000,,,NT,Regional - NT,590017,2026/09/28 12:02:00
2026/09/27,TGP,570050,PIPE,0.000,0.000,75.981,35.490,,,VIC,Longford Hub,530015,2026/09/28 12:01:20
2026/09/27,TGP,570050,PIPE,44.347,0.000,0.000,0.000,,,TAS,Regional - TAS,590014,2026/09/28 12:01:20
2026/09/27,Tipton,540051,PROD,0.000,39.513,0.000,0.000,,,QLD,Regional - QLD,590001,2026/09/28 10:16:28
2026/09/27,Torrens Island PS,555041,BBGPG,12.995,0.000,0.000,0.000,,,SA,Regional - SA,590013,2026/09/28 11:31:08
2026/09/27,Uranquinty Power Station,522047,BBGPG,0.000,0.000,0.000,0.000,,,NSW,Regional - NSW,590011,2026/09/28 12:46:26
2026/09/27,Valley Power GPG,535024,BBGPG,0.035,0.000,0.000,0.000,,,VIC,Gippsland,590009,2026/09/28 11:00:49
2026/09/27,VicHub,532005,PIPE,0.000,0.000,30.192,30.192,,,VIC,Longford Hub,530015,2026/09/28 12:01:23
2026/09/27,Viva Energy Refinery,535018,BBLARGE,6.376,0.000,0.000,0.000,,,VIC,Geelong,590005,2026/09/28 07:30:55
2026/09/27,VTS,530110,PIPE,0.000,413.666,65.699,0.000,,,VIC,Longford Hub,530015,2026/09/29 11:00:05
2026/09/27,VTS,530110,PIPE,0.000,28.550,88.925,0.000,,,VIC,Iona Hub,530016,2026/09/29 11:00:05
2026/09/27,VTS,530110,PIPE,12.958,0.000,0.000,0.000,,,VIC,Western,590004,2026/09/29 11:00:05
2026/09/27,VTS,530110,PIPE,44.815,0.000,0.000,0.000,,,VIC,Geelong,590005,2026/09/29 11:00:05
2026/09/27,VTS,530110,PIPE,32.376,0.000,0.000,0.000,,,VIC,Ballarat,590006,2026/09/29 11:00:05
2026/09/27,VTS,530110,PIPE,37.805,0.000,0.000,0.000,,,VIC,Northern,590007,2026/09/29 11:00:05
2026/09/27,VTS,530110,PIPE,275.812,0.045,0.000,0.000,,,VIC,Melbourne,590008,2026/09/29 11:00:05
2026/09/27,VTS,530110,PIPE,30.689,0.000,16.982,0.000,,,VIC,Gippsland,590009,2026/09/29 11:00:05
2026/09/27,VTS,530110,PIPE,0.000,0.000,0.000,171.554,,,NSW,Culcairn,590016,2026/09/29 11:00:05
2026/09/27,Wallumbilla Compression Station,544280,COMPRESSOR,0.000,0.000,0.000,0.000,,,QLD,Wallumbilla Hub,540032,2026/09/28 11:28:07
2026/09/27,WCFA,540045,COMPRESSOR,0.000,0.000,106.149,106.149,,,QLD,Wallumbilla Hub,540032,2026/09/28 12:46:26
2026/09/27,WCFB,540046,COMPRESSOR,0.000,0.000,191.362,191.362,,,QLD,Wallumbilla Hub,540032,2026/09/28 12:46:26
2026/09/27,Weddell Power Station,580232,BBGPG,10.040,0.000,0.000,0.000,,,NT,Darwin,580001,2026/09/28 12:46:26
2026/09/27,WGP,540091,PIPE,1467.544,0.000,0.000,0.000,,,QLD,Curtis Island,540030,2026/09/28 10:36:01
2026/09/27,WGP,540091,PIPE,0.000,1418.690,59.703,0.000,,,QLD,Regional - QLD,590001,2026/09/28 10:36:01
2026/09/27,Whyalla Steelworks,555085,BBLARGE,6.066,0.000,0.000,0.000,,,SA,Regional - SA,590013,2026/09/28 11:31:08
2026/09/27,Windibri,540069,PROD,0.000,91.942,0.000,0.000,,,QLD,Regional - QLD,590001,2026/09/28 10:36:01
2026/09/27,Woleebee Creek,540087,PROD,0.000,640.219,0.000,0.000,,,QLD,Regional - QLD,590001,2026/09/28 10:36:01
2026/09/27,WPP,580030,PIPE,10.040,3.195,6.838,0.000,,,NT,Darwin,580001,2026/09/28 12:46:26
2026/09/27,Yarwun,544282,BBGPG,50.871,0.000,0.000,0.000,,,QLD,Regional - QLD,590001,2026/09/28 12:01:08
2026/09/27,Yelcherr,580180,PROD,0.000,0.000,0.000,0.000,,,NT,Regional - NT,590017,2026/09/28 12:46:26
2026/09/27,Yellowbank,540074,PROD,0.000,11.529,0.000,0.000,,,QLD,Regional - QLD,590001,2026/09/28 12:01:08
2026/09/28,AGP,580010,PIPE,29.139,0.000,0.000,8.277,,,NT,Darwin,580001,2026/09/29 11:46:26
2026/09/28,AGP,580010,PIPE,7.289,31.056,28.080,17.651,,,NT,Regional - NT,590017,2026/09/29 11:46:26
2026/09/28,APLNG Pipeline,540093,PIPE,1664.108,0.000,0.000,0.000,,,QLD,Curtis Island,540030,2026/09/29 11:30:13
2026/09/28,APLNG Pipeline,540093,PIPE,0.000,1331.443,519.502,159.330,,,QLD,Regional - QLD,590001,2026/09/29 11:30:13
2026/09/28,Arcadia,540101,PROD,0.000,93.716,0.000,0.000,,,QLD,Regional - QLD,590001,2026/09/29 11:28:20
2026/09/28,ATHENA,535014,PROD,0.000,17.241,0.000,0.000,,,VIC,Iona Hub,530016,2026/09/29 10:23:08
2026/09/28,Atlas East Central Processing Facility,640008,PROD,0.000,32.940,0.000,0.000,,,QLD,Regional - QLD,590001,2026/09/29 09:50:38
2026/09/28,Atlas to Reedy Creek Pipeline,640007,PIPE,0.000,32.939,0.000,33.400,,,QLD,Regional - QLD,590001,2026/09/29 11:46:26
2026/09/28,Australian Paper (Opal),535021,BBLARGE,11.666,0.000,0.000,0.000,,,VIC,Gippsland,590009,2026/09/29 11:00:05
2026/09/28,B1PL,540077,PIPE,0.035,39.388,0.000,40.000,,,QLD,Regional - QLD,590001,2026/09/29 11:00:50
2026/09/28,B2PL,540071,PIPE,0.000,0.000,5.028,0.010,,,QLD,Regional - QLD,590001,2026/09/29 11:46:26
2026/09/28,Bairnsdale Power Station,535020,BBGPG,0.000,0.000,0.000,0.000,,,VIC,Regional - VIC,590012,2026/09/29 11:00:55
2026/09/28,BCF,540047,COMPRESSOR,0.000,0.000,66.100,66.100,,,QLD,Regional - QLD,590001,2026/09/29 10:00:01
2026/09/28,Bellevue,540083,PROD,0.000,139.308,0.000,0.000,,,QLD,Regional - QLD,590001,2026/09/29 10:36:09
2026/09/28,BGP,580020,PIPE,0.320,0.000,0.000,0.000,,,NT,Regional - NT,590017,2026/09/29 11:46:26
2026/09/28,BPP,530030,PIPE,2.340,19.080,0.000,16.745,,,VIC,Gippsland,590009,2026/09/29 11:00:05
2026/09/28,Braemar Power Station,544252,BBGPG,0.035,0.000,0.000,0.000,,,QLD,Regional - QLD,590001,2026/09/29 11:00:50
2026/09/28,BWP,540096,PIPE,0.000,0.000,0.000,6.102,,,QLD,Wallumbilla Hub,540032,2026/09/29 11:46:26
2026/09/28,BWP,540096,PIPE,0.000,7.349,0.000,0.000,,,QLD,Regional - QLD,590001,2026/09/29 11:46:26
2026/09/28,CGP,540059,PIPE,0.000,0.000,66.101,0.000,,,QLD,Ballera,540078,2026/09/29 11:46:26
2026/09/28,CGP,540059,PIPE,66.946,0.000,0.000,0.000,,,QLD,Regional - QLD,590001,2026/09/29 11:46:26
2026/09/28,Channel Island Power Station,580231,BBGPG,29.139,0.000,0.000,0.000,,,NT,Darwin,580001,2026/09/29 11:46:26
2026/09/28,Combabula,540094,PROD,0.000,287.630,0.000,0.000,,,QLD,Regional - QLD,590001,2026/09/29 11:30:13
2026/09/28,Condabri Central,540080,PROD,0.000,130.903,0.000,0.000,,,QLD,Regional - QLD,590001,2026/09/29 11:30:13
2026/09/28,Condabri North,540090,PROD,0.000,166.120,0.000,0.000,,,QLD,Regional - QLD,590001,2026/09/29 11:30:13
2026/09/28,Condabri South,540086,PROD,0.000,154.478,0.000,0.000,,,QLD,Regional - QLD,590001,2026/09/29 11:30:13
2026/09/28,Condamine Power Station,544274,BBGPG,0.015,0.000,0.000,0.000,,,QLD,Regional - QLD,590001,2026/09/29 10:35:25
2026/09/28,CRWP,540098,PIPE,0.000,0.000,327.527,0.000,,,QLD,Wallumbilla Hub,540032,2026/09/29 11:13:05
2026/09/28,CRWP,540098,PIPE,0.000,233.462,40.430,602.285,,,QLD,Regional - QLD,590001,2026/09/29 11:13:05
2026/09/28,CWP,520054,PIPE,4.528,0.000,4.446,0.000,,,NSW,Regional - NSW,590011,2026/09/29 11:46:26
2026/09/28,Dandenong LNG,530038,STOR,0.000,0.325,0.000,0.000,636.967,27.889,VIC,Melbourne,590008,2026/09/29 11:46:26
2026/09/28,Diamantina Power Station,544077,BBGPG,32.487,0.000,0.000,0.000,,,QLD,Regional - QLD,590001,2026/09/29 11:46:26
2026/09/28,Dry Creek Power Station,555026,BBGPG,0.000,0.000,0.000,0.000,,,SA,Regional - SA,590013,2026/09/29 11:31:05
2026/09/28,EO4PL,540055,PIPE,0.000,0.000,0.000,0.000,,,QLD,Regional - QLD,590001,2026/09/29 10:36:09
2026/09/28,Eurombah Creek,540089,PROD,0.000,154.462,0.000,0.000,,,QLD,Regional - QLD,590001,2026/09/29 11:30:13
2026/09/28,Fairview,540070,PROD,0.000,284.732,0.000,0.000,,,QLD,Regional - QLD,590001,2026/09/29 11:28:20
2026/09/28,GLNG (Curtis Island),544276,LNGEXPORT,1002.678,0.000,0.000,0.000,,,QLD,Curtis Island,540030,2026/09/29 11:13:05
2026/09/28,GLNG Pipeline,540092,PIPE,1002.678,0.000,0.000,0.000,,,QLD,Curtis Island,540030,2026/09/29 11:13:05
2026/09/28,GLNG Pipeline,540092,PIPE,0.000,423.532,602.285,24.300,,,QLD,Regional - QLD,590001,2026/09/29 10:36:09
2026/09/28,Hallett,555029,BBGPG,1.530,0.000,0.000,0.000,,,SA,Regional - SA,590013,2026/09/29 11:31:05
2026/09/28,Hunter Power Station,523210,BBGPG,4.352,0.000,0.000,0.000,,,NSW,Sydney,520008,2026/09/29 11:46:26
2026/09/28,ICF,530071,COMPRESSOR,0.000,0.000,8.514,8.514,,,VIC,Iona Hub,530016,2026/09/29 08:35:02
2026/09/28,Iona UGS,530042,STOR,17.395,74.685,0.000,0.000,13204.305,0.000,VIC,Iona Hub,530016,2026/09/29 08:30:04
2026/09/28,Jeerelang,533161,BBGPG,0.000,0.000,0.000,0.000,,,VIC,Gippsland,590009,2026/09/29 11:00:05
2026/09/28,Jordan,540088,PROD,0.000,334.511,0.000,0.000,,,QLD,Regional - QLD,590001,2026/09/29 10:36:09
2026/09/28,Katherine Power Station,580233,BBGPG,0.000,0.000,0.000,0.000,,,NT,Regional - NT,590017,2026/09/29 11:46:26
2026/09/28,Kenya,540075,PROD,0.000,124.095,0.000,0.000,,,QLD,Regional - QLD,590001,2026/09/29 10:36:09
2026/09/28,Kincora,544253,PROD,0.000,4.000,0.000,0.000,,,QLD,Regional - QLD,590001,2026/09/29 11:46:26
2026/09/28,KKLP,523209,PIPE,4.352,0.000,0.000,0.000,,,NSW,Sydney,520008,2026/09/29 11:46:26
2026/09/28,Kogan North,540061,PROD,0.000,4.320,0.000,0.000,,,QLD,Regional - QLD,590001,2026/09/29 11:46:26
2026/09/28,Ladbroke Grove PS,555086,BBGPG,2.815,0.000,0.000,0.000,,,SA,Regional - SA,590013,2026/09/29 11:46:26
2026/09/28,Lang Lang,530039,PROD,0.000,19.080,0.000,0.000,,,VIC,Gippsland,590009,2026/09/29 11:13:22
2026/09/28,Laverton,533201,BBGPG,0.000,0.000,0.000,0.000,,,VIC,Geelong,590005,2026/09/29 11:00:05
2026/09/28,Longford,530040,PROD,0.000,511.120,0.000,0.000,,,VIC,Longford Hub,530015,2026/09/29 09:50:27
2026/09/28,Loy Yang B,533163,BBGPG,0.000,0.000,0.000,0.000,,,VIC,Gippsland,590009,2026/09/29 11:00:52
2026/09/28,LYB Transmission Pipeline,535023,PIPE,0.020,0.000,0.000,0.000,,,VIC,Gippsland,590009,2026/09/29 11:00:52
2026/09/28,MAPS,550054,PIPE,18.995,0.000,0.000,0.000,,,SA,Adelaide,550016,2026/09/29 11:31:05
2026/09/28,MAPS,550054,PIPE,0.000,43.560,20.633,0.000,,,SA,Moomba Hub,550017,2026/09/29 11:31:05
2026/09/28,MAPS,550054,PIPE,50.609,0.000,31.000,0.000,,,SA,Regional - SA,590013,2026/09/29 11:31:05
2026/09/28,McArthur River Mine,580220,BBGPG,8.787,0.000,0.000,0.000,,,NT,Regional - NT,590017,2026/09/29 09:21:19
2026/09/28,MCF,550050,COMPRESSOR,0.000,0.000,230.986,230.986,,,SA,Moomba Hub,550017,2026/09/29 11:46:26
2026/09/28,Mereenie,580040,PROD,0.000,25.547,0.000,0.000,,,NT,Regional - NT,590017,2026/09/29 11:50:19
2026/09/28,Meridian,540064,PROD,0.000,49.334,0.000,0.000,,,QLD,Regional - QLD,590001,2026/09/29 09:38:59
2026/09/28,Mintaro Power Station,555031,BBGPG,0.000,0.000,0.000,0.000,,,SA,Regional - SA,590013,2026/09/29 11:31:05
2026/09/28,Moomba,550045,PROD,0.000,225.600,0.000,0.000,,,SA,Moomba Hub,550017,2026/09/29 10:00:01
2026/09/28,Moomba Storage,550046,STOR,0.000,4.600,0.000,0.000,6177.300,0.000,SA,Moomba Hub,550017,2026/09/29 10:00:01
2026/09/28,Mortlake PS,530063,BBGPG,0.000,0.000,0.000,0.000,,,VIC,Regional - VIC,590012,2026/09/29 07:20:00
2026/09/28,MPL,530061,PIPE,0.000,0.000,5.225,3.125,,,VIC,Iona Hub,530016,2026/09/29 07:20:00
2026/09/28,MPL,530061,PIPE,0.000,0.000,0.000,0.000,,,VIC,Regional - VIC,590012,2026/09/29 07:20:00
2026/09/28,MRP,580100,PIPE,8.787,0.000,8.812,0.000,,,NT,Regional - NT,590017,2026/09/29 09:21:19
2026/09/28,MSP,520053,PIPE,111.066,0.000,0.000,0.000,,,NSW,Sydney,520008,2026/09/29 11:46:26
2026/09/28,MSP,520053,PIPE,0.000,0.000,44.286,110.880,,,SA,Moomba Hub,550017,2026/09/29 11:46:26
2026/09/28,MSP,520053,PIPE,32.343,0.000,0.000,4.446,,,NSW,Regional - NSW,590011,2026/09/29 11:46:26
2026/09/28,MSP,520053,PIPE,7.479,0.000,0.000,0.000,,,NSW,Regional - ACT,590015,2026/09/29 11:46:26
2026/09/28,MSP,520053,PIPE,0.000,0.000,168.966,0.000,,,NSW,Culcairn,590016,2026/09/29 11:46:26
2026/09/28,Newport,533171,BBGPG,0.001,0.000,0.000,0.000,,,VIC,Melbourne,590008,2026/09/29 11:00:05
2026/09/28,NGS,520060,STOR,13.970,3.474,0.000,0.000,720.096,76.933,NSW,Sydney,520008,2026/09/29 07:51:59
2026/09/28,Oakey PS,544095,BBGPG,0.000,0.000,0.000,0.000,,,QLD,Regional - QLD,590001,2026/09/29 11:46:26
2026/09/28,Orana,540084,PROD,0.000,168.026,0.000,0.000,,,QLD,Regional - QLD,590001,2026/09/29 11:30:13
2026/09/28,Osborne,555033,BBGPG,0.000,0.000,0.000,0.000,,,SA,Regional - SA,590013,2026/09/29 11:31:05
2026/09/28,Owen Springs Power Station,580235,BBGPG,0.098,0.000,0.000,0.000,,,NT,Regional - NT,590017,2026/09/29 06:41:14
2026/09/28,Palm Valley,580060,PROD,0.000,5.509,0.000,0.000,,,NT,Regional - NT,590017,2026/09/29 11:50:19
2026/09/28,PCA,550052,PIPE,0.000,14.405,32.150,0.000,,,VIC,Iona Hub,530016,2026/09/29 07:20:01
2026/09/28,PCA,550052,PIPE,26.846,0.000,0.000,0.000,,,SA,Adelaide,550016,2026/09/29 07:20:01
2026/09/28,PCA,550052,PIPE,0.000,0.000,0.000,6.205,,,VIC,Regional - VIC,590012,2026/09/29 07:20:01
2026/09/28,PCA,550052,PIPE,0.966,0.000,0.000,31.018,,,SA,Regional - SA,590013,2026/09/29 07:20:01
2026/09/28,PCI,530060,PIPE,0.000,138.301,3.125,141.426,,,VIC,Iona Hub,530016,2026/09/29 07:20:01
2026/09/28,Peat,540065,PROD,0.000,11.582,0.000,0.000,,,QLD,Regional - QLD,590001,2026/09/29 11:30:13
2026/09/28,Pelican Point Power Station,555089,BBGPG,14.509,0.000,0.000,0.000,,,SA,Regional - SA,590013,2026/09/29 07:20:01
2026/09/28,Phosphate Hill,544081,BBLARGE,25.117,0.000,0.000,0.000,,,QLD,Regional - QLD,590001,2026/09/29 11:46:26
2026/09/28,Pipeline Compression Station,544279,COMPRESSOR,0.000,0.000,0.000,0.000,,,QLD,Regional - QLD,590001,2026/09/29 11:13:05
2026/09/28,PVP,580070,PIPE,0.461,0.000,0.539,0.000,,,NT,Regional - NT,590017,2026/09/29 06:41:14
2026/09/28,QCLNG LNG Plant,544272,LNGEXPORT,1475.231,0.000,0.000,0.000,,,QLD,Curtis Island,540030,2026/09/29 10:36:09
2026/09/28,Quarantine Power Station,555087,BBGPG,0.560,0.000,0.000,0.000,,,SA,Regional - SA,590013,2026/09/29 11:31:05
2026/09/28,RBP,540057,PIPE,0.000,0.000,0.647,14.503,,,QLD,Wallumbilla Hub,540032,2026/09/29 11:46:26
2026/09/28,RBP,540057,PIPE,3.203,19.902,46.310,5.028,,,QLD,Regional - QLD,590001,2026/09/29 11:46:26
2026/09/28,RBP,540057,PIPE,52.403,0.000,0.000,0.000,,,QLD,Brisbane,590002,2026/09/29 11:46:26
2026/09/28,RCWP,540102,PIPE,0.000,0.000,0.000,59.551,,,QLD,Wallumbilla Hub,540032,2026/09/29 11:46:26
2026/09/28,RCWP,540102,PIPE,0.000,0.000,57.848,0.000,,,QLD,Regional - QLD,590001,2026/09/29 11:46:26
2026/09/28,Reedy Creek,540085,PROD,0.000,183.861,0.000,0.000,,,QLD,Regional - QLD,590001,2026/09/29 11:30:13
2026/09/28,RMNGPF,640011,PROD,0.000,18.430,0.000,0.000,,,QLD,Regional - QLD,590001,2026/09/29 09:51:10
2026/09/28,RNMGP,640012,PIPE,0.000,18.430,0.000,18.430,,,QLD,Regional - QLD,590001,2026/09/29 09:51:10
2026/09/28,Roma,540095,PROD,0.000,233.462,0.000,0.000,,,QLD,Regional - QLD,590001,2026/09/29 11:28:28
2026/09/28,Roma Power Station,540120,BBGPG,0.000,0.000,0.000,0.000,,,QLD,Regional - QLD,590001,2026/09/29 11:29:58
2026/09/28,Ron Goodin Power Station,580234,BBGPG,0.000,0.000,0.000,0.000,,,NT,Regional - NT,590017,2026/09/29 06:41:14
2026/09/28,RPL,540110,PIPE,0.050,0.000,0.000,0.000,,,QLD,Regional - QLD,590001,2026/09/29 11:29:58
2026/09/28,Ruby Jo,540082,PROD,0.000,419.978,0.000,0.000,,,QLD,Regional - QLD,590001,2026/09/29 10:36:09
2026/09/28,RUGS,540040,STOR,0.000,2.573,0.000,0.000,15120.350,0.000,QLD,Regional - QLD,590001,2026/09/29 11:28:28
2026/09/28,Scotia,540072,PROD,0.000,102.544,0.000,0.000,,,QLD,Regional - QLD,590001,2026/09/29 11:28:28
2026/09/28,SEPS,550061,PIPE,3.264,0.000,3.305,0.000,,,SA,Regional - SA,590013,2026/09/29 11:32:05
2026/09/28,SESA,550060,PIPE,0.000,0.000,6.204,0.000,,,VIC,Regional - VIC,590012,2026/09/29 11:46:26
2026/09/28,SESA,550060,PIPE,2.815,0.000,0.000,3.309,,,SA,Regional - SA,590013,2026/09/29 11:46:26
2026/09/28,Snapper Point,555090,BBGPG,0.000,0.000,0.000,0.000,,,SA,Regional - SA,590013,2026/09/29 11:31:05
2026/09/28,Somerton,533174,BBGPG,0.001,0.000,0.000,0.000,,,VIC,Melbourne,590008,2026/09/29 11:00:05
2026/09/28,SPCF,580236,PROD,0.000,28.080,0.000,0.000,,,NT,Regional - NT,590017,2026/09/29 09:28:03
2026/09/28,SPP,580237,PIPE,0.000,28.080,0.000,28.080,,,NT,Regional - NT,590017,2026/09/29 11:46:26
2026/09/28,Spring Gully,540066,PROD,0.000,55.243,0.000,0.000,,,QLD,Regional - QLD,590001,2026/09/29 11:30:13
2026/09/28,SSP,540103,PIPE,0.000,7.430,0.000,7.430,,,QLD,Regional - QLD,590001,2026/09/29 10:31:33
2026/09/28,SSSF,540062,STOR,0.000,6.300,0.000,0.000,8284.122,0.000,QLD,Regional - QLD,590001,2026/09/29 10:31:33
2026/09/28,Strathblane,540067,PROD,0.000,50.240,0.000,0.000,,,QLD,Regional - QLD,590001,2026/09/29 11:30:13
2026/09/28,Swanbank Power Station,544104,BBGPG,0.000,0.000,0.000,0.000,,,QLD,Brisbane,590002,2026/09/29 11:46:26
2026/09/28,SWQP,540060,PIPE,0.000,0.000,211.907,313.078,,,QLD,Wallumbilla Hub,540032,2026/09/29 11:46:26
2026/09/28,SWQP,540060,PIPE,0.000,0.000,0.000,70.231,,,QLD,Ballera,540078,2026/09/29 11:46:26
2026/09/28,SWQP,540060,PIPE,0.000,185.025,102.580,56.619,,,SA,Moomba Hub,550017,2026/09/29 11:46:26
2026/09/28,SWQP,540060,PIPE,0.173,0.000,0.000,0.000,,,QLD,Regional - QLD,590001,2026/09/29 11:46:26
2026/09/28,Talinga,540076,PROD,0.000,81.172,0.000,0.000,,,QLD,Regional - QLD,590001,2026/09/29 11:30:13
2026/09/28,Tallawarra,522002,BBGPG,0.000,0.000,0.000,0.000,,,NSW,Regional - NSW,590011,2026/09/29 11:00:10
2026/09/28,Tallawarra Pipeline,523201,PIPE,0.000,0.000,0.000,0.000,,,NSW,Regional - NSW,590011,2026/09/29 11:00:10
2026/09/28,Taloona,540068,PROD,0.000,39.825,0.000,0.000,,,QLD,Regional - QLD,590001,2026/09/29 11:30:13
2026/09/28,Tanami GP,580210,PIPE,0.000,0.000,8.300,0.000,,,NT,Regional - NT,590017,2026/09/29 11:46:26
2026/09/28,Torrens Island PS,555041,BBGPG,11.577,0.000,0.000,0.000,,,SA,Regional - SA,590013,2026/09/29 11:31:05
2026/09/28,Uranquinty Power Station,522047,BBGPG,3.718,0.000,0.000,0.000,,,NSW,Regional - NSW,590011,2026/09/29 11:46:26
2026/09/28,Valley Power GPG,535024,BBGPG,0.020,0.000,0.000,0.000,,,VIC,Gippsland,590009,2026/09/29 11:00:52
2026/09/28,Viva Energy Refinery,535018,BBLARGE,7.152,0.000,0.000,0.000,,,VIC,Geelong,590005,2026/09/29 07:31:49
2026/09/28,VTS,530110,PIPE,0.000,360.425,65.124,0.001,,,VIC,Longford Hub,530015,2026/09/29 11:00:05
2026/09/28,VTS,530110,PIPE,0.003,48.780,104.027,0.000,,,VIC,Iona Hub,530016,2026/09/29 11:00:05
2026/09/28,VTS,530110,PIPE,13.201,0.000,0.000,0.000,,,VIC,Western,590004,2026/09/29 11:00:05
2026/09/28,VTS,530110,PIPE,47.188,0.000,0.000,0.000,,,VIC,Geelong,590005,2026/09/29 11:00:05
2026/09/28,VTS,530110,PIPE,24.648,0.000,0.000,0.000,,,VIC,Ballarat,590006,2026/09/29 11:00:05
2026/09/28,VTS,530110,PIPE,40.494,0.000,0.000,0.000,,,VIC,Northern,590007,2026/09/29 11:00:05
2026/09/28,VTS,530110,PIPE,272.924,0.223,0.000,0.000,,,VIC,Melbourne,590008,2026/09/29 11:00:05
2026/09/28,VTS,530110,PIPE,30.850,0.000,16.745,0.000,,,VIC,Gippsland,590009,2026/09/29 11:00:05
2026/09/28,VTS,530110,PIPE,0.000,0.000,0.000,168.964,,,NSW,Culcairn,590016,2026/09/29 11:00:05
2026/09/28,Wallumbilla Compression Station,544280,COMPRESSOR,0.000,0.000,0.000,0.000,,,QLD,Wallumbilla Hub,540032,2026/09/29 11:13:05
2026/09/28,WCFA,540045,COMPRESSOR,0.000,0.000,116.270,116.270,,,QLD,Wallumbilla Hub,540032,2026/09/29 11:46:26
2026/09/28,WCFB,540046,COMPRESSOR,0.000,0.000,196.808,196.808,,,QLD,Wallumbilla Hub,540032,2026/09/29 11:46:26
2026/09/28,Weddell Power Station,580232,BBGPG,11.466,0.000,0.000,0.000,,,NT,Darwin,580001,2026/09/29 11:46:26
2026/09/28,WGP,540091,PIPE,1475.231,0.000,0.000,0.000,,,QLD,Curtis Island,540030,2026/09/29 10:36:09
2026/09/28,WGP,540091,PIPE,0.000,1416.007,59.699,0.000,,,QLD,Regional - QLD,590001,2026/09/29 10:36:09
2026/09/28,Whyalla Steelworks,555085,BBLARGE,6.079,0.000,0.000,0.000,,,SA,Regional - SA,590013,2026/09/29 11:31:05
2026/09/28,Windibri,540069,PROD,0.000,91.263,0.000,0.000,,,QLD,Regional - QLD,590001,2026/09/29 10:36:09
2026/09/28,Woleebee Creek,540087,PROD,0.000,640.037,0.000,0.000,,,QLD,Regional - QLD,590001,2026/09/29 10:36:09
2026/09/28,WPP,580030,PIPE,11.466,3.185,8.277,0.000,,,NT,Darwin,580001,2026/09/29 11:46:26
2026/09/28,Yelcherr,580180,PROD,0.000,0.000,0.000,0.000,,,NT,Regional - NT,590017,2026/09/29 11:46:26
